ISO-10303-21;
HEADER;
FILE_DESCRIPTION (( 'STEP AP214' ),
    '1' );
FILE_NAME ('Bodycraft SPT-MAG.STEP',
    '2025-03-11T01:34:54',
    ( '' ),
    ( '' ),
    'SwSTEP 2.0',
    'SolidWorks 2025',
    '' );
FILE_SCHEMA (( 'AUTOMOTIVE_DESIGN' ));
ENDSEC;

DATA;
#1 = AXIS2_PLACEMENT_3D ( 'NONE', #1738, #1020, #587 ) ;
#2 = TOROIDAL_SURFACE ( 'NONE', #486, 32.50000000000000000, 2.000000000000000000 ) ;
#3 = CARTESIAN_POINT ( 'NONE',  ( -1.354061739223339833, 27.99999999999999645, -33.85615338233034777 ) ) ;
#4 = AXIS2_PLACEMENT_3D ( 'NONE', #1409, #141, #1252 ) ;
#5 =( GEOMETRIC_REPRESENTATION_CONTEXT ( 3 ) GLOBAL_UNCERTAINTY_ASSIGNED_CONTEXT ( ( #950 ) ) GLOBAL_UNIT_ASSIGNED_CONTEXT ( ( #399, #229, #362 ) ) REPRESENTATION_CONTEXT ( 'NONE', 'WORKASPACE' ) );
#6 = CARTESIAN_POINT ( 'NONE',  ( 0.000000000000000000, 38.01937330616075883, 0.000000000000000000 ) ) ;
#7 = ORIENTED_EDGE ( 'NONE', *, *, #1311, .T. ) ;
#8 = CARTESIAN_POINT ( 'NONE',  ( -2.821938808049769598, 30.00000000000000000, 32.37525451824843969 ) ) ;
#9 = CARTESIAN_POINT ( 'NONE',  ( 1.364940126980133783, 28.26573646418585284, -33.84801920709783474 ) ) ;
#10 = LINE ( 'NONE', #579, #1546 ) ;
#11 = CARTESIAN_POINT ( 'NONE',  ( 2.684288150133209427, 29.94920198394412125, -32.91015654438982807 ) ) ;
#12 = CARTESIAN_POINT ( 'NONE',  ( -2.031373061911630806, 29.44957796464885647, 33.82514938487886269 ) ) ;
#13 = CARTESIAN_POINT ( 'NONE',  ( 1.637899488758784994, 28.64313390079323440, 34.36307237350383303 ) ) ;
#14 = ORIENTED_EDGE ( 'NONE', *, *, #1819, .F. ) ;
#15 = CARTESIAN_POINT ( 'NONE',  ( 3.991101212558985534, 28.99999999999998934, 29.22877197405170335 ) ) ;
#16 = CARTESIAN_POINT ( 'NONE',  ( 27.59972931594711554, 29.33332049096776828, -11.32618443125559082 ) ) ;
#17 = ADVANCED_FACE ( 'NONE', ( #1263 ), #926, .T. ) ;
#18 = EDGE_CURVE ( 'NONE', #445, #848, #558, .T. ) ;
#19 = ORIENTED_EDGE ( 'NONE', *, *, #299, .F. ) ;
#20 = CARTESIAN_POINT ( 'NONE',  ( -2.239719958591766424, 29.77200507397849449, 33.24414445953981101 ) ) ;
#21 = EDGE_CURVE ( 'NONE', #26, #665, #596, .T. ) ;
#22 = CARTESIAN_POINT ( 'NONE',  ( 1.465237964728244968, 28.28717102112125303, 34.05770336899477968 ) ) ;
#23 = ORIENTED_EDGE ( 'NONE', *, *, #982, .F. ) ;
#24 = FACE_OUTER_BOUND ( 'NONE', #750, .T. ) ;
#25 = CARTESIAN_POINT ( 'NONE',  ( -3.991101212558985534, 0.000000000000000000, -29.73333333333331652 ) ) ;
#26 = VERTEX_POINT ( 'NONE', #1122 ) ;
#27 = ORIENTED_EDGE ( 'NONE', *, *, #436, .T. ) ;
#28 = CARTESIAN_POINT ( 'NONE',  ( -2.375989270899809380, 29.63886136814634753, 33.58909070170656008 ) ) ;
#29 = AXIS2_PLACEMENT_3D ( 'NONE', #781, #771, #907 ) ;
#30 = AXIS2_PLACEMENT_3D ( 'NONE', #1438, #1305, #910 ) ;
#31 = CARTESIAN_POINT ( 'NONE',  ( 2.256769565372297226, 27.99999999999999645, -33.42589929390185688 ) ) ;
#32 = VECTOR ( 'NONE', #968, 1000.000000000000000 ) ;
#33 = ORIENTED_EDGE ( 'NONE', *, *, #1251, .F. ) ;
#34 = DIRECTION ( 'NONE',  ( 0.000000000000000000, 1.000000000000000000, 0.000000000000000000 ) ) ;
#35 = LINE ( 'NONE', #741, #1518 ) ;
#36 = AXIS2_PLACEMENT_3D ( 'NONE', #822, #703, #434 ) ;
#37 = MECHANICAL_DESIGN_GEOMETRIC_PRESENTATION_REPRESENTATION (  '', ( #1162 ), #92 ) ;
#38 =( NAMED_UNIT ( * ) SI_UNIT ( $, .STERADIAN. ) SOLID_ANGLE_UNIT ( ) );
#39 = ORIENTED_EDGE ( 'NONE', *, *, #213, .F. ) ;
#40 = VERTEX_POINT ( 'NONE', #289 ) ;
#41 = PLANE ( 'NONE',  #1 ) ;
#42 = DIRECTION ( 'NONE',  ( -0.8660254037844459241, 0.000000000000000000, -0.4999999999999873435 ) ) ;
#43 = ORIENTED_EDGE ( 'NONE', *, *, #821, .T. ) ;
#44 = CYLINDRICAL_SURFACE ( 'NONE', #1309, 0.5000000000000004441 ) ;
#45 = DIRECTION ( 'NONE',  ( 0.000000000000000000, -1.000000000000000000, 0.000000000000000000 ) ) ;
#46 = DIRECTION ( 'NONE',  ( 0.000000000000000000, 0.000000000000000000, 1.000000000000000000 ) ) ;
#47 = EDGE_LOOP ( 'NONE', ( #1202, #1408, #351, #1028 ) ) ;
#48 = ORIENTED_EDGE ( 'NONE', *, *, #125, .T. ) ;
#49 = DIRECTION ( 'NONE',  ( 0.000000000000000000, -1.000000000000000000, 0.000000000000000000 ) ) ;
#50 = VERTEX_POINT ( 'NONE', #1270 ) ;
#51 = CARTESIAN_POINT ( 'NONE',  ( -2.324135821055048456, 30.00000000000000000, -34.42362760741976757 ) ) ;
#52 = FACE_OUTER_BOUND ( 'NONE', #1472, .T. ) ;
#53 = VERTEX_POINT ( 'NONE', #408 ) ;
#54 = VERTEX_POINT ( 'NONE', #1141 ) ;
#55 = CARTESIAN_POINT ( 'NONE',  ( -27.45407518530065261, 29.16665360364343940, -11.24209097971753479 ) ) ;
#56 = CARTESIAN_POINT ( 'NONE',  ( 27.74537261213656336, 29.49999999999997868, -11.41027162751623614 ) ) ;
#57 = STYLED_ITEM ( 'NONE', ( #669 ), #195 ) ;
#58 = ORIENTED_EDGE ( 'NONE', *, *, #272, .T. ) ;
#59 = DIRECTION ( 'NONE',  ( -0.8660254037844328234, 0.000000000000000000, 0.5000000000000102141 ) ) ;
#60 = DIRECTION ( 'NONE',  ( 0.000000000000000000, 0.000000000000000000, 1.000000000000000000 ) ) ;
#61 = EDGE_CURVE ( 'NONE', #918, #918, #1754, .T. ) ;
#62 = AXIS2_PLACEMENT_3D ( 'NONE', #1399, #1667, #128 ) ;
#63 = ORIENTED_EDGE ( 'NONE', *, *, #293, .T. ) ;
#64 = EDGE_LOOP ( 'NONE', ( #1473, #1632, #1445, #1598 ) ) ;
#65 = ADVANCED_FACE ( 'NONE', ( #143 ), #273, .F. ) ;
#66 = CARTESIAN_POINT ( 'NONE',  ( 1.869509394622784537, 29.35306291548653590, 33.67572974213688752 ) ) ;
#67 = EDGE_CURVE ( 'NONE', #665, #1138, #705, .T. ) ;
#68 = ORIENTED_EDGE ( 'NONE', *, *, #1474, .T. ) ;
#69 = CARTESIAN_POINT ( 'NONE',  ( -27.74537261213664863, 0.000000000000000000, 11.41027162751604251 ) ) ;
#70 = CARTESIAN_POINT ( 'NONE',  ( 3.991101212558985534, 0.000000000000000000, 29.73333333333331652 ) ) ;
#71 = EDGE_CURVE ( 'NONE', #208, #40, #1564, .T. ) ;
#72 = ORIENTED_EDGE ( 'NONE', *, *, #735, .F. ) ;
#73 = DIRECTION ( 'NONE',  ( 0.000000000000000000, 0.000000000000000000, 1.000000000000000000 ) ) ;
#74 = DIRECTION ( 'NONE',  ( 0.000000000000000000, -1.000000000000000000, -0.000000000000000000 ) ) ;
#75 = FACE_OUTER_BOUND ( 'NONE', #1362, .T. ) ;
#76 = CARTESIAN_POINT ( 'NONE',  ( -23.31730844467183772, 0.000000000000000000, 18.07078102617692394 ) ) ;
#77 = DIRECTION ( 'NONE',  ( -0.8660254037844328234, 0.000000000000000000, 0.5000000000000101030 ) ) ;
#78 = EDGE_LOOP ( 'NONE', ( #313, #1323, #506, #1527 ) ) ;
#79 = FILL_AREA_STYLE ('',( #510 ) ) ;
#80 = FACE_OUTER_BOUND ( 'NONE', #1003, .T. ) ;
#81 = DIRECTION ( 'NONE',  ( 0.000000000000000000, 0.000000000000000000, -1.000000000000000000 ) ) ;
#82 = B_SPLINE_CURVE_WITH_KNOTS ( 'NONE', 3,
 ( #1560, #1839, #11, #145, #292, #1135, #571, #853, #1700, #1124, #429, #863, #1707, #439 ),
 .UNSPECIFIED., .F., .F.,
 ( 4, 2, 2, 2, 2, 2, 4 ),
 ( -9.419422375311359500E-06, 0.0007955029284274808517, 0.001197964103828877067, 0.001600425279230273173, 0.002405347630033065169, 0.002807808805434461059, 0.003210269980835857382 ),
 .UNSPECIFIED. ) ;
#83 = DIRECTION ( 'NONE',  ( -0.4999999999999980016, 0.000000000000000000, 0.8660254037844398178 ) ) ;
#84 = CARTESIAN_POINT ( 'NONE',  ( -1.451818925407959204, 0.000000000000000000, 34.06855685746891282 ) ) ;
#85 = CARTESIAN_POINT ( 'NONE',  ( -2.785551700919113305, 30.00000000000000000, -32.38240692997352710 ) ) ;
#86 = VECTOR ( 'NONE', #282, 1000.000000000000000 ) ;
#87 = AXIS2_PLACEMENT_3D ( 'NONE', #1501, #1748, #73 ) ;
#88 = VERTEX_POINT ( 'NONE', #1254 ) ;
#89 = AXIS2_PLACEMENT_3D ( 'NONE', #1005, #113, #1835 ) ;
#90 = COLOUR_RGB ( '',0.7921568627450980005, 0.8196078431372548767, 0.9333333333333333481 ) ;
#91 = CIRCLE ( 'NONE', #491, 29.50000000000000355 ) ;
#92 =( GEOMETRIC_REPRESENTATION_CONTEXT ( 3 ) GLOBAL_UNCERTAINTY_ASSIGNED_CONTEXT ( ( #1747 ) ) GLOBAL_UNIT_ASSIGNED_CONTEXT ( ( #817, #1235, #1382 ) ) REPRESENTATION_CONTEXT ( 'NONE', 'WORKASPACE' ) );
#93 = SURFACE_STYLE_USAGE ( .BOTH. , #247 ) ;
#94 = CARTESIAN_POINT ( 'NONE',  ( 2.148602964379761726, 29.76173456995947930, -33.13734667332651185 ) ) ;
#95 = EDGE_CURVE ( 'NONE', #1132, #617, #10, .T. ) ;
#96 = ADVANCED_FACE ( 'NONE', ( #1706 ), #1567, .F. ) ;
#97 = VERTEX_POINT ( 'NONE', #1433 ) ;
#98 = CARTESIAN_POINT ( 'NONE',  ( 0.000000000000000000, 8.000000000000000000, 30.00000000000000000 ) ) ;
#99 = DIRECTION ( 'NONE',  ( -0.000000000000000000, -1.000000000000000000, 0.000000000000000000 ) ) ;
#100 = PLANE ( 'NONE',  #744 ) ;
#101 = SURFACE_SIDE_STYLE ('',( #1375 ) ) ;
#102 = CARTESIAN_POINT ( 'NONE',  ( 3.991101212558985534, 29.49999999999998224, 29.73333333333331652 ) ) ;
#103 = VERTEX_POINT ( 'NONE', #1805 ) ;
#104 = DIRECTION ( 'NONE',  ( 0.000000000000000000, 1.000000000000000000, 0.000000000000000000 ) ) ;
#105 =( BOUNDED_SURFACE ( )  B_SPLINE_SURFACE ( 3, 2, ( 
 ( #1553, #446, #707 ),
 ( #1007, #560, #1689 ),
 ( #283, #884, #1443 ),
 ( #608, #1708, #1581 ),
 ( #875, #1454, #748 ),
 ( #183, #581, #573 ),
 ( #720, #146, #728 ),
 ( #1136, #314, #1001 ),
 ( #1294, #12, #165 ),
 ( #294, #865, #28 ),
 ( #20, #1731, #440 ),
 ( #1317, #466, #1143 ),
 ( #1435, #1029, #447 ),
 ( #1416, #1570, #174 ) ),
 .UNSPECIFIED., .F., .F., .T. ) 
 B_SPLINE_SURFACE_WITH_KNOTS ( ( 4, 2, 2, 2, 2, 2, 4 ),
 ( 3, 3 ),
 ( 0.000000000000000000, 0.0003218330252756483752, 0.0006436660505512967504, 0.0009654990758269450715, 0.001287332101102593501, 0.001930998151653890143, 0.002574664202205187002 ),
 ( 0.000000000000000000, 1.000000000000000000 ),
 .UNSPECIFIED. ) 
 GEOMETRIC_REPRESENTATION_ITEM ( )  RATIONAL_B_SPLINE_SURFACE ( (
 ( 1.000000000000000000, 0.7732729967801822424, 1.000000000000000000),
 ( 1.000000000000000000, 0.7732410363662126640, 1.000000000000000000),
 ( 1.000000000000000000, 0.7789467288632584419, 1.000000000000000000),
 ( 1.000000000000000000, 0.7987013580755460973, 1.000000000000000000),
 ( 1.000000000000000000, 0.8127786053161657476, 1.000000000000000000),
 ( 1.000000000000000000, 0.8432355413210782524, 1.000000000000000000),
 ( 1.000000000000000000, 0.8598960996725535377, 1.000000000000000000),
 ( 1.000000000000000000, 0.8916134207876227347, 1.000000000000000000),
 ( 1.000000000000000000, 0.9067141096426033497, 1.000000000000000000),
 ( 1.000000000000000000, 0.9477050751858068223, 1.000000000000000000),
 ( 1.000000000000000000, 0.9681880802216643600, 1.000000000000000000),
 ( 1.000000000000000000, 0.9943758006105755110, 1.000000000000000000),
 ( 1.000000000000000000, 0.9999528736625467040, 1.000000000000000000),
 ( 1.000000000000000000, 1.000000000000000000, 1.000000000000000000) ) ) 
 REPRESENTATION_ITEM ( '' )  SURFACE ( )  );
#106 = SURFACE_STYLE_FILL_AREA ( #404 ) ;
#107 = CARTESIAN_POINT ( 'NONE',  ( -2.468294645040606472, 29.95444946458886193, -32.78293949024217824 ) ) ;
#108 = ADVANCED_FACE ( 'NONE', ( #539 ), #1102, .T. ) ;
#109 = CARTESIAN_POINT ( 'NONE',  ( 2.328452100881651887, 28.28364229051817347, -34.40804676653507244 ) ) ;
#110 = EDGE_LOOP ( 'NONE', ( #614, #68, #1460 ) ) ;
#111 = CARTESIAN_POINT ( 'NONE',  ( 4.336808689942017736E-16, 0.000000000000000000, -34.50153451497305923 ) ) ;
#112 = CARTESIAN_POINT ( 'NONE',  ( 1.084202172485504434E-16, 30.00000000000000000, 34.44567992468615358 ) ) ;
#113 = DIRECTION ( 'NONE',  ( 0.000000000000000000, 1.000000000000000000, -0.000000000000000000 ) ) ;
#114 = EDGE_CURVE ( 'NONE', #972, #357, #613, .T. ) ;
#115 = AXIS2_PLACEMENT_3D ( 'NONE', #346, #203, #1483 ) ;
#116 = CARTESIAN_POINT ( 'NONE',  ( 2.003779302008156016, 28.54430681153742100, 34.36901687825342577 ) ) ;
#117 = CARTESIAN_POINT ( 'NONE',  ( -2.821938808049769598, 30.00000000000000000, 32.37525451824843969 ) ) ;
#118 = AXIS2_PLACEMENT_3D ( 'NONE', #557, #1550, #1540 ) ;
#119 = AXIS2_PLACEMENT_3D ( 'NONE', #1828, #427, #418 ) ;
#120 = CIRCLE ( 'NONE', #656, 30.00000000000000355 ) ;
#121 = CARTESIAN_POINT ( 'NONE',  ( 2.588329836470296907, 29.76173457059635297, -33.35678557619808515 ) ) ;
#122 = VECTOR ( 'NONE', #1410, 999.9999999999998863 ) ;
#123 = COLOUR_RGB ( '',0.7921568627450980005, 0.8196078431372548767, 0.9333333333333333481 ) ;
#124 = CIRCLE ( 'NONE', #275, 29.50000000000000355 ) ;
#125 = EDGE_CURVE ( 'NONE', #1794, #1794, #1224, .T. ) ;
#126 = ORIENTED_EDGE ( 'NONE', *, *, #455, .F. ) ;
#127 = CARTESIAN_POINT ( 'NONE',  ( 0.000000000000000000, 0.000000000000000000, 0.000000000000000000 ) ) ;
#128 = DIRECTION ( 'NONE',  ( 0.000000000000000000, 0.000000000000000000, -1.000000000000000000 ) ) ;
#129 = CARTESIAN_POINT ( 'NONE',  ( 2.092007263511088233, 29.63886136606672750, 33.42733929151161476 ) ) ;
#130 = EDGE_CURVE ( 'NONE', #1666, #634, #481, .T. ) ;
#131 = LINE ( 'NONE', #287, #517 ) ;
#132 = DIRECTION ( 'NONE',  ( 0.000000000000000000, 1.000000000000000000, -0.000000000000000000 ) ) ;
#133 = ADVANCED_FACE ( 'NONE', ( #312 ), #747, .T. ) ;
#134 = EDGE_CURVE ( 'NONE', #1329, #1466, #880, .T. ) ;
#135 = ORIENTED_EDGE ( 'NONE', *, *, #874, .F. ) ;
#136 = CARTESIAN_POINT ( 'NONE',  ( 27.74537261213689021, 38.01937330616075883, 11.41027162751544211 ) ) ;
#137 = DIRECTION ( 'NONE',  ( -0.000000000000000000, 1.000000000000000000, -0.000000000000000000 ) ) ;
#138 = ADVANCED_FACE ( 'NONE', ( #1026 ), #1578, .T. ) ;
#139 = CARTESIAN_POINT ( 'NONE',  ( 2.239719958591812610, 29.77200507397850870, 33.24414445953982522 ) ) ;
#140 = EDGE_LOOP ( 'NONE', ( #1597, #903, #1205, #629 ) ) ;
#141 = DIRECTION ( 'NONE',  ( 0.000000000000000000, 1.000000000000000000, -0.000000000000000000 ) ) ;
#142 = DIRECTION ( 'NONE',  ( 0.000000000000000000, 0.000000000000000000, 1.000000000000000000 ) ) ;
#143 = FACE_OUTER_BOUND ( 'NONE', #639, .T. ) ;
#144 = CARTESIAN_POINT ( 'NONE',  ( 3.991101212558756384, 38.01937330616075883, -29.22877197405173533 ) ) ;
#145 = CARTESIAN_POINT ( 'NONE',  ( 2.605942044691087034, 29.80215855623564636, -33.27705462061390307 ) ) ;
#146 = CARTESIAN_POINT ( 'NONE',  ( -1.847333029185181275, 29.15788844282923264, 34.08910173668021315 ) ) ;
#147 = CARTESIAN_POINT ( 'NONE',  ( 2.375989270899601991, 29.63886136814525685, 33.58909070170776090 ) ) ;
#148 = ORIENTED_EDGE ( 'NONE', *, *, #633, .F. ) ;
#149 = CYLINDRICAL_SURFACE ( 'NONE', #989, 34.50000000000000711 ) ;
#150 = CARTESIAN_POINT ( 'NONE',  ( -23.31730844467210417, 28.99999999999998934, -18.07078102617657223 ) ) ;
#151 = MANIFOLD_SOLID_BREP ( 'Chamfer2', #954 ) ;
#152 = CARTESIAN_POINT ( 'NONE',  ( 1.964225604963705463, 28.13958273872304972, 34.44203813838841199 ) ) ;
#153 = LINE ( 'NONE', #1287, #1690 ) ;
#154 = CIRCLE ( 'NONE', #1310, 34.50000000000000711 ) ;
#155 = CARTESIAN_POINT ( 'NONE',  ( -1.661622598084489422, 28.34754931316723869, -34.44605435069078680 ) ) ;
#156 = ADVANCED_FACE ( 'NONE', ( #1149 ), #1177, .F. ) ;
#157 = COLOUR_RGB ( '',0.7921568627450980005, 0.8196078431372548767, 0.9333333333333333481 ) ;
#158 = DIRECTION ( 'NONE',  ( 0.000000000000000000, 1.000000000000000000, -0.000000000000000000 ) ) ;
#159 = EDGE_CURVE ( 'NONE', #828, #848, #742, .T. ) ;
#160 = ORIENTED_EDGE ( 'NONE', *, *, #1311, .F. ) ;
#161 = CARTESIAN_POINT ( 'NONE',  ( -1.633044505115492262, 28.91832344081266370, 33.91084811999257198 ) ) ;
#162 = CARTESIAN_POINT ( 'NONE',  ( 1.451818925407959648, 27.99999999999999645, 34.06855685746891282 ) ) ;
#163 = DIRECTION ( 'NONE',  ( 0.000000000000000000, 1.000000000000000000, -0.000000000000000000 ) ) ;
#164 = ADVANCED_FACE ( 'NONE', ( #644 ), #1364, .F. ) ;
#165 = CARTESIAN_POINT ( 'NONE',  ( -2.245560368102026416, 29.37585395415639056, 33.88095424230097308 ) ) ;
#166 = MANIFOLD_SOLID_BREP ( 'CirPattern2[1]', #988 ) ;
#167 = CARTESIAN_POINT ( 'NONE',  ( 1.683815926529444340, 28.78710885437806866, 34.30541019027436533 ) ) ;
#168 = ORIENTED_EDGE ( 'NONE', *, *, #218, .F. ) ;
#169 = DIRECTION ( 'NONE',  ( 0.8660254037844398178, 0.000000000000000000, 0.4999999999999979461 ) ) ;
#170 = CARTESIAN_POINT ( 'NONE',  ( -1.407410119921504110, 28.52540564866235684, -33.81548630487758800 ) ) ;
#171 = SURFACE_SIDE_STYLE ('',( #1744 ) ) ;
#172 = EDGE_LOOP ( 'NONE', ( #1326, #1163, #1585, #1759 ) ) ;
#173 = MANIFOLD_SOLID_BREP ( 'Fillet2', #714 ) ;
#174 = CARTESIAN_POINT ( 'NONE',  ( -2.821938808049768710, 30.00000000000000000, 32.37525451824843969 ) ) ;
#175 = DIRECTION ( 'NONE',  ( -0.000000000000000000, -1.000000000000000000, 0.000000000000000000 ) ) ;
#176 = EDGE_LOOP ( 'NONE', ( #1593, #43, #1106, #460 ) ) ;
#177 = DIRECTION ( 'NONE',  ( -0.000000000000000000, 1.000000000000000000, 0.000000000000000000 ) ) ;
#178 = CARTESIAN_POINT ( 'NONE',  ( 1.935758567210607239, 27.99999999999999645, 33.94284916839651345 ) ) ;
#179 = DIRECTION ( 'NONE',  ( 0.000000000000000000, 1.000000000000000000, 0.000000000000000000 ) ) ;
#180 = ORIENTED_EDGE ( 'NONE', *, *, #1449, .T. ) ;
#181 = ORIENTED_EDGE ( 'NONE', *, *, #1740, .T. ) ;
#182 = CIRCLE ( 'NONE', #952, 29.50000000000001066 ) ;
#183 = CARTESIAN_POINT ( 'NONE',  ( -1.645280465264483682, 28.94746739610495112, 33.89951223750318832 ) ) ;
#184 = PRESENTATION_LAYER_ASSIGNMENT (  '', '', ( #831 ) ) ;
#185 = CARTESIAN_POINT ( 'NONE',  ( 1.354061739223346494, 0.000000000000000000, -33.85615338233036198 ) ) ;
#186 = AXIS2_PLACEMENT_3D ( 'NONE', #1013, #471, #1156 ) ;
#187 = AXIS2_PLACEMENT_3D ( 'NONE', #499, #1090, #226 ) ;
#188 = ORIENTED_EDGE ( 'NONE', *, *, #1014, .T. ) ;
#189 = CARTESIAN_POINT ( 'NONE',  ( 3.991101212558756384, 28.99999999999998934, -29.22877197405173533 ) ) ;
#190 = DIRECTION ( 'NONE',  ( 0.000000000000000000, -1.000000000000000000, 0.000000000000000000 ) ) ;
#191 = AXIS2_PLACEMENT_3D ( 'NONE', #1175, #767, #887 ) ;
#192 = DIRECTION ( 'NONE',  ( -0.000000000000000000, -1.000000000000000000, -0.000000000000000000 ) ) ;
#193 = EDGE_LOOP ( 'NONE', ( #1573, #1650, #14, #1171 ) ) ;
#194 = ORIENTED_EDGE ( 'NONE', *, *, #1336, .T. ) ;
#195 = MANIFOLD_SOLID_BREP ( 'CirPattern2[2]', #800 ) ;
#196 = UNCERTAINTY_MEASURE_WITH_UNIT (LENGTH_MEASURE( 1.000000000000000082E-05 ), #1194, 'distance_accuracy_value', 'NONE');
#197 = CARTESIAN_POINT ( 'NONE',  ( 1.354061736522218506, 28.14346556681114464, -33.85615337666317970 ) ) ;
#198 = VERTEX_POINT ( 'NONE', #1509 ) ;
#199 = CARTESIAN_POINT ( 'NONE',  ( -1.964225604963708571, 27.99999999999999645, 34.44203813838840489 ) ) ;
#200 = CARTESIAN_POINT ( 'NONE',  ( -3.991101212558985534, 29.49999999999998224, -29.73333333333331652 ) ) ;
#201 = ORIENTED_EDGE ( 'NONE', *, *, #783, .T. ) ;
#202 = ORIENTED_EDGE ( 'NONE', *, *, #1669, .F. ) ;
#203 = DIRECTION ( 'NONE',  ( 0.000000000000000000, -1.000000000000000000, 0.000000000000000000 ) ) ;
#204 = SURFACE_SIDE_STYLE ('',( #899 ) ) ;
#205 = EDGE_LOOP ( 'NONE', ( #1339, #1061, #877, #1437 ) ) ;
#206 = DIRECTION ( 'NONE',  ( 0.000000000000000000, 1.000000000000000000, 0.000000000000000000 ) ) ;
#207 = CARTESIAN_POINT ( 'NONE',  ( -1.439456696439874284, 28.65406674158657196, -33.79071235227193881 ) ) ;
#208 = VERTEX_POINT ( 'NONE', #797 ) ;
#209 = ORIENTED_EDGE ( 'NONE', *, *, #538, .F. ) ;
#210 = CARTESIAN_POINT ( 'NONE',  ( 0.000000000000000000, 29.49999999999998579, 0.000000000000000000 ) ) ;
#211 =( NAMED_UNIT ( * ) PLANE_ANGLE_UNIT ( ) SI_UNIT ( $, .RADIAN. ) );
#212 = ORIENTED_EDGE ( 'NONE', *, *, #675, .F. ) ;
#213 = EDGE_CURVE ( 'NONE', #1316, #50, #1068, .T. ) ;
#214 = CARTESIAN_POINT ( 'NONE',  ( 1.964225604963704575, 30.00000000000000000, 34.44203813838840489 ) ) ;
#215 = CARTESIAN_POINT ( 'NONE',  ( -2.505301467302602170, 29.51809976342992670, -33.71762198987655523 ) ) ;
#216 = MECHANICAL_DESIGN_GEOMETRIC_PRESENTATION_REPRESENTATION (  '', ( #1459 ), #1276 ) ;
#217 = CLOSED_SHELL ( 'NONE', ( #494, #618, #1415, #1616, #679, #1388 ) ) ;
#218 = EDGE_CURVE ( 'NONE', #1054, #1579, #540, .T. ) ;
#219 = CIRCLE ( 'NONE', #89, 34.50000000000000000 ) ;
#220 = AXIS2_PLACEMENT_3D ( 'NONE', #1698, #689, #1112 ) ;
#221 = ORIENTED_EDGE ( 'NONE', *, *, #1507, .F. ) ;
#222 = FILL_AREA_STYLE_COLOUR ( '', #1749 ) ;
#223 = EDGE_CURVE ( 'NONE', #1781, #642, #983, .T. ) ;
#224 = CARTESIAN_POINT ( 'NONE',  ( 1.451818925407961203, 28.13812704667237696, 34.06855685746891282 ) ) ;
#225 = LINE ( 'NONE', #373, #1098 ) ;
#226 = DIRECTION ( 'NONE',  ( 0.000000000000000000, 0.000000000000000000, -1.000000000000000000 ) ) ;
#227 = FACE_OUTER_BOUND ( 'NONE', #47, .T. ) ;
#228 = EDGE_LOOP ( 'NONE', ( #1126, #698, #463, #221 ) ) ;
#229 =( NAMED_UNIT ( * ) PLANE_ANGLE_UNIT ( ) SI_UNIT ( $, .RADIAN. ) );
#230 = DIRECTION ( 'NONE',  ( -0.000000000000000000, -1.000000000000000000, -0.000000000000000000 ) ) ;
#231 = DIRECTION ( 'NONE',  ( -0.8660254037844328234, 0.000000000000000000, 0.5000000000000101030 ) ) ;
#232 = CARTESIAN_POINT ( 'NONE',  ( 0.000000000000000000, 38.01937330616075883, 0.000000000000000000 ) ) ;
#233 = CARTESIAN_POINT ( 'NONE',  ( 0.000000000000000000, 8.000000000000000000, 0.000000000000000000 ) ) ;
#234 = CARTESIAN_POINT ( 'NONE',  ( -2.538997579658447634, 29.62820563597840717, -33.57437666871762616 ) ) ;
#235 = VERTEX_POINT ( 'NONE', #117 ) ;
#236 = EDGE_CURVE ( 'NONE', #1666, #235, #1652, .T. ) ;
#237 = ADVANCED_FACE ( 'NONE', ( #1103 ), #1405, .T. ) ;
#238 = CARTESIAN_POINT ( 'NONE',  ( -1.995550606279533179, 38.01937330616075883, -3.456395039150934601 ) ) ;
#239 = DIRECTION ( 'NONE',  ( 0.000000000000000000, 0.000000000000000000, 1.000000000000000000 ) ) ;
#240 = PRODUCT_RELATED_PRODUCT_CATEGORY ( 'part', '', ( #882 ) ) ;
#241 = EDGE_LOOP ( 'NONE', ( #900, #1512, #680, #1722 ) ) ;
#242 = CARTESIAN_POINT ( 'NONE',  ( -3.991101212558756384, 38.01937330616075883, 0.000000000000000000 ) ) ;
#243 = CARTESIAN_POINT ( 'NONE',  ( -2.684299524686767136, 29.94921725089465170, -32.91010108329816575 ) ) ;
#244 = CARTESIAN_POINT ( 'NONE',  ( -2.628066358531158997, 30.00000000000000000, -32.58868314507374464 ) ) ;
#245 = VECTOR ( 'NONE', #993, 1000.000000000000000 ) ;
#246 = CIRCLE ( 'NONE', #1369, 34.50000000000000711 ) ;
#247 = SURFACE_SIDE_STYLE ('',( #371 ) ) ;
#248 = LINE ( 'NONE', #1809, #1095 ) ;
#249 = ORIENTED_EDGE ( 'NONE', *, *, #538, .T. ) ;
#250 = FACE_OUTER_BOUND ( 'NONE', #78, .T. ) ;
#251 = CARTESIAN_POINT ( 'NONE',  ( 1.995550606279418604, 38.01937330616075883, 3.456395039150736537 ) ) ;
#252 = CARTESIAN_POINT ( 'NONE',  ( -2.244046117372378468, 29.71104324353136761, -33.47981643190518497 ) ) ;
#253 = CARTESIAN_POINT ( 'NONE',  ( 2.785551700919113305, 30.00000000000000000, -32.38240692997351999 ) ) ;
#254 = EDGE_LOOP ( 'NONE', ( #1714, #553, #1614, #1030 ) ) ;
#255 = APPLICATION_PROTOCOL_DEFINITION ( 'draft international standard', 'automotive_design', 1998, #827 ) ;
#256 = DIRECTION ( 'NONE',  ( -0.8660254037844327124, 0.000000000000000000, 0.5000000000000101030 ) ) ;
#257 = CARTESIAN_POINT ( 'NONE',  ( -1.779114868632202473, 29.37353292284308282, -33.50206804071677880 ) ) ;
#258 = DIRECTION ( 'NONE',  ( 0.000000000000000000, 0.000000000000000000, 1.000000000000000000 ) ) ;
#259 = DIRECTION ( 'NONE',  ( 0.000000000000000000, 0.000000000000000000, 1.000000000000000000 ) ) ;
#260 = DIRECTION ( 'NONE',  ( 1.000000000000000000, 0.000000000000000000, 0.000000000000000000 ) ) ;
#261 = CARTESIAN_POINT ( 'NONE',  ( -27.59972931594719725, 29.33332049096776828, 11.32618443125539720 ) ) ;
#262 = CARTESIAN_POINT ( 'NONE',  ( 1.717480856563079028, 28.67117263494346346, -34.35963029327584906 ) ) ;
#263 = EDGE_CURVE ( 'NONE', #1654, #1681, #182, .T. ) ;
#264 = ORIENTED_EDGE ( 'NONE', *, *, #1476, .F. ) ;
#265 = APPLICATION_PROTOCOL_DEFINITION ( 'draft international standard', 'automotive_design', 1998, #546 ) ;
#266 = FACE_OUTER_BOUND ( 'NONE', #1077, .T. ) ;
#267 = DIRECTION ( 'NONE',  ( 0.8660254037844432595, 0.000000000000000000, 0.4999999999999919509 ) ) ;
#268 = B_SPLINE_CURVE_WITH_KNOTS ( 'NONE', 3,
 ( #1796, #668, #415, #1497 ),
 .UNSPECIFIED., .F., .F.,
 ( 4, 4 ),
 ( 0.000000000000000000, 0.0007103394718584168585 ),
 .UNSPECIFIED. ) ;
#269 = EDGE_CURVE ( 'NONE', #464, #635, #409, .T. ) ;
#270 = FACE_OUTER_BOUND ( 'NONE', #1043, .T. ) ;
#271 = CARTESIAN_POINT ( 'NONE',  ( 1.681397792150369996, 29.24219006696224810, -33.59262425976430677 ) ) ;
#272 = EDGE_CURVE ( 'NONE', #103, #1654, #377, .T. ) ;
#273 = PLANE ( 'NONE',  #1462 ) ;
#274 = LINE ( 'NONE', #136, #713 ) ;
#275 = AXIS2_PLACEMENT_3D ( 'NONE', #349, #461, #611 ) ;
#276 = CARTESIAN_POINT ( 'NONE',  ( -27.74537261213681560, 0.000000000000000000, -11.41027162751563573 ) ) ;
#277 = AXIS2_PLACEMENT_3D ( 'NONE', #233, #777, #1066 ) ;
#278 = CARTESIAN_POINT ( 'NONE',  ( 1.964225614587602253, 28.14545051621906424, 34.44203813783958168 ) ) ;
#279 = CARTESIAN_POINT ( 'NONE',  ( -1.463938388008686253, 28.27378662858834346, 34.05874873792730284 ) ) ;
#280 = CARTESIAN_POINT ( 'NONE',  ( 1.891663635432521362, 29.51750515047661949, -33.39645473945524401 ) ) ;
#281 = CARTESIAN_POINT ( 'NONE',  ( 1.995550606279418604, 0.000000000000000000, 3.456395039150736537 ) ) ;
#282 = DIRECTION ( 'NONE',  ( 0.000000000000000000, -1.000000000000000000, -0.000000000000000000 ) ) ;
#283 = CARTESIAN_POINT ( 'NONE',  ( -1.465237964728363984, 28.28717102112180015, 34.05770336899475836 ) ) ;
#284 = CARTESIAN_POINT ( 'NONE',  ( -1.646347122882486858, 28.17669395708247393, -34.46939161018030973 ) ) ;
#285 = CARTESIAN_POINT ( 'NONE',  ( 2.592053241195601210, 29.95861029391613428, 32.86232861239626857 ) ) ;
#286 = ORIENTED_EDGE ( 'NONE', *, *, #1307, .T. ) ;
#287 = CARTESIAN_POINT ( 'NONE',  ( 27.74537261213656336, 38.01937330616075883, -11.41027162751623614 ) ) ;
#288 = CARTESIAN_POINT ( 'NONE',  ( 1.354061739223342942, 28.13390047919572012, -33.85615338233034777 ) ) ;
#289 = CARTESIAN_POINT ( 'NONE',  ( 1.964225604963704575, 27.99999999999999645, 34.44203813838840489 ) ) ;
#290 = CARTESIAN_POINT ( 'NONE',  ( -2.644385892710593211, 29.93912719006599232, 32.89789528690926801 ) ) ;
#291 = EDGE_CURVE ( 'NONE', #1750, #1821, #1255, .T. ) ;
#292 = CARTESIAN_POINT ( 'NONE',  ( 2.580245317673207861, 29.74219469850928732, -33.39311391689575004 ) ) ;
#293 = EDGE_CURVE ( 'NONE', #1086, #1769, #1679, .T. ) ;
#294 = CARTESIAN_POINT ( 'NONE',  ( -2.092007263511689086, 29.63886136606727106, 33.42733929151152950 ) ) ;
#295 = CARTESIAN_POINT ( 'NONE',  ( 2.709500333686171825, 29.99999998992470651, 32.62321669331198137 ) ) ;
#296 = ORIENTED_EDGE ( 'NONE', *, *, #263, .F. ) ;
#297 = DIRECTION ( 'NONE',  ( -0.000000000000000000, -1.000000000000000000, -0.000000000000000000 ) ) ;
#298 = LINE ( 'NONE', #1705, #122 ) ;
#299 = EDGE_CURVE ( 'NONE', #1781, #732, #274, .T. ) ;
#300 = CARTESIAN_POINT ( 'NONE',  ( 0.000000000000000000, 0.000000000000000000, 0.000000000000000000 ) ) ;
#301 = CARTESIAN_POINT ( 'NONE',  ( 0.000000000000000000, 0.000000000000000000, 0.000000000000000000 ) ) ;
#302 = VECTOR ( 'NONE', #1374, 1000.000000000000000 ) ;
#303 = TOROIDAL_SURFACE ( 'NONE', #1461, 3.500000000000019540, 2.000000000000000000 ) ;
#304 = CIRCLE ( 'NONE', #1312, 1.500000000000022204 ) ;
#305 = FACE_OUTER_BOUND ( 'NONE', #370, .T. ) ;
#306 = EDGE_CURVE ( 'NONE', #1589, #1017, #1185, .T. ) ;
#307 = CARTESIAN_POINT ( 'NONE',  ( 1.554897504270378317, 27.99999999999999645, 34.46538071844586426 ) ) ;
#308 = EDGE_LOOP ( 'NONE', ( #202, #442, #1022, #671 ) ) ;
#309 = FACE_OUTER_BOUND ( 'NONE', #228, .T. ) ;
#310 = DIRECTION ( 'NONE',  ( -0.8660254037844397068, 0.000000000000000000, -0.4999999999999979461 ) ) ;
#311 = AXIS2_PLACEMENT_3D ( 'NONE', #751, #34, #1741 ) ;
#312 = FACE_OUTER_BOUND ( 'NONE', #1773, .T. ) ;
#313 = ORIENTED_EDGE ( 'NONE', *, *, #95, .F. ) ;
#314 = CARTESIAN_POINT ( 'NONE',  ( -1.968830249073262983, 29.36054974837646725, 33.91721313978309382 ) ) ;
#315 = CARTESIAN_POINT ( 'NONE',  ( -3.991101212558756384, 29.16665360364343940, 29.39697203773713952 ) ) ;
#316 = ORIENTED_EDGE ( 'NONE', *, *, #1819, .T. ) ;
#317 = FACE_OUTER_BOUND ( 'NONE', #550, .T. ) ;
#318 = EDGE_CURVE ( 'NONE', #1186, #1729, #1659, .T. ) ;
#319 = CARTESIAN_POINT ( 'NONE',  ( 0.000000000000000000, 30.00100000000000122, 0.000000000000000000 ) ) ;
#320 = ORIENTED_EDGE ( 'NONE', *, *, #1740, .F. ) ;
#321 = EDGE_LOOP ( 'NONE', ( #348, #610, #1290, #662 ) ) ;
#322 = UNCERTAINTY_MEASURE_WITH_UNIT (LENGTH_MEASURE( 1.000000000000000082E-05 ), #1299, 'distance_accuracy_value', 'NONE');
#323 = FACE_OUTER_BOUND ( 'NONE', #702, .T. ) ;
#324 = ADVANCED_FACE ( 'NONE', ( #898 ), #534, .F. ) ;
#325 = FACE_OUTER_BOUND ( 'NONE', #140, .T. ) ;
#326 = ADVANCED_FACE ( 'NONE', ( #1210 ), #1775, .T. ) ;
#327 = ORIENTED_EDGE ( 'NONE', *, *, #1569, .T. ) ;
#328 = CARTESIAN_POINT ( 'NONE',  ( -4.336808689942017736E-16, 30.00000000000000000, -0.002000791051989803115 ) ) ;
#329 = CYLINDRICAL_SURFACE ( 'NONE', #1220, 30.00000000000000000 ) ;
#330 =( NAMED_UNIT ( * ) PLANE_ANGLE_UNIT ( ) SI_UNIT ( $, .RADIAN. ) );
#331 = ORIENTED_EDGE ( 'NONE', *, *, #71, .F. ) ;
#332 = ORIENTED_EDGE ( 'NONE', *, *, #1111, .F. ) ;
#333 = FACE_OUTER_BOUND ( 'NONE', #1237, .T. ) ;
#334 = AXIS2_PLACEMENT_3D ( 'NONE', #1609, #1760, #652 ) ;
#335 = AXIS2_PLACEMENT_3D ( 'NONE', #1574, #206, #169 ) ;
#336 = FILL_AREA_STYLE ('',( #773 ) ) ;
#337 = AXIS2_PLACEMENT_3D ( 'NONE', #878, #177, #740 ) ;
#338 = ORIENTED_EDGE ( 'NONE', *, *, #1825, .T. ) ;
#339 = DIRECTION ( 'NONE',  ( -0.000000000000000000, -1.000000000000000000, -0.000000000000000000 ) ) ;
#340 = CARTESIAN_POINT ( 'NONE',  ( -3.991101212558756384, 28.99999999999998934, 29.22877197405173533 ) ) ;
#341 = AXIS2_PLACEMENT_3D ( 'NONE', #976, #841, #258 ) ;
#342 = MECHANICAL_DESIGN_GEOMETRIC_PRESENTATION_REPRESENTATION (  '', ( #1370 ), #5 ) ;
#343 = VERTEX_POINT ( 'NONE', #1350 ) ;
#344 = ORIENTED_EDGE ( 'NONE', *, *, #134, .F. ) ;
#345 = ORIENTED_EDGE ( 'NONE', *, *, #1766, .F. ) ;
#346 = CARTESIAN_POINT ( 'NONE',  ( 0.000000000000000000, 38.01937330616075883, 0.000000000000000000 ) ) ;
#347 = CARTESIAN_POINT ( 'NONE',  ( 1.084202172485504434E-16, 27.99999999999999645, 34.44567992468615358 ) ) ;
#348 = ORIENTED_EDGE ( 'NONE', *, *, #159, .F. ) ;
#349 = CARTESIAN_POINT ( 'NONE',  ( 0.000000000000000000, 0.000000000000000000, 0.000000000000000000 ) ) ;
#350 = CARTESIAN_POINT ( 'NONE',  ( -1.995550606279346217, 0.000000000000000000, 3.456395039150778281 ) ) ;
#351 = ORIENTED_EDGE ( 'NONE', *, *, #67, .F. ) ;
#352 = ORIENTED_EDGE ( 'NONE', *, *, #213, .T. ) ;
#353 = ADVANCED_FACE ( 'NONE', ( #80 ), #934, .F. ) ;
#354 = CARTESIAN_POINT ( 'NONE',  ( 2.529994625372438577, 29.94002650692231882, 32.83684185523677002 ) ) ;
#355 = EDGE_CURVE ( 'NONE', #1622, #235, #1718, .T. ) ;
#356 =( LENGTH_UNIT ( ) NAMED_UNIT ( * ) SI_UNIT ( .MILLI., .METRE. ) );
#357 = VERTEX_POINT ( 'NONE', #1493 ) ;
#358 = DIRECTION ( 'NONE',  ( 0.000000000000000000, 0.000000000000000000, 1.000000000000000000 ) ) ;
#359 = FILL_AREA_STYLE_COLOUR ( '', #157 ) ;
#360 = EDGE_CURVE ( 'NONE', #1054, #208, #637, .T. ) ;
#361 = ORIENTED_EDGE ( 'NONE', *, *, #1526, .T. ) ;
#362 =( NAMED_UNIT ( * ) SI_UNIT ( $, .STERADIAN. ) SOLID_ANGLE_UNIT ( ) );
#363 = UNCERTAINTY_MEASURE_WITH_UNIT (LENGTH_MEASURE( 1.000000000000000082E-05 ), #1813, 'distance_accuracy_value', 'NONE');
#364 = CARTESIAN_POINT ( 'NONE',  ( 0.000000000000000000, 38.01937330616075883, 0.000000000000000000 ) ) ;
#365 = CARTESIAN_POINT ( 'NONE',  ( -4.336808689942017736E-16, 30.00000000000000000, -0.002000791051989803115 ) ) ;
#366 = FACE_OUTER_BOUND ( 'NONE', #176, .T. ) ;
#367 = CARTESIAN_POINT ( 'NONE',  ( 3.991101212558985534, 38.01937330616075883, 29.73333333333331652 ) ) ;
#368 = AXIS2_PLACEMENT_3D ( 'NONE', #178, #45, #888 ) ;
#369 = AXIS2_PLACEMENT_3D ( 'NONE', #112, #564, #723 ) ;
#370 = EDGE_LOOP ( 'NONE', ( #344, #72, #543, #563 ) ) ;
#371 = SURFACE_STYLE_FILL_AREA ( #79 ) ;
#372 = DIRECTION ( 'NONE',  ( -0.000000000000000000, -1.000000000000000000, 0.000000000000000000 ) ) ;
#373 = CARTESIAN_POINT ( 'NONE',  ( -1.995550606279533179, 0.000000000000000000, -3.456395039150934601 ) ) ;
#374 = DIRECTION ( 'NONE',  ( -0.8660254037844432595, 0.000000000000000000, -0.4999999999999919509 ) ) ;
#375 = FACE_OUTER_BOUND ( 'NONE', #1035, .T. ) ;
#376 = DIRECTION ( 'NONE',  ( -1.000000000000000000, 0.000000000000000000, 0.000000000000000000 ) ) ;
#377 = B_SPLINE_CURVE_WITH_KNOTS ( 'NONE', 3,
 ( #970, #261, #825, #690 ),
 .UNSPECIFIED., .F., .F.,
 ( 4, 4 ),
 ( 0.000000000000000000, 0.0007103394718584138227 ),
 .UNSPECIFIED. ) ;
#378 = ORIENTED_EDGE ( 'NONE', *, *, #1104, .F. ) ;
#379 = SURFACE_STYLE_FILL_AREA ( #1790 ) ;
#380 = CARTESIAN_POINT ( 'NONE',  ( 2.785551700919113305, 30.00000000000000000, -32.38240692997351999 ) ) ;
#381 = FACE_BOUND ( 'NONE', #1615, .T. ) ;
#382 = ORIENTED_EDGE ( 'NONE', *, *, #1170, .T. ) ;
#383 = DIRECTION ( 'NONE',  ( 0.4999999999999919509, 0.000000000000000000, -0.8660254037844432595 ) ) ;
#384 = CARTESIAN_POINT ( 'NONE',  ( -2.580254024832689286, 29.74221654928011915, -33.39307503489220608 ) ) ;
#385 = DIRECTION ( 'NONE',  ( 0.000000000000000000, 0.000000000000000000, 1.000000000000000000 ) ) ;
#386 = B_SPLINE_CURVE_WITH_KNOTS ( 'NONE', 3,
 ( #648, #937, #1214, #527, #641, #1656, #1621, #215, #667, #384, #1514, #243, #1771, #514 ),
 .UNSPECIFIED., .F., .F.,
 ( 4, 2, 2, 2, 2, 2, 4 ),
 ( 0.000000000000000000, 0.0003995533331608907223, 0.0007991066663217814446, 0.001598213332643553782, 0.001997766665804432632, 0.002397319998965310832, 0.003196426665287064196 ),
 .UNSPECIFIED. ) ;
#387 = ORIENTED_EDGE ( 'NONE', *, *, #1685, .T. ) ;
#388 = DIRECTION ( 'NONE',  ( -0.000000000000000000, -1.000000000000000000, 0.000000000000000000 ) ) ;
#389 = DIRECTION ( 'NONE',  ( 0.000000000000000000, 0.000000000000000000, 1.000000000000000000 ) ) ;
#390 = ORIENTED_EDGE ( 'NONE', *, *, #1716, .T. ) ;
#391 = DIRECTION ( 'NONE',  ( -0.8660254037844362651, 0.000000000000000000, 0.5000000000000039968 ) ) ;
#392 = CARTESIAN_POINT ( 'NONE',  ( -3.991101212558985534, 28.99999999999998934, -29.22877197405170335 ) ) ;
#393 = CARTESIAN_POINT ( 'NONE',  ( -2.468027123965206293, 29.37353292191810894, -33.87170372051259903 ) ) ;
#394 = AXIS2_PLACEMENT_3D ( 'NONE', #1836, #625, #1057 ) ;
#395 = AXIS2_PLACEMENT_3D ( 'NONE', #1642, #376, #385 ) ;
#396 = AXIS2_PLACEMENT_3D ( 'NONE', #1075, #931, #1505 ) ;
#397 = VECTOR ( 'NONE', #192, 1000.000000000000000 ) ;
#398 = MECHANICAL_DESIGN_GEOMETRIC_PRESENTATION_REPRESENTATION (  '', ( #1520 ), #1693 ) ;
#399 =( LENGTH_UNIT ( ) NAMED_UNIT ( * ) SI_UNIT ( .MILLI., .METRE. ) );
#400 = UNCERTAINTY_MEASURE_WITH_UNIT (LENGTH_MEASURE( 1.000000000000000082E-05 ), #1822, 'distance_accuracy_value', 'NONE');
#401 = ADVANCED_FACE ( 'NONE', ( #333 ), #1070, .F. ) ;
#402 = CARTESIAN_POINT ( 'NONE',  ( 2.412691804620703095, 29.86089537383319126, -33.16344145493800966 ) ) ;
#403 = ORIENTED_EDGE ( 'NONE', *, *, #1114, .T. ) ;
#404 = FILL_AREA_STYLE ('',( #359 ) ) ;
#405 = CARTESIAN_POINT ( 'NONE',  ( -1.414318063561782024, 28.55781328457225854, -33.81015204676184283 ) ) ;
#406 = CARTESIAN_POINT ( 'NONE',  ( 3.991101212558985534, 38.01937330616075883, 29.22877197405170335 ) ) ;
#407 = ADVANCED_FACE ( 'NONE', ( #636 ), #1203, .F. ) ;
#408 = CARTESIAN_POINT ( 'NONE',  ( 27.30840965723100311, 0.000000000000000000, 11.15799094787463908 ) ) ;
#409 = LINE ( 'NONE', #992, #86 ) ;
#410 = CARTESIAN_POINT ( 'NONE',  ( 0.000000000000000000, 29.49999999999998579, 0.000000000000000000 ) ) ;
#411 = EDGE_CURVE ( 'NONE', #828, #198, #1211, .T. ) ;
#412 = ADVANCED_FACE ( 'NONE', ( #1637 ), #1424, .T. ) ;
#413 = ORIENTED_EDGE ( 'NONE', *, *, #643, .F. ) ;
#414 = CARTESIAN_POINT ( 'NONE',  ( 0.000000000000000000, 29.49999999999998579, 0.000000000000000000 ) ) ;
#415 = CARTESIAN_POINT ( 'NONE',  ( 23.46297397274194907, 29.16665360364343940, 18.15488105801911090 ) ) ;
#416 = CARTESIAN_POINT ( 'NONE',  ( -2.077160036470913074, 29.62408168819596455, 33.44519082057718862 ) ) ;
#417 = CARTESIAN_POINT ( 'NONE',  ( 0.000000000000000000, 29.49999999999998579, 0.000000000000000000 ) ) ;
#418 = DIRECTION ( 'NONE',  ( 0.000000000000000000, 0.000000000000000000, 1.000000000000000000 ) ) ;
#419 = CARTESIAN_POINT ( 'NONE',  ( 0.000000000000000000, 28.99999999999998934, 0.000000000000000000 ) ) ;
#420 = CARTESIAN_POINT ( 'NONE',  ( 2.405692671724383391, 29.05957380284819891, -34.11878291499899518 ) ) ;
#421 = VERTEX_POINT ( 'NONE', #664 ) ;
#422 =( NAMED_UNIT ( * ) SI_UNIT ( $, .STERADIAN. ) SOLID_ANGLE_UNIT ( ) );
#423 = DIRECTION ( 'NONE',  ( 0.000000000000000000, 0.000000000000000000, -1.000000000000000000 ) ) ;
#424 = FACE_OUTER_BOUND ( 'NONE', #321, .T. ) ;
#425 = CARTESIAN_POINT ( 'NONE',  ( 4.336808689942017736E-16, 27.99999999999999645, -34.50153451497305923 ) ) ;
#426 = AXIS2_PLACEMENT_3D ( 'NONE', #1571, #158, #1417 ) ;
#427 = DIRECTION ( 'NONE',  ( 0.000000000000000000, 1.000000000000000000, -0.000000000000000000 ) ) ;
#428 = DIRECTION ( 'NONE',  ( 0.000000000000000000, 0.000000000000000000, 1.000000000000000000 ) ) ;
#429 = CARTESIAN_POINT ( 'NONE',  ( 2.342730041184939438, 28.52821527532820767, -34.35578505032336238 ) ) ;
#430 = CIRCLE ( 'NONE', #1756, 0.5000000000000004441 ) ;
#431 = AXIS2_PLACEMENT_3D ( 'NONE', #1023, #1602, #1052 ) ;
#432 = CARTESIAN_POINT ( 'NONE',  ( 1.995550606279460570, 0.000000000000000000, -3.456395039150976345 ) ) ;
#433 = VERTEX_POINT ( 'NONE', #1799 ) ;
#434 = DIRECTION ( 'NONE',  ( -1.084202172485503487E-14, 0.000000000000000000, 1.000000000000000000 ) ) ;
#435 = CARTESIAN_POINT ( 'NONE',  ( -23.75427139957798417, 29.49999999999997868, -18.32306170581737703 ) ) ;
#436 = EDGE_CURVE ( 'NONE', #681, #681, #687, .T. ) ;
#437 = CARTESIAN_POINT ( 'NONE',  ( 2.645002637005701374, 29.95075132205526458, 32.90144956392992981 ) ) ;
#438 = CARTESIAN_POINT ( 'NONE',  ( -2.458909451033781668, 29.76075283577205610, 33.38995161775125098 ) ) ;
#439 = CARTESIAN_POINT ( 'NONE',  ( 2.324135821055055562, 27.99999999999999645, -34.42362760741976757 ) ) ;
#440 = CARTESIAN_POINT ( 'NONE',  ( -2.467861316369754920, 29.77200507376018734, 33.36743812895502259 ) ) ;
#441 = DIRECTION ( 'NONE',  ( 0.000000000000000000, 1.000000000000000000, 0.000000000000000000 ) ) ;
#442 = ORIENTED_EDGE ( 'NONE', *, *, #1476, .T. ) ;
#443 = DIRECTION ( 'NONE',  ( -0.8660254037844397068, 0.000000000000000000, -0.4999999999999979461 ) ) ;
#444 = CARTESIAN_POINT ( 'NONE',  ( -23.60862810338853279, 29.33332049096776828, -18.23897450955673349 ) ) ;
#445 = VERTEX_POINT ( 'NONE', #276 ) ;
#446 = CARTESIAN_POINT ( 'NONE',  ( -1.554897504270376318, 27.99999999999999645, 34.46538071844585716 ) ) ;
#447 = CARTESIAN_POINT ( 'NONE',  ( -2.737708371177814737, 30.00000000000000000, 32.63592024327000729 ) ) ;
#448 = CARTESIAN_POINT ( 'NONE',  ( 1.515954887045242172, 28.56376759045947367, 34.01497936465778338 ) ) ;
#449 = EDGE_LOOP ( 'NONE', ( #264, #320, #212, #913 ) ) ;
#450 = CARTESIAN_POINT ( 'NONE',  ( -2.785551700919118190, 30.00000000000000000, -32.38240692997351289 ) ) ;
#451 = CARTESIAN_POINT ( 'NONE',  ( 27.74537261213656336, 0.000000000000000000, -11.41027162751623614 ) ) ;
#452 = DIRECTION ( 'NONE',  ( -0.8660254037844432595, 0.000000000000000000, -0.4999999999999919509 ) ) ;
#453 = ORIENTED_EDGE ( 'NONE', *, *, #465, .T. ) ;
#454 = AXIS2_PLACEMENT_3D ( 'NONE', #477, #1181, #42 ) ;
#455 = EDGE_CURVE ( 'NONE', #1681, #1132, #1629, .T. ) ;
#456 = AXIS2_PLACEMENT_3D ( 'NONE', #941, #1064, #1625 ) ;
#457 = AXIS2_PLACEMENT_3D ( 'NONE', #1661, #948, #1087 ) ;
#458 = CARTESIAN_POINT ( 'NONE',  ( -2.324135831895197679, 28.14346556695019430, -34.42362760668783750 ) ) ;
#459 = DIRECTION ( 'NONE',  ( 0.000000000000000000, 0.000000000000000000, 1.000000000000000000 ) ) ;
#460 = ORIENTED_EDGE ( 'NONE', *, *, #1798, .F. ) ;
#461 = DIRECTION ( 'NONE',  ( -0.000000000000000000, -1.000000000000000000, 0.000000000000000000 ) ) ;
#462 = FACE_OUTER_BOUND ( 'NONE', #525, .T. ) ;
#463 = ORIENTED_EDGE ( 'NONE', *, *, #130, .T. ) ;
#464 = VERTEX_POINT ( 'NONE', #839 ) ;
#465 = EDGE_CURVE ( 'NONE', #819, #1736, #248, .T. ) ;
#466 = CARTESIAN_POINT ( 'NONE',  ( -2.592053241195596769, 29.95861029391651087, 32.86232861239626146 ) ) ;
#467 = EDGE_CURVE ( 'NONE', #1316, #1345, #1720, .T. ) ;
#468 =( NAMED_UNIT ( * ) SI_UNIT ( $, .STERADIAN. ) SOLID_ANGLE_UNIT ( ) );
#469 = EDGE_LOOP ( 'NONE', ( #1195, #1535, #1036, #722, #1150, #135, #796, #390 ) ) ;
#470 = FACE_OUTER_BOUND ( 'NONE', #495, .T. ) ;
#471 = DIRECTION ( 'NONE',  ( 0.000000000000000000, 1.000000000000000000, 0.000000000000000000 ) ) ;
#472 = B_SPLINE_CURVE_WITH_KNOTS ( 'NONE', 3,
 ( #15, #547, #1109, #857 ),
 .UNSPECIFIED., .F., .F.,
 ( 4, 4 ),
 ( 0.000000000000000000, 0.0007103394718584192438 ),
 .UNSPECIFIED. ) ;
#473 = CARTESIAN_POINT ( 'NONE',  ( 3.991101212558985534, 0.000000000000000000, 0.000000000000000000 ) ) ;
#474 = VERTEX_POINT ( 'NONE', #102 ) ;
#475 = ORIENTED_EDGE ( 'NONE', *, *, #1293, .F. ) ;
#476 = DIRECTION ( 'NONE',  ( 0.000000000000000000, 0.000000000000000000, -1.000000000000000000 ) ) ;
#477 = CARTESIAN_POINT ( 'NONE',  ( 0.000000000000000000, 0.000000000000000000, 0.000000000000000000 ) ) ;
#478 = ORIENTED_EDGE ( 'NONE', *, *, #1766, .T. ) ;
#479 = CYLINDRICAL_SURFACE ( 'NONE', #431, 29.99999999999999645 ) ;
#480 = DIRECTION ( 'NONE',  ( 0.000000000000000000, 0.000000000000000000, -1.000000000000000000 ) ) ;
#481 = LINE ( 'NONE', #1463, #397 ) ;
#482 = EDGE_LOOP ( 'NONE', ( #33, #939, #453, #743 ) ) ;
#483 = ORIENTED_EDGE ( 'NONE', *, *, #874, .T. ) ;
#484 = VECTOR ( 'NONE', #1542, 1000.000000000000000 ) ;
#485 = CARTESIAN_POINT ( 'NONE',  ( 2.324135831895738580, 28.14346556695012325, -34.42362760668780908 ) ) ;
#486 = AXIS2_PLACEMENT_3D ( 'NONE', #1403, #132, #259 ) ;
#487 = AXIS2_PLACEMENT_3D ( 'NONE', #1042, #163, #1713 ) ;
#488 = ORIENTED_EDGE ( 'NONE', *, *, #1569, .F. ) ;
#489 = DIRECTION ( 'NONE',  ( 0.000000000000000000, 1.000000000000000000, 0.000000000000000000 ) ) ;
#490 = DIRECTION ( 'NONE',  ( 0.000000000000000000, -1.000000000000000000, 0.000000000000000000 ) ) ;
#491 = AXIS2_PLACEMENT_3D ( 'NONE', #1834, #297, #685 ) ;
#492 = EDGE_CURVE ( 'NONE', #1132, #103, #566, .T. ) ;
#493 = ORIENTED_EDGE ( 'NONE', *, *, #125, .F. ) ;
#494 = ADVANCED_FACE ( 'NONE', ( #940 ), #1510, .F. ) ;
#495 = EDGE_LOOP ( 'NONE', ( #1451, #1521, #327, #905 ) ) ;
#496 = CARTESIAN_POINT ( 'NONE',  ( 1.661622598084394831, 28.34754931316725646, -34.44605435069054522 ) ) ;
#497 =( BOUNDED_SURFACE ( )  B_SPLINE_SURFACE ( 3, 2, ( 
 ( #1009, #1037, #3 ),
 ( #458, #284, #708 ),
 ( #1273, #155, #1288 ),
 ( #1506, #1788, #405 ),
 ( #1083, #1240, #528 ),
 ( #1675, #674, #966 ),
 ( #1814, #1215, #1092 ),
 ( #938, #1234, #1657 ),
 ( #393, #1361, #257 ),
 ( #1528, #545, #1649 ),
 ( #234, #252, #820 ),
 ( #1802, #1668, #959 ),
 ( #1381, #1780, #945 ),
 ( #1524, #1387, #107 ),
 ( #795, #532, #244 ),
 ( #85, #660, #806 ) ),
 .UNSPECIFIED., .F., .F., .F. ) 
 B_SPLINE_SURFACE_WITH_KNOTS ( ( 4, 2, 2, 2, 2, 2, 2, 4 ),
 ( 3, 3 ),
 ( 0.000000000000000000, 0.0002118282437658214443, 0.0004236564875316428886, 0.0006354847312974643871, 0.0008473129750632857771, 0.001059141218829107167, 0.001270969462594928774, 0.001694625950126571554 ),
 ( 0.000000000000000000, 1.000000000000000000 ),
 .UNSPECIFIED. ) 
 GEOMETRIC_REPRESENTATION_ITEM ( )  RATIONAL_B_SPLINE_SURFACE ( (
 ( 1.000000000000000000, 0.8271833653455485935, 1.000000000000000000),
 ( 1.000000000000000000, 0.8271721014549681117, 1.000000000000000000),
 ( 1.000000000000000000, 0.8307070588282386980, 1.000000000000000000),
 ( 1.000000000000000000, 0.8434295652674789201, 1.000000000000000000),
 ( 1.000000000000000000, 0.8527094797262571024, 1.000000000000000000),
 ( 1.000000000000000000, 0.8737012934638915818, 1.000000000000000000),
 ( 1.000000000000000000, 0.8855803760316101059, 1.000000000000000000),
 ( 1.000000000000000000, 0.9092442737479393688, 1.000000000000000000),
 ( 1.000000000000000000, 0.9209199493170465711, 1.000000000000000000),
 ( 1.000000000000000000, 0.9426621863941515578, 1.000000000000000000),
 ( 1.000000000000000000, 0.9526788086332963479, 1.000000000000000000),
 ( 1.000000000000000000, 0.9698420886895054993, 1.000000000000000000),
 ( 1.000000000000000000, 0.9770984485427625099, 1.000000000000000000),
 ( 1.000000000000000000, 0.9945809975954964521, 1.000000000000000000),
 ( 1.000000000000000000, 0.9999850309734598097, 1.000000000000000000),
 ( 1.000000000000000000, 1.000000000000000000, 1.000000000000000000) ) ) 
 REPRESENTATION_ITEM ( '' )  SURFACE ( )  );
#498 = ORIENTED_EDGE ( 'NONE', *, *, #1825, .F. ) ;
#499 = CARTESIAN_POINT ( 'NONE',  ( 2.256769565372297226, 30.00000000000000000, -33.42589929390185688 ) ) ;
#500 = DIRECTION ( 'NONE',  ( 0.000000000000000000, 1.000000000000000000, -0.000000000000000000 ) ) ;
#501 = ORIENTED_EDGE ( 'NONE', *, *, #1144, .F. ) ;
#502 = FILL_AREA_STYLE ('',( #222 ) ) ;
#503 = EDGE_CURVE ( 'NONE', #1466, #1769, #1572, .T. ) ;
#504 = CARTESIAN_POINT ( 'NONE',  ( 1.463938388008687808, 28.27378662858834346, 34.05874873792730995 ) ) ;
#505 = CARTESIAN_POINT ( 'NONE',  ( 23.31730844467170627, 38.01937330616075883, -18.07078102617708382 ) ) ;
#506 = ORIENTED_EDGE ( 'NONE', *, *, #1111, .T. ) ;
#507 = CARTESIAN_POINT ( 'NONE',  ( -1.354061739223345606, 0.000000000000000000, -33.85615338233036198 ) ) ;
#508 = CARTESIAN_POINT ( 'NONE',  ( 3.991101212558756384, 28.99999999999998934, -29.22877197405173533 ) ) ;
#509 = EDGE_LOOP ( 'NONE', ( #1318, #361, #1301, #1332 ) ) ;
#510 = FILL_AREA_STYLE_COLOUR ( '', #123 ) ;
#511 = CARTESIAN_POINT ( 'NONE',  ( 2.678104315894192400, 29.98782767902777735, 32.61072243016666761 ) ) ;
#512 = PLANE ( 'NONE',  #456 ) ;
#513 = PLANE ( 'NONE',  #746 ) ;
#514 = CARTESIAN_POINT ( 'NONE',  ( -2.785551700919118190, 30.00000000000000000, -32.38240692997351289 ) ) ;
#515 = AXIS2_PLACEMENT_3D ( 'NONE', #1724, #1575, #480 ) ;
#516 = CARTESIAN_POINT ( 'NONE',  ( -1.964225604963708571, 0.000000000000000000, 34.44203813838840489 ) ) ;
#517 = VECTOR ( 'NONE', #696, 1000.000000000000000 ) ;
#518 = ORIENTED_EDGE ( 'NONE', *, *, #783, .F. ) ;
#519 = CARTESIAN_POINT ( 'NONE',  ( -27.30840965723092850, 28.99999999999998934, -11.15799094787483092 ) ) ;
#520 = DIRECTION ( 'NONE',  ( 0.8660254037844362651, 0.000000000000000000, -0.5000000000000039968 ) ) ;
#521 = CARTESIAN_POINT ( 'NONE',  ( -1.451818925407959204, 27.99999999999999645, 34.06855685746891282 ) ) ;
#522 = LINE ( 'NONE', #815, #302 ) ;
#523 = ORIENTED_EDGE ( 'NONE', *, *, #1006, .T. ) ;
#524 = CARTESIAN_POINT ( 'NONE',  ( 1.995482422940067835, 29.62820563661527729, -33.29492809909441320 ) ) ;
#525 = EDGE_LOOP ( 'NONE', ( #1477, #1757, #1646, #1058 ) ) ;
#526 = CARTESIAN_POINT ( 'NONE',  ( -3.991101212558756384, 0.000000000000000000, 29.22877197405173533 ) ) ;
#527 = CARTESIAN_POINT ( 'NONE',  ( -2.342730825854376420, 28.52822632129614178, -34.35578216971322973 ) ) ;
#528 = CARTESIAN_POINT ( 'NONE',  ( -1.450144787393349732, 28.69222519642686464, -33.78234132329425421 ) ) ;
#529 = CARTESIAN_POINT ( 'NONE',  ( 2.468027123965237379, 29.37353292191800236, -33.87170372051272693 ) ) ;
#530 = ORIENTED_EDGE ( 'NONE', *, *, #411, .F. ) ;
#531 = DIRECTION ( 'NONE',  ( 0.000000000000000000, 1.000000000000000000, 0.000000000000000000 ) ) ;
#532 = CARTESIAN_POINT ( 'NONE',  ( -2.683167626430006614, 29.99994898504769836, -32.61322202386315183 ) ) ;
#533 = CARTESIAN_POINT ( 'NONE',  ( -3.991101212558985534, 38.01937330616075883, -29.22877197405170335 ) ) ;
#534 = CONICAL_SURFACE ( 'NONE', #29, 30.50000000000001776, 0.7853981633974533860 ) ;
#535 =( GEOMETRIC_REPRESENTATION_CONTEXT ( 3 ) GLOBAL_UNCERTAINTY_ASSIGNED_CONTEXT ( ( #400 ) ) GLOBAL_UNIT_ASSIGNED_CONTEXT ( ( #1822, #694, #422 ) ) REPRESENTATION_CONTEXT ( 'NONE', 'WORKASPACE' ) );
#536 = CIRCLE ( 'NONE', #1016, 30.00000000000000000 ) ;
#537 = CIRCLE ( 'NONE', #1221, 1.000000000000000888 ) ;
#538 = EDGE_CURVE ( 'NONE', #1055, #766, #82, .T. ) ;
#539 = FACE_OUTER_BOUND ( 'NONE', #801, .T. ) ;
#540 = LINE ( 'NONE', #569, #1758 ) ;
#541 = UNCERTAINTY_MEASURE_WITH_UNIT (LENGTH_MEASURE( 1.000000000000000082E-05 ), #1635, 'distance_accuracy_value', 'NONE');
#542 = CARTESIAN_POINT ( 'NONE',  ( 2.613386657640749178, 29.81781815263023461, -33.24280416982448827 ) ) ;
#543 = ORIENTED_EDGE ( 'NONE', *, *, #1241, .F. ) ;
#544 = FACE_OUTER_BOUND ( 'NONE', #1452, .T. ) ;
#545 = CARTESIAN_POINT ( 'NONE',  ( -2.186144903613783885, 29.64706853122230257, -33.58384384452858740 ) ) ;
#546 = APPLICATION_CONTEXT ( 'automotive_design' ) ;
#547 = CARTESIAN_POINT ( 'NONE',  ( 3.991101212558985534, 29.16665360364343940, 29.39697203773711109 ) ) ;
#548 = FACE_OUTER_BOUND ( 'NONE', #812, .T. ) ;
#549 =( BOUNDED_SURFACE ( )  B_SPLINE_SURFACE ( 3, 2, ( 
 ( #1538, #307, #1289 ),
 ( #278, #1275, #1119 ),
 ( #1709, #867, #22 ),
 ( #1832, #13, #448 ),
 ( #1125, #167, #1562 ),
 ( #588, #730, #840 ),
 ( #1153, #1719, #1401 ),
 ( #1554, #561, #1702 ),
 ( #1002, #1407, #1266 ),
 ( #147, #1694, #129 ),
 ( #1824, #555, #139 ),
 ( #701, #285, #575 ),
 ( #1137, #295, #855 ),
 ( #1425, #749, #1732 ) ),
 .UNSPECIFIED., .F., .F., .T. ) 
 B_SPLINE_SURFACE_WITH_KNOTS ( ( 4, 2, 2, 2, 2, 2, 4 ),
 ( 3, 3 ),
 ( 0.000000000000000000, 0.0003218330252756480500, 0.0006436660505512960999, 0.0009654990758269442041, 0.001287332101102592200, 0.001930998151653888408, 0.002574664202205184400 ),
 ( 0.000000000000000000, 1.000000000000000000 ),
 .UNSPECIFIED. ) 
 GEOMETRIC_REPRESENTATION_ITEM ( )  RATIONAL_B_SPLINE_SURFACE ( (
 ( 1.000000000000000000, 0.7732729967801817983, 1.000000000000000000),
 ( 1.000000000000000000, 0.7732410363662189923, 1.000000000000000000),
 ( 1.000000000000000000, 0.7789467288632401232, 1.000000000000000000),
 ( 1.000000000000000000, 0.7987013580755637498, 1.000000000000000000),
 ( 1.000000000000000000, 0.8127786053161715207, 1.000000000000000000),
 ( 1.000000000000000000, 0.8432355413210720352, 1.000000000000000000),
 ( 1.000000000000000000, 0.8598960996726886519, 1.000000000000000000),
 ( 1.000000000000000000, 0.8916134207874820694, 1.000000000000000000),
 ( 1.000000000000000000, 0.9067141096427716596, 1.000000000000000000),
 ( 1.000000000000000000, 0.9477050751854696475, 1.000000000000000000),
 ( 1.000000000000000000, 0.9681880802216764614, 1.000000000000000000),
 ( 1.000000000000000000, 0.9943758006105634095, 1.000000000000000000),
 ( 1.000000000000000000, 0.9999528736625556968, 1.000000000000000000),
 ( 1.000000000000000000, 1.000000000000000000, 1.000000000000000000) ) ) 
 REPRESENTATION_ITEM ( '' )  SURFACE ( )  );
#550 = EDGE_LOOP ( 'NONE', ( #1302, #1209, #1619, #1812 ) ) ;
#551 = CARTESIAN_POINT ( 'NONE',  ( -2.598501874784521437, 29.90326814669353084, 33.02351286912072936 ) ) ;
#552 = CARTESIAN_POINT ( 'NONE',  ( 2.186144903613881585, 29.64706853122242691, -33.58384384452883609 ) ) ;
#553 = ORIENTED_EDGE ( 'NONE', *, *, #1342, .T. ) ;
#554 = PLANE ( 'NONE',  #1343 ) ;
#555 = CARTESIAN_POINT ( 'NONE',  ( 2.346447966914284589, 29.80090808438427530, 33.31952366025813461 ) ) ;
#556 = CARTESIAN_POINT ( 'NONE',  ( 27.74537261213689021, 29.49999999999998224, 11.41027162751544211 ) ) ;
#557 = CARTESIAN_POINT ( 'NONE',  ( 0.000000000000000000, 38.01937330616075883, 0.000000000000000000 ) ) ;
#558 = LINE ( 'NONE', #824, #1158 ) ;
#559 = DIRECTION ( 'NONE',  ( 0.8660254037844362651, 0.000000000000000000, -0.5000000000000039968 ) ) ;
#560 = CARTESIAN_POINT ( 'NONE',  ( -1.554897522104394358, 28.17007184161272804, 34.46538069679149885 ) ) ;
#561 = CARTESIAN_POINT ( 'NONE',  ( 1.968830249073422856, 29.36054974837685450, 33.91721313978271013 ) ) ;
#562 = EDGE_CURVE ( 'NONE', #198, #445, #1423, .T. ) ;
#563 = ORIENTED_EDGE ( 'NONE', *, *, #503, .F. ) ;
#564 = DIRECTION ( 'NONE',  ( -0.000000000000000000, -1.000000000000000000, -0.000000000000000000 ) ) ;
#565 = CARTESIAN_POINT ( 'NONE',  ( 2.785551700919125295, 30.00000000000000000, -32.38240692997353420 ) ) ;
#566 = CIRCLE ( 'NONE', #1308, 30.00000000000000711 ) ;
#567 = EDGE_CURVE ( 'NONE', #1681, #1315, #153, .T. ) ;
#568 = EDGE_LOOP ( 'NONE', ( #19, #1067, #1695, #523 ) ) ;
#569 = CARTESIAN_POINT ( 'NONE',  ( 1.451818925407959648, 30.00000000000000000, 34.06855685746891282 ) ) ;
#570 = AXIS2_PLACEMENT_3D ( 'NONE', #425, #1110, #142 ) ;
#571 = CARTESIAN_POINT ( 'NONE',  ( 2.505294799427279173, 29.51807594204297658, -33.71764991276896239 ) ) ;
#572 = CIRCLE ( 'NONE', #4, 30.00000000000000000 ) ;
#573 = CARTESIAN_POINT ( 'NONE',  ( -2.091328188531778487, 28.94746739705286132, 34.20076625134520043 ) ) ;
#574 = ADVANCED_BREP_SHAPE_REPRESENTATION ( 'Bodycraft SPT-MAG', ( #151, #173, #166, #195, #1377, #808, #778, #845 ), #535 ) ;
#575 = CARTESIAN_POINT ( 'NONE',  ( 2.536791829293847833, 29.95374417543772338, 32.83203762247534030 ) ) ;
#576 = ORIENTED_EDGE ( 'NONE', *, *, #1116, .F. ) ;
#577 = CARTESIAN_POINT ( 'NONE',  ( 27.59972931594743883, 29.33332049096777183, 11.32618443125479857 ) ) ;
#578 = FACE_OUTER_BOUND ( 'NONE', #1442, .T. ) ;
#579 = CARTESIAN_POINT ( 'NONE',  ( -23.75427139957772127, 38.01937330616075883, 18.32306170581772875 ) ) ;
#580 = DIRECTION ( 'NONE',  ( 0.000000000000000000, -1.000000000000000000, 0.000000000000000000 ) ) ;
#581 = CARTESIAN_POINT ( 'NONE',  ( -1.788376263272985822, 29.04274561519707021, 34.16857803069029842 ) ) ;
#582 = ORIENTED_EDGE ( 'NONE', *, *, #1084, .F. ) ;
#583 = CARTESIAN_POINT ( 'NONE',  ( -1.804635369301415437, 29.25378774484346778, 33.74340383227002604 ) ) ;
#584 = CARTESIAN_POINT ( 'NONE',  ( -1.354061739223342054, 28.13390047919572368, -33.85615338233034777 ) ) ;
#585 = ADVANCED_FACE ( 'NONE', ( #1568 ), #105, .T. ) ;
#586 = ORIENTED_EDGE ( 'NONE', *, *, #1008, .T. ) ;
#587 = DIRECTION ( 'NONE',  ( 0.000000000000000000, 0.000000000000000000, -1.000000000000000000 ) ) ;
#588 = CARTESIAN_POINT ( 'NONE',  ( 2.091328188531779819, 28.94746739705286132, 34.20076625134520754 ) ) ;
#589 = ORIENTED_EDGE ( 'NONE', *, *, #1669, .T. ) ;
#590 = DIRECTION ( 'NONE',  ( -0.000000000000000000, -1.000000000000000000, -0.000000000000000000 ) ) ;
#591 = CARTESIAN_POINT ( 'NONE',  ( -1.562117586003463732, 29.01943873970257215, -33.69230703868132792 ) ) ;
#592 = ORIENTED_EDGE ( 'NONE', *, *, #1116, .T. ) ;
#593 = VECTOR ( 'NONE', #876, 1000.000000000000000 ) ;
#594 = ORIENTED_EDGE ( 'NONE', *, *, #1206, .F. ) ;
#595 = VECTOR ( 'NONE', #1306, 1000.000000000000000 ) ;
#596 = CIRCLE ( 'NONE', #1341, 29.50000000000000355 ) ;
#597 = ADVANCED_FACE ( 'NONE', ( #305 ), #41, .F. ) ;
#598 = CIRCLE ( 'NONE', #36, 0.5000000000000004441 ) ;
#599 = CARTESIAN_POINT ( 'NONE',  ( 0.000000000000000000, 38.01937330616075883, 0.000000000000000000 ) ) ;
#600 = SURFACE_STYLE_FILL_AREA ( #1618 ) ;
#601 = EDGE_LOOP ( 'NONE', ( #1728, #1765, #594, #955 ) ) ;
#602 = DIRECTION ( 'NONE',  ( 0.5000000000000039968, 0.000000000000000000, 0.8660254037844363761 ) ) ;
#603 = CARTESIAN_POINT ( 'NONE',  ( 0.000000000000000000, 38.01937330616075883, 0.000000000000000000 ) ) ;
#604 = PRODUCT_DEFINITION_SHAPE ( 'NONE', 'NONE',  #780 ) ;
#605 = CARTESIAN_POINT ( 'NONE',  ( -23.75427139957798417, 38.01937330616075883, -18.32306170581737703 ) ) ;
#606 = VERTEX_POINT ( 'NONE', #1172 ) ;
#607 = ORIENTED_EDGE ( 'NONE', *, *, #306, .F. ) ;
#608 = CARTESIAN_POINT ( 'NONE',  ( -1.515954887045120048, 28.56376759045892300, 34.01497936465779048 ) ) ;
#609 = CARTESIAN_POINT ( 'NONE',  ( 2.324135821055055562, 30.00000000000000000, -34.42362760741976757 ) ) ;
#610 = ORIENTED_EDGE ( 'NONE', *, *, #411, .T. ) ;
#611 = DIRECTION ( 'NONE',  ( 5.329070518200751394E-15, 0.000000000000000000, 1.000000000000000000 ) ) ;
#612 = CARTESIAN_POINT ( 'NONE',  ( -27.30840965723076863, 38.01937330616075883, 11.15799094787523593 ) ) ;
#613 = LINE ( 'NONE', #605, #805 ) ;
#614 = ORIENTED_EDGE ( 'NONE', *, *, #1772, .F. ) ;
#615 = VERTEX_POINT ( 'NONE', #1152 ) ;
#616 = DIRECTION ( 'NONE',  ( 5.329070518200751394E-15, 0.000000000000000000, 1.000000000000000000 ) ) ;
#617 = VERTEX_POINT ( 'NONE', #1701 ) ;
#618 = ADVANCED_FACE ( 'NONE', ( #1591 ), #1561, .F. ) ;
#619 = CARTESIAN_POINT ( 'NONE',  ( 0.000000000000000000, 0.000000000000000000, 0.000000000000000000 ) ) ;
#620 = DIRECTION ( 'NONE',  ( 0.8660254037844432595, 0.000000000000000000, 0.4999999999999919509 ) ) ;
#621 = ADVANCED_FACE ( 'NONE', ( #323 ), #1164, .T. ) ;
#622 = ORIENTED_EDGE ( 'NONE', *, *, #1663, .F. ) ;
#623 = EDGE_LOOP ( 'NONE', ( #249, #909, #1371 ) ) ;
#624 = ADVANCED_FACE ( 'NONE', ( #1717 ), #497, .T. ) ;
#625 = DIRECTION ( 'NONE',  ( 0.000000000000000000, 1.000000000000000000, 0.000000000000000000 ) ) ;
#626 = AXIS2_PLACEMENT_3D ( 'NONE', #826, #1543, #389 ) ;
#627 = LINE ( 'NONE', #609, #593 ) ;
#628 = CONICAL_SURFACE ( 'NONE', #1633, 30.50000000000002132, 0.7853981633974533860 ) ;
#629 = ORIENTED_EDGE ( 'NONE', *, *, #916, .F. ) ;
#630 = FACE_OUTER_BOUND ( 'NONE', #64, .T. ) ;
#631 = DIRECTION ( 'NONE',  ( -0.000000000000000000, -1.000000000000000000, -0.000000000000000000 ) ) ;
#632 = PRESENTATION_LAYER_ASSIGNMENT (  '', '', ( #1520 ) ) ;
#633 = EDGE_CURVE ( 'NONE', #1821, #770, #859, .T. ) ;
#634 = VERTEX_POINT ( 'NONE', #516 ) ;
#635 = VERTEX_POINT ( 'NONE', #1515 ) ;
#636 = FACE_OUTER_BOUND ( 'NONE', #1485, .T. ) ;
#637 = B_SPLINE_CURVE_WITH_KNOTS ( 'NONE', 3,
 ( #1617, #224, #504, #645, #1324, #791, #1219, #1063, #66, #1784, #1624, #1475, #354, #511, #915, #1344 ),
 .UNSPECIFIED., .F., .F.,
 ( 4, 2, 2, 2, 2, 2, 2, 4 ),
 ( 0.000000000000000000, 0.0004092855485674039132, 0.0008185710971348078265, 0.001227856645702211794, 0.001637142194269615653, 0.002455713291404423154, 0.002864998839971828314, 0.003274284388539233474 ),
 .UNSPECIFIED. ) ;
#638 = CARTESIAN_POINT ( 'NONE',  ( -3.991101212558756384, 29.49999999999997868, 29.73333333333334494 ) ) ;
#639 = EDGE_LOOP ( 'NONE', ( #1296, #904, #873, #1762 ) ) ;
#640 = CARTESIAN_POINT ( 'NONE',  ( 0.000000000000000000, 28.99999999999998934, 0.000000000000000000 ) ) ;
#641 = CARTESIAN_POINT ( 'NONE',  ( -2.353851794141426534, 28.65729706718025938, -34.31489351183470404 ) ) ;
#642 = VERTEX_POINT ( 'NONE', #1228 ) ;
#643 = EDGE_CURVE ( 'NONE', #1729, #1418, #522, .T. ) ;
#644 = FACE_OUTER_BOUND ( 'NONE', #469, .T. ) ;
#645 = CARTESIAN_POINT ( 'NONE',  ( 1.510661008687592899, 28.54038013394585960, 34.01948181964684181 ) ) ;
#646 = DIRECTION ( 'NONE',  ( -0.000000000000000000, 1.000000000000000000, -0.000000000000000000 ) ) ;
#647 = DIRECTION ( 'NONE',  ( 0.000000000000000000, 1.000000000000000000, 0.000000000000000000 ) ) ;
#648 = CARTESIAN_POINT ( 'NONE',  ( -2.324135821055048456, 27.99999999999999645, -34.42362760741976757 ) ) ;
#649 = CARTESIAN_POINT ( 'NONE',  ( -2.324135821055048456, 0.000000000000000000, -34.42362760741976757 ) ) ;
#650 = EDGE_LOOP ( 'NONE', ( #1166, #378, #331 ) ) ;
#651 = ADVANCED_FACE ( 'NONE', ( #1076 ), #683, .F. ) ;
#652 = DIRECTION ( 'NONE',  ( 0.000000000000000000, 0.000000000000000000, 1.000000000000000000 ) ) ;
#653 = VECTOR ( 'NONE', #844, 1000.000000000000000 ) ;
#654 = LINE ( 'NONE', #505, #774 ) ;
#655 = CIRCLE ( 'NONE', #454, 29.50000000000000355 ) ;
#656 = AXIS2_PLACEMENT_3D ( 'NONE', #1457, #1594, #1470 ) ;
#657 = DIRECTION ( 'NONE',  ( 0.000000000000000000, 0.000000000000000000, -1.000000000000000000 ) ) ;
#658 = CARTESIAN_POINT ( 'NONE',  ( 4.336808689942017736E-16, 30.00000000000000000, -34.50153451497305923 ) ) ;
#659 = AXIS2_PLACEMENT_3D ( 'NONE', #1321, #1588, #1441 ) ;
#660 = CARTESIAN_POINT ( 'NONE',  ( -2.785551700919112861, 30.00000000000000000, -32.38240692997351999 ) ) ;
#661 = AXIS2_PLACEMENT_3D ( 'NONE', #1565, #1529, #1549 ) ;
#662 = ORIENTED_EDGE ( 'NONE', *, *, #18, .T. ) ;
#663 = PRESENTATION_STYLE_ASSIGNMENT (( #93 ) ) ;
#664 = CARTESIAN_POINT ( 'NONE',  ( 1.354061739223346494, 27.99999999999999645, -33.85615338233036198 ) ) ;
#665 = VERTEX_POINT ( 'NONE', #1249 ) ;
#666 = CARTESIAN_POINT ( 'NONE',  ( -1.354061739223345606, 27.99999999999999645, -33.85615338233036198 ) ) ;
#667 = CARTESIAN_POINT ( 'NONE',  ( -2.530037645655365708, 29.60066107058385398, -33.61295315759022628 ) ) ;
#668 = CARTESIAN_POINT ( 'NONE',  ( 23.60862810338865714, 29.33332049096776828, 18.23897450955657007 ) ) ;
#669 = PRESENTATION_STYLE_ASSIGNMENT (( #790 ) ) ;
#670 = CARTESIAN_POINT ( 'NONE',  ( 2.387469152922404803, 28.94165392810199933, -34.18847444959270376 ) ) ;
#671 = ORIENTED_EDGE ( 'NONE', *, *, #727, .T. ) ;
#672 = CARTESIAN_POINT ( 'NONE',  ( -1.935758567210611458, 27.99999999999999645, 33.94284916839650634 ) ) ;
#673 = DIRECTION ( 'NONE',  ( -0.8660254037844328234, 0.000000000000000000, 0.5000000000000101030 ) ) ;
#674 = CARTESIAN_POINT ( 'NONE',  ( -1.850891516931479464, 29.08777924442784624, -34.14906304799971082 ) ) ;
#675 = EDGE_CURVE ( 'NONE', #642, #1733, #268, .T. ) ;
#676 = CARTESIAN_POINT ( 'NONE',  ( 2.821938808049774483, 30.00000000000000000, 32.37525451824844680 ) ) ;
#677 = FILL_AREA_STYLE_COLOUR ( '', #1131 ) ;
#678 = CARTESIAN_POINT ( 'NONE',  ( 1.450144787393278456, 28.69222519642691793, -33.78234132329405526 ) ) ;
#679 = ADVANCED_FACE ( 'NONE', ( #227 ), #100, .F. ) ;
#680 = ORIENTED_EDGE ( 'NONE', *, *, #1251, .T. ) ;
#681 = VERTEX_POINT ( 'NONE', #1385 ) ;
#682 = B_SPLINE_CURVE_WITH_KNOTS ( 'NONE', 3,
 ( #1826, #1676, #279, #1268, #986, #161, #832, #583, #1815, #416, #1291, #711, #1279, #1127, #1556, #8 ),
 .UNSPECIFIED., .F., .F.,
 ( 4, 2, 2, 2, 2, 2, 2, 4 ),
 ( 0.000000000000000000, 0.0004092855485674061359, 0.0008185710971348122717, 0.001227856645702218299, 0.001637142194269624543, 0.002455713291404425323, 0.002864998839971831350, 0.003274284388539237377 ),
 .UNSPECIFIED. ) ;
#683 = PLANE ( 'NONE',  #395 ) ;
#684 = AXIS2_PLACEMENT_3D ( 'NONE', #599, #854, #738 ) ;
#685 = DIRECTION ( 'NONE',  ( 0.8660254037844397068, 0.000000000000000000, 0.4999999999999979461 ) ) ;
#686 = LINE ( 'NONE', #725, #1247 ) ;
#687 = CIRCLE ( 'NONE', #626, 23.00000000000000000 ) ;
#688 = VECTOR ( 'NONE', #1253, 1000.000000000000000 ) ;
#689 = DIRECTION ( 'NONE',  ( -0.000000000000000000, -1.000000000000000000, 0.000000000000000000 ) ) ;
#690 = CARTESIAN_POINT ( 'NONE',  ( -27.30840965723076863, 28.99999999999998934, 11.15799094787523593 ) ) ;
#691 = AXIS2_PLACEMENT_3D ( 'NONE', #619, #489, #59 ) ;
#692 = CARTESIAN_POINT ( 'NONE',  ( 2.689288898725784804, 29.95444946554290411, -32.88523512434391449 ) ) ;
#693 = ORIENTED_EDGE ( 'NONE', *, *, #130, .F. ) ;
#694 =( NAMED_UNIT ( * ) PLANE_ANGLE_UNIT ( ) SI_UNIT ( $, .RADIAN. ) );
#695 = DIRECTION ( 'NONE',  ( -0.4999999999999919509, 0.000000000000000000, 0.8660254037844432595 ) ) ;
#696 = DIRECTION ( 'NONE',  ( 0.000000000000000000, -1.000000000000000000, -0.000000000000000000 ) ) ;
#697 = CARTESIAN_POINT ( 'NONE',  ( -23.75427139957798417, 29.49999999999997868, -18.32306170581737703 ) ) ;
#698 = ORIENTED_EDGE ( 'NONE', *, *, #1772, .T. ) ;
#699 = DIRECTION ( 'NONE',  ( 0.000000000000000000, -1.000000000000000000, 0.000000000000000000 ) ) ;
#700 = DIRECTION ( 'NONE',  ( -0.000000000000000000, -1.000000000000000000, -0.000000000000000000 ) ) ;
#701 = CARTESIAN_POINT ( 'NONE',  ( 2.650178720615446792, 29.95374417565604475, 32.88679301573585434 ) ) ;
#702 = EDGE_LOOP ( 'NONE', ( #886, #1231, #1465, #1169 ) ) ;
#703 = DIRECTION ( 'NONE',  ( -0.000000000000000000, -1.000000000000000000, 0.000000000000000000 ) ) ;
#704 = DIRECTION ( 'NONE',  ( 0.000000000000000000, 1.000000000000000000, 0.000000000000000000 ) ) ;
#705 = LINE ( 'NONE', #281, #1492 ) ;
#706 = CARTESIAN_POINT ( 'NONE',  ( -2.779618393908827478, 30.00000000000001421, 32.50622559935784750 ) ) ;
#707 = CARTESIAN_POINT ( 'NONE',  ( -1.964225604963706795, 27.99999999999999645, 34.44203813838839068 ) ) ;
#708 = CARTESIAN_POINT ( 'NONE',  ( -1.354061736522047310, 28.14346556681116240, -33.85615337666281732 ) ) ;
#709 = FACE_OUTER_BOUND ( 'NONE', #1674, .T. ) ;
#710 = VERTEX_POINT ( 'NONE', #649 ) ;
#711 = CARTESIAN_POINT ( 'NONE',  ( -2.455074152022561407, 29.90460248784351549, 32.94580575658333288 ) ) ;
#712 = DIRECTION ( 'NONE',  ( -0.8660254037844432595, 0.000000000000000000, -0.4999999999999919509 ) ) ;
#713 = VECTOR ( 'NONE', #699, 1000.000000000000000 ) ;
#714 = CLOSED_SHELL ( 'NONE', ( #1636, #1439, #1413, #1580, #1774, #407, #621, #922, #929, #164, #1201, #108, #758, #17, #810, #412, #585, #133, #961, #624, #1286 ) ) ;
#715 = CARTESIAN_POINT ( 'NONE',  ( 1.964225604963704575, 27.99999999999999645, 34.44203813838840489 ) ) ;
#716 = VECTOR ( 'NONE', #1496, 1000.000000000000000 ) ;
#717 = CIRCLE ( 'NONE', #1431, 0.5000000000000004441 ) ;
#718 = DIRECTION ( 'NONE',  ( -0.000000000000000000, -1.000000000000000000, -0.000000000000000000 ) ) ;
#719 =( GEOMETRIC_REPRESENTATION_CONTEXT ( 3 ) GLOBAL_UNCERTAINTY_ASSIGNED_CONTEXT ( ( #541 ) ) GLOBAL_UNIT_ASSIGNED_CONTEXT ( ( #1635, #921, #1349 ) ) REPRESENTATION_CONTEXT ( 'NONE', 'WORKASPACE' ) );
#720 = CARTESIAN_POINT ( 'NONE',  ( -1.700254935844594861, 29.06501327738413565, 33.84767371260618773 ) ) ;
#721 = DIRECTION ( 'NONE',  ( -0.8660254037844432595, 0.000000000000000000, -0.4999999999999919509 ) ) ;
#722 = ORIENTED_EDGE ( 'NONE', *, *, #633, .T. ) ;
#723 = DIRECTION ( 'NONE',  ( 0.000000000000000000, 0.000000000000000000, -1.000000000000000000 ) ) ;
#724 = ADVANCED_FACE ( 'NONE', ( #1436 ), #1295, .F. ) ;
#725 = CARTESIAN_POINT ( 'NONE',  ( 27.30840965723068692, 38.01937330616075883, -11.15799094787542778 ) ) ;
#726 = CARTESIAN_POINT ( 'NONE',  ( 4.336808689942017736E-16, 27.99999999999999645, -34.50153451497305923 ) ) ;
#727 = EDGE_CURVE ( 'NONE', #732, #53, #985, .T. ) ;
#728 = CARTESIAN_POINT ( 'NONE',  ( -2.126961469740404898, 29.06501327633887755, 34.12981369731226522 ) ) ;
#729 = ADVANCED_FACE ( 'NONE', ( #830 ), #975, .F. ) ;
#730 = CARTESIAN_POINT ( 'NONE',  ( 1.788376263272986710, 29.04274561519724429, 34.16857803069030552 ) ) ;
#731 = B_SPLINE_CURVE_WITH_KNOTS ( 'NONE', 3,
 ( #733, #1612, #761, #189 ),
 .UNSPECIFIED., .F., .F.,
 ( 4, 4 ),
 ( 0.000000000000000000, 0.0007103394718584142564 ),
 .UNSPECIFIED. ) ;
#732 = VERTEX_POINT ( 'NONE', #847 ) ;
#733 = CARTESIAN_POINT ( 'NONE',  ( 3.991101212558756384, 29.49999999999997868, -29.73333333333334494 ) ) ;
#734 = CARTESIAN_POINT ( 'NONE',  ( -3.991101212558985534, 29.33332049096777183, -29.56515894081202944 ) ) ;
#735 = EDGE_CURVE ( 'NONE', #1736, #1329, #1426, .T. ) ;
#736 = PRESENTATION_STYLE_ASSIGNMENT (( #1596 ) ) ;
#737 = ORIENTED_EDGE ( 'NONE', *, *, #981, .F. ) ;
#738 = DIRECTION ( 'NONE',  ( 0.8660254037844327124, 0.000000000000000000, -0.5000000000000101030 ) ) ;
#739 = ORIENTED_EDGE ( 'NONE', *, *, #1663, .T. ) ;
#740 = DIRECTION ( 'NONE',  ( 0.8660254037844397068, 0.000000000000000000, 0.4999999999999979461 ) ) ;
#741 = CARTESIAN_POINT ( 'NONE',  ( -27.74537261213664863, 38.01937330616075883, 11.41027162751604251 ) ) ;
#742 = LINE ( 'NONE', #1623, #862 ) ;
#743 = ORIENTED_EDGE ( 'NONE', *, *, #735, .T. ) ;
#744 = AXIS2_PLACEMENT_3D ( 'NONE', #786, #1354, #77 ) ;
#745 = ORIENTED_EDGE ( 'NONE', *, *, #318, .F. ) ;
#746 = AXIS2_PLACEMENT_3D ( 'NONE', #1232, #83, #1352 ) ;
#747 = TOROIDAL_SURFACE ( 'NONE', #990, 3.499999999999907185, 2.000000000000000000 ) ;
#748 = CARTESIAN_POINT ( 'NONE',  ( -2.031506061324602097, 28.69839633913128552, 34.31701295856746725 ) ) ;
#749 = CARTESIAN_POINT ( 'NONE',  ( 2.821938808049773595, 30.00000000000000000, 32.37525451824844680 ) ) ;
#750 = EDGE_LOOP ( 'NONE', ( #332, #58, #592, #180 ) ) ;
#751 = CARTESIAN_POINT ( 'NONE',  ( 0.000000000000000000, 30.00000000000000000, 0.000000000000000000 ) ) ;
#752 = DIRECTION ( 'NONE',  ( 0.000000000000000000, -1.000000000000000000, 0.000000000000000000 ) ) ;
#753 = DIRECTION ( 'NONE',  ( 0.000000000000000000, 1.000000000000000000, -0.000000000000000000 ) ) ;
#754 = EDGE_LOOP ( 'NONE', ( #1117 ) ) ;
#755 = ORIENTED_EDGE ( 'NONE', *, *, #291, .F. ) ;
#756 = ADVANCED_FACE ( 'NONE', ( #709 ), #1259, .T. ) ;
#757 = CARTESIAN_POINT ( 'NONE',  ( 1.646347122882660496, 28.17669395708248103, -34.46939161018131870 ) ) ;
#758 = ADVANCED_FACE ( 'NONE', ( #1010 ), #549, .T. ) ;
#759 = PRESENTATION_STYLE_ASSIGNMENT (( #1468 ) ) ;
#760 = VERTEX_POINT ( 'NONE', #56 ) ;
#761 = CARTESIAN_POINT ( 'NONE',  ( 3.991101212558756384, 29.16665360364343940, -29.39697203773713952 ) ) ;
#762 = FACE_OUTER_BOUND ( 'NONE', #779, .T. ) ;
#763 = ORIENTED_EDGE ( 'NONE', *, *, #1225, .F. ) ;
#764 = ORIENTED_EDGE ( 'NONE', *, *, #114, .T. ) ;
#765 = DIRECTION ( 'NONE',  ( 0.000000000000000000, 0.000000000000000000, -1.000000000000000000 ) ) ;
#766 = VERTEX_POINT ( 'NONE', #1600 ) ;
#767 = DIRECTION ( 'NONE',  ( 0.000000000000000000, 1.000000000000000000, 0.000000000000000000 ) ) ;
#768 = CARTESIAN_POINT ( 'NONE',  ( 1.354061739223346494, 30.00000000000000000, -33.85615338233036198 ) ) ;
#769 = ORIENTED_EDGE ( 'NONE', *, *, #355, .F. ) ;
#770 = VERTEX_POINT ( 'NONE', #185 ) ;
#771 = DIRECTION ( 'NONE',  ( 0.000000000000000000, 1.000000000000000000, 0.000000000000000000 ) ) ;
#772 = VECTOR ( 'NONE', #721, 1000.000000000000000 ) ;
#773 = FILL_AREA_STYLE_COLOUR ( '', #1044 ) ;
#774 = VECTOR ( 'NONE', #74, 1000.000000000000000 ) ;
#775 = ORIENTED_EDGE ( 'NONE', *, *, #1084, .T. ) ;
#776 = DIRECTION ( 'NONE',  ( 0.000000000000000000, -1.000000000000000000, 0.000000000000000000 ) ) ;
#777 = DIRECTION ( 'NONE',  ( 0.000000000000000000, 1.000000000000000000, -0.000000000000000000 ) ) ;
#778 = MANIFOLD_SOLID_BREP ( 'CirPattern2[5]', #217 ) ;
#779 = EDGE_LOOP ( 'NONE', ( #1154 ) ) ;
#780 = PRODUCT_DEFINITION ( 'UNKNOWN', '', #911, #1047 ) ;
#781 = CARTESIAN_POINT ( 'NONE',  ( 0.000000000000000000, 30.00000000000000000, 0.000000000000000000 ) ) ;
#782 = LINE ( 'NONE', #1494, #1340 ) ;
#783 = EDGE_CURVE ( 'NONE', #1666, #1563, #1245, .T. ) ;
#784 = DIRECTION ( 'NONE',  ( -0.8660254037844432595, 0.000000000000000000, -0.4999999999999919509 ) ) ;
#785 = CARTESIAN_POINT ( 'NONE',  ( -3.991101212558756384, 0.000000000000000000, 0.000000000000000000 ) ) ;
#786 = CARTESIAN_POINT ( 'NONE',  ( 0.000000000000000000, 0.000000000000000000, 0.000000000000000000 ) ) ;
#787 = EDGE_CURVE ( 'NONE', #53, #433, #655, .T. ) ;
#788 = EDGE_CURVE ( 'NONE', #766, #615, #627, .T. ) ;
#789 = ORIENTED_EDGE ( 'NONE', *, *, #61, .F. ) ;
#790 = SURFACE_STYLE_USAGE ( .BOTH. , #101 ) ;
#791 = CARTESIAN_POINT ( 'NONE',  ( 1.633044505115495371, 28.91832344081265305, 33.91084811999257909 ) ) ;
#792 = DIRECTION ( 'NONE',  ( -0.000000000000000000, -1.000000000000000000, -0.000000000000000000 ) ) ;
#793 = DIRECTION ( 'NONE',  ( 0.000000000000000000, 1.000000000000000000, -0.000000000000000000 ) ) ;
#794 = CARTESIAN_POINT ( 'NONE',  ( 1.935758567210607239, 0.000000000000000000, 33.94284916839650634 ) ) ;
#795 = CARTESIAN_POINT ( 'NONE',  ( -2.738352559219399129, 29.99999999999999645, -32.63760461333474439 ) ) ;
#796 = ORIENTED_EDGE ( 'NONE', *, *, #1307, .F. ) ;
#797 = CARTESIAN_POINT ( 'NONE',  ( 2.821938808049774483, 30.00000000000000000, 32.37525451824844680 ) ) ;
#798 = CARTESIAN_POINT ( 'NONE',  ( 2.071401862603720279, 29.49651201399974809, -33.78420070000384356 ) ) ;
#799 = MECHANICAL_DESIGN_GEOMETRIC_PRESENTATION_REPRESENTATION (  '', ( #831 ), #1366 ) ;
#800 = CLOSED_SHELL ( 'NONE', ( #65, #947, #1626, #1743, #1140, #1607 ) ) ;
#801 = EDGE_LOOP ( 'NONE', ( #27 ) ) ;
#802 = CARTESIAN_POINT ( 'NONE',  ( 2.256769565372297226, 0.000000000000000000, -33.42589929390185688 ) ) ;
#803 = FACE_OUTER_BOUND ( 'NONE', #254, .T. ) ;
#804 = VECTOR ( 'NONE', #175, 1000.000000000000000 ) ;
#805 = VECTOR ( 'NONE', #1034, 1000.000000000000000 ) ;
#806 = CARTESIAN_POINT ( 'NONE',  ( -2.785551700919112417, 30.00000000000000000, -32.38240692997351999 ) ) ;
#807 = VECTOR ( 'NONE', #1648, 1000.000000000000000 ) ;
#808 = MANIFOLD_SOLID_BREP ( 'CirPattern2[4]', #1721 ) ;
#809 = CARTESIAN_POINT ( 'NONE',  ( 2.628066358524794754, 30.00000000000000000, -32.58868314506825925 ) ) ;
#810 = ADVANCED_FACE ( 'NONE', ( #325 ), #303, .T. ) ;
#811 = EDGE_CURVE ( 'NONE', #819, #1086, #1730, .T. ) ;
#812 = EDGE_LOOP ( 'NONE', ( #39, #856, #1745, #387 ) ) ;
#813 = DIRECTION ( 'NONE',  ( 0.000000000000000000, 0.000000000000000000, 1.000000000000000000 ) ) ;
#814 = SURFACE_STYLE_USAGE ( .BOTH. , #1386 ) ;
#815 = CARTESIAN_POINT ( 'NONE',  ( 3.991101212558756384, 38.01937330616075883, -29.73333333333334494 ) ) ;
#816 = EDGE_CURVE ( 'NONE', #88, #97, #1165, .T. ) ;
#817 =( LENGTH_UNIT ( ) NAMED_UNIT ( * ) SI_UNIT ( .MILLI., .METRE. ) );
#818 = CARTESIAN_POINT ( 'NONE',  ( -23.75427139957772127, 29.49999999999998224, 18.32306170581772875 ) ) ;
#819 = VERTEX_POINT ( 'NONE', #1455 ) ;
#820 = CARTESIAN_POINT ( 'NONE',  ( -1.995482422940075606, 29.62820563661528084, -33.29492809909440609 ) ) ;
#821 = EDGE_CURVE ( 'NONE', #421, #766, #1281, .T. ) ;
#822 = CARTESIAN_POINT ( 'NONE',  ( -1.935758567210607017, 0.000000000000000000, 33.94284916839650634 ) ) ;
#823 = CARTESIAN_POINT ( 'NONE',  ( 0.000000000000000000, 0.000000000000000000, 0.000000000000000000 ) ) ;
#824 = CARTESIAN_POINT ( 'NONE',  ( -1.995550606279484995, 0.000000000000000000, 3.456395039150963022 ) ) ;
#825 = CARTESIAN_POINT ( 'NONE',  ( -27.45407518530048918, 29.16665360364343940, 11.24209097971793803 ) ) ;
#826 = CARTESIAN_POINT ( 'NONE',  ( 0.000000000000000000, 1.000000000000000000, 0.000000000000000000 ) ) ;
#827 = APPLICATION_CONTEXT ( 'automotive_design' ) ;
#828 = VERTEX_POINT ( 'NONE', #519 ) ;
#829 = CYLINDRICAL_SURFACE ( 'NONE', #62, 0.5000000000000004441 ) ;
#830 = FACE_OUTER_BOUND ( 'NONE', #193, .T. ) ;
#831 = STYLED_ITEM ( 'NONE', ( #759 ), #808 ) ;
#832 = CARTESIAN_POINT ( 'NONE',  ( -1.686168909712944197, 29.03624820007301466, 33.86121287372603206 ) ) ;
#833 = CARTESIAN_POINT ( 'NONE',  ( 1.562117586003466396, 29.01943873970256860, -33.69230703868134214 ) ) ;
#834 = AXIS2_PLACEMENT_3D ( 'NONE', #365, #1072, #1639 ) ;
#835 = VECTOR ( 'NONE', #631, 1000.000000000000000 ) ;
#836 = DIRECTION ( 'NONE',  ( 0.8660254037844328234, 0.000000000000000000, -0.5000000000000101030 ) ) ;
#837 = DIRECTION ( 'NONE',  ( -0.000000000000000000, -1.000000000000000000, -0.000000000000000000 ) ) ;
#838 = CIRCLE ( 'NONE', #691, 29.99999999999999645 ) ;
#839 = CARTESIAN_POINT ( 'NONE',  ( 23.75427139957758982, 29.49999999999998224, -18.32306170581789218 ) ) ;
#840 = CARTESIAN_POINT ( 'NONE',  ( 1.645280465264478575, 28.94746739610494402, 33.89951223750318832 ) ) ;
#841 = DIRECTION ( 'NONE',  ( 0.000000000000000000, 1.000000000000000000, -0.000000000000000000 ) ) ;
#842 = FACE_OUTER_BOUND ( 'NONE', #1421, .T. ) ;
#843 = CARTESIAN_POINT ( 'NONE',  ( 2.458884511073428314, 29.76071862448088012, 33.39001301294420188 ) ) ;
#844 = DIRECTION ( 'NONE',  ( -0.000000000000000000, -1.000000000000000000, -0.000000000000000000 ) ) ;
#845 = AXIS2_PLACEMENT_3D ( 'NONE', #127, #1238, #973 ) ;
#846 = CARTESIAN_POINT ( 'NONE',  ( -2.256769565372296338, 30.00000000000000000, -33.42589929390185688 ) ) ;
#847 = CARTESIAN_POINT ( 'NONE',  ( 27.74537261213689021, 0.000000000000000000, 11.41027162751544211 ) ) ;
#848 = VERTEX_POINT ( 'NONE', #1785 ) ;
#849 = CARTESIAN_POINT ( 'NONE',  ( 1.451818925407959648, 0.000000000000000000, 34.06855685746891282 ) ) ;
#850 = CARTESIAN_POINT ( 'NONE',  ( 1.354061739223346494, 27.99999999999999645, -33.85615338233036198 ) ) ;
#851 = CARTESIAN_POINT ( 'NONE',  ( 2.084371465164055692, 28.92198050397065856, 34.21446384786440120 ) ) ;
#852 = CARTESIAN_POINT ( 'NONE',  ( -2.821938808049769598, 30.00000000000000000, 32.37525451824843969 ) ) ;
#853 = CARTESIAN_POINT ( 'NONE',  ( 2.436206665606010624, 29.24433081801167233, -34.00216719706916990 ) ) ;
#854 = DIRECTION ( 'NONE',  ( 0.000000000000000000, -1.000000000000000000, -0.000000000000000000 ) ) ;
#855 = CARTESIAN_POINT ( 'NONE',  ( 2.681371557804103745, 30.00000000000000000, 32.61035380058392263 ) ) ;
#856 = ORIENTED_EDGE ( 'NONE', *, *, #467, .T. ) ;
#857 = CARTESIAN_POINT ( 'NONE',  ( 3.991101212558985534, 29.49999999999998224, 29.73333333333331652 ) ) ;
#858 = LINE ( 'NONE', #406, #925 ) ;
#859 = CIRCLE ( 'NONE', #1630, 1.499999999999904077 ) ;
#860 = DIRECTION ( 'NONE',  ( -0.5000000000000039968, 0.000000000000000000, -0.8660254037844363761 ) ) ;
#861 = AXIS2_PLACEMENT_3D ( 'NONE', #1222, #1079, #1212 ) ;
#862 = VECTOR ( 'NONE', #388, 1000.000000000000000 ) ;
#863 = CARTESIAN_POINT ( 'NONE',  ( 2.327952288819375770, 28.26739689911572384, -34.40984607722983668 ) ) ;
#864 = CIRCLE ( 'NONE', #1073, 30.00000000000000000 ) ;
#865 = CARTESIAN_POINT ( 'NONE',  ( -2.218598927098605067, 29.68262362051112646, 33.53540257676957737 ) ) ;
#866 = EDGE_CURVE ( 'NONE', #1246, #1278, #782, .T. ) ;
#867 = CARTESIAN_POINT ( 'NONE',  ( 1.572932985855605592, 28.33307094042422491, 34.44362667338916850 ) ) ;
#868 = EDGE_CURVE ( 'NONE', #635, #26, #225, .T. ) ;
#869 = ORIENTED_EDGE ( 'NONE', *, *, #1151, .F. ) ;
#870 = DIRECTION ( 'NONE',  ( 0.000000000000000000, 0.000000000000000000, -1.000000000000000000 ) ) ;
#871 = CARTESIAN_POINT ( 'NONE',  ( -2.123940032683988122, 29.74270650129454907, -33.16338331729002675 ) ) ;
#872 = CARTESIAN_POINT ( 'NONE',  ( 0.000000000000000000, 30.00000000000000000, 0.000000000000000000 ) ) ;
#873 = ORIENTED_EDGE ( 'NONE', *, *, #95, .T. ) ;
#874 = EDGE_CURVE ( 'NONE', #1355, #615, #154, .T. ) ;
#875 = CARTESIAN_POINT ( 'NONE',  ( -1.553614949060269090, 28.69839634007919571, 33.98269307872458000 ) ) ;
#876 = DIRECTION ( 'NONE',  ( -0.000000000000000000, -1.000000000000000000, -0.000000000000000000 ) ) ;
#877 = ORIENTED_EDGE ( 'NONE', *, *, #906, .T. ) ;
#878 = CARTESIAN_POINT ( 'NONE',  ( 0.000000000000000000, 0.000000000000000000, 0.000000000000000000 ) ) ;
#879 = CARTESIAN_POINT ( 'NONE',  ( 0.000000000000000000, 38.01937330616075883, 0.000000000000000000 ) ) ;
#880 = LINE ( 'NONE', #473, #1519 ) ;
#881 = ORIENTED_EDGE ( 'NONE', *, *, #465, .F. ) ;
#882 = PRODUCT ( 'Bodycraft SPT-MAG', 'Bodycraft SPT-MAG', '', ( #1536 ) ) ;
#883 = ORIENTED_EDGE ( 'NONE', *, *, #1104, .T. ) ;
#884 = CARTESIAN_POINT ( 'NONE',  ( -1.572932985855675314, 28.33307094042478980, 34.44362667338916140 ) ) ;
#885 = CARTESIAN_POINT ( 'NONE',  ( -4.336808689942017736E-16, 27.99999999999999645, -0.002000791051989803115 ) ) ;
#886 = ORIENTED_EDGE ( 'NONE', *, *, #1584, .F. ) ;
#887 = DIRECTION ( 'NONE',  ( 0.000000000000000000, 0.000000000000000000, -1.000000000000000000 ) ) ;
#888 = DIRECTION ( 'NONE',  ( 0.000000000000000000, 0.000000000000000000, -1.000000000000000000 ) ) ;
#889 = DIRECTION ( 'NONE',  ( 0.000000000000000000, 1.000000000000000000, -0.000000000000000000 ) ) ;
#890 = ORIENTED_EDGE ( 'NONE', *, *, #1300, .T. ) ;
#891 = AXIS2_PLACEMENT_3D ( 'NONE', #210, #49, #616 ) ;
#892 = ADVANCED_FACE ( 'NONE', ( #1351 ), #628, .F. ) ;
#893 = ORIENTED_EDGE ( 'NONE', *, *, #1277, .T. ) ;
#894 = VECTOR ( 'NONE', #944, 1000.000000000000000 ) ;
#895 = MECHANICAL_DESIGN_GEOMETRIC_PRESENTATION_REPRESENTATION (  '', ( #1248 ), #1577 ) ;
#896 = AXIS2_PLACEMENT_3D ( 'NONE', #242, #1627, #657 ) ;
#897 = VECTOR ( 'NONE', #590, 1000.000000000000000 ) ;
#898 = FACE_OUTER_BOUND ( 'NONE', #449, .T. ) ;
#899 = SURFACE_STYLE_FILL_AREA ( #336 ) ;
#900 = ORIENTED_EDGE ( 'NONE', *, *, #1033, .F. ) ;
#901 = PLANE ( 'NONE',  #1134 ) ;
#902 = LINE ( 'NONE', #1328, #1545 ) ;
#903 = ORIENTED_EDGE ( 'NONE', *, *, #1830, .F. ) ;
#904 = ORIENTED_EDGE ( 'NONE', *, *, #455, .T. ) ;
#905 = ORIENTED_EDGE ( 'NONE', *, *, #1611, .T. ) ;
#906 = EDGE_CURVE ( 'NONE', #1017, #26, #654, .T. ) ;
#907 = DIRECTION ( 'NONE',  ( -0.8660254037844433705, 0.000000000000000000, -0.4999999999999919509 ) ) ;
#908 = PRESENTATION_STYLE_ASSIGNMENT (( #1484 ) ) ;
#909 = ORIENTED_EDGE ( 'NONE', *, *, #821, .F. ) ;
#910 = DIRECTION ( 'NONE',  ( 0.000000000000000000, 0.000000000000000000, -1.000000000000000000 ) ) ;
#911 = PRODUCT_DEFINITION_FORMATION_WITH_SPECIFIED_SOURCE ( 'ANY', '', #882, .NOT_KNOWN. ) ;
#912 = CARTESIAN_POINT ( 'NONE',  ( -1.967801550277615608, 29.60059492215833643, -33.32249626386221308 ) ) ;
#913 = ORIENTED_EDGE ( 'NONE', *, *, #223, .F. ) ;
#914 = ORIENTED_EDGE ( 'NONE', *, *, #1056, .T. ) ;
#915 = CARTESIAN_POINT ( 'NONE',  ( 2.751907401065670999, 30.00000000000000711, 32.49233746857414218 ) ) ;
#916 = EDGE_CURVE ( 'NONE', #1054, #1246, #928, .T. ) ;
#917 = ORIENTED_EDGE ( 'NONE', *, *, #272, .F. ) ;
#918 = VERTEX_POINT ( 'NONE', #98 ) ;
#919 = FACE_OUTER_BOUND ( 'NONE', #754, .T. ) ;
#920 = ORIENTED_EDGE ( 'NONE', *, *, #114, .F. ) ;
#921 =( NAMED_UNIT ( * ) PLANE_ANGLE_UNIT ( ) SI_UNIT ( $, .RADIAN. ) );
#922 = ADVANCED_FACE ( 'NONE', ( #927 ), #1645, .T. ) ;
#923 = AXIS2_PLACEMENT_3D ( 'NONE', #6, #1145, #423 ) ;
#924 = CARTESIAN_POINT ( 'NONE',  ( -27.59972931594736067, 29.33332049096777183, -11.32618443125499397 ) ) ;
#925 = VECTOR ( 'NONE', #1429, 1000.000000000000000 ) ;
#926 = TOROIDAL_SURFACE ( 'NONE', #119, 32.50000000000000711, 2.000000000000000000 ) ;
#927 = FACE_OUTER_BOUND ( 'NONE', #978, .T. ) ;
#928 = CIRCLE ( 'NONE', #861, 1.500000000000022204 ) ;
#929 = ADVANCED_FACE ( 'NONE', ( #1502, #381 ), #512, .T. ) ;
#930 = LINE ( 'NONE', #1059, #1605 ) ;
#931 = DIRECTION ( 'NONE',  ( -0.000000000000000000, -1.000000000000000000, -0.000000000000000000 ) ) ;
#932 = EDGE_CURVE ( 'NONE', #474, #819, #536, .T. ) ;
#933 = ORIENTED_EDGE ( 'NONE', *, *, #1300, .F. ) ;
#934 = PLANE ( 'NONE',  #87 ) ;
#935 = CARTESIAN_POINT ( 'NONE',  ( -4.336808689942017736E-16, 0.000000000000000000, -0.002000791051989803115 ) ) ;
#936 = CARTESIAN_POINT ( 'NONE',  ( -1.995550606279346217, 38.01937330616075883, 3.456395039150778281 ) ) ;
#937 = CARTESIAN_POINT ( 'NONE',  ( -2.324135821055052453, 28.13482811358763058, -34.42362760741977468 ) ) ;
#938 = CARTESIAN_POINT ( 'NONE',  ( -2.446081066885997135, 29.27586727985605108, -33.95995827035098813 ) ) ;
#939 = ORIENTED_EDGE ( 'NONE', *, *, #932, .T. ) ;
#940 = FACE_OUTER_BOUND ( 'NONE', #509, .T. ) ;
#941 = CARTESIAN_POINT ( 'NONE',  ( 0.000000000000000000, 30.00000000000000000, 0.000000000000000000 ) ) ;
#942 = EDGE_LOOP ( 'NONE', ( #869, #1322, #622, #745 ) ) ;
#943 = FACE_OUTER_BOUND ( 'NONE', #1482, .T. ) ;
#944 = DIRECTION ( 'NONE',  ( 0.000000000000000000, -1.000000000000000000, 0.000000000000000000 ) ) ;
#945 = CARTESIAN_POINT ( 'NONE',  ( -2.227224146114861192, 29.81781815310724681, -33.05304094217989075 ) ) ;
#946 = ORIENTED_EDGE ( 'NONE', *, *, #1503, .T. ) ;
#947 = ADVANCED_FACE ( 'NONE', ( #578 ), #997, .F. ) ;
#948 = DIRECTION ( 'NONE',  ( 0.000000000000000000, 1.000000000000000000, -0.000000000000000000 ) ) ;
#949 = EDGE_CURVE ( 'NONE', #1055, #421, #1025, .T. ) ;
#950 = UNCERTAINTY_MEASURE_WITH_UNIT (LENGTH_MEASURE( 1.000000000000000082E-05 ), #399, 'distance_accuracy_value', 'NONE');
#951 = CARTESIAN_POINT ( 'NONE',  ( 1.757769840215401391, 28.82231382761068872, -34.29694034442829320 ) ) ;
#952 = AXIS2_PLACEMENT_3D ( 'NONE', #419, #1533, #559 ) ;
#953 = AXIS2_PLACEMENT_3D ( 'NONE', #1376, #137, #1383 ) ;
#954 = CLOSED_SHELL ( 'NONE', ( #96, #1085, #353, #756, #729, #892 ) ) ;
#955 = ORIENTED_EDGE ( 'NONE', *, *, #787, .F. ) ;
#956 = CYLINDRICAL_SURFACE ( 'NONE', #187, 1.000000000000000888 ) ;
#957 = CARTESIAN_POINT ( 'NONE',  ( 1.964225604963704575, 0.000000000000000000, 34.44203813838840489 ) ) ;
#958 = CIRCLE ( 'NONE', #396, 29.50000000000001066 ) ;
#959 = CARTESIAN_POINT ( 'NONE',  ( -2.148602964379744407, 29.76173456995947575, -33.13734667332649764 ) ) ;
#960 = CIRCLE ( 'NONE', #1397, 3.500000000000016875 ) ;
#961 = ADVANCED_FACE ( 'NONE', ( #842 ), #2, .T. ) ;
#962 = CIRCLE ( 'NONE', #1048, 3.499999999999905853 ) ;
#963 = CARTESIAN_POINT ( 'NONE',  ( 2.683167626445212228, 29.99994900059146730, -32.61322202382775259 ) ) ;
#964 = EDGE_CURVE ( 'NONE', #617, #1315, #298, .T. ) ;
#965 = ORIENTED_EDGE ( 'NONE', *, *, #562, .F. ) ;
#966 = CARTESIAN_POINT ( 'NONE',  ( -1.538959463752783474, 28.94165392754909405, -33.71060467976034403 ) ) ;
#967 = CARTESIAN_POINT ( 'NONE',  ( -1.995550606279484995, 38.01937330616075883, 3.456395039150963022 ) ) ;
#968 = DIRECTION ( 'NONE',  ( -0.000000000000000000, -1.000000000000000000, -0.000000000000000000 ) ) ;
#969 = CARTESIAN_POINT ( 'NONE',  ( -3.991101212558985534, 38.01937330616075883, 0.000000000000000000 ) ) ;
#970 = CARTESIAN_POINT ( 'NONE',  ( -27.74537261213664863, 29.49999999999997868, 11.41027162751604251 ) ) ;
#971 = CARTESIAN_POINT ( 'NONE',  ( 1.779114868632140523, 29.37353292284302597, -33.50206804071681432 ) ) ;
#972 = VERTEX_POINT ( 'NONE', #697 ) ;
#973 = DIRECTION ( 'NONE',  ( 1.000000000000000000, 0.000000000000000000, 0.000000000000000000 ) ) ;
#974 =( NAMED_UNIT ( * ) SI_UNIT ( $, .STERADIAN. ) SOLID_ANGLE_UNIT ( ) );
#975 = PLANE ( 'NONE',  #426 ) ;
#976 = CARTESIAN_POINT ( 'NONE',  ( -2.256769565372296338, 0.000000000000000000, -33.42589929390185688 ) ) ;
#977 = CARTESIAN_POINT ( 'NONE',  ( 2.623913249570157813, 29.99999999999999645, -32.59400538334168118 ) ) ;
#978 = EDGE_LOOP ( 'NONE', ( #693, #201, #1229, #188 ) ) ;
#979 = CARTESIAN_POINT ( 'NONE',  ( -3.991101212558756384, 38.01937330616075883, 29.22877197405173533 ) ) ;
#980 = CARTESIAN_POINT ( 'NONE',  ( 2.577690993619458748, 29.96500715624226174, -32.83655370159713272 ) ) ;
#981 = EDGE_CURVE ( 'NONE', #972, #88, #1198, .T. ) ;
#982 = EDGE_CURVE ( 'NONE', #1750, #421, #1576, .T. ) ;
#983 = CIRCLE ( 'NONE', #1217, 29.99999999999999645 ) ;
#984 = ORIENTED_EDGE ( 'NONE', *, *, #675, .T. ) ;
#985 = LINE ( 'NONE', #432, #772 ) ;
#986 = CARTESIAN_POINT ( 'NONE',  ( -1.545676014022152822, 28.67167103032555886, 33.98960398403592365 ) ) ;
#987 = DIRECTION ( 'NONE',  ( 0.000000000000000000, -1.000000000000000000, -0.000000000000000000 ) ) ;
#988 = CLOSED_SHELL ( 'NONE', ( #1480, #1274, #1776, #326, #1715, #1631 ) ) ;
#989 = AXIS2_PLACEMENT_3D ( 'NONE', #328, #1196, #1297 ) ;
#990 = AXIS2_PLACEMENT_3D ( 'NONE', #726, #753, #46 ) ;
#991 = DIRECTION ( 'NONE',  ( -0.8660254037844300479, 0.000000000000000000, 0.5000000000000146549 ) ) ;
#992 = CARTESIAN_POINT ( 'NONE',  ( 23.75427139957758982, 38.01937330616075883, -18.32306170581789218 ) ) ;
#993 = DIRECTION ( 'NONE',  ( -0.000000000000000000, -1.000000000000000000, 0.000000000000000000 ) ) ;
#994 = CARTESIAN_POINT ( 'NONE',  ( 0.000000000000000000, 0.000000000000000000, 0.000000000000000000 ) ) ;
#995 = ORIENTED_EDGE ( 'NONE', *, *, #816, .T. ) ;
#996 = CARTESIAN_POINT ( 'NONE',  ( 23.75427139957758982, 29.49999999999998224, -18.32306170581789218 ) ) ;
#997 = CYLINDRICAL_SURFACE ( 'NONE', #118, 29.50000000000001066 ) ;
#998 = CARTESIAN_POINT ( 'NONE',  ( 2.235612380971780055, 29.35345600606179062, 33.90255308101912846 ) ) ;
#999 = CARTESIAN_POINT ( 'NONE',  ( -2.194549928147254914, 29.25504739638371632, 33.99001772690373002 ) ) ;
#1000 = DIRECTION ( 'NONE',  ( 0.8660254037844328234, 0.000000000000000000, -0.5000000000000101030 ) ) ;
#1001 = CARTESIAN_POINT ( 'NONE',  ( -2.204103308217822743, 29.27902302196434192, 33.96982416723805898 ) ) ;
#1002 = CARTESIAN_POINT ( 'NONE',  ( 2.245560368102132998, 29.37585395415693768, 33.88095424230039043 ) ) ;
#1003 = EDGE_LOOP ( 'NONE', ( #413, #739, #352, #316 ) ) ;
#1004 = CARTESIAN_POINT ( 'NONE',  ( 27.30840965723100311, 28.99999999999998934, 11.15799094787463908 ) ) ;
#1005 = CARTESIAN_POINT ( 'NONE',  ( -4.336808689942017736E-16, 0.000000000000000000, -0.002000791051989803115 ) ) ;
#1006 = EDGE_CURVE ( 'NONE', #54, #732, #1491, .T. ) ;
#1007 = CARTESIAN_POINT ( 'NONE',  ( -1.451818923624089264, 28.14545051592795843, 34.06855685060151018 ) ) ;
#1008 = EDGE_CURVE ( 'NONE', #1089, #1601, #1269, .T. ) ;
#1009 = CARTESIAN_POINT ( 'NONE',  ( -2.324135821055047568, 27.99999999999999645, -34.42362760741976047 ) ) ;
#1010 = FACE_OUTER_BOUND ( 'NONE', #650, .T. ) ;
#1011 = EDGE_LOOP ( 'NONE', ( #1304, #1456, #478, #483 ) ) ;
#1012 = DIRECTION ( 'NONE',  ( 0.8660254037844363761, 0.000000000000000000, -0.5000000000000039968 ) ) ;
#1013 = CARTESIAN_POINT ( 'NONE',  ( 0.000000000000000000, 0.000000000000000000, 0.000000000000000000 ) ) ;
#1014 = EDGE_CURVE ( 'NONE', #710, #634, #219, .T. ) ;
#1015 = DIRECTION ( 'NONE',  ( 0.000000000000000000, 0.000000000000000000, -1.000000000000000000 ) ) ;
#1016 = AXIS2_PLACEMENT_3D ( 'NONE', #417, #1530, #1697 ) ;
#1017 = VERTEX_POINT ( 'NONE', #1566 ) ;
#1018 = AXIS2_PLACEMENT_3D ( 'NONE', #872, #889, #1159 ) ;
#1019 = VECTOR ( 'NONE', #1487, 1000.000000000000000 ) ;
#1020 = DIRECTION ( 'NONE',  ( 0.000000000000000000, 1.000000000000000000, 0.000000000000000000 ) ) ;
#1021 = CARTESIAN_POINT ( 'NONE',  ( -3.991101212558756384, 29.33332049096776828, 29.56515894081205786 ) ) ;
#1022 = ORIENTED_EDGE ( 'NONE', *, *, #299, .T. ) ;
#1023 = CARTESIAN_POINT ( 'NONE',  ( 0.000000000000000000, 38.01937330616075883, 0.000000000000000000 ) ) ;
#1024 = FACE_OUTER_BOUND ( 'NONE', #172, .T. ) ;
#1025 = B_SPLINE_CURVE_WITH_KNOTS ( 'NONE', 3,
 ( #565, #977, #1816, #1121, #1557, #1261, #280, #271, #833, #1684, #1128, #9, #288, #850 ),
 .UNSPECIFIED., .F., .F.,
 ( 4, 2, 2, 2, 2, 2, 4 ),
 ( -9.420594441084571702E-06, 0.0007893941468728549269, 0.001188801517529827117, 0.001588208888186799523, 0.002387023629500761249, 0.002786431000157737776, 0.003185838370814713869 ),
 .UNSPECIFIED. ) ;
#1026 = FACE_OUTER_BOUND ( 'NONE', #568, .T. ) ;
#1027 = ORIENTED_EDGE ( 'NONE', *, *, #866, .T. ) ;
#1028 = ORIENTED_EDGE ( 'NONE', *, *, #21, .F. ) ;
#1029 = CARTESIAN_POINT ( 'NONE',  ( -2.709500333694332852, 29.99999999952664353, 32.62321669329088536 ) ) ;
#1030 = ORIENTED_EDGE ( 'NONE', *, *, #1531, .T. ) ;
#1031 = CARTESIAN_POINT ( 'NONE',  ( -1.995550606279394845, 38.01937330616075883, -3.456395039150751192 ) ) ;
#1032 = DIRECTION ( 'NONE',  ( 0.000000000000000000, 0.000000000000000000, 1.000000000000000000 ) ) ;
#1033 = EDGE_CURVE ( 'NONE', #1590, #1466, #858, .T. ) ;
#1034 = DIRECTION ( 'NONE',  ( -0.000000000000000000, -1.000000000000000000, 0.000000000000000000 ) ) ;
#1035 = EDGE_LOOP ( 'NONE', ( #789 ) ) ;
#1036 = ORIENTED_EDGE ( 'NONE', *, *, #1498, .F. ) ;
#1037 = CARTESIAN_POINT ( 'NONE',  ( -1.646347091772297988, 27.99999999999999289, -34.46939165783019376 ) ) ;
#1038 = DIRECTION ( 'NONE',  ( 0.000000000000000000, 0.000000000000000000, 1.000000000000000000 ) ) ;
#1039 = EDGE_LOOP ( 'NONE', ( #530, #1427, #737, #1337 ) ) ;
#1040 = FACE_OUTER_BOUND ( 'NONE', #1178, .T. ) ;
#1041 = DIRECTION ( 'NONE',  ( -0.000000000000000000, -1.000000000000000000, -0.000000000000000000 ) ) ;
#1042 = CARTESIAN_POINT ( 'NONE',  ( 0.000000000000000000, 1.000000000000000000, 0.000000000000000000 ) ) ;
#1043 = EDGE_LOOP ( 'NONE', ( #168, #1216, #1027, #1739 ) ) ;
#1044 = COLOUR_RGB ( '',0.7921568627450980005, 0.8196078431372548767, 0.9333333333333333481 ) ;
#1045 = ORIENTED_EDGE ( 'NONE', *, *, #1062, .F. ) ;
#1046 = CIRCLE ( 'NONE', #368, 0.5000000000000004441 ) ;
#1047 = PRODUCT_DEFINITION_CONTEXT ( 'detailed design', #546, 'design' ) ;
#1048 = AXIS2_PLACEMENT_3D ( 'NONE', #658, #99, #1060 ) ;
#1049 = CARTESIAN_POINT ( 'NONE',  ( 1.366531126208963887, 28.28364229070389868, -33.84683613581028538 ) ) ;
#1050 =( NAMED_UNIT ( * ) SI_UNIT ( $, .STERADIAN. ) SOLID_ANGLE_UNIT ( ) );
#1051 = ORIENTED_EDGE ( 'NONE', *, *, #981, .T. ) ;
#1052 = DIRECTION ( 'NONE',  ( 0.8660254037844328234, 0.000000000000000000, -0.5000000000000102141 ) ) ;
#1053 = LINE ( 'NONE', #350, #1692 ) ;
#1054 = VERTEX_POINT ( 'NONE', #162 ) ;
#1055 = VERTEX_POINT ( 'NONE', #1827 ) ;
#1056 = EDGE_CURVE ( 'NONE', #1589, #665, #686, .T. ) ;
#1057 = DIRECTION ( 'NONE',  ( -0.8660254037844327124, 0.000000000000000000, 0.5000000000000101030 ) ) ;
#1058 = ORIENTED_EDGE ( 'NONE', *, *, #1277, .F. ) ;
#1059 = CARTESIAN_POINT ( 'NONE',  ( 23.31730844467222852, 38.01937330616075883, 18.07078102617640880 ) ) ;
#1060 = DIRECTION ( 'NONE',  ( 0.000000000000000000, 0.000000000000000000, 1.000000000000000000 ) ) ;
#1061 = ORIENTED_EDGE ( 'NONE', *, *, #306, .T. ) ;
#1062 = EDGE_CURVE ( 'NONE', #1345, #1601, #1803, .T. ) ;
#1063 = CARTESIAN_POINT ( 'NONE',  ( 1.804635369301418990, 29.25378774484348554, 33.74340383227004025 ) ) ;
#1064 = DIRECTION ( 'NONE',  ( 0.000000000000000000, 1.000000000000000000, -0.000000000000000000 ) ) ;
#1065 = CARTESIAN_POINT ( 'NONE',  ( 1.084202172485504434E-16, 0.000000000000000000, 34.44567992468615358 ) ) ;
#1066 = DIRECTION ( 'NONE',  ( 0.000000000000000000, 0.000000000000000000, 1.000000000000000000 ) ) ;
#1067 = ORIENTED_EDGE ( 'NONE', *, *, #223, .T. ) ;
#1068 = LINE ( 'NONE', #144, #653 ) ;
#1069 = AXIS2_PLACEMENT_3D ( 'NONE', #301, #718, #1272 ) ;
#1070 = CYLINDRICAL_SURFACE ( 'NONE', #115, 29.50000000000000355 ) ;
#1071 = CIRCLE ( 'NONE', #515, 1.000000000000000888 ) ;
#1072 = DIRECTION ( 'NONE',  ( -0.000000000000000000, -1.000000000000000000, -0.000000000000000000 ) ) ;
#1073 = AXIS2_PLACEMENT_3D ( 'NONE', #414, #1537, #1097 ) ;
#1074 = CYLINDRICAL_SURFACE ( 'NONE', #1282, 30.00000000000000355 ) ;
#1075 = CARTESIAN_POINT ( 'NONE',  ( 0.000000000000000000, 0.000000000000000000, 0.000000000000000000 ) ) ;
#1076 = FACE_OUTER_BOUND ( 'NONE', #241, .T. ) ;
#1077 = EDGE_LOOP ( 'NONE', ( #345, #883, #1489, #286 ) ) ;
#1078 = CARTESIAN_POINT ( 'NONE',  ( 2.446081066885932298, 29.27586727985562476, -33.95995827035130787 ) ) ;
#1079 = DIRECTION ( 'NONE',  ( 0.000000000000000000, 1.000000000000000000, -0.000000000000000000 ) ) ;
#1080 = ORIENTED_EDGE ( 'NONE', *, *, #1660, .T. ) ;
#1081 = CARTESIAN_POINT ( 'NONE',  ( 3.991101212558756384, 0.000000000000000000, 0.000000000000000000 ) ) ;
#1082 = CYLINDRICAL_SURFACE ( 'NONE', #1189, 29.50000000000000355 ) ;
#1083 = CARTESIAN_POINT ( 'NONE',  ( -2.357210436248798668, 28.69222519587396292, -34.30245882861629525 ) ) ;
#1084 = EDGE_CURVE ( 'NONE', #1186, #1089, #1101, .T. ) ;
#1085 = ADVANCED_FACE ( 'NONE', ( #548 ), #1677, .F. ) ;
#1086 = VERTEX_POINT ( 'NONE', #340 ) ;
#1087 = DIRECTION ( 'NONE',  ( 0.000000000000000000, 0.000000000000000000, 1.000000000000000000 ) ) ;
#1088 = CARTESIAN_POINT ( 'NONE',  ( 2.227224146115136971, 29.81781815310738892, -33.05304094217967048 ) ) ;
#1089 = VERTEX_POINT ( 'NONE', #25 ) ;
#1090 = DIRECTION ( 'NONE',  ( -0.000000000000000000, -1.000000000000000000, -0.000000000000000000 ) ) ;
#1091 = DIRECTION ( 'NONE',  ( 0.8660254037844397068, 0.000000000000000000, 0.4999999999999979461 ) ) ;
#1092 = CARTESIAN_POINT ( 'NONE',  ( -1.592750149112857727, 29.05957380361956055, -33.66600164532027861 ) ) ;
#1093 = CARTESIAN_POINT ( 'NONE',  ( 2.356897017894384661, 29.81731833864527914, -33.27030077990832524 ) ) ;
#1094 = MECHANICAL_DESIGN_GEOMETRIC_PRESENTATION_REPRESENTATION (  '', ( #57 ), #719 ) ;
#1095 = VECTOR ( 'NONE', #1105, 1000.000000000000000 ) ;
#1096 = ORIENTED_EDGE ( 'NONE', *, *, #567, .T. ) ;
#1097 = DIRECTION ( 'NONE',  ( -0.8660254037844301589, 0.000000000000000000, 0.5000000000000147660 ) ) ;
#1098 = VECTOR ( 'NONE', #231, 1000.000000000000000 ) ;
#1099 = DIRECTION ( 'NONE',  ( 0.000000000000000000, 0.000000000000000000, 1.000000000000000000 ) ) ;
#1100 = CIRCLE ( 'NONE', #1223, 32.50000000000000711 ) ;
#1101 = LINE ( 'NONE', #1670, #688 ) ;
#1102 = PLANE ( 'NONE',  #487 ) ;
#1103 = FACE_OUTER_BOUND ( 'NONE', #482, .T. ) ;
#1104 = EDGE_CURVE ( 'NONE', #40, #1054, #1046, .T. ) ;
#1105 = DIRECTION ( 'NONE',  ( 0.000000000000000000, -1.000000000000000000, 0.000000000000000000 ) ) ;
#1106 = ORIENTED_EDGE ( 'NONE', *, *, #788, .T. ) ;
#1107 = PRESENTATION_STYLE_ASSIGNMENT (( #814 ) ) ;
#1108 = DIRECTION ( 'NONE',  ( 0.000000000000000000, 1.000000000000000000, -0.000000000000000000 ) ) ;
#1109 = CARTESIAN_POINT ( 'NONE',  ( 3.991101212558985534, 29.33332049096777183, 29.56515894081202944 ) ) ;
#1110 = DIRECTION ( 'NONE',  ( 0.000000000000000000, 1.000000000000000000, -0.000000000000000000 ) ) ;
#1111 = EDGE_CURVE ( 'NONE', #103, #1801, #35, .T. ) ;
#1112 = DIRECTION ( 'NONE',  ( 0.000000000000000000, 0.000000000000000000, 1.000000000000000000 ) ) ;
#1113 = CARTESIAN_POINT ( 'NONE',  ( -2.235627428632100511, 29.35349070982781683, 33.90252062368006136 ) ) ;
#1114 = EDGE_CURVE ( 'NONE', #760, #1589, #1792, .T. ) ;
#1115 = CARTESIAN_POINT ( 'NONE',  ( 1.538959463752856527, 28.94165392754904076, -33.71060467976053587 ) ) ;
#1116 = EDGE_CURVE ( 'NONE', #1654, #343, #1603, .T. ) ;
#1117 = ORIENTED_EDGE ( 'NONE', *, *, #436, .F. ) ;
#1118 = SHAPE_DEFINITION_REPRESENTATION ( #604, #574 ) ;
#1119 = CARTESIAN_POINT ( 'NONE',  ( 1.451818923624200508, 28.14545051592836700, 34.06855685060194361 ) ) ;
#1120 = LINE ( 'NONE', #1683, #1160 ) ;
#1121 = CARTESIAN_POINT ( 'NONE',  ( 2.204634533212532777, 29.80277472312198839, -33.07762722543124312 ) ) ;
#1122 = CARTESIAN_POINT ( 'NONE',  ( 23.31730844467170627, 0.000000000000000000, -18.07078102617708382 ) ) ;
#1123 = CARTESIAN_POINT ( 'NONE',  ( -2.003781847491599599, 28.54432422934017310, 34.36901212846658638 ) ) ;
#1124 = CARTESIAN_POINT ( 'NONE',  ( 2.353850548723271707, 28.65728354137440093, -34.31489811155626057 ) ) ;
#1125 = CARTESIAN_POINT ( 'NONE',  ( 2.031506061324603429, 28.69839633913128552, 34.31701295856747436 ) ) ;
#1126 = ORIENTED_EDGE ( 'NONE', *, *, #866, .F. ) ;
#1127 = CARTESIAN_POINT ( 'NONE',  ( -2.678104315894190623, 29.98782767902778090, 32.61072243016665340 ) ) ;
#1128 = CARTESIAN_POINT ( 'NONE',  ( 1.407410119921507219, 28.52540564866236039, -33.81548630487758800 ) ) ;
#1129 = PRESENTATION_LAYER_ASSIGNMENT (  '', '', ( #1162 ) ) ;
#1130 = B_SPLINE_CURVE_WITH_KNOTS ( 'NONE', 3,
 ( #1320, #1184, #1752, #1148, #871, #912, #1479, #1440, #591, #207, #170, #1292, #584, #1712 ),
 .UNSPECIFIED., .F., .F.,
 ( 4, 2, 2, 2, 2, 2, 4 ),
 ( -9.420594441084586949E-06, 0.0007893941468728601311, 0.001188801517529834055, 0.001588208888186808413, 0.002387023629500767321, 0.002786431000157742113, 0.003185838370814716471 ),
 .UNSPECIFIED. ) ;
#1131 = COLOUR_RGB ( '',0.7921568627450980005, 0.8196078431372548767, 0.9333333333333333481 ) ;
#1132 = VERTEX_POINT ( 'NONE', #1735 ) ;
#1133 = CARTESIAN_POINT ( 'NONE',  ( -1.964225604963708571, 27.99999999999999645, 34.44203813838840489 ) ) ;
#1134 = AXIS2_PLACEMENT_3D ( 'NONE', #1031, #602, #1012 ) ;
#1135 = CARTESIAN_POINT ( 'NONE',  ( 2.530030268063994114, 29.60063757901851034, -33.61298470425371931 ) ) ;
#1136 = CARTESIAN_POINT ( 'NONE',  ( -1.820410149047216652, 29.27902302091919395, 33.72711490004866164 ) ) ;
#1137 = CARTESIAN_POINT ( 'NONE',  ( 2.737708371174996991, 30.00000000000000000, 32.63592024326913332 ) ) ;
#1138 = VERTEX_POINT ( 'NONE', #451 ) ;
#1139 = DIRECTION ( 'NONE',  ( 0.4999999999999980016, 0.000000000000000000, -0.8660254037844398178 ) ) ;
#1140 = ADVANCED_FACE ( 'NONE', ( #462 ), #1176, .F. ) ;
#1141 = CARTESIAN_POINT ( 'NONE',  ( 23.75427139957811207, 0.000000000000000000, 18.32306170581721005 ) ) ;
#1142 = DIRECTION ( 'NONE',  ( 0.5000000000000101030, 0.000000000000000000, 0.8660254037844328234 ) ) ;
#1143 = CARTESIAN_POINT ( 'NONE',  ( -2.650178720615442796, 29.95374417565604475, 32.88679301573584723 ) ) ;
#1144 = EDGE_CURVE ( 'NONE', #1563, #1750, #1071, .T. ) ;
#1145 = DIRECTION ( 'NONE',  ( -0.000000000000000000, -1.000000000000000000, -0.000000000000000000 ) ) ;
#1146 = ORIENTED_EDGE ( 'NONE', *, *, #811, .T. ) ;
#1147 = CARTESIAN_POINT ( 'NONE',  ( 27.45407518530072721, 29.16665360364343940, 11.24209097971734117 ) ) ;
#1148 = CARTESIAN_POINT ( 'NONE',  ( -2.204634533212527892, 29.80277472312200260, -33.07762722543122891 ) ) ;
#1149 = FACE_OUTER_BOUND ( 'NONE', #601, .T. ) ;
#1150 = ORIENTED_EDGE ( 'NONE', *, *, #1798, .T. ) ;
#1151 = EDGE_CURVE ( 'NONE', #1345, #1186, #1262, .T. ) ;
#1152 = CARTESIAN_POINT ( 'NONE',  ( 2.324135821055055562, 0.000000000000000000, -34.42362760741976757 ) ) ;
#1153 = CARTESIAN_POINT ( 'NONE',  ( 2.126961469740296096, 29.06501327633875320, 34.12981369731237180 ) ) ;
#1154 = ORIENTED_EDGE ( 'NONE', *, *, #61, .T. ) ;
#1155 = DIRECTION ( 'NONE',  ( 0.000000000000000000, -1.000000000000000000, 0.000000000000000000 ) ) ;
#1156 = DIRECTION ( 'NONE',  ( 0.8660254037844363761, 0.000000000000000000, -0.5000000000000039968 ) ) ;
#1157 = VECTOR ( 'NONE', #1390, 1000.000000000000000 ) ;
#1158 = VECTOR ( 'NONE', #1541, 1000.000000000000114 ) ;
#1159 = DIRECTION ( 'NONE',  ( 0.000000000000000000, 0.000000000000000000, 1.000000000000000000 ) ) ;
#1160 = VECTOR ( 'NONE', #1704, 999.9999999999998863 ) ;
#1161 = ORIENTED_EDGE ( 'NONE', *, *, #236, .T. ) ;
#1162 = STYLED_ITEM ( 'NONE', ( #663 ), #166 ) ;
#1163 = ORIENTED_EDGE ( 'NONE', *, *, #1582, .T. ) ;
#1164 = CYLINDRICAL_SURFACE ( 'NONE', #1187, 1.000000000000000888 ) ;
#1165 = LINE ( 'NONE', #1583, #804 ) ;
#1166 = ORIENTED_EDGE ( 'NONE', *, *, #360, .F. ) ;
#1167 = FACE_OUTER_BOUND ( 'NONE', #1039, .T. ) ;
#1168 = CARTESIAN_POINT ( 'NONE',  ( 27.30840965723068692, 28.99999999999998934, -11.15799094787542778 ) ) ;
#1169 = ORIENTED_EDGE ( 'NONE', *, *, #1498, .T. ) ;
#1170 = EDGE_CURVE ( 'NONE', #97, #357, #902, .T. ) ;
#1171 = ORIENTED_EDGE ( 'NONE', *, *, #1685, .F. ) ;
#1172 = CARTESIAN_POINT ( 'NONE',  ( 27.30840965723100311, 28.99999999999998934, 11.15799094787463908 ) ) ;
#1173 = FILL_AREA_STYLE_COLOUR ( '', #1490 ) ;
#1174 = ORIENTED_EDGE ( 'NONE', *, *, #492, .F. ) ;
#1175 = CARTESIAN_POINT ( 'NONE',  ( 0.000000000000000000, 28.99999999999998934, 0.000000000000000000 ) ) ;
#1176 = PLANE ( 'NONE',  #186 ) ;
#1177 = PLANE ( 'NONE',  #1367 ) ;
#1178 = EDGE_LOOP ( 'NONE', ( #126, #296, #917, #1174 ) ) ;
#1179 = EDGE_LOOP ( 'NONE', ( #501, #194, #1703 ) ) ;
#1180 = DIRECTION ( 'NONE',  ( -0.8660254037844397068, 0.000000000000000000, -0.4999999999999979461 ) ) ;
#1181 = DIRECTION ( 'NONE',  ( -0.000000000000000000, -1.000000000000000000, -0.000000000000000000 ) ) ;
#1182 = EDGE_LOOP ( 'NONE', ( #920, #1051, #995, #382 ) ) ;
#1183 = CARTESIAN_POINT ( 'NONE',  ( -1.935758567210607017, 30.00000000000000000, 33.94284916839650634 ) ) ;
#1184 = CARTESIAN_POINT ( 'NONE',  ( -2.623913249569900685, 30.00000000000000355, -32.59400538334148933 ) ) ;
#1185 = CIRCLE ( 'NONE', #394, 29.50000000000000711 ) ;
#1186 = VERTEX_POINT ( 'NONE', #1471 ) ;
#1187 = AXIS2_PLACEMENT_3D ( 'NONE', #846, #1303, #476 ) ;
#1188 = ORIENTED_EDGE ( 'NONE', *, *, #1830, .T. ) ;
#1189 = AXIS2_PLACEMENT_3D ( 'NONE', #1353, #1360, #1208 ) ;
#1190 = PRESENTATION_LAYER_ASSIGNMENT (  '', '', ( #1248 ) ) ;
#1191 = CIRCLE ( 'NONE', #1665, 29.50000000000000355 ) ;
#1192 = AXIS2_PLACEMENT_3D ( 'NONE', #1197, #1779, #1091 ) ;
#1193 = CARTESIAN_POINT ( 'NONE',  ( 1.354061739223342498, 27.99999999999999645, -33.85615338233035487 ) ) ;
#1194 =( LENGTH_UNIT ( ) NAMED_UNIT ( * ) SI_UNIT ( .MILLI., .METRE. ) );
#1195 = ORIENTED_EDGE ( 'NONE', *, *, #1507, .T. ) ;
#1196 = DIRECTION ( 'NONE',  ( -0.000000000000000000, -1.000000000000000000, -0.000000000000000000 ) ) ;
#1197 = CARTESIAN_POINT ( 'NONE',  ( 0.000000000000000000, 28.99999999999998934, 0.000000000000000000 ) ) ;
#1198 = B_SPLINE_CURVE_WITH_KNOTS ( 'NONE', 3,
 ( #435, #444, #1420, #150 ),
 .UNSPECIFIED., .F., .F.,
 ( 4, 4 ),
 ( 0.000000000000000000, 0.0007103394718584168585 ),
 .UNSPECIFIED. ) ;
#1199 = ADVANCED_FACE ( 'NONE', ( #1024 ), #1595, .F. ) ;
#1200 = ORIENTED_EDGE ( 'NONE', *, *, #982, .T. ) ;
#1201 = ADVANCED_FACE ( 'NONE', ( #762, #52 ), #329, .F. ) ;
#1202 = ORIENTED_EDGE ( 'NONE', *, *, #868, .F. ) ;
#1203 = CYLINDRICAL_SURFACE ( 'NONE', #1544, 1.499999999999904077 ) ;
#1204 = DIRECTION ( 'NONE',  ( 0.000000000000000000, 1.000000000000000000, -0.000000000000000000 ) ) ;
#1205 = ORIENTED_EDGE ( 'NONE', *, *, #1474, .F. ) ;
#1206 = EDGE_CURVE ( 'NONE', #433, #54, #1053, .T. ) ;
#1207 = LINE ( 'NONE', #214, #1019 ) ;
#1208 = DIRECTION ( 'NONE',  ( -0.8660254037844397068, 0.000000000000000000, -0.4999999999999979461 ) ) ;
#1209 = ORIENTED_EDGE ( 'NONE', *, *, #1582, .F. ) ;
#1210 = FACE_OUTER_BOUND ( 'NONE', #1555, .T. ) ;
#1211 = B_SPLINE_CURVE_WITH_KNOTS ( 'NONE', 3,
 ( #1331, #55, #924, #1356 ),
 .UNSPECIFIED., .F., .F.,
 ( 4, 4 ),
 ( 0.000000000000000000, 0.0007103394718584192438 ),
 .UNSPECIFIED. ) ;
#1212 = DIRECTION ( 'NONE',  ( 0.000000000000000000, 0.000000000000000000, 1.000000000000000000 ) ) ;
#1213 = DIRECTION ( 'NONE',  ( 0.000000000000000000, 0.000000000000000000, -1.000000000000000000 ) ) ;
#1214 = CARTESIAN_POINT ( 'NONE',  ( -2.327952450871387580, 28.26740256202844037, -34.40984549447538399 ) ) ;
#1215 = CARTESIAN_POINT ( 'NONE',  ( -1.903945517112937358, 29.20537500578781120, -34.06355584537996606 ) ) ;
#1216 = ORIENTED_EDGE ( 'NONE', *, *, #916, .T. ) ;
#1217 = AXIS2_PLACEMENT_3D ( 'NONE', #1412, #1271, #1552 ) ;
#1218 = AXIS2_PLACEMENT_3D ( 'NONE', #1682, #695, #267 ) ;
#1219 = CARTESIAN_POINT ( 'NONE',  ( 1.686168909712947306, 29.03624820007302176, 33.86121287372603916 ) ) ;
#1220 = AXIS2_PLACEMENT_3D ( 'NONE', #319, #752, #1458 ) ;
#1221 = AXIS2_PLACEMENT_3D ( 'NONE', #802, #1346, #813 ) ;
#1222 = CARTESIAN_POINT ( 'NONE',  ( 1.084202172485504434E-16, 27.99999999999999645, 34.44567992468615358 ) ) ;
#1223 = AXIS2_PLACEMENT_3D ( 'NONE', #1488, #500, #60 ) ;
#1224 = CIRCLE ( 'NONE', #1018, 30.00000000000000000 ) ;
#1225 = EDGE_CURVE ( 'NONE', #1622, #1750, #1130, .T. ) ;
#1226 = FACE_OUTER_BOUND ( 'NONE', #1182, .T. ) ;
#1227 = DIRECTION ( 'NONE',  ( 0.000000000000000000, 0.000000000000000000, 1.000000000000000000 ) ) ;
#1228 = CARTESIAN_POINT ( 'NONE',  ( 23.75427139957811207, 29.49999999999997868, 18.32306170581721005 ) ) ;
#1229 = ORIENTED_EDGE ( 'NONE', *, *, #1584, .T. ) ;
#1230 = CARTESIAN_POINT ( 'NONE',  ( 1.713156983157095192, 29.27586727908396824, -33.56143798266160871 ) ) ;
#1231 = ORIENTED_EDGE ( 'NONE', *, *, #1144, .T. ) ;
#1232 = CARTESIAN_POINT ( 'NONE',  ( 1.995550606279370420, 38.01937330616075883, -3.456395039150764514 ) ) ;
#1233 = DIRECTION ( 'NONE',  ( -0.000000000000000000, -1.000000000000000000, 0.000000000000000000 ) ) ;
#1234 = CARTESIAN_POINT ( 'NONE',  ( -2.014520123551176045, 29.40960893317983249, -33.88052278257116257 ) ) ;
#1235 =( NAMED_UNIT ( * ) PLANE_ANGLE_UNIT ( ) SI_UNIT ( $, .RADIAN. ) );
#1236 = CARTESIAN_POINT ( 'NONE',  ( -23.46297397274156182, 29.16665360364343940, 18.15488105801962959 ) ) ;
#1237 = EDGE_LOOP ( 'NONE', ( #498, #181, #589, #1608 ) ) ;
#1238 = DIRECTION ( 'NONE',  ( 0.000000000000000000, 0.000000000000000000, 1.000000000000000000 ) ) ;
#1239 = CARTESIAN_POINT ( 'NONE',  ( 3.991101212558756384, 0.000000000000000000, -29.73333333333334494 ) ) ;
#1240 = CARTESIAN_POINT ( 'NONE',  ( -1.757769840215379409, 28.82231382761056793, -34.29694034442853479 ) ) ;
#1241 = EDGE_CURVE ( 'NONE', #1769, #1736, #1787, .T. ) ;
#1242 = DIRECTION ( 'NONE',  ( 0.000000000000000000, -1.000000000000000000, 0.000000000000000000 ) ) ;
#1243 = SURFACE_STYLE_USAGE ( .BOTH. , #1651 ) ;
#1244 = CARTESIAN_POINT ( 'NONE',  ( 1.920357275090713189, 29.54996551398227922, -33.36877115607973820 ) ) ;
#1245 = CIRCLE ( 'NONE', #1395, 34.50000000000000000 ) ;
#1246 = VERTEX_POINT ( 'NONE', #521 ) ;
#1247 = VECTOR ( 'NONE', #987, 1000.000000000000000 ) ;
#1248 = STYLED_ITEM ( 'NONE', ( #736 ), #151 ) ;
#1249 = CARTESIAN_POINT ( 'NONE',  ( 27.30840965723068692, 0.000000000000000000, -11.15799094787542778 ) ) ;
#1250 = VECTOR ( 'NONE', #1513, 1000.000000000000000 ) ;
#1251 = EDGE_CURVE ( 'NONE', #474, #1329, #1641, .T. ) ;
#1252 = DIRECTION ( 'NONE',  ( 0.000000000000000000, 0.000000000000000000, 1.000000000000000000 ) ) ;
#1253 = DIRECTION ( 'NONE',  ( -0.000000000000000000, -1.000000000000000000, -0.000000000000000000 ) ) ;
#1254 = CARTESIAN_POINT ( 'NONE',  ( -23.31730844467210417, 28.99999999999998934, -18.07078102617657223 ) ) ;
#1255 = LINE ( 'NONE', #1818, #1363 ) ;
#1256 = CARTESIAN_POINT ( 'NONE',  ( 2.738352559227544170, 30.00000000000000000, -32.63760461333524887 ) ) ;
#1257 = ORIENTED_EDGE ( 'NONE', *, *, #67, .T. ) ;
#1258 = FACE_OUTER_BOUND ( 'NONE', #1606, .T. ) ;
#1259 = CYLINDRICAL_SURFACE ( 'NONE', #923, 30.00000000000000000 ) ;
#1260 = CARTESIAN_POINT ( 'NONE',  ( 3.991101212558985534, 0.000000000000000000, 29.22877197405170335 ) ) ;
#1261 = CARTESIAN_POINT ( 'NONE',  ( 1.967801550277619826, 29.60059492215834709, -33.32249626386221308 ) ) ;
#1262 = B_SPLINE_CURVE_WITH_KNOTS ( 'NONE', 3,
 ( #1613, #1587, #734, #200 ),
 .UNSPECIFIED., .F., .F.,
 ( 4, 4 ),
 ( 0.000000000000000000, 0.0007103394718584192438 ),
 .UNSPECIFIED. ) ;
#1263 = FACE_OUTER_BOUND ( 'NONE', #1508, .T. ) ;
#1264 = DIRECTION ( 'NONE',  ( 0.000000000000000000, -1.000000000000000000, 0.000000000000000000 ) ) ;
#1265 = CARTESIAN_POINT ( 'NONE',  ( 2.014520123551082786, 29.40960893317949854, -33.88052278257115546 ) ) ;
#1266 = CARTESIAN_POINT ( 'NONE',  ( 1.885494894428415558, 29.37585395519619880, 33.65855610072885895 ) ) ;
#1267 = ORIENTED_EDGE ( 'NONE', *, *, #1241, .T. ) ;
#1268 = CARTESIAN_POINT ( 'NONE',  ( -1.510661008687591345, 28.54038013394584894, 34.01948181964683471 ) ) ;
#1269 = LINE ( 'NONE', #1280, #1157 ) ;
#1270 = CARTESIAN_POINT ( 'NONE',  ( 3.991101212558756384, 0.000000000000000000, -29.22877197405173533 ) ) ;
#1271 = DIRECTION ( 'NONE',  ( -0.000000000000000000, -1.000000000000000000, -0.000000000000000000 ) ) ;
#1272 = DIRECTION ( 'NONE',  ( -5.329070518200751394E-15, 0.000000000000000000, -1.000000000000000000 ) ) ;
#1273 = CARTESIAN_POINT ( 'NONE',  ( -2.328452100881860609, 28.28364229051806333, -34.40804676653507244 ) ) ;
#1274 = ADVANCED_FACE ( 'NONE', ( #803 ), #1082, .F. ) ;
#1275 = CARTESIAN_POINT ( 'NONE',  ( 1.554897522104609076, 28.17007184161315081, 34.46538069679189675 ) ) ;
#1276 =( GEOMETRIC_REPRESENTATION_CONTEXT ( 3 ) GLOBAL_UNCERTAINTY_ASSIGNED_CONTEXT ( ( #196 ) ) GLOBAL_UNIT_ASSIGNED_CONTEXT ( ( #1194, #1325, #468 ) ) REPRESENTATION_CONTEXT ( 'NONE', 'WORKASPACE' ) );
#1277 = EDGE_CURVE ( 'NONE', #1315, #343, #958, .T. ) ;
#1278 = VERTEX_POINT ( 'NONE', #84 ) ;
#1279 = CARTESIAN_POINT ( 'NONE',  ( -2.529994625372435024, 29.94002650692230461, 32.83684185523674870 ) ) ;
#1280 = CARTESIAN_POINT ( 'NONE',  ( -3.991101212558985534, 0.000000000000000000, 0.000000000000000000 ) ) ;
#1281 = CIRCLE ( 'NONE', #1753, 1.000000000000000888 ) ;
#1282 = AXIS2_PLACEMENT_3D ( 'NONE', #232, #1778, #391 ) ;
#1283 = AXIS2_PLACEMENT_3D ( 'NONE', #1764, #531, #256 ) ;
#1284 = PRESENTATION_LAYER_ASSIGNMENT (  '', '', ( #1370 ) ) ;
#1285 = CARTESIAN_POINT ( 'NONE',  ( 2.736320469478345174, 30.00000000000000000, 32.64022182996781396 ) ) ;
#1286 = ADVANCED_FACE ( 'NONE', ( #375, #919 ), #1430, .F. ) ;
#1287 = CARTESIAN_POINT ( 'NONE',  ( -23.31730844467183772, 38.01937330616075883, 18.07078102617692394 ) ) ;
#1288 = CARTESIAN_POINT ( 'NONE',  ( -1.366531126209085567, 28.28364229070389868, -33.84683613581053407 ) ) ;
#1289 = CARTESIAN_POINT ( 'NONE',  ( 1.451818925407960981, 27.99999999999999645, 34.06855685746891993 ) ) ;
#1290 = ORIENTED_EDGE ( 'NONE', *, *, #562, .T. ) ;
#1291 = CARTESIAN_POINT ( 'NONE',  ( -2.227621941714270193, 29.76274176144022476, 33.26003619909639042 ) ) ;
#1292 = CARTESIAN_POINT ( 'NONE',  ( -1.364940126980130009, 28.26573646418585994, -33.84801920709783474 ) ) ;
#1293 = EDGE_CURVE ( 'NONE', #766, #40, #246, .T. ) ;
#1294 = CARTESIAN_POINT ( 'NONE',  ( -1.885494894428113355, 29.37585395519592879, 33.65855610072889448 ) ) ;
#1295 = PLANE ( 'NONE',  #1218 ) ;
#1296 = ORIENTED_EDGE ( 'NONE', *, *, #567, .F. ) ;
#1297 = DIRECTION ( 'NONE',  ( 0.000000000000000000, 0.000000000000000000, -1.000000000000000000 ) ) ;
#1298 = CARTESIAN_POINT ( 'NONE',  ( 27.45407518530040392, 29.16665360364343940, -11.24209097971812987 ) ) ;
#1299 =( LENGTH_UNIT ( ) NAMED_UNIT ( * ) SI_UNIT ( .MILLI., .METRE. ) );
#1300 = EDGE_CURVE ( 'NONE', #1055, #1622, #962, .T. ) ;
#1301 = ORIENTED_EDGE ( 'NONE', *, *, #269, .T. ) ;
#1302 = ORIENTED_EDGE ( 'NONE', *, *, #1448, .F. ) ;
#1303 = DIRECTION ( 'NONE',  ( -0.000000000000000000, -1.000000000000000000, -0.000000000000000000 ) ) ;
#1304 = ORIENTED_EDGE ( 'NONE', *, *, #788, .F. ) ;
#1305 = DIRECTION ( 'NONE',  ( 0.000000000000000000, 1.000000000000000000, 0.000000000000000000 ) ) ;
#1306 = DIRECTION ( 'NONE',  ( 0.000000000000000000, -1.000000000000000000, 0.000000000000000000 ) ) ;
#1307 = EDGE_CURVE ( 'NONE', #1579, #1355, #430, .T. ) ;
#1308 = AXIS2_PLACEMENT_3D ( 'NONE', #410, #700, #1831 ) ;
#1309 = AXIS2_PLACEMENT_3D ( 'NONE', #1183, #339, #870 ) ;
#1310 = AXIS2_PLACEMENT_3D ( 'NONE', #935, #1777, #1768 ) ;
#1311 = EDGE_CURVE ( 'NONE', #208, #1055, #1100, .T. ) ;
#1312 = AXIS2_PLACEMENT_3D ( 'NONE', #1065, #793, #1372 ) ;
#1313 = FILL_AREA_STYLE_COLOUR ( '', #90 ) ;
#1314 = CIRCLE ( 'NONE', #661, 29.99999999999999645 ) ;
#1315 = VERTEX_POINT ( 'NONE', #76 ) ;
#1316 = VERTEX_POINT ( 'NONE', #508 ) ;
#1317 = CARTESIAN_POINT ( 'NONE',  ( -2.536791829293886469, 29.95374417543773760, 32.83203762247534030 ) ) ;
#1318 = ORIENTED_EDGE ( 'NONE', *, *, #906, .F. ) ;
#1319 = CARTESIAN_POINT ( 'NONE',  ( 27.30840965723100311, 38.01937330616075883, 11.15799094787463908 ) ) ;
#1320 = CARTESIAN_POINT ( 'NONE',  ( -2.785551700919118190, 30.00000000000000000, -32.38240692997351289 ) ) ;
#1321 = CARTESIAN_POINT ( 'NONE',  ( 0.000000000000000000, 38.01937330616075883, 0.000000000000000000 ) ) ;
#1322 = ORIENTED_EDGE ( 'NONE', *, *, #467, .F. ) ;
#1323 = ORIENTED_EDGE ( 'NONE', *, *, #492, .T. ) ;
#1324 = CARTESIAN_POINT ( 'NONE',  ( 1.545676014022154598, 28.67167103032556597, 33.98960398403595207 ) ) ;
#1325 =( NAMED_UNIT ( * ) PLANE_ANGLE_UNIT ( ) SI_UNIT ( $, .RADIAN. ) );
#1326 = ORIENTED_EDGE ( 'NONE', *, *, #293, .F. ) ;
#1327 = LINE ( 'NONE', #1319, #1691 ) ;
#1328 = CARTESIAN_POINT ( 'NONE',  ( 1.995550606279370420, 0.000000000000000000, -3.456395039150764514 ) ) ;
#1329 = VERTEX_POINT ( 'NONE', #70 ) ;
#1330 = ORIENTED_EDGE ( 'NONE', *, *, #1206, .T. ) ;
#1331 = CARTESIAN_POINT ( 'NONE',  ( -27.30840965723092850, 28.99999999999998934, -11.15799094787483092 ) ) ;
#1332 = ORIENTED_EDGE ( 'NONE', *, *, #868, .T. ) ;
#1333 = EDGE_CURVE ( 'NONE', #642, #54, #1795, .T. ) ;
#1334 = LINE ( 'NONE', #51, #897 ) ;
#1335 = DIRECTION ( 'NONE',  ( 0.000000000000000000, 0.000000000000000000, 1.000000000000000000 ) ) ;
#1336 = EDGE_CURVE ( 'NONE', #1563, #1622, #386, .T. ) ;
#1337 = ORIENTED_EDGE ( 'NONE', *, *, #1486, .F. ) ;
#1338 = CONICAL_SURFACE ( 'NONE', #335, 30.50000000000002132, 0.7853981633974533860 ) ;
#1339 = ORIENTED_EDGE ( 'NONE', *, *, #1056, .F. ) ;
#1340 = VECTOR ( 'NONE', #792, 1000.000000000000000 ) ;
#1341 = AXIS2_PLACEMENT_3D ( 'NONE', #300, #1411, #991 ) ;
#1342 = EDGE_CURVE ( 'NONE', #88, #828, #1432, .T. ) ;
#1343 = AXIS2_PLACEMENT_3D ( 'NONE', #251, #1380, #673 ) ;
#1344 = CARTESIAN_POINT ( 'NONE',  ( 2.821938808049774483, 30.00000000000000000, 32.37525451824844680 ) ) ;
#1345 = VERTEX_POINT ( 'NONE', #392 ) ;
#1346 = DIRECTION ( 'NONE',  ( -0.000000000000000000, -1.000000000000000000, 0.000000000000000000 ) ) ;
#1347 = DIRECTION ( 'NONE',  ( 0.000000000000000000, 1.000000000000000000, -0.000000000000000000 ) ) ;
#1348 = ORIENTED_EDGE ( 'NONE', *, *, #355, .T. ) ;
#1349 =( NAMED_UNIT ( * ) SI_UNIT ( $, .STERADIAN. ) SOLID_ANGLE_UNIT ( ) );
#1350 = CARTESIAN_POINT ( 'NONE',  ( -27.30840965723076863, 0.000000000000000000, 11.15799094787523593 ) ) ;
#1351 = FACE_OUTER_BOUND ( 'NONE', #942, .T. ) ;
#1352 = DIRECTION ( 'NONE',  ( 0.8660254037844397068, 0.000000000000000000, 0.4999999999999979461 ) ) ;
#1353 = CARTESIAN_POINT ( 'NONE',  ( 0.000000000000000000, 38.01937330616075883, 0.000000000000000000 ) ) ;
#1354 = DIRECTION ( 'NONE',  ( 0.000000000000000000, 1.000000000000000000, 0.000000000000000000 ) ) ;
#1355 = VERTEX_POINT ( 'NONE', #957 ) ;
#1356 = CARTESIAN_POINT ( 'NONE',  ( -27.74537261213681560, 29.49999999999998224, -11.41027162751563573 ) ) ;
#1357 = CARTESIAN_POINT ( 'NONE',  ( 0.000000000000000000, 30.00000000000000000, 0.000000000000000000 ) ) ;
#1358 = EDGE_CURVE ( 'NONE', #421, #770, #1523, .T. ) ;
#1359 = CARTESIAN_POINT ( 'NONE',  ( 3.991101212558756384, 29.49999999999997868, -29.73333333333334494 ) ) ;
#1360 = DIRECTION ( 'NONE',  ( -0.000000000000000000, -1.000000000000000000, 0.000000000000000000 ) ) ;
#1361 = CARTESIAN_POINT ( 'NONE',  ( -2.071401862603806432, 29.49651201399987599, -33.78420070000408515 ) ) ;
#1362 = EDGE_LOOP ( 'NONE', ( #1737, #984, #338, #1330 ) ) ;
#1363 = VECTOR ( 'NONE', #837, 1000.000000000000000 ) ;
#1364 = PLANE ( 'NONE',  #457 ) ;
#1365 = CARTESIAN_POINT ( 'NONE',  ( 2.468294645040083779, 29.95444946458859903, -32.78293949024261167 ) ) ;
#1366 =( GEOMETRIC_REPRESENTATION_CONTEXT ( 3 ) GLOBAL_UNCERTAINTY_ASSIGNED_CONTEXT ( ( #1453 ) ) GLOBAL_UNIT_ASSIGNED_CONTEXT ( ( #356, #211, #1050 ) ) REPRESENTATION_CONTEXT ( 'NONE', 'WORKASPACE' ) );
#1367 = AXIS2_PLACEMENT_3D ( 'NONE', #1450, #179, #452 ) ;
#1368 = CIRCLE ( 'NONE', #1811, 30.00000000000000355 ) ;
#1369 = AXIS2_PLACEMENT_3D ( 'NONE', #1373, #1233, #1335 ) ;
#1370 = STYLED_ITEM ( 'NONE', ( #1500 ), #173 ) ;
#1371 = ORIENTED_EDGE ( 'NONE', *, *, #949, .F. ) ;
#1372 = DIRECTION ( 'NONE',  ( 0.000000000000000000, 0.000000000000000000, 1.000000000000000000 ) ) ;
#1373 = CARTESIAN_POINT ( 'NONE',  ( -4.336808689942017736E-16, 27.99999999999999645, -0.002000791051989803115 ) ) ;
#1374 = DIRECTION ( 'NONE',  ( -0.000000000000000000, -1.000000000000000000, -0.000000000000000000 ) ) ;
#1375 = SURFACE_STYLE_FILL_AREA ( #502 ) ;
#1376 = CARTESIAN_POINT ( 'NONE',  ( 0.000000000000000000, 28.99999999999998934, 0.000000000000000000 ) ) ;
#1377 = MANIFOLD_SOLID_BREP ( 'CirPattern2[3]', #1808 ) ;
#1378 = ORIENTED_EDGE ( 'NONE', *, *, #1486, .T. ) ;
#1379 = PLANE ( 'NONE',  #896 ) ;
#1380 = DIRECTION ( 'NONE',  ( -0.5000000000000101030, 0.000000000000000000, -0.8660254037844328234 ) ) ;
#1381 = CARTESIAN_POINT ( 'NONE',  ( -2.613386657640643040, 29.81781815262998236, -33.24280416982514197 ) ) ;
#1382 =( NAMED_UNIT ( * ) SI_UNIT ( $, .STERADIAN. ) SOLID_ANGLE_UNIT ( ) );
#1383 = DIRECTION ( 'NONE',  ( 0.000000000000000000, 0.000000000000000000, 1.000000000000000000 ) ) ;
#1384 = ORIENTED_EDGE ( 'NONE', *, *, #1391, .F. ) ;
#1385 = CARTESIAN_POINT ( 'NONE',  ( 0.000000000000000000, 1.000000000000000000, 23.00000000000000000 ) ) ;
#1386 = SURFACE_SIDE_STYLE ('',( #106 ) ) ;
#1387 = CARTESIAN_POINT ( 'NONE',  ( -2.577690993619357052, 29.96500715624225819, -32.83655370159618059 ) ) ;
#1388 = ADVANCED_FACE ( 'NONE', ( #544 ), #1464, .F. ) ;
#1389 = CARTESIAN_POINT ( 'NONE',  ( 23.46297397274143037, 29.16665360364343940, -18.15488105801978946 ) ) ;
#1390 = DIRECTION ( 'NONE',  ( 0.000000000000000000, 0.000000000000000000, 1.000000000000000000 ) ) ;
#1391 = EDGE_CURVE ( 'NONE', #464, #760, #864, .T. ) ;
#1392 = CARTESIAN_POINT ( 'NONE',  ( 2.194536854201031506, 29.25501385828827239, 33.99004523589362492 ) ) ;
#1393 = CARTESIAN_POINT ( 'NONE',  ( -2.365837147862662526, 29.62233692614043434, 33.61292482225331213 ) ) ;
#1394 = CARTESIAN_POINT ( 'NONE',  ( 2.244046117372351379, 29.71104324353148840, -33.47981643190519208 ) ) ;
#1395 = AXIS2_PLACEMENT_3D ( 'NONE', #885, #1592, #1038 ) ;
#1396 = CONICAL_SURFACE ( 'NONE', #30, 30.50000000000002132, 0.7853981633974533860 ) ;
#1397 = AXIS2_PLACEMENT_3D ( 'NONE', #1495, #1647, #358 ) ;
#1398 = ORIENTED_EDGE ( 'NONE', *, *, #71, .T. ) ;
#1399 = CARTESIAN_POINT ( 'NONE',  ( 1.935758567210607239, 30.00000000000000000, 33.94284916839650634 ) ) ;
#1400 = AXIS2_PLACEMENT_3D ( 'NONE', #967, #1139, #443 ) ;
#1401 = CARTESIAN_POINT ( 'NONE',  ( 1.700254935844534687, 29.06501327738388696, 33.84767371260653590 ) ) ;
#1402 = CARTESIAN_POINT ( 'NONE',  ( -2.324135821055048456, 27.99999999999999645, -34.42362760741976757 ) ) ;
#1403 = CARTESIAN_POINT ( 'NONE',  ( -4.336808689942017736E-16, 27.99999999999999645, -0.002000791051989803115 ) ) ;
#1404 = CARTESIAN_POINT ( 'NONE',  ( 1.972462559639093227, 28.27628480348665718, 34.42709957262260190 ) ) ;
#1405 = CYLINDRICAL_SURFACE ( 'NONE', #1688, 30.00000000000000000 ) ;
#1406 = CARTESIAN_POINT ( 'NONE',  ( 1.850891516931457037, 29.08777924442772900, -34.14906304799995951 ) ) ;
#1407 = CARTESIAN_POINT ( 'NONE',  ( 2.031373061911596611, 29.44957796464887423, 33.82514938487846479 ) ) ;
#1408 = ORIENTED_EDGE ( 'NONE', *, *, #1611, .F. ) ;
#1409 = CARTESIAN_POINT ( 'NONE',  ( 0.000000000000000000, 0.000000000000000000, 0.000000000000000000 ) ) ;
#1410 = DIRECTION ( 'NONE',  ( 0.8660254037844363761, 0.000000000000000000, -0.5000000000000039968 ) ) ;
#1411 = DIRECTION ( 'NONE',  ( -0.000000000000000000, -1.000000000000000000, -0.000000000000000000 ) ) ;
#1412 = CARTESIAN_POINT ( 'NONE',  ( 0.000000000000000000, 29.49999999999998579, 0.000000000000000000 ) ) ;
#1413 = ADVANCED_FACE ( 'NONE', ( #266 ), #829, .T. ) ;
#1414 = CARTESIAN_POINT ( 'NONE',  ( -27.74537261213681560, 38.01937330616075883, -11.41027162751563573 ) ) ;
#1415 = ADVANCED_FACE ( 'NONE', ( #1258 ), #554, .F. ) ;
#1416 = CARTESIAN_POINT ( 'NONE',  ( -2.821938808049768710, 30.00000000000000000, 32.37525451824843969 ) ) ;
#1417 = DIRECTION ( 'NONE',  ( 0.000000000000000000, 0.000000000000000000, 1.000000000000000000 ) ) ;
#1418 = VERTEX_POINT ( 'NONE', #1239 ) ;
#1419 = FACE_OUTER_BOUND ( 'NONE', #1011, .T. ) ;
#1420 = CARTESIAN_POINT ( 'NONE',  ( -23.46297397274182117, 29.16665360364343940, -18.15488105801927432 ) ) ;
#1421 = EDGE_LOOP ( 'NONE', ( #1161, #769, #1746, #518 ) ) ;
#1422 = CARTESIAN_POINT ( 'NONE',  ( -1.964225604963704130, 28.13958732068118707, 34.44203813838840489 ) ) ;
#1423 = LINE ( 'NONE', #1414, #245 ) ;
#1424 =( BOUNDED_SURFACE ( )  B_SPLINE_SURFACE ( 3, 2, ( 
 ( #1193, #1599, #1467 ),
 ( #197, #757, #485 ),
 ( #1049, #496, #109 ),
 ( #1820, #262, #1644 ),
 ( #678, #951, #1680 ),
 ( #1115, #1406, #670 ),
 ( #1653, #1673, #420 ),
 ( #1230, #1265, #1078 ),
 ( #971, #798, #529 ),
 ( #1244, #552, #1534 ),
 ( #524, #1394, #1664 ),
 ( #94, #1093, #121 ),
 ( #1088, #402, #542 ),
 ( #1365, #980, #692 ),
 ( #809, #963, #1256 ),
 ( #253, #380, #1525 ) ),
 .UNSPECIFIED., .F., .F., .F. ) 
 B_SPLINE_SURFACE_WITH_KNOTS ( ( 4, 2, 2, 2, 2, 2, 2, 4 ),
 ( 3, 3 ),
 ( 0.000000000000000000, 0.0002118282437658222032, 0.0004236564875316444065, 0.0006354847312974665555, 0.0008473129750632888129, 0.001059141218829111070, 0.001270969462594933111, 0.001694625950126577626 ),
 ( 0.000000000000000000, 1.000000000000000000 ),
 .UNSPECIFIED. ) 
 GEOMETRIC_REPRESENTATION_ITEM ( )  RATIONAL_B_SPLINE_SURFACE ( (
 ( 1.000000000000000000, 0.8271833653455484825, 1.000000000000000000),
 ( 1.000000000000000000, 0.8271721014549110462, 1.000000000000000000),
 ( 1.000000000000000000, 0.8307070588283118617, 1.000000000000000000),
 ( 1.000000000000000000, 0.8434295652674026478, 1.000000000000000000),
 ( 1.000000000000000000, 0.8527094797262060322, 1.000000000000000000),
 ( 1.000000000000000000, 0.8737012934639427630, 1.000000000000000000),
 ( 1.000000000000000000, 0.8855803760316982576, 1.000000000000000000),
 ( 1.000000000000000000, 0.9092442737478536596, 1.000000000000000000),
 ( 1.000000000000000000, 0.9209199493170387996, 1.000000000000000000),
 ( 1.000000000000000000, 0.9426621863941595514, 1.000000000000000000),
 ( 1.000000000000000000, 0.9526788086332922401, 1.000000000000000000),
 ( 1.000000000000000000, 0.9698420886895093851, 1.000000000000000000),
 ( 1.000000000000000000, 0.9770984485427948174, 1.000000000000000000),
 ( 1.000000000000000000, 0.9945809975954336135, 1.000000000000000000),
 ( 1.000000000000000000, 0.9999850309735074383, 1.000000000000000000),
 ( 1.000000000000000000, 1.000000000000000000, 1.000000000000000000) ) ) 
 REPRESENTATION_ITEM ( '' )  SURFACE ( )  );
#1425 = CARTESIAN_POINT ( 'NONE',  ( 2.821938808049773595, 30.00000000000000000, 32.37525451824844680 ) ) ;
#1426 = CIRCLE ( 'NONE', #1807, 30.00000000000000000 ) ;
#1427 = ORIENTED_EDGE ( 'NONE', *, *, #1342, .F. ) ;
#1428 = CYLINDRICAL_SURFACE ( 'NONE', #369, 1.500000000000022204 ) ;
#1429 = DIRECTION ( 'NONE',  ( 0.000000000000000000, -1.000000000000000000, 0.000000000000000000 ) ) ;
#1430 = TOROIDAL_SURFACE ( 'NONE', #277, 23.00000000000000000, 7.000000000000000000 ) ;
#1431 = AXIS2_PLACEMENT_3D ( 'NONE', #672, #776, #1213 ) ;
#1432 = CIRCLE ( 'NONE', #1192, 29.50000000000000355 ) ;
#1433 = CARTESIAN_POINT ( 'NONE',  ( -23.31730844467210417, 0.000000000000000000, -18.07078102617657223 ) ) ;
#1434 = CONICAL_SURFACE ( 'NONE', #311, 30.50000000000002132, 0.7853981633974533860 ) ;
#1435 = CARTESIAN_POINT ( 'NONE',  ( -2.681371557800801941, 30.00000000000000000, 32.61035380058194022 ) ) ;
#1436 = FACE_OUTER_BOUND ( 'NONE', #308, .T. ) ;
#1437 = ORIENTED_EDGE ( 'NONE', *, *, #21, .T. ) ;
#1438 = CARTESIAN_POINT ( 'NONE',  ( 0.000000000000000000, 30.00000000000000000, 0.000000000000000000 ) ) ;
#1439 = ADVANCED_FACE ( 'NONE', ( #270 ), #1428, .F. ) ;
#1440 = CARTESIAN_POINT ( 'NONE',  ( -1.681397792150364889, 29.24219006696225520, -33.59262425976431388 ) ) ;
#1441 = DIRECTION ( 'NONE',  ( 0.8660254037844432595, 0.000000000000000000, 0.4999999999999919509 ) ) ;
#1442 = EDGE_LOOP ( 'NONE', ( #576, #1833, #1096, #893 ) ) ;
#1443 = CARTESIAN_POINT ( 'NONE',  ( -1.973161831127190791, 28.28717102073199285, 34.42583673153075097 ) ) ;
#1444 = CARTESIAN_POINT ( 'NONE',  ( -3.991101212558756384, 28.99999999999998934, 29.22877197405173533 ) ) ;
#1445 = ORIENTED_EDGE ( 'NONE', *, *, #1170, .F. ) ;
#1446 = CARTESIAN_POINT ( 'NONE',  ( -3.991101212558985534, 0.000000000000000000, -29.22877197405170335 ) ) ;
#1447 = CARTESIAN_POINT ( 'NONE',  ( 27.74537261213656336, 29.49999999999997868, -11.41027162751623614 ) ) ;
#1448 = EDGE_CURVE ( 'NONE', #1590, #474, #472, .T. ) ;
#1449 = EDGE_CURVE ( 'NONE', #343, #1801, #1120, .T. ) ;
#1450 = CARTESIAN_POINT ( 'NONE',  ( 0.000000000000000000, 0.000000000000000000, 0.000000000000000000 ) ) ;
#1451 = ORIENTED_EDGE ( 'NONE', *, *, #269, .F. ) ;
#1452 = EDGE_LOOP ( 'NONE', ( #1481, #607, #1789, #1384 ) ) ;
#1453 = UNCERTAINTY_MEASURE_WITH_UNIT (LENGTH_MEASURE( 1.000000000000000082E-05 ), #356, 'distance_accuracy_value', 'NONE');
#1454 = CARTESIAN_POINT ( 'NONE',  ( -1.683815926529443452, 28.78710885437825695, 34.30541019027435823 ) ) ;
#1455 = CARTESIAN_POINT ( 'NONE',  ( -3.991101212558756384, 29.49999999999997868, 29.73333333333334494 ) ) ;
#1456 = ORIENTED_EDGE ( 'NONE', *, *, #1293, .T. ) ;
#1457 = CARTESIAN_POINT ( 'NONE',  ( 0.000000000000000000, 0.000000000000000000, 0.000000000000000000 ) ) ;
#1458 = DIRECTION ( 'NONE',  ( 0.000000000000000000, 0.000000000000000000, -1.000000000000000000 ) ) ;
#1459 = STYLED_ITEM ( 'NONE', ( #908 ), #778 ) ;
#1460 = ORIENTED_EDGE ( 'NONE', *, *, #236, .F. ) ;
#1461 = AXIS2_PLACEMENT_3D ( 'NONE', #347, #1204, #459 ) ;
#1462 = AXIS2_PLACEMENT_3D ( 'NONE', #1686, #860, #1551 ) ;
#1463 = CARTESIAN_POINT ( 'NONE',  ( -1.964225604963708571, 30.00000000000000000, 34.44203813838840489 ) ) ;
#1464 = CONICAL_SURFACE ( 'NONE', #1283, 30.50000000000002132, 0.7853981633974533860 ) ;
#1465 = ORIENTED_EDGE ( 'NONE', *, *, #291, .T. ) ;
#1466 = VERTEX_POINT ( 'NONE', #1260 ) ;
#1467 = CARTESIAN_POINT ( 'NONE',  ( 2.324135821055051565, 27.99999999999999645, -34.42362760741976757 ) ) ;
#1468 = SURFACE_STYLE_USAGE ( .BOTH. , #1761 ) ;
#1469 = ORIENTED_EDGE ( 'NONE', *, *, #643, .T. ) ;
#1470 = DIRECTION ( 'NONE',  ( 0.8660254037844397068, 0.000000000000000000, 0.4999999999999979461 ) ) ;
#1471 = CARTESIAN_POINT ( 'NONE',  ( -3.991101212558985534, 29.49999999999998224, -29.73333333333331652 ) ) ;
#1472 = EDGE_LOOP ( 'NONE', ( #48 ) ) ;
#1473 = ORIENTED_EDGE ( 'NONE', *, *, #18, .F. ) ;
#1474 = EDGE_CURVE ( 'NONE', #1246, #235, #682, .T. ) ;
#1475 = CARTESIAN_POINT ( 'NONE',  ( 2.455074152022566736, 29.90460248784351904, 32.94580575658332577 ) ) ;
#1476 = EDGE_CURVE ( 'NONE', #606, #1781, #1548, .T. ) ;
#1477 = ORIENTED_EDGE ( 'NONE', *, *, #964, .F. ) ;
#1478 = CARTESIAN_POINT ( 'NONE',  ( 3.991101212558985534, 28.99999999999998934, 29.22877197405170335 ) ) ;
#1479 = CARTESIAN_POINT ( 'NONE',  ( -1.891663635432515145, 29.51750515047661594, -33.39645473945525112 ) ) ;
#1480 = ADVANCED_FACE ( 'NONE', ( #424 ), #1711, .F. ) ;
#1481 = ORIENTED_EDGE ( 'NONE', *, *, #1526, .F. ) ;
#1482 = EDGE_LOOP ( 'NONE', ( #881, #1146, #63, #1267 ) ) ;
#1483 = DIRECTION ( 'NONE',  ( 0.8660254037844432595, 0.000000000000000000, 0.4999999999999919509 ) ) ;
#1484 = SURFACE_STYLE_USAGE ( .BOTH. , #204 ) ;
#1485 = EDGE_LOOP ( 'NONE', ( #755, #1200, #1710, #148 ) ) ;
#1486 = EDGE_CURVE ( 'NONE', #198, #972, #1314, .T. ) ;
#1487 = DIRECTION ( 'NONE',  ( -0.000000000000000000, -1.000000000000000000, -0.000000000000000000 ) ) ;
#1488 = CARTESIAN_POINT ( 'NONE',  ( -4.336808689942017736E-16, 30.00000000000000000, -0.002000791051989803115 ) ) ;
#1489 = ORIENTED_EDGE ( 'NONE', *, *, #218, .T. ) ;
#1490 = COLOUR_RGB ( '',0.7921568627450980005, 0.8196078431372548767, 0.9333333333333333481 ) ;
#1491 = CIRCLE ( 'NONE', #1810, 30.00000000000000000 ) ;
#1492 = VECTOR ( 'NONE', #836, 1000.000000000000000 ) ;
#1493 = CARTESIAN_POINT ( 'NONE',  ( -23.75427139957798417, 0.000000000000000000, -18.32306170581737703 ) ) ;
#1494 = CARTESIAN_POINT ( 'NONE',  ( -1.451818925407959204, 30.00000000000000000, 34.06855685746891282 ) ) ;
#1495 = CARTESIAN_POINT ( 'NONE',  ( 1.084202172485504434E-16, 30.00000000000000000, 34.44567992468615358 ) ) ;
#1496 = DIRECTION ( 'NONE',  ( 0.000000000000000000, 0.000000000000000000, 1.000000000000000000 ) ) ;
#1497 = CARTESIAN_POINT ( 'NONE',  ( 23.31730844467222852, 28.99999999999998934, 18.07078102617640880 ) ) ;
#1498 = EDGE_CURVE ( 'NONE', #1821, #710, #1634, .T. ) ;
#1499 = ORIENTED_EDGE ( 'NONE', *, *, #949, .T. ) ;
#1500 = PRESENTATION_STYLE_ASSIGNMENT (( #1243 ) ) ;
#1501 = CARTESIAN_POINT ( 'NONE',  ( 3.991101212558756384, 38.01937330616075883, 0.000000000000000000 ) ) ;
#1502 = FACE_OUTER_BOUND ( 'NONE', #1610, .T. ) ;
#1503 = EDGE_CURVE ( 'NONE', #1418, #1089, #572, .T. ) ;
#1504 = CARTESIAN_POINT ( 'NONE',  ( 27.74537261213689021, 29.49999999999998224, 11.41027162751544211 ) ) ;
#1505 = DIRECTION ( 'NONE',  ( 0.8660254037844336006, 0.000000000000000000, -0.5000000000000085487 ) ) ;
#1506 = CARTESIAN_POINT ( 'NONE',  ( -2.344904369050747839, 28.55781328475763203, -34.34779647926467305 ) ) ;
#1507 = EDGE_CURVE ( 'NONE', #1278, #634, #598, .T. ) ;
#1508 = EDGE_LOOP ( 'NONE', ( #1398, #475, #209, #160 ) ) ;
#1509 = CARTESIAN_POINT ( 'NONE',  ( -27.74537261213681560, 29.49999999999998224, -11.41027162751563573 ) ) ;
#1510 = PLANE ( 'NONE',  #1662 ) ;
#1511 = DIRECTION ( 'NONE',  ( 0.000000000000000000, -1.000000000000000000, -0.000000000000000000 ) ) ;
#1512 = ORIENTED_EDGE ( 'NONE', *, *, #1448, .T. ) ;
#1513 = DIRECTION ( 'NONE',  ( 0.000000000000000000, 0.000000000000000000, -1.000000000000000000 ) ) ;
#1514 = CARTESIAN_POINT ( 'NONE',  ( -2.605951414776997765, 29.80217918220662199, -33.27701183658671624 ) ) ;
#1515 = CARTESIAN_POINT ( 'NONE',  ( 23.75427139957758982, 0.000000000000000000, -18.32306170581789218 ) ) ;
#1516 = AXIS2_PLACEMENT_3D ( 'NONE', #364, #372, #1180 ) ;
#1517 = CARTESIAN_POINT ( 'NONE',  ( -23.60862810338827344, 29.33332049096777183, 18.23897450955708521 ) ) ;
#1518 = VECTOR ( 'NONE', #490, 1000.000000000000000 ) ;
#1519 = VECTOR ( 'NONE', #1015, 1000.000000000000000 ) ;
#1520 = STYLED_ITEM ( 'NONE', ( #1107 ), #1377 ) ;
#1521 = ORIENTED_EDGE ( 'NONE', *, *, #1391, .T. ) ;
#1522 = CARTESIAN_POINT ( 'NONE',  ( -3.991101212558756384, 0.000000000000000000, 29.73333333333334494 ) ) ;
#1523 = LINE ( 'NONE', #768, #835 ) ;
#1524 = CARTESIAN_POINT ( 'NONE',  ( -2.689288898725980648, 29.95444946554339793, -32.88523512434263552 ) ) ;
#1525 = CARTESIAN_POINT ( 'NONE',  ( 2.785551700919113749, 30.00000000000000000, -32.38240692997351999 ) ) ;
#1526 = EDGE_CURVE ( 'NONE', #1017, #464, #1658, .T. ) ;
#1527 = ORIENTED_EDGE ( 'NONE', *, *, #1804, .T. ) ;
#1528 = CARTESIAN_POINT ( 'NONE',  ( -2.514514135977927722, 29.54996551490716783, -33.67882668325519546 ) ) ;
#1529 = DIRECTION ( 'NONE',  ( -0.000000000000000000, -1.000000000000000000, -0.000000000000000000 ) ) ;
#1530 = DIRECTION ( 'NONE',  ( -0.000000000000000000, -1.000000000000000000, -0.000000000000000000 ) ) ;
#1531 = EDGE_CURVE ( 'NONE', #848, #97, #91, .T. ) ;
#1532 = CARTESIAN_POINT ( 'NONE',  ( 2.118793292613232460, 29.03915875616965181, 34.14627264173173415 ) ) ;
#1533 = DIRECTION ( 'NONE',  ( 0.000000000000000000, 1.000000000000000000, 0.000000000000000000 ) ) ;
#1534 = CARTESIAN_POINT ( 'NONE',  ( 2.514514135977909515, 29.54996551490728862, -33.67882668325508178 ) ) ;
#1535 = ORIENTED_EDGE ( 'NONE', *, *, #1014, .F. ) ;
#1536 = PRODUCT_CONTEXT ( 'NONE', #827, 'mechanical' ) ;
#1537 = DIRECTION ( 'NONE',  ( -0.000000000000000000, -1.000000000000000000, -0.000000000000000000 ) ) ;
#1538 = CARTESIAN_POINT ( 'NONE',  ( 1.964225604963708793, 27.99999999999999645, 34.44203813838839778 ) ) ;
#1539 = CARTESIAN_POINT ( 'NONE',  ( 23.60862810338814199, 29.33332049096777183, -18.23897450955724509 ) ) ;
#1540 = DIRECTION ( 'NONE',  ( -0.8660254037844362651, 0.000000000000000000, 0.5000000000000039968 ) ) ;
#1541 = DIRECTION ( 'NONE',  ( 0.8660254037844397068, 0.000000000000000000, 0.4999999999999979461 ) ) ;
#1542 = DIRECTION ( 'NONE',  ( 0.000000000000000000, -1.000000000000000000, 0.000000000000000000 ) ) ;
#1543 = DIRECTION ( 'NONE',  ( 0.000000000000000000, 1.000000000000000000, -0.000000000000000000 ) ) ;
#1544 = AXIS2_PLACEMENT_3D ( 'NONE', #1767, #230, #765 ) ;
#1545 = VECTOR ( 'NONE', #310, 1000.000000000000114 ) ;
#1546 = VECTOR ( 'NONE', #1242, 1000.000000000000000 ) ;
#1547 = DIRECTION ( 'NONE',  ( 0.000000000000000000, 0.000000000000000000, -1.000000000000000000 ) ) ;
#1548 = B_SPLINE_CURVE_WITH_KNOTS ( 'NONE', 3,
 ( #1004, #1147, #577, #556 ),
 .UNSPECIFIED., .F., .F.,
 ( 4, 4 ),
 ( 0.000000000000000000, 0.0007103394718584192438 ),
 .UNSPECIFIED. ) ;
#1549 = DIRECTION ( 'NONE',  ( 0.8660254037844425934, 0.000000000000000000, 0.4999999999999933942 ) ) ;
#1550 = DIRECTION ( 'NONE',  ( 0.000000000000000000, -1.000000000000000000, 0.000000000000000000 ) ) ;
#1551 = DIRECTION ( 'NONE',  ( -0.8660254037844363761, 0.000000000000000000, 0.5000000000000039968 ) ) ;
#1552 = DIRECTION ( 'NONE',  ( -0.8660254037844460351, 0.000000000000000000, -0.4999999999999873990 ) ) ;
#1553 = CARTESIAN_POINT ( 'NONE',  ( -1.451818925407959648, 27.99999999999999645, 34.06855685746891282 ) ) ;
#1554 = CARTESIAN_POINT ( 'NONE',  ( 2.204103308217936430, 29.27902302196446271, 33.96982416723796661 ) ) ;
#1555 = EDGE_LOOP ( 'NONE', ( #965, #1378, #764, #1080 ) ) ;
#1556 = CARTESIAN_POINT ( 'NONE',  ( -2.751907401066483239, 29.99999999999998934, 32.49233746857459693 ) ) ;
#1557 = CARTESIAN_POINT ( 'NONE',  ( 2.123940032683993895, 29.74270650129455618, -33.16338331729003386 ) ) ;
#1558 = CARTESIAN_POINT ( 'NONE',  ( 2.027117990315872031, 28.67589630758094188, 34.32532118781642794 ) ) ;
#1559 = DIRECTION ( 'NONE',  ( -0.000000000000000000, -1.000000000000000000, -0.000000000000000000 ) ) ;
#1560 = CARTESIAN_POINT ( 'NONE',  ( 2.785551700919125295, 30.00000000000000000, -32.38240692997353420 ) ) ;
#1561 = CYLINDRICAL_SURFACE ( 'NONE', #684, 29.50000000000000711 ) ;
#1562 = CARTESIAN_POINT ( 'NONE',  ( 1.553614949060275308, 28.69839634007920282, 33.98269307872459422 ) ) ;
#1563 = VERTEX_POINT ( 'NONE', #1402 ) ;
#1564 = B_SPLINE_CURVE_WITH_KNOTS ( 'NONE', 3,
 ( #676, #1285, #437, #843, #1817, #998, #1392, #1532, #851, #1558, #116, #1404, #152, #715 ),
 .UNSPECIFIED., .F., .F.,
 ( 4, 2, 2, 2, 2, 2, 4 ),
 ( -9.470420123808164550E-06, 0.0008258982215624947366, 0.001661266863248797750, 0.002078951184091959448, 0.002496635504935121146, 0.002914319825778283277, 0.003332004146621444975 ),
 .UNSPECIFIED. ) ;
#1565 = CARTESIAN_POINT ( 'NONE',  ( 0.000000000000000000, 29.49999999999998579, 0.000000000000000000 ) ) ;
#1566 = CARTESIAN_POINT ( 'NONE',  ( 23.31730844467170627, 28.99999999999998934, -18.07078102617708382 ) ) ;
#1567 = PLANE ( 'NONE',  #1726 ) ;
#1568 = FACE_OUTER_BOUND ( 'NONE', #110, .T. ) ;
#1569 = EDGE_CURVE ( 'NONE', #760, #1138, #131, .T. ) ;
#1570 = CARTESIAN_POINT ( 'NONE',  ( -2.821938808049768710, 30.00000000000000000, 32.37525451824843969 ) ) ;
#1571 = CARTESIAN_POINT ( 'NONE',  ( 0.000000000000000000, 0.000000000000000000, 0.000000000000000000 ) ) ;
#1572 = CIRCLE ( 'NONE', #1069, 29.50000000000000355 ) ;
#1573 = ORIENTED_EDGE ( 'NONE', *, *, #1008, .F. ) ;
#1574 = CARTESIAN_POINT ( 'NONE',  ( 0.000000000000000000, 30.00000000000000000, 0.000000000000000000 ) ) ;
#1575 = DIRECTION ( 'NONE',  ( 0.000000000000000000, -1.000000000000000000, -0.000000000000000000 ) ) ;
#1576 = CIRCLE ( 'NONE', #570, 1.499999999999904077 ) ;
#1577 =( GEOMETRIC_REPRESENTATION_CONTEXT ( 3 ) GLOBAL_UNCERTAINTY_ASSIGNED_CONTEXT ( ( #322 ) ) GLOBAL_UNIT_ASSIGNED_CONTEXT ( ( #1299, #330, #38 ) ) REPRESENTATION_CONTEXT ( 'NONE', 'WORKASPACE' ) );
#1578 = CYLINDRICAL_SURFACE ( 'NONE', #659, 30.00000000000000000 ) ;
#1579 = VERTEX_POINT ( 'NONE', #849 ) ;
#1580 = ADVANCED_FACE ( 'NONE', ( #1419 ), #149, .T. ) ;
#1581 = CARTESIAN_POINT ( 'NONE',  ( -2.006692356999618454, 28.56376759084835371, 34.36357611105496090 ) ) ;
#1582 = EDGE_CURVE ( 'NONE', #1086, #1590, #1783, .T. ) ;
#1583 = CARTESIAN_POINT ( 'NONE',  ( -23.31730844467210417, 38.01937330616075883, -18.07078102617657223 ) ) ;
#1584 = EDGE_CURVE ( 'NONE', #1563, #710, #1334, .T. ) ;
#1585 = ORIENTED_EDGE ( 'NONE', *, *, #1033, .T. ) ;
#1586 = PLANE ( 'NONE',  #337 ) ;
#1587 = CARTESIAN_POINT ( 'NONE',  ( -3.991101212558985534, 29.16665360364343940, -29.39697203773711109 ) ) ;
#1588 = DIRECTION ( 'NONE',  ( 0.000000000000000000, -1.000000000000000000, 0.000000000000000000 ) ) ;
#1589 = VERTEX_POINT ( 'NONE', #1734 ) ;
#1590 = VERTEX_POINT ( 'NONE', #1478 ) ;
#1591 = FACE_OUTER_BOUND ( 'NONE', #205, .T. ) ;
#1592 = DIRECTION ( 'NONE',  ( -0.000000000000000000, -1.000000000000000000, 0.000000000000000000 ) ) ;
#1593 = ORIENTED_EDGE ( 'NONE', *, *, #1358, .F. ) ;
#1594 = DIRECTION ( 'NONE',  ( 0.000000000000000000, 1.000000000000000000, 0.000000000000000000 ) ) ;
#1595 = CYLINDRICAL_SURFACE ( 'NONE', #1782, 29.50000000000000355 ) ;
#1596 = SURFACE_STYLE_USAGE ( .BOTH. , #171 ) ;
#1597 = ORIENTED_EDGE ( 'NONE', *, *, #360, .T. ) ;
#1598 = ORIENTED_EDGE ( 'NONE', *, *, #1531, .F. ) ;
#1599 = CARTESIAN_POINT ( 'NONE',  ( 1.646347091772299986, 27.99999999999999645, -34.46939165783020087 ) ) ;
#1600 = CARTESIAN_POINT ( 'NONE',  ( 2.324135821055055562, 27.99999999999999645, -34.42362760741976757 ) ) ;
#1601 = VERTEX_POINT ( 'NONE', #1446 ) ;
#1602 = DIRECTION ( 'NONE',  ( 0.000000000000000000, -1.000000000000000000, -0.000000000000000000 ) ) ;
#1603 = LINE ( 'NONE', #612, #595 ) ;
#1604 = PRESENTATION_LAYER_ASSIGNMENT (  '', '', ( #1459 ) ) ;
#1605 = VECTOR ( 'NONE', #1620, 1000.000000000000000 ) ;
#1606 = EDGE_LOOP ( 'NONE', ( #488, #403, #914, #1257 ) ) ;
#1607 = ADVANCED_FACE ( 'NONE', ( #1040 ), #1434, .F. ) ;
#1608 = ORIENTED_EDGE ( 'NONE', *, *, #787, .T. ) ;
#1609 = CARTESIAN_POINT ( 'NONE',  ( -4.336808689942017736E-16, 30.00000000000000000, -0.002000791051989803115 ) ) ;
#1610 = EDGE_LOOP ( 'NONE', ( #1188, #7, #890, #1348 ) ) ;
#1611 = EDGE_CURVE ( 'NONE', #1138, #635, #838, .T. ) ;
#1612 = CARTESIAN_POINT ( 'NONE',  ( 3.991101212558756384, 29.33332049096776828, -29.56515894081205786 ) ) ;
#1613 = CARTESIAN_POINT ( 'NONE',  ( -3.991101212558985534, 28.99999999999998934, -29.22877197405170335 ) ) ;
#1614 = ORIENTED_EDGE ( 'NONE', *, *, #159, .T. ) ;
#1615 = EDGE_LOOP ( 'NONE', ( #493 ) ) ;
#1616 = ADVANCED_FACE ( 'NONE', ( #470 ), #479, .T. ) ;
#1617 = CARTESIAN_POINT ( 'NONE',  ( 1.451818925407959648, 27.99999999999999645, 34.06855685746891282 ) ) ;
#1618 = FILL_AREA_STYLE ('',( #1173 ) ) ;
#1619 = ORIENTED_EDGE ( 'NONE', *, *, #811, .F. ) ;
#1620 = DIRECTION ( 'NONE',  ( 0.000000000000000000, -1.000000000000000000, 0.000000000000000000 ) ) ;
#1621 = CARTESIAN_POINT ( 'NONE',  ( -2.436211034017100374, 29.24435332272463484, -34.00215013377322748 ) ) ;
#1622 = VERTEX_POINT ( 'NONE', #450 ) ;
#1623 = CARTESIAN_POINT ( 'NONE',  ( -27.30840965723092850, 38.01937330616075883, -11.15799094787483092 ) ) ;
#1624 = CARTESIAN_POINT ( 'NONE',  ( 2.227621941714276410, 29.76274176144022476, 33.26003619909639042 ) ) ;
#1625 = DIRECTION ( 'NONE',  ( 0.000000000000000000, 0.000000000000000000, 1.000000000000000000 ) ) ;
#1626 = ADVANCED_FACE ( 'NONE', ( #24 ), #901, .F. ) ;
#1627 = DIRECTION ( 'NONE',  ( 1.000000000000000000, 0.000000000000000000, 0.000000000000000000 ) ) ;
#1628 = CARTESIAN_POINT ( 'NONE',  ( 23.75427139957811207, 38.01937330616075883, 18.32306170581721005 ) ) ;
#1629 = B_SPLINE_CURVE_WITH_KNOTS ( 'NONE', 3,
 ( #1791, #1236, #1517, #818 ),
 .UNSPECIFIED., .F., .F.,
 ( 4, 4 ),
 ( 0.000000000000000000, 0.0007103394718584192438 ),
 .UNSPECIFIED. ) ;
#1630 = AXIS2_PLACEMENT_3D ( 'NONE', #111, #1108, #1099 ) ;
#1631 = ADVANCED_FACE ( 'NONE', ( #1167 ), #1338, .F. ) ;
#1632 = ORIENTED_EDGE ( 'NONE', *, *, #1660, .F. ) ;
#1633 = AXIS2_PLACEMENT_3D ( 'NONE', #1357, #646, #239 ) ;
#1634 = CIRCLE ( 'NONE', #341, 1.000000000000000888 ) ;
#1635 =( LENGTH_UNIT ( ) NAMED_UNIT ( * ) SI_UNIT ( .MILLI., .METRE. ) );
#1636 = ADVANCED_FACE ( 'NONE', ( #309 ), #44, .T. ) ;
#1637 = FACE_OUTER_BOUND ( 'NONE', #623, .T. ) ;
#1638 = ADVANCED_FACE ( 'NONE', ( #317 ), #1396, .F. ) ;
#1639 = DIRECTION ( 'NONE',  ( 0.000000000000000000, 0.000000000000000000, -1.000000000000000000 ) ) ;
#1640 = PLANE ( 'NONE',  #1755 ) ;
#1641 = LINE ( 'NONE', #367, #894 ) ;
#1642 = CARTESIAN_POINT ( 'NONE',  ( 3.991101212558985534, 38.01937330616075883, 0.000000000000000000 ) ) ;
#1643 = EDGE_LOOP ( 'NONE', ( #1045, #1793, #775, #586 ) ) ;
#1644 = CARTESIAN_POINT ( 'NONE',  ( 2.344904369050965443, 28.55781328475753611, -34.34779647926468016 ) ) ;
#1645 = CYLINDRICAL_SURFACE ( 'NONE', #834, 34.50000000000000000 ) ;
#1646 = ORIENTED_EDGE ( 'NONE', *, *, #1449, .F. ) ;
#1647 = DIRECTION ( 'NONE',  ( -0.000000000000000000, -1.000000000000000000, 0.000000000000000000 ) ) ;
#1648 = DIRECTION ( 'NONE',  ( 0.000000000000000000, -1.000000000000000000, 0.000000000000000000 ) ) ;
#1649 = CARTESIAN_POINT ( 'NONE',  ( -1.920357275090637250, 29.54996551398220461, -33.36877115607975952 ) ) ;
#1650 = ORIENTED_EDGE ( 'NONE', *, *, #1503, .F. ) ;
#1651 = SURFACE_SIDE_STYLE ('',( #379 ) ) ;
#1652 = B_SPLINE_CURVE_WITH_KNOTS ( 'NONE', 3,
 ( #1133, #1422, #1687, #1123, #1829, #1699, #1837, #999, #1113, #1393, #438, #551, #290, #1806, #706, #852 ),
 .UNSPECIFIED., .F., .F.,
 ( 4, 2, 2, 2, 2, 2, 2, 4 ),
 ( 0.000000000000000000, 0.0004129155910472438349, 0.0008258311820944876699, 0.001238746773141731396, 0.001651662364188975340, 0.002477493546283469298, 0.002890409137330716277, 0.003303324728377963690 ),
 .UNSPECIFIED. ) ;
#1653 = CARTESIAN_POINT ( 'NONE',  ( 1.592750149113184133, 29.05957380361984121, -33.66600164532045625 ) ) ;
#1654 = VERTEX_POINT ( 'NONE', #1751 ) ;
#1655 = CARTESIAN_POINT ( 'NONE',  ( 0.000000000000000000, 30.00000000000000000, 30.00000000000000000 ) ) ;
#1656 = CARTESIAN_POINT ( 'NONE',  ( -2.395906737326801483, 29.02276416423123706, -34.15703501580730972 ) ) ;
#1657 = CARTESIAN_POINT ( 'NONE',  ( -1.713156983157400726, 29.27586727908422048, -33.56143798266179346 ) ) ;
#1658 = B_SPLINE_CURVE_WITH_KNOTS ( 'NONE', 3,
 ( #1696, #1389, #1539, #996 ),
 .UNSPECIFIED., .F., .F.,
 ( 4, 4 ),
 ( 0.000000000000000000, 0.0007103394718584192438 ),
 .UNSPECIFIED. ) ;
#1659 = CIRCLE ( 'NONE', #891, 30.00000000000000000 ) ;
#1660 = EDGE_CURVE ( 'NONE', #357, #445, #120, .T. ) ;
#1661 = CARTESIAN_POINT ( 'NONE',  ( 0.000000000000000000, 0.000000000000000000, 0.000000000000000000 ) ) ;
#1662 = AXIS2_PLACEMENT_3D ( 'NONE', #238, #1142, #1000 ) ;
#1663 = EDGE_CURVE ( 'NONE', #1729, #1316, #731, .T. ) ;
#1664 = CARTESIAN_POINT ( 'NONE',  ( 2.538997579658452519, 29.62820563597840717, -33.57437666871763327 ) ) ;
#1665 = AXIS2_PLACEMENT_3D ( 'NONE', #640, #647, #374 ) ;
#1666 = VERTEX_POINT ( 'NONE', #199 ) ;
#1667 = DIRECTION ( 'NONE',  ( -0.000000000000000000, -1.000000000000000000, -0.000000000000000000 ) ) ;
#1668 = CARTESIAN_POINT ( 'NONE',  ( -2.356897017894350910, 29.81731833864540704, -33.27030077990831813 ) ) ;
#1669 = EDGE_CURVE ( 'NONE', #606, #53, #1327, .T. ) ;
#1670 = CARTESIAN_POINT ( 'NONE',  ( -3.991101212558985534, 38.01937330616075883, -29.73333333333331652 ) ) ;
#1671 = ORIENTED_EDGE ( 'NONE', *, *, #318, .T. ) ;
#1672 = CARTESIAN_POINT ( 'NONE',  ( 0.000000000000000000, 38.01937330616075883, 0.000000000000000000 ) ) ;
#1673 = CARTESIAN_POINT ( 'NONE',  ( 1.903945517113060593, 29.20537500578820911, -34.06355584537995185 ) ) ;
#1674 = EDGE_LOOP ( 'NONE', ( #582, #1671, #1469, #946 ) ) ;
#1675 = CARTESIAN_POINT ( 'NONE',  ( -2.387469152922419013, 28.94165392810199577, -34.18847444959270376 ) ) ;
#1676 = CARTESIAN_POINT ( 'NONE',  ( -1.451818925407961203, 28.13812704667237341, 34.06855685746891993 ) ) ;
#1677 = CYLINDRICAL_SURFACE ( 'NONE', #1725, 29.50000000000000355 ) ;
#1678 = DIRECTION ( 'NONE',  ( 0.000000000000000000, 0.000000000000000000, -1.000000000000000000 ) ) ;
#1679 = LINE ( 'NONE', #979, #484 ) ;
#1680 = CARTESIAN_POINT ( 'NONE',  ( 2.357210436248814656, 28.69222519587396647, -34.30245882861629525 ) ) ;
#1681 = VERTEX_POINT ( 'NONE', #1723 ) ;
#1682 = CARTESIAN_POINT ( 'NONE',  ( 1.995550606279460570, 38.01937330616075883, -3.456395039150976345 ) ) ;
#1683 = CARTESIAN_POINT ( 'NONE',  ( -1.995550606279394845, 0.000000000000000000, -3.456395039150751192 ) ) ;
#1684 = CARTESIAN_POINT ( 'NONE',  ( 1.439456696439877170, 28.65406674158656131, -33.79071235227193171 ) ) ;
#1685 = EDGE_CURVE ( 'NONE', #1601, #50, #124, .T. ) ;
#1686 = CARTESIAN_POINT ( 'NONE',  ( 1.995550606279509198, 38.01937330616075883, 3.456395039150949700 ) ) ;
#1687 = CARTESIAN_POINT ( 'NONE',  ( -1.972463098224201072, 28.27629378002496807, 34.42709860243068931 ) ) ;
#1688 = AXIS2_PLACEMENT_3D ( 'NONE', #1672, #1264, #428 ) ;
#1689 = CARTESIAN_POINT ( 'NONE',  ( -1.964225614587291169, 28.14545051621880134, 34.44203813783959589 ) ) ;
#1690 = VECTOR ( 'NONE', #580, 1000.000000000000000 ) ;
#1691 = VECTOR ( 'NONE', #1155, 1000.000000000000000 ) ;
#1692 = VECTOR ( 'NONE', #620, 1000.000000000000000 ) ;
#1693 =( GEOMETRIC_REPRESENTATION_CONTEXT ( 3 ) GLOBAL_UNCERTAINTY_ASSIGNED_CONTEXT ( ( #363 ) ) GLOBAL_UNIT_ASSIGNED_CONTEXT ( ( #1813, #1823, #974 ) ) REPRESENTATION_CONTEXT ( 'NONE', 'WORKASPACE' ) );
#1694 = CARTESIAN_POINT ( 'NONE',  ( 2.218598927098740514, 29.68262362051117975, 33.53540257677023817 ) ) ;
#1695 = ORIENTED_EDGE ( 'NONE', *, *, #1333, .T. ) ;
#1696 = CARTESIAN_POINT ( 'NONE',  ( 23.31730844467170627, 28.99999999999998934, -18.07078102617708382 ) ) ;
#1697 = DIRECTION ( 'NONE',  ( -5.329070518200751394E-15, 0.000000000000000000, -1.000000000000000000 ) ) ;
#1698 = CARTESIAN_POINT ( 'NONE',  ( 0.000000000000000000, 8.000000000000000000, 0.000000000000000000 ) ) ;
#1699 = CARTESIAN_POINT ( 'NONE',  ( -2.084378762731558421, 28.92200786777064181, 34.21444952035727027 ) ) ;
#1700 = CARTESIAN_POINT ( 'NONE',  ( 2.395903839969372395, 29.02274439068453660, -34.15704604160986690 ) ) ;
#1701 = CARTESIAN_POINT ( 'NONE',  ( -23.75427139957772127, 0.000000000000000000, 18.32306170581772875 ) ) ;
#1702 = CARTESIAN_POINT ( 'NONE',  ( 1.820410149047280823, 29.27902302091944264, 33.72711490004831347 ) ) ;
#1703 = ORIENTED_EDGE ( 'NONE', *, *, #1225, .T. ) ;
#1704 = DIRECTION ( 'NONE',  ( -0.8660254037844363761, 0.000000000000000000, 0.5000000000000039968 ) ) ;
#1705 = CARTESIAN_POINT ( 'NONE',  ( 1.995550606279509198, 0.000000000000000000, 3.456395039150949700 ) ) ;
#1706 = FACE_OUTER_BOUND ( 'NONE', #1643, .T. ) ;
#1707 = CARTESIAN_POINT ( 'NONE',  ( 2.324135821055052897, 28.13482523447101613, -34.42362760741977468 ) ) ;
#1708 = CARTESIAN_POINT ( 'NONE',  ( -1.637899488758714606, 28.64313390079268018, 34.36307237350381882 ) ) ;
#1709 = CARTESIAN_POINT ( 'NONE',  ( 1.973161831127150823, 28.28717102073164114, 34.42583673153084334 ) ) ;
#1710 = ORIENTED_EDGE ( 'NONE', *, *, #1358, .T. ) ;
#1711 = PLANE ( 'NONE',  #1400 ) ;
#1712 = CARTESIAN_POINT ( 'NONE',  ( -1.354061739223345606, 27.99999999999999645, -33.85615338233036198 ) ) ;
#1713 = DIRECTION ( 'NONE',  ( 0.000000000000000000, 0.000000000000000000, 1.000000000000000000 ) ) ;
#1714 = ORIENTED_EDGE ( 'NONE', *, *, #816, .F. ) ;
#1715 = ADVANCED_FACE ( 'NONE', ( #630 ), #1586, .F. ) ;
#1716 = EDGE_CURVE ( 'NONE', #1579, #1278, #304, .T. ) ;
#1717 = FACE_OUTER_BOUND ( 'NONE', #1179, .T. ) ;
#1718 = CIRCLE ( 'NONE', #334, 32.50000000000000000 ) ;
#1719 = CARTESIAN_POINT ( 'NONE',  ( 1.847333029185037612, 29.15788844282887027, 34.08910173668058974 ) ) ;
#1720 = CIRCLE ( 'NONE', #953, 29.50000000000000355 ) ;
#1721 = CLOSED_SHELL ( 'NONE', ( #724, #401, #1797, #138, #156, #324 ) ) ;
#1722 = ORIENTED_EDGE ( 'NONE', *, *, #134, .T. ) ;
#1723 = CARTESIAN_POINT ( 'NONE',  ( -23.31730844467183772, 28.99999999999998934, 18.07078102617692394 ) ) ;
#1724 = CARTESIAN_POINT ( 'NONE',  ( -2.256769565372296338, 27.99999999999999645, -33.42589929390185688 ) ) ;
#1725 = AXIS2_PLACEMENT_3D ( 'NONE', #603, #1041, #1742 ) ;
#1726 = AXIS2_PLACEMENT_3D ( 'NONE', #969, #260, #1678 ) ;
#1727 = FILL_AREA_STYLE ('',( #1313 ) ) ;
#1728 = ORIENTED_EDGE ( 'NONE', *, *, #727, .F. ) ;
#1729 = VERTEX_POINT ( 'NONE', #1359 ) ;
#1730 = B_SPLINE_CURVE_WITH_KNOTS ( 'NONE', 3,
 ( #638, #1021, #315, #1444 ),
 .UNSPECIFIED., .F., .F.,
 ( 4, 4 ),
 ( 0.000000000000000000, 0.0007103394718584142564 ),
 .UNSPECIFIED. ) ;
#1731 = CARTESIAN_POINT ( 'NONE',  ( -2.346447966914280148, 29.80090808438390226, 33.31952366025814882 ) ) ;
#1732 = CARTESIAN_POINT ( 'NONE',  ( 2.821938808049773595, 30.00000000000000000, 32.37525451824844680 ) ) ;
#1733 = VERTEX_POINT ( 'NONE', #1763 ) ;
#1734 = CARTESIAN_POINT ( 'NONE',  ( 27.30840965723068692, 28.99999999999998934, -11.15799094787542778 ) ) ;
#1735 = CARTESIAN_POINT ( 'NONE',  ( -23.75427139957772127, 29.49999999999998224, 18.32306170581772875 ) ) ;
#1736 = VERTEX_POINT ( 'NONE', #1522 ) ;
#1737 = ORIENTED_EDGE ( 'NONE', *, *, #1333, .F. ) ;
#1738 = CARTESIAN_POINT ( 'NONE',  ( 0.000000000000000000, 0.000000000000000000, 0.000000000000000000 ) ) ;
#1739 = ORIENTED_EDGE ( 'NONE', *, *, #1716, .F. ) ;
#1740 = EDGE_CURVE ( 'NONE', #1733, #606, #1191, .T. ) ;
#1741 = DIRECTION ( 'NONE',  ( 0.8660254037844363761, 0.000000000000000000, -0.5000000000000041078 ) ) ;
#1742 = DIRECTION ( 'NONE',  ( 0.000000000000000000, 0.000000000000000000, -1.000000000000000000 ) ) ;
#1743 = ADVANCED_FACE ( 'NONE', ( #250 ), #1074, .T. ) ;
#1744 = SURFACE_STYLE_FILL_AREA ( #1727 ) ;
#1745 = ORIENTED_EDGE ( 'NONE', *, *, #1062, .T. ) ;
#1746 = ORIENTED_EDGE ( 'NONE', *, *, #1336, .F. ) ;
#1747 = UNCERTAINTY_MEASURE_WITH_UNIT (LENGTH_MEASURE( 1.000000000000000082E-05 ), #817, 'distance_accuracy_value', 'NONE');
#1748 = DIRECTION ( 'NONE',  ( -1.000000000000000000, 0.000000000000000000, 0.000000000000000000 ) ) ;
#1749 = COLOUR_RGB ( '',0.7921568627450980005, 0.8196078431372548767, 0.9333333333333333481 ) ;
#1750 = VERTEX_POINT ( 'NONE', #666 ) ;
#1751 = CARTESIAN_POINT ( 'NONE',  ( -27.30840965723076863, 28.99999999999998934, 11.15799094787523593 ) ) ;
#1752 = CARTESIAN_POINT ( 'NONE',  ( -2.453567387953418333, 29.94986226267108265, -32.80065443202566655 ) ) ;
#1753 = AXIS2_PLACEMENT_3D ( 'NONE', #31, #1511, #81 ) ;
#1754 = CIRCLE ( 'NONE', #220, 30.00000000000000000 ) ;
#1755 = AXIS2_PLACEMENT_3D ( 'NONE', #936, #383, #784 ) ;
#1756 = AXIS2_PLACEMENT_3D ( 'NONE', #794, #1347, #1227 ) ;
#1757 = ORIENTED_EDGE ( 'NONE', *, *, #1804, .F. ) ;
#1758 = VECTOR ( 'NONE', #1559, 1000.000000000000000 ) ;
#1759 = ORIENTED_EDGE ( 'NONE', *, *, #503, .T. ) ;
#1760 = DIRECTION ( 'NONE',  ( 0.000000000000000000, 1.000000000000000000, -0.000000000000000000 ) ) ;
#1761 = SURFACE_SIDE_STYLE ('',( #600 ) ) ;
#1762 = ORIENTED_EDGE ( 'NONE', *, *, #964, .T. ) ;
#1763 = CARTESIAN_POINT ( 'NONE',  ( 23.31730844467222852, 28.99999999999998934, 18.07078102617640880 ) ) ;
#1764 = CARTESIAN_POINT ( 'NONE',  ( 0.000000000000000000, 30.00000000000000000, 0.000000000000000000 ) ) ;
#1765 = ORIENTED_EDGE ( 'NONE', *, *, #1006, .F. ) ;
#1766 = EDGE_CURVE ( 'NONE', #40, #1355, #1207, .T. ) ;
#1767 = CARTESIAN_POINT ( 'NONE',  ( 4.336808689942017736E-16, 30.00000000000000000, -34.50153451497305923 ) ) ;
#1768 = DIRECTION ( 'NONE',  ( 0.000000000000000000, 0.000000000000000000, 1.000000000000000000 ) ) ;
#1769 = VERTEX_POINT ( 'NONE', #526 ) ;
#1770 = LINE ( 'NONE', #1081, #1250 ) ;
#1771 = CARTESIAN_POINT ( 'NONE',  ( -2.737109536171878688, 30.00000000000000355, -32.64433455652235949 ) ) ;
#1772 = EDGE_CURVE ( 'NONE', #1246, #1666, #717, .T. ) ;
#1773 = EDGE_LOOP ( 'NONE', ( #1499, #23, #763, #933 ) ) ;
#1774 = ADVANCED_FACE ( 'NONE', ( #366 ), #956, .T. ) ;
#1775 = CYLINDRICAL_SURFACE ( 'NONE', #1516, 30.00000000000000355 ) ;
#1776 = ADVANCED_FACE ( 'NONE', ( #1226 ), #513, .F. ) ;
#1777 = DIRECTION ( 'NONE',  ( 0.000000000000000000, 1.000000000000000000, -0.000000000000000000 ) ) ;
#1778 = DIRECTION ( 'NONE',  ( 0.000000000000000000, -1.000000000000000000, 0.000000000000000000 ) ) ;
#1779 = DIRECTION ( 'NONE',  ( 0.000000000000000000, 1.000000000000000000, 0.000000000000000000 ) ) ;
#1780 = CARTESIAN_POINT ( 'NONE',  ( -2.412691804620744840, 29.86089537383319481, -33.16344145493851414 ) ) ;
#1781 = VERTEX_POINT ( 'NONE', #1504 ) ;
#1782 = AXIS2_PLACEMENT_3D ( 'NONE', #879, #190, #1032 ) ;
#1783 = CIRCLE ( 'NONE', #191, 29.50000000000000355 ) ;
#1784 = CARTESIAN_POINT ( 'NONE',  ( 2.077160036470916182, 29.62408168819597876, 33.44519082057720993 ) ) ;
#1785 = CARTESIAN_POINT ( 'NONE',  ( -27.30840965723092850, 0.000000000000000000, -11.15799094787483092 ) ) ;
#1786 = CARTESIAN_POINT ( 'NONE',  ( 0.000000000000000000, 0.000000000000000000, 0.000000000000000000 ) ) ;
#1787 = LINE ( 'NONE', #785, #716 ) ;
#1788 = CARTESIAN_POINT ( 'NONE',  ( -1.717480856562974223, 28.67117263494342794, -34.35963029327559326 ) ) ;
#1789 = ORIENTED_EDGE ( 'NONE', *, *, #1114, .F. ) ;
#1790 = FILL_AREA_STYLE ('',( #677 ) ) ;
#1791 = CARTESIAN_POINT ( 'NONE',  ( -23.31730844467183772, 28.99999999999998934, 18.07078102617692394 ) ) ;
#1792 = B_SPLINE_CURVE_WITH_KNOTS ( 'NONE', 3,
 ( #1447, #16, #1298, #1168 ),
 .UNSPECIFIED., .F., .F.,
 ( 4, 4 ),
 ( 0.000000000000000000, 0.0007103394718584117628 ),
 .UNSPECIFIED. ) ;
#1793 = ORIENTED_EDGE ( 'NONE', *, *, #1151, .T. ) ;
#1794 = VERTEX_POINT ( 'NONE', #1655 ) ;
#1795 = LINE ( 'NONE', #1628, #807 ) ;
#1796 = CARTESIAN_POINT ( 'NONE',  ( 23.75427139957811207, 29.49999999999997868, 18.32306170581721005 ) ) ;
#1797 = ADVANCED_FACE ( 'NONE', ( #75 ), #1640, .F. ) ;
#1798 = EDGE_CURVE ( 'NONE', #770, #615, #537, .T. ) ;
#1799 = CARTESIAN_POINT ( 'NONE',  ( 23.31730844467222852, 0.000000000000000000, 18.07078102617640880 ) ) ;
#1800 = ADVANCED_FACE ( 'NONE', ( #943 ), #1379, .F. ) ;
#1801 = VERTEX_POINT ( 'NONE', #69 ) ;
#1802 = CARTESIAN_POINT ( 'NONE',  ( -2.588329836470291578, 29.76173457059635297, -33.35678557619807805 ) ) ;
#1803 = LINE ( 'NONE', #533, #32 ) ;
#1804 = EDGE_CURVE ( 'NONE', #1801, #617, #1368, .T. ) ;
#1805 = CARTESIAN_POINT ( 'NONE',  ( -27.74537261213664863, 29.49999999999997868, 11.41027162751604251 ) ) ;
#1806 = CARTESIAN_POINT ( 'NONE',  ( -2.734828397279524204, 29.98762232229515234, 32.63972504307810851 ) ) ;
#1807 = AXIS2_PLACEMENT_3D ( 'NONE', #994, #441, #1547 ) ;
#1808 = CLOSED_SHELL ( 'NONE', ( #651, #1199, #1800, #237, #597, #1638 ) ) ;
#1809 = CARTESIAN_POINT ( 'NONE',  ( -3.991101212558756384, 38.01937330616075883, 29.73333333333334494 ) ) ;
#1810 = AXIS2_PLACEMENT_3D ( 'NONE', #823, #704, #712 ) ;
#1811 = AXIS2_PLACEMENT_3D ( 'NONE', #1786, #104, #520 ) ;
#1812 = ORIENTED_EDGE ( 'NONE', *, *, #932, .F. ) ;
#1813 =( LENGTH_UNIT ( ) NAMED_UNIT ( * ) SI_UNIT ( .MILLI., .METRE. ) );
#1814 = CARTESIAN_POINT ( 'NONE',  ( -2.405692671724305232, 29.05957380284774416, -34.11878291499932914 ) ) ;
#1815 = CARTESIAN_POINT ( 'NONE',  ( -1.869509394622781207, 29.35306291548652169, 33.67572974213687331 ) ) ;
#1816 = CARTESIAN_POINT ( 'NONE',  ( 2.453567387953426326, 29.94986226267107909, -32.80065443202566655 ) ) ;
#1817 = CARTESIAN_POINT ( 'NONE',  ( 2.365815953895060275, 29.62230043366175636, 33.61297397805285669 ) ) ;
#1818 = CARTESIAN_POINT ( 'NONE',  ( -1.354061739223345606, 30.00000000000000000, -33.85615338233036198 ) ) ;
#1819 = EDGE_CURVE ( 'NONE', #50, #1418, #1770, .T. ) ;
#1820 = CARTESIAN_POINT ( 'NONE',  ( 1.414318063561911476, 28.55781328457227275, -33.81015204676209152 ) ) ;
#1821 = VERTEX_POINT ( 'NONE', #507 ) ;
#1822 =( LENGTH_UNIT ( ) NAMED_UNIT ( * ) SI_UNIT ( .MILLI., .METRE. ) );
#1823 =( NAMED_UNIT ( * ) PLANE_ANGLE_UNIT ( ) SI_UNIT ( $, .RADIAN. ) );
#1824 = CARTESIAN_POINT ( 'NONE',  ( 2.467861316369758917, 29.77200507376018734, 33.36743812895502970 ) ) ;
#1825 = EDGE_CURVE ( 'NONE', #1733, #433, #930, .T. ) ;
#1826 = CARTESIAN_POINT ( 'NONE',  ( -1.451818925407959204, 27.99999999999999645, 34.06855685746891282 ) ) ;
#1827 = CARTESIAN_POINT ( 'NONE',  ( 2.785551700919125295, 30.00000000000000000, -32.38240692997353420 ) ) ;
#1828 = CARTESIAN_POINT ( 'NONE',  ( -4.336808689942017736E-16, 27.99999999999999645, -0.002000791051989803115 ) ) ;
#1829 = CARTESIAN_POINT ( 'NONE',  ( -2.027121969342779551, 28.67591741152124030, 34.32531368091974144 ) ) ;
#1830 = EDGE_CURVE ( 'NONE', #235, #208, #960, .T. ) ;
#1831 = DIRECTION ( 'NONE',  ( 0.8660254037844336006, 0.000000000000000000, -0.5000000000000085487 ) ) ;
#1832 = CARTESIAN_POINT ( 'NONE',  ( 2.006692356999662419, 28.56376759084870898, 34.36357611105488985 ) ) ;
#1833 = ORIENTED_EDGE ( 'NONE', *, *, #263, .T. ) ;
#1834 = CARTESIAN_POINT ( 'NONE',  ( 0.000000000000000000, 0.000000000000000000, 0.000000000000000000 ) ) ;
#1835 = DIRECTION ( 'NONE',  ( 0.000000000000000000, 0.000000000000000000, 1.000000000000000000 ) ) ;
#1836 = CARTESIAN_POINT ( 'NONE',  ( 0.000000000000000000, 28.99999999999998934, 0.000000000000000000 ) ) ;
#1837 = CARTESIAN_POINT ( 'NONE',  ( -2.118802596154083062, 29.03918898866305298, 34.14625399512993198 ) ) ;
#1838 = PRESENTATION_LAYER_ASSIGNMENT (  '', '', ( #57 ) ) ;
#1839 = CARTESIAN_POINT ( 'NONE',  ( 2.736756987059579593, 29.99999999999999645, -32.64624079569798454 ) ) ;
ENDSEC;
END-ISO-10303-21;
