ISO-10303-21;
HEADER;
/* Generated by software containing ST-Developer
 * from STEP Tools, Inc. (www.steptools.com) 
 */

FILE_DESCRIPTION(
/* description */ ('Alibre Inc.'),
/* implementation_level */ '2;1');

FILE_NAME(
/* name */ 'export-CF5C3C6F-44DF-4A1C-994D-81AF896E7BD6',
/* time_stamp */ '2025-11-08T18:54:17-06:00',
/* author */ (''),
/* organization */ (''),
/* preprocessor_version */ 'ST-DEVELOPER v17',
/* originating_system */ 'Alibre',
/* authorisation */ '');

FILE_SCHEMA (('CONFIG_CONTROL_DESIGN'));
ENDSEC;

DATA;
#10=MECHANICAL_CONTEXT('detailed design',#18,'mechanical');
#11=PRODUCT_RELATED_PRODUCT_CATEGORY('detail','',(#98));
#12=CC_DESIGN_SECURITY_CLASSIFICATION(#14,(#97));
#13=SECURITY_CLASSIFICATION_LEVEL('unclassified');
#14=SECURITY_CLASSIFICATION('name','Security for version',#13);
#15=SHAPE_DEFINITION_REPRESENTATION(#16,#1965);
#16=PRODUCT_DEFINITION_SHAPE('','DefinitionDesc',#96);
#17=APPLICATION_PROTOCOL_DEFINITION('AP definition status',
'config_control_design',1994,#18);
#18=APPLICATION_CONTEXT(
'control the configuration of three dimensional design');
#19=DESIGN_CONTEXT('detailed design',#18,'design');
#20=PERSON_AND_ORGANIZATION_ROLE('creator');
#21=PERSON_AND_ORGANIZATION_ROLE('classification_officer');
#22=PERSON_AND_ORGANIZATION_ROLE('creator');
#23=PERSON_AND_ORGANIZATION_ROLE('design_supplier');
#24=PERSON_AND_ORGANIZATION_ROLE('design_owner');
#25=CC_DESIGN_PERSON_AND_ORGANIZATION_ASSIGNMENT(#57,#20,(#96));
#26=CC_DESIGN_PERSON_AND_ORGANIZATION_ASSIGNMENT(#60,#21,(#14));
#27=CC_DESIGN_PERSON_AND_ORGANIZATION_ASSIGNMENT(#61,#22,(#97));
#28=CC_DESIGN_PERSON_AND_ORGANIZATION_ASSIGNMENT(#62,#23,(#97));
#29=CC_DESIGN_PERSON_AND_ORGANIZATION_ASSIGNMENT(#63,#24,(#98));
#30=DATE_TIME_ROLE('creation_date');
#31=DATE_TIME_ROLE('classification_date');
#32=CC_DESIGN_DATE_AND_TIME_ASSIGNMENT(#86,#30,(#96));
#33=CC_DESIGN_DATE_AND_TIME_ASSIGNMENT(#89,#31,(#14));
#34=CC_DESIGN_APPROVAL(#93,(#96));
#35=CC_DESIGN_APPROVAL(#94,(#97));
#36=CC_DESIGN_APPROVAL(#95,(#14));
#37=APPROVAL_PERSON_ORGANIZATION(#56,#93,#64);
#38=APPROVAL_PERSON_ORGANIZATION(#58,#94,#65);
#39=APPROVAL_PERSON_ORGANIZATION(#59,#95,#66);
#40=ORGANIZATION('DEFINITION_APPROVEDBY_ORG_ID',
'DEFINITION_APPROVEDBY_ORG_NAME','DEFINITION_APPROVEDBY_ORG_DESCR');
#41=ORGANIZATION('DEF_CREATOR_ORG_ID','DEF_CREATOR_ORG_NAME',
'DEF_CREATOR_ORG_DESCR');
#42=ORGANIZATION('APPROVEDBY_ORG_ID','APPROVEDBY_ORG_NAME',
'APPROVEDBY_ORG_DESCR');
#43=ORGANIZATION('SECURITY_APPROVEDBY_ORG_ID',
'SECURITY_APPROVEDBY_ORG_NAME','SECURITY_APPROVEDBY_ORG_DESCR');
#44=ORGANIZATION('CLASSOFFICER_ORG_ID','CLASSOFFICER_ORG_NAME',
'CLASSOFFICER_ORG_DESCR');
#45=ORGANIZATION('CREATOR_ORG_ID','CREATOR_ORG_NAME',
'CREATOR_ORG_DESCR');
#46=ORGANIZATION('SUPPLIER_ORG_ID','SUPPLIER_ORG_NAME',
'SUPPLIER_ORG_DESCR');
#47=ORGANIZATION('OWNER_ORG_ID','OWNER_ORG_NAME','OWNER_ORG_DESCR');
#48=PERSON('DEFINITION_approverID','DEFINITION_APPROVEDBY_LASTNAME',
'DEFINITION_APPROVEDBY_FIRSTNAME',$,$,$);
#49=PERSON('DEF_createrID','DEF_CREATOR_LASTNAME',
'DEF_CREATOR_FIRSTNAME',$,$,$);
#50=PERSON('approverID','APPROVEDBY_LASTNAME','APPROVEDBY_FIRSTNAME',$,
$,$);
#51=PERSON('SECURITY_approverID','SECURITY_LASTNAME',
'SECURITY_APPROVEDBY_FIRSTNAME',$,$,$);
#52=PERSON('classifierID','CLASSOFFICER_LASTNAME',
'CLASSOFFICER_FIRSTNAME',$,$,$);
#53=PERSON('createrID','CREATOR_LASTNAME','CREATOR_FIRSTNAME',$,$,$);
#54=PERSON('supplierID','SUPPLIER_LASTNAME','SUPPLIER_FIRSTNAME',$,$,$);
#55=PERSON('ownerID','OWNER_LASTNAME','OWNER_FIRSTNAME',$,$,$);
#56=PERSON_AND_ORGANIZATION(#48,#40);
#57=PERSON_AND_ORGANIZATION(#49,#41);
#58=PERSON_AND_ORGANIZATION(#50,#42);
#59=PERSON_AND_ORGANIZATION(#51,#43);
#60=PERSON_AND_ORGANIZATION(#52,#44);
#61=PERSON_AND_ORGANIZATION(#53,#45);
#62=PERSON_AND_ORGANIZATION(#54,#46);
#63=PERSON_AND_ORGANIZATION(#55,#47);
#64=APPROVAL_ROLE('definition_approval');
#65=APPROVAL_ROLE('version_approval');
#66=APPROVAL_ROLE('security_approval');
#67=APPROVAL_DATE_TIME(#85,#93);
#68=APPROVAL_DATE_TIME(#87,#94);
#69=APPROVAL_DATE_TIME(#88,#95);
#70=COORDINATED_UNIVERSAL_TIME_OFFSET(5,0,.BEHIND.);
#71=COORDINATED_UNIVERSAL_TIME_OFFSET(5,0,.BEHIND.);
#72=COORDINATED_UNIVERSAL_TIME_OFFSET(5,0,.BEHIND.);
#73=COORDINATED_UNIVERSAL_TIME_OFFSET(5,0,.BEHIND.);
#74=COORDINATED_UNIVERSAL_TIME_OFFSET(5,0,.BEHIND.);
#75=LOCAL_TIME(6,25,33.,#70);
#76=LOCAL_TIME(6,25,33.,#71);
#77=LOCAL_TIME(6,25,33.,#72);
#78=LOCAL_TIME(6,25,33.,#73);
#79=LOCAL_TIME(6,25,33.,#74);
#80=CALENDAR_DATE(2025,28,10);
#81=CALENDAR_DATE(2025,28,10);
#82=CALENDAR_DATE(2025,28,10);
#83=CALENDAR_DATE(2025,28,10);
#84=CALENDAR_DATE(2025,28,10);
#85=DATE_AND_TIME(#80,#75);
#86=DATE_AND_TIME(#81,#76);
#87=DATE_AND_TIME(#82,#77);
#88=DATE_AND_TIME(#83,#78);
#89=DATE_AND_TIME(#84,#79);
#90=APPROVAL_STATUS('not_yet_approved');
#91=APPROVAL_STATUS('not_yet_approved');
#92=APPROVAL_STATUS('not_yet_approved');
#93=APPROVAL(#90,'defintion approval');
#94=APPROVAL(#91,'version approval');
#95=APPROVAL(#92,'security approval');
#96=PRODUCT_DEFINITION('DefinitionID','DefinitionDesc',#97,#19);
#97=PRODUCT_DEFINITION_FORMATION_WITH_SPECIFIED_SOURCE(
'PRODUCT_VERSION_ID','PRODUCT_VERSION_DESCR',#98,.NOT_KNOWN.);
#98=PRODUCT('Peloton_7_flat','Merach','',(#10));
#99=(
LENGTH_UNIT()
NAMED_UNIT(*)
SI_UNIT(.MILLI.,.METRE.)
);
#100=(
NAMED_UNIT(*)
PLANE_ANGLE_UNIT()
SI_UNIT($,.RADIAN.)
);
#101=(
NAMED_UNIT(*)
SI_UNIT($,.STERADIAN.)
SOLID_ANGLE_UNIT()
);
#102=UNCERTAINTY_MEASURE_WITH_UNIT(LENGTH_MEASURE(1.E-6),#99,
'DISTANCE_ACCURACY_VALUE',
'Maximum model space distance between geometric entities at asserted c
onnectivities');
#103=(
GEOMETRIC_REPRESENTATION_CONTEXT(3)
GLOBAL_UNCERTAINTY_ASSIGNED_CONTEXT((#102))
GLOBAL_UNIT_ASSIGNED_CONTEXT((#101,#100,#99))
REPRESENTATION_CONTEXT('ID1','3D')
);
#104=B_SPLINE_SURFACE_WITH_KNOTS('',3,3,((#1726,#1727,#1728,#1729,#1730,
#1731,#1732,#1733,#1734,#1735),(#1736,#1737,#1738,#1739,#1740,#1741,#1742,
#1743,#1744,#1745),(#1746,#1747,#1748,#1749,#1750,#1751,#1752,#1753,#1754,
#1755),(#1756,#1757,#1758,#1759,#1760,#1761,#1762,#1763,#1764,#1765),(#1766,
#1767,#1768,#1769,#1770,#1771,#1772,#1773,#1774,#1775),(#1776,#1777,#1778,
#1779,#1780,#1781,#1782,#1783,#1784,#1785)),.UNSPECIFIED.,.F.,.F.,.U.,(4,
2,4),(4,2,2,2,4),(0.,0.5,1.),(-0.00514498702427007,0.0509966248708562,0.140823203903058,
0.284545730354582,0.432759585757715),.UNSPECIFIED.);
#105=B_SPLINE_SURFACE_WITH_KNOTS('',3,3,((#1811,#1812,#1813,#1814,#1815,
#1816,#1817,#1818,#1819,#1820),(#1821,#1822,#1823,#1824,#1825,#1826,#1827,
#1828,#1829,#1830),(#1831,#1832,#1833,#1834,#1835,#1836,#1837,#1838,#1839,
#1840),(#1841,#1842,#1843,#1844,#1845,#1846,#1847,#1848,#1849,#1850),(#1851,
#1852,#1853,#1854,#1855,#1856,#1857,#1858,#1859,#1860),(#1861,#1862,#1863,
#1864,#1865,#1866,#1867,#1868,#1869,#1870)),.UNSPECIFIED.,.F.,.F.,.U.,(4,
2,4),(4,2,2,2,4),(0.,0.5,1.),(-0.000874727685511911,0.0552632900048679,
0.145084118309476,0.288797443596848,0.437001810299451),.UNSPECIFIED.);
#106=CYLINDRICAL_SURFACE('',#1033,1.00000000000002);
#107=CYLINDRICAL_SURFACE('',#1035,0.999999999999926);
#108=CYLINDRICAL_SURFACE('',#1037,1.49999999999994);
#109=CYLINDRICAL_SURFACE('',#1039,0.999999999999974);
#110=CYLINDRICAL_SURFACE('',#1041,1.00000000000003);
#111=CYLINDRICAL_SURFACE('',#1051,34.5);
#112=CYLINDRICAL_SURFACE('',#1053,0.500000000000077);
#113=CYLINDRICAL_SURFACE('',#1055,1.50000000000009);
#114=CYLINDRICAL_SURFACE('',#1057,0.499999999999977);
#115=CYLINDRICAL_SURFACE('',#1059,34.5);
#116=TOROIDAL_SURFACE('',#1028,2.24599999999994,0.746);
#117=TOROIDAL_SURFACE('',#1044,33.754,0.746);
#118=TOROIDAL_SURFACE('',#1047,2.24600000000009,0.746);
#119=TOROIDAL_SURFACE('',#1049,33.754,0.746);
#120=B_SPLINE_CURVE_WITH_KNOTS('',3,(#1453,#1454,#1455,#1456,#1457,#1458,
#1459,#1460,#1461,#1462,#1463,#1464,#1465,#1466,#1467,#1468,#1469,#1470,
#1471,#1472,#1473,#1474,#1475,#1476,#1477,#1478),.UNSPECIFIED.,.F.,.U.,
(4,2,2,2,2,2,2,2,2,2,2,2,4),(-0.00227815130404413,0.,0.156833859049147,
0.31815960894109,0.608901400140681,0.896755062805842,1.18323655302418,1.46971804324253,
1.7575717059077,2.04831349710732,2.2096392469993,2.3664731060505,2.3687512573544),
 .UNSPECIFIED.);
#121=B_SPLINE_CURVE_WITH_KNOTS('',3,(#1480,#1481,#1482,#1483,#1484,#1485,
#1486,#1487,#1488,#1489,#1490,#1491,#1492,#1493,#1494,#1495,#1496,#1497,
#1498,#1499,#1500,#1501,#1502,#1503,#1504,#1505,#1506,#1507,#1508,#1509,
#1510,#1511,#1512,#1513,#1514,#1515,#1516,#1517,#1518,#1519,#1520,#1521,
#1522,#1523,#1524,#1525,#1526,#1527,#1528,#1529),.UNSPECIFIED.,.T.,.U.,
(4,2,2,2,2,2,2,2,2,2,2,2,2,2,2,2,2,2,2,2,2,2,2,2,4),(0.,0.177541742655885,
0.388495187395264,0.665104498771501,0.956699571138282,1.19336423576338,
1.42252578237442,1.65366419617514,1.89945808241917,2.1972451653657,2.50557330015963,
2.73789888294154,2.92136726778459,3.10042524639958,3.31709876564806,3.58950023396326,
3.86842127162018,4.10877691488547,4.34056122976312,4.56542077606946,4.83316571562246,
5.13003207501116,5.42044391997231,5.57726306554303,5.72844930204805),
 .UNSPECIFIED.);
#122=B_SPLINE_CURVE_WITH_KNOTS('',3,(#1539,#1540,#1541,#1542,#1543,#1544,
#1545,#1546,#1547,#1548,#1549,#1550,#1551,#1552,#1553,#1554,#1555,#1556,
#1557,#1558,#1559,#1560,#1561,#1562,#1563,#1564),.UNSPECIFIED.,.F.,.U.,
(4,2,2,2,2,2,2,2,2,2,2,2,4),(-0.00227815130782492,0.,0.156833859131419,
0.318159609190669,0.608901400691807,0.896755063655445,1.18323655417073,
1.46971804468602,1.75757170764966,2.04831349915078,2.20963924921002,2.36647310833752,
2.36875125964549),.UNSPECIFIED.);
#123=B_SPLINE_CURVE_WITH_KNOTS('',3,(#1568,#1569,#1570,#1571,#1572,#1573,
#1574,#1575,#1576,#1577,#1578,#1579,#1580,#1581,#1582,#1583,#1584,#1585,
#1586,#1587,#1588,#1589,#1590,#1591,#1592,#1593,#1594,#1595,#1596,#1597,
#1598,#1599,#1600,#1601,#1602,#1603,#1604,#1605,#1606,#1607,#1608,#1609,
#1610,#1611,#1612,#1613,#1614,#1615,#1616,#1617),.UNSPECIFIED.,.T.,.U.,
(4,2,2,2,2,2,2,2,2,2,2,2,2,2,2,2,2,2,2,2,2,2,2,2,4),(0.,0.177541742655949,
0.38849518739547,0.665104498771837,0.95669957113875,1.19336423576399,1.42252578237513,
1.65366419617584,1.89945808241989,2.19724516536615,2.50557330015958,2.73789888294117,
2.92136726778406,3.10042524639891,3.31709876564764,3.58950023396357,3.86842127162103,
4.10877691488668,4.34056122976467,4.56542077607129,4.83316571562464,5.13003207501357,
5.420443919975,5.57726306554583,5.72844930205088),.UNSPECIFIED.);
#124=B_SPLINE_CURVE_WITH_KNOTS('',3,(#1625,#1626,#1627,#1628,#1629,#1630,
#1631,#1632,#1633,#1634,#1635,#1636,#1637,#1638,#1639,#1640,#1641,#1642,
#1643,#1644,#1645,#1646,#1647,#1648,#1649,#1650,#1651,#1652,#1653,#1654,
#1655,#1656,#1657,#1658,#1659,#1660,#1661,#1662,#1663,#1664,#1665,#1666),
 .UNSPECIFIED.,.T.,.U.,(4,2,2,2,2,2,2,2,2,2,2,2,2,2,2,2,2,2,2,2,4),(0.,
0.182480311013617,0.413182677592836,0.737713848668384,1.00444347665098,
1.22961563432346,1.44597939595719,1.68810956081861,1.98975373211087,2.23913858652852,
2.45101443542555,2.67128289913727,2.95897605088822,3.22979491940982,3.45750966385305,
3.67561146995615,3.91763465749215,4.22812953451886,4.4570050216393,4.56870195148952,
4.67866158300505),.UNSPECIFIED.);
#125=B_SPLINE_CURVE_WITH_KNOTS('',3,(#1680,#1681,#1682,#1683,#1684,#1685,
#1686,#1687,#1688,#1689,#1690,#1691,#1692,#1693,#1694,#1695,#1696,#1697,
#1698,#1699,#1700,#1701,#1702,#1703,#1704,#1705,#1706,#1707,#1708,#1709,
#1710,#1711,#1712,#1713,#1714,#1715,#1716,#1717,#1718,#1719,#1720,#1721),
 .UNSPECIFIED.,.T.,.U.,(4,2,2,2,2,2,2,2,2,2,2,2,2,2,2,2,2,2,2,2,4),(0.,
0.182480299817675,0.413182612058347,0.73771375048995,1.00444339325106,1.22961556348199,
1.44597932330843,1.68810944548589,1.98975358874208,2.23913849492752,2.45101435457082,
2.67128276152007,2.95897583976883,3.22979478707058,3.45750957606543,3.67561138838242,
3.91763450956341,4.22812927878981,4.45700494931116,4.56870202313945,4.67866182010391),
 .UNSPECIFIED.);
#126=B_SPLINE_CURVE_WITH_KNOTS('',3,(#1789,#1790,#1791,#1792,#1793,#1794,
#1795,#1796,#1797,#1798),.UNSPECIFIED.,.F.,.U.,(4,2,2,2,4),(-0.00514498702427007,
0.0509966248708562,0.140823203903058,0.284545730354582,0.432759585757715),
 .UNSPECIFIED.);
#127=B_SPLINE_CURVE_WITH_KNOTS('',3,(#1799,#1800,#1801,#1802,#1803,#1804,
#1805,#1806,#1807,#1808),.UNSPECIFIED.,.F.,.U.,(4,2,2,2,4),(-0.00514498702427007,
0.0509966248708562,0.140823203903058,0.284545730354582,0.432759585757715),
 .UNSPECIFIED.);
#128=B_SPLINE_CURVE_WITH_KNOTS('',3,(#1874,#1875,#1876,#1877,#1878,#1879,
#1880,#1881,#1882,#1883),.UNSPECIFIED.,.F.,.U.,(4,2,2,2,4),(-0.000874727685511911,
0.0552632900048679,0.145084118309476,0.288797443596848,0.437001810299451),
 .UNSPECIFIED.);
#129=B_SPLINE_CURVE_WITH_KNOTS('',3,(#1884,#1885,#1886,#1887,#1888,#1889,
#1890,#1891,#1892,#1893),.UNSPECIFIED.,.F.,.U.,(4,2,2,2,4),(-0.000874727685511911,
0.0552632900048679,0.145084118309476,0.288797443596848,0.437001810299451),
 .UNSPECIFIED.);
#130=DEGENERATE_TOROIDAL_SURFACE('',#1025,0.253999999999974,0.746,.T.);
#131=DEGENERATE_TOROIDAL_SURFACE('',#1031,0.253999999999926,0.746,.T.);
#132=CIRCLE('',#1019,33.754);
#133=CIRCLE('',#1020,2.24600000000009);
#134=CIRCLE('',#1021,33.754);
#135=CIRCLE('',#1022,0.253999999999974);
#136=CIRCLE('',#1023,2.24599999999994);
#137=CIRCLE('',#1024,0.253999999999926);
#138=CIRCLE('',#1026,0.999999999999974);
#139=CIRCLE('',#1027,0.745999999999998);
#140=CIRCLE('',#1029,0.745999999999959);
#141=CIRCLE('',#1030,1.49999999999994);
#142=CIRCLE('',#1032,0.999999999999925);
#143=CIRCLE('',#1034,1.00000000000002);
#144=CIRCLE('',#1036,0.999999999999926);
#145=CIRCLE('',#1038,1.49999999999994);
#146=CIRCLE('',#1040,0.999999999999974);
#147=CIRCLE('',#1042,1.00000000000003);
#148=CIRCLE('',#1043,0.500000000000076);
#149=CIRCLE('',#1045,34.5);
#150=CIRCLE('',#1046,0.49999999999997);
#151=CIRCLE('',#1048,1.50000000000009);
#152=CIRCLE('',#1050,34.5);
#153=CIRCLE('',#1052,34.5);
#154=CIRCLE('',#1054,0.500000000000077);
#155=CIRCLE('',#1056,1.50000000000004);
#156=CIRCLE('',#1058,0.499999999999977);
#157=CIRCLE('',#1060,34.5);
#158=VERTEX_POINT('',#1279);
#159=VERTEX_POINT('',#1280);
#160=VERTEX_POINT('',#1282);
#161=VERTEX_POINT('',#1284);
#162=VERTEX_POINT('',#1288);
#163=VERTEX_POINT('',#1290);
#164=VERTEX_POINT('',#1294);
#165=VERTEX_POINT('',#1296);
#166=VERTEX_POINT('',#1300);
#167=VERTEX_POINT('',#1302);
#168=VERTEX_POINT('',#1306);
#169=VERTEX_POINT('',#1308);
#170=VERTEX_POINT('',#1312);
#171=VERTEX_POINT('',#1314);
#172=VERTEX_POINT('',#1318);
#173=VERTEX_POINT('',#1320);
#174=VERTEX_POINT('',#1324);
#175=VERTEX_POINT('',#1326);
#176=VERTEX_POINT('',#1330);
#177=VERTEX_POINT('',#1332);
#178=VERTEX_POINT('',#1336);
#179=VERTEX_POINT('',#1338);
#180=VERTEX_POINT('',#1342);
#181=VERTEX_POINT('',#1344);
#182=VERTEX_POINT('',#1351);
#183=VERTEX_POINT('',#1353);
#184=VERTEX_POINT('',#1357);
#185=VERTEX_POINT('',#1361);
#186=VERTEX_POINT('',#1365);
#187=VERTEX_POINT('',#1369);
#188=VERTEX_POINT('',#1373);
#189=VERTEX_POINT('',#1378);
#190=VERTEX_POINT('',#1379);
#191=VERTEX_POINT('',#1384);
#192=VERTEX_POINT('',#1385);
#193=VERTEX_POINT('',#1390);
#194=VERTEX_POINT('',#1394);
#195=VERTEX_POINT('',#1398);
#196=VERTEX_POINT('',#1400);
#197=VERTEX_POINT('',#1404);
#198=VERTEX_POINT('',#1406);
#199=VERTEX_POINT('',#1410);
#200=VERTEX_POINT('',#1412);
#201=VERTEX_POINT('',#1416);
#202=VERTEX_POINT('',#1418);
#203=VERTEX_POINT('',#1422);
#204=VERTEX_POINT('',#1424);
#205=VERTEX_POINT('',#1430);
#206=VERTEX_POINT('',#1441);
#207=VERTEX_POINT('',#1442);
#208=VERTEX_POINT('',#1444);
#209=VERTEX_POINT('',#1446);
#210=VERTEX_POINT('',#1448);
#211=VERTEX_POINT('',#1450);
#212=VERTEX_POINT('',#1479);
#213=VERTEX_POINT('',#1530);
#214=VERTEX_POINT('',#1532);
#215=VERTEX_POINT('',#1536);
#216=VERTEX_POINT('',#1565);
#217=VERTEX_POINT('',#1567);
#218=VERTEX_POINT('',#1620);
#219=VERTEX_POINT('',#1622);
#220=VERTEX_POINT('',#1624);
#221=VERTEX_POINT('',#1669);
#222=VERTEX_POINT('',#1673);
#223=VERTEX_POINT('',#1677);
#224=VERTEX_POINT('',#1722);
#225=VERTEX_POINT('',#1724);
#226=VERTEX_POINT('',#1787);
#227=VERTEX_POINT('',#1788);
#228=VERTEX_POINT('',#1872);
#229=VERTEX_POINT('',#1873);
#230=VERTEX_POINT('',#1900);
#231=VERTEX_POINT('',#1904);
#232=VERTEX_POINT('',#1908);
#233=VERTEX_POINT('',#1912);
#234=VECTOR('',#1067,1.);
#235=VECTOR('',#1068,1.);
#236=VECTOR('',#1069,1.);
#237=VECTOR('',#1070,1.);
#238=VECTOR('',#1072,1.);
#239=VECTOR('',#1073,1.);
#240=VECTOR('',#1074,1.);
#241=VECTOR('',#1076,1.);
#242=VECTOR('',#1077,1.);
#243=VECTOR('',#1078,1.);
#244=VECTOR('',#1080,1.);
#245=VECTOR('',#1081,1.);
#246=VECTOR('',#1082,1.);
#247=VECTOR('',#1084,1.);
#248=VECTOR('',#1085,1.);
#249=VECTOR('',#1086,1.);
#250=VECTOR('',#1088,1.);
#251=VECTOR('',#1089,1.);
#252=VECTOR('',#1090,1.);
#253=VECTOR('',#1092,1.);
#254=VECTOR('',#1093,1.);
#255=VECTOR('',#1094,1.);
#256=VECTOR('',#1096,1.);
#257=VECTOR('',#1097,1.);
#258=VECTOR('',#1098,1.);
#259=VECTOR('',#1100,1.);
#260=VECTOR('',#1101,1.);
#261=VECTOR('',#1102,1.);
#262=VECTOR('',#1104,1.);
#263=VECTOR('',#1105,1.);
#264=VECTOR('',#1106,1.);
#265=VECTOR('',#1108,1.);
#266=VECTOR('',#1109,1.);
#267=VECTOR('',#1110,1.);
#268=VECTOR('',#1112,1.);
#269=VECTOR('',#1113,1.);
#270=VECTOR('',#1115,1.);
#271=VECTOR('',#1116,1.);
#272=VECTOR('',#1117,1.);
#273=VECTOR('',#1119,1.);
#274=VECTOR('',#1120,1.);
#275=VECTOR('',#1122,1.);
#276=VECTOR('',#1123,1.);
#277=VECTOR('',#1125,1.);
#278=VECTOR('',#1126,1.);
#279=VECTOR('',#1128,1.);
#280=VECTOR('',#1129,1.);
#281=VECTOR('',#1131,1.);
#282=VECTOR('',#1132,1.);
#283=VECTOR('',#1135,1.);
#284=VECTOR('',#1136,1.);
#285=VECTOR('',#1137,1.);
#286=VECTOR('',#1139,1.);
#287=VECTOR('',#1140,1.);
#288=VECTOR('',#1141,1.);
#289=VECTOR('',#1143,1.);
#290=VECTOR('',#1144,1.);
#291=VECTOR('',#1146,1.);
#292=VECTOR('',#1147,1.);
#293=VECTOR('',#1149,1.);
#294=VECTOR('',#1150,1.);
#295=VECTOR('',#1151,1.);
#296=VECTOR('',#1153,1.);
#297=VECTOR('',#1154,1.);
#298=VECTOR('',#1155,1.);
#299=VECTOR('',#1157,1.);
#300=VECTOR('',#1158,1.);
#301=VECTOR('',#1159,1.);
#302=VECTOR('',#1161,1.);
#303=VECTOR('',#1162,1.);
#304=VECTOR('',#1163,1.);
#305=VECTOR('',#1165,1.);
#306=VECTOR('',#1166,1.);
#307=VECTOR('',#1167,1.);
#308=VECTOR('',#1169,1.);
#309=VECTOR('',#1171,1.);
#310=VECTOR('',#1172,1.);
#311=VECTOR('',#1173,1.);
#312=VECTOR('',#1175,1.);
#313=VECTOR('',#1177,1.);
#314=VECTOR('',#1178,1.);
#315=VECTOR('',#1208,1.);
#316=VECTOR('',#1211,1.);
#317=VECTOR('',#1214,1.);
#318=VECTOR('',#1219,1.);
#319=VECTOR('',#1224,1.);
#320=VECTOR('',#1229,1.);
#321=VECTOR('',#1247,1.);
#322=VECTOR('',#1252,1.);
#323=VECTOR('',#1257,1.);
#324=VECTOR('',#1262,1.);
#325=VECTOR('',#1270,1.);
#326=VECTOR('',#1272,1.);
#327=VECTOR('',#1274,1.);
#328=LINE('',#1278,#234);
#329=LINE('',#1281,#235);
#330=LINE('',#1283,#236);
#331=LINE('',#1285,#237);
#332=LINE('',#1287,#238);
#333=LINE('',#1289,#239);
#334=LINE('',#1291,#240);
#335=LINE('',#1293,#241);
#336=LINE('',#1295,#242);
#337=LINE('',#1297,#243);
#338=LINE('',#1299,#244);
#339=LINE('',#1301,#245);
#340=LINE('',#1303,#246);
#341=LINE('',#1305,#247);
#342=LINE('',#1307,#248);
#343=LINE('',#1309,#249);
#344=LINE('',#1311,#250);
#345=LINE('',#1313,#251);
#346=LINE('',#1315,#252);
#347=LINE('',#1317,#253);
#348=LINE('',#1319,#254);
#349=LINE('',#1321,#255);
#350=LINE('',#1323,#256);
#351=LINE('',#1325,#257);
#352=LINE('',#1327,#258);
#353=LINE('',#1329,#259);
#354=LINE('',#1331,#260);
#355=LINE('',#1333,#261);
#356=LINE('',#1335,#262);
#357=LINE('',#1337,#263);
#358=LINE('',#1339,#264);
#359=LINE('',#1341,#265);
#360=LINE('',#1343,#266);
#361=LINE('',#1345,#267);
#362=LINE('',#1347,#268);
#363=LINE('',#1348,#269);
#364=LINE('',#1350,#270);
#365=LINE('',#1352,#271);
#366=LINE('',#1354,#272);
#367=LINE('',#1356,#273);
#368=LINE('',#1358,#274);
#369=LINE('',#1360,#275);
#370=LINE('',#1362,#276);
#371=LINE('',#1364,#277);
#372=LINE('',#1366,#278);
#373=LINE('',#1368,#279);
#374=LINE('',#1370,#280);
#375=LINE('',#1372,#281);
#376=LINE('',#1374,#282);
#377=LINE('',#1377,#283);
#378=LINE('',#1380,#284);
#379=LINE('',#1381,#285);
#380=LINE('',#1383,#286);
#381=LINE('',#1386,#287);
#382=LINE('',#1387,#288);
#383=LINE('',#1389,#289);
#384=LINE('',#1391,#290);
#385=LINE('',#1393,#291);
#386=LINE('',#1395,#292);
#387=LINE('',#1397,#293);
#388=LINE('',#1399,#294);
#389=LINE('',#1401,#295);
#390=LINE('',#1403,#296);
#391=LINE('',#1405,#297);
#392=LINE('',#1407,#298);
#393=LINE('',#1409,#299);
#394=LINE('',#1411,#300);
#395=LINE('',#1413,#301);
#396=LINE('',#1415,#302);
#397=LINE('',#1417,#303);
#398=LINE('',#1419,#304);
#399=LINE('',#1421,#305);
#400=LINE('',#1423,#306);
#401=LINE('',#1425,#307);
#402=LINE('',#1427,#308);
#403=LINE('',#1429,#309);
#404=LINE('',#1431,#310);
#405=LINE('',#1432,#311);
#406=LINE('',#1434,#312);
#407=LINE('',#1436,#313);
#408=LINE('',#1437,#314);
#409=LINE('',#1619,#315);
#410=LINE('',#1623,#316);
#411=LINE('',#1668,#317);
#412=LINE('',#1672,#318);
#413=LINE('',#1676,#319);
#414=LINE('',#1723,#320);
#415=LINE('',#1899,#321);
#416=LINE('',#1903,#322);
#417=LINE('',#1907,#323);
#418=LINE('',#1911,#324);
#419=LINE('',#1917,#325);
#420=LINE('',#1919,#326);
#421=LINE('',#1921,#327);
#422=EDGE_CURVE('',#158,#159,#328,.T.);
#423=EDGE_CURVE('',#159,#160,#329,.T.);
#424=EDGE_CURVE('',#160,#161,#330,.T.);
#425=EDGE_CURVE('',#158,#161,#331,.T.);
#426=EDGE_CURVE('',#159,#162,#332,.T.);
#427=EDGE_CURVE('',#162,#163,#333,.T.);
#428=EDGE_CURVE('',#163,#160,#334,.T.);
#429=EDGE_CURVE('',#162,#164,#335,.T.);
#430=EDGE_CURVE('',#164,#165,#336,.T.);
#431=EDGE_CURVE('',#165,#163,#337,.T.);
#432=EDGE_CURVE('',#164,#166,#338,.T.);
#433=EDGE_CURVE('',#166,#167,#339,.T.);
#434=EDGE_CURVE('',#167,#165,#340,.T.);
#435=EDGE_CURVE('',#166,#168,#341,.T.);
#436=EDGE_CURVE('',#168,#169,#342,.T.);
#437=EDGE_CURVE('',#169,#167,#343,.T.);
#438=EDGE_CURVE('',#168,#170,#344,.T.);
#439=EDGE_CURVE('',#170,#171,#345,.T.);
#440=EDGE_CURVE('',#171,#169,#346,.T.);
#441=EDGE_CURVE('',#170,#172,#347,.T.);
#442=EDGE_CURVE('',#172,#173,#348,.T.);
#443=EDGE_CURVE('',#173,#171,#349,.T.);
#444=EDGE_CURVE('',#172,#174,#350,.T.);
#445=EDGE_CURVE('',#174,#175,#351,.T.);
#446=EDGE_CURVE('',#175,#173,#352,.T.);
#447=EDGE_CURVE('',#174,#176,#353,.T.);
#448=EDGE_CURVE('',#176,#177,#354,.T.);
#449=EDGE_CURVE('',#177,#175,#355,.T.);
#450=EDGE_CURVE('',#176,#178,#356,.T.);
#451=EDGE_CURVE('',#178,#179,#357,.T.);
#452=EDGE_CURVE('',#179,#177,#358,.T.);
#453=EDGE_CURVE('',#178,#180,#359,.T.);
#454=EDGE_CURVE('',#180,#181,#360,.T.);
#455=EDGE_CURVE('',#181,#179,#361,.T.);
#456=EDGE_CURVE('',#180,#158,#362,.T.);
#457=EDGE_CURVE('',#161,#181,#363,.T.);
#458=EDGE_CURVE('',#182,#175,#364,.T.);
#459=EDGE_CURVE('',#183,#182,#365,.T.);
#460=EDGE_CURVE('',#183,#173,#366,.T.);
#461=EDGE_CURVE('',#184,#177,#367,.T.);
#462=EDGE_CURVE('',#182,#184,#368,.T.);
#463=EDGE_CURVE('',#185,#179,#369,.T.);
#464=EDGE_CURVE('',#184,#185,#370,.T.);
#465=EDGE_CURVE('',#186,#181,#371,.T.);
#466=EDGE_CURVE('',#185,#186,#372,.T.);
#467=EDGE_CURVE('',#187,#161,#373,.T.);
#468=EDGE_CURVE('',#186,#187,#374,.T.);
#469=EDGE_CURVE('',#188,#160,#375,.T.);
#470=EDGE_CURVE('',#187,#188,#376,.T.);
#471=EDGE_CURVE('',#189,#190,#377,.T.);
#472=EDGE_CURVE('',#190,#186,#378,.T.);
#473=EDGE_CURVE('',#189,#187,#379,.T.);
#474=EDGE_CURVE('',#191,#192,#380,.T.);
#475=EDGE_CURVE('',#192,#184,#381,.T.);
#476=EDGE_CURVE('',#185,#191,#382,.T.);
#477=EDGE_CURVE('',#192,#193,#383,.T.);
#478=EDGE_CURVE('',#193,#182,#384,.T.);
#479=EDGE_CURVE('',#193,#194,#385,.T.);
#480=EDGE_CURVE('',#194,#183,#386,.T.);
#481=EDGE_CURVE('',#194,#195,#387,.T.);
#482=EDGE_CURVE('',#195,#196,#388,.T.);
#483=EDGE_CURVE('',#196,#183,#389,.T.);
#484=EDGE_CURVE('',#195,#197,#390,.T.);
#485=EDGE_CURVE('',#197,#198,#391,.T.);
#486=EDGE_CURVE('',#198,#196,#392,.T.);
#487=EDGE_CURVE('',#197,#199,#393,.T.);
#488=EDGE_CURVE('',#199,#200,#394,.T.);
#489=EDGE_CURVE('',#200,#198,#395,.T.);
#490=EDGE_CURVE('',#199,#201,#396,.T.);
#491=EDGE_CURVE('',#201,#202,#397,.T.);
#492=EDGE_CURVE('',#202,#200,#398,.T.);
#493=EDGE_CURVE('',#201,#203,#399,.T.);
#494=EDGE_CURVE('',#203,#204,#400,.T.);
#495=EDGE_CURVE('',#204,#202,#401,.T.);
#496=EDGE_CURVE('',#190,#191,#402,.T.);
#497=EDGE_CURVE('',#203,#205,#403,.T.);
#498=EDGE_CURVE('',#205,#188,#404,.T.);
#499=EDGE_CURVE('',#188,#204,#405,.T.);
#500=EDGE_CURVE('',#205,#189,#406,.T.);
#501=EDGE_CURVE('',#202,#165,#407,.T.);
#502=EDGE_CURVE('',#204,#163,#408,.T.);
#503=EDGE_CURVE('',#206,#207,#132,.T.);
#504=EDGE_CURVE('',#208,#207,#133,.T.);
#505=EDGE_CURVE('',#208,#209,#134,.T.);
#506=EDGE_CURVE('',#210,#209,#135,.T.);
#507=EDGE_CURVE('',#211,#210,#136,.T.);
#508=EDGE_CURVE('',#206,#211,#137,.T.);
#509=EDGE_CURVE('',#209,#212,#120,.F.);
#510=EDGE_CURVE('',#212,#213,#121,.T.);
#511=EDGE_CURVE('',#213,#214,#138,.T.);
#512=EDGE_CURVE('',#214,#210,#139,.T.);
#513=EDGE_CURVE('',#215,#211,#140,.T.);
#514=EDGE_CURVE('',#214,#215,#141,.T.);
#515=EDGE_CURVE('',#206,#216,#122,.T.);
#516=EDGE_CURVE('',#215,#217,#142,.T.);
#517=EDGE_CURVE('',#217,#216,#123,.T.);
#518=EDGE_CURVE('',#217,#218,#409,.T.);
#519=EDGE_CURVE('',#218,#219,#143,.T.);
#520=EDGE_CURVE('',#220,#219,#410,.T.);
#521=EDGE_CURVE('',#216,#220,#124,.F.);
#522=EDGE_CURVE('',#215,#221,#411,.T.);
#523=EDGE_CURVE('',#221,#218,#144,.T.);
#524=EDGE_CURVE('',#214,#222,#412,.T.);
#525=EDGE_CURVE('',#222,#221,#145,.T.);
#526=EDGE_CURVE('',#213,#223,#413,.T.);
#527=EDGE_CURVE('',#223,#222,#146,.T.);
#528=EDGE_CURVE('',#224,#212,#125,.F.);
#529=EDGE_CURVE('',#224,#225,#414,.T.);
#530=EDGE_CURVE('',#225,#223,#147,.T.);
#531=EDGE_CURVE('',#226,#227,#148,.T.);
#532=EDGE_CURVE('',#227,#208,#126,.F.);
#533=EDGE_CURVE('',#208,#226,#127,.T.);
#534=EDGE_CURVE('',#227,#224,#149,.T.);
#535=EDGE_CURVE('',#228,#229,#150,.T.);
#536=EDGE_CURVE('',#229,#207,#128,.F.);
#537=EDGE_CURVE('',#207,#228,#129,.T.);
#538=EDGE_CURVE('',#229,#226,#151,.T.);
#539=EDGE_CURVE('',#220,#228,#152,.T.);
#540=EDGE_CURVE('',#227,#230,#415,.T.);
#541=EDGE_CURVE('',#230,#225,#153,.T.);
#542=EDGE_CURVE('',#226,#231,#416,.T.);
#543=EDGE_CURVE('',#231,#230,#154,.T.);
#544=EDGE_CURVE('',#229,#232,#417,.T.);
#545=EDGE_CURVE('',#232,#231,#155,.T.);
#546=EDGE_CURVE('',#228,#233,#418,.T.);
#547=EDGE_CURVE('',#233,#232,#156,.T.);
#548=EDGE_CURVE('',#219,#233,#157,.T.);
#549=EDGE_CURVE('',#196,#171,#419,.T.);
#550=EDGE_CURVE('',#198,#169,#420,.T.);
#551=EDGE_CURVE('',#200,#167,#421,.T.);
#552=ORIENTED_EDGE('',*,*,#422,.T.);
#553=ORIENTED_EDGE('',*,*,#423,.T.);
#554=ORIENTED_EDGE('',*,*,#424,.T.);
#555=ORIENTED_EDGE('',*,*,#425,.F.);
#556=ORIENTED_EDGE('',*,*,#426,.T.);
#557=ORIENTED_EDGE('',*,*,#427,.T.);
#558=ORIENTED_EDGE('',*,*,#428,.T.);
#559=ORIENTED_EDGE('',*,*,#423,.F.);
#560=ORIENTED_EDGE('',*,*,#429,.T.);
#561=ORIENTED_EDGE('',*,*,#430,.T.);
#562=ORIENTED_EDGE('',*,*,#431,.T.);
#563=ORIENTED_EDGE('',*,*,#427,.F.);
#564=ORIENTED_EDGE('',*,*,#432,.T.);
#565=ORIENTED_EDGE('',*,*,#433,.T.);
#566=ORIENTED_EDGE('',*,*,#434,.T.);
#567=ORIENTED_EDGE('',*,*,#430,.F.);
#568=ORIENTED_EDGE('',*,*,#435,.T.);
#569=ORIENTED_EDGE('',*,*,#436,.T.);
#570=ORIENTED_EDGE('',*,*,#437,.T.);
#571=ORIENTED_EDGE('',*,*,#433,.F.);
#572=ORIENTED_EDGE('',*,*,#438,.T.);
#573=ORIENTED_EDGE('',*,*,#439,.T.);
#574=ORIENTED_EDGE('',*,*,#440,.T.);
#575=ORIENTED_EDGE('',*,*,#436,.F.);
#576=ORIENTED_EDGE('',*,*,#441,.T.);
#577=ORIENTED_EDGE('',*,*,#442,.T.);
#578=ORIENTED_EDGE('',*,*,#443,.T.);
#579=ORIENTED_EDGE('',*,*,#439,.F.);
#580=ORIENTED_EDGE('',*,*,#444,.T.);
#581=ORIENTED_EDGE('',*,*,#445,.T.);
#582=ORIENTED_EDGE('',*,*,#446,.T.);
#583=ORIENTED_EDGE('',*,*,#442,.F.);
#584=ORIENTED_EDGE('',*,*,#447,.T.);
#585=ORIENTED_EDGE('',*,*,#448,.T.);
#586=ORIENTED_EDGE('',*,*,#449,.T.);
#587=ORIENTED_EDGE('',*,*,#445,.F.);
#588=ORIENTED_EDGE('',*,*,#450,.T.);
#589=ORIENTED_EDGE('',*,*,#451,.T.);
#590=ORIENTED_EDGE('',*,*,#452,.T.);
#591=ORIENTED_EDGE('',*,*,#448,.F.);
#592=ORIENTED_EDGE('',*,*,#453,.T.);
#593=ORIENTED_EDGE('',*,*,#454,.T.);
#594=ORIENTED_EDGE('',*,*,#455,.T.);
#595=ORIENTED_EDGE('',*,*,#451,.F.);
#596=ORIENTED_EDGE('',*,*,#456,.T.);
#597=ORIENTED_EDGE('',*,*,#425,.T.);
#598=ORIENTED_EDGE('',*,*,#457,.T.);
#599=ORIENTED_EDGE('',*,*,#454,.F.);
#600=ORIENTED_EDGE('',*,*,#446,.F.);
#601=ORIENTED_EDGE('',*,*,#458,.F.);
#602=ORIENTED_EDGE('',*,*,#459,.F.);
#603=ORIENTED_EDGE('',*,*,#460,.T.);
#604=ORIENTED_EDGE('',*,*,#449,.F.);
#605=ORIENTED_EDGE('',*,*,#461,.F.);
#606=ORIENTED_EDGE('',*,*,#462,.F.);
#607=ORIENTED_EDGE('',*,*,#458,.T.);
#608=ORIENTED_EDGE('',*,*,#452,.F.);
#609=ORIENTED_EDGE('',*,*,#463,.F.);
#610=ORIENTED_EDGE('',*,*,#464,.F.);
#611=ORIENTED_EDGE('',*,*,#461,.T.);
#612=ORIENTED_EDGE('',*,*,#455,.F.);
#613=ORIENTED_EDGE('',*,*,#465,.F.);
#614=ORIENTED_EDGE('',*,*,#466,.F.);
#615=ORIENTED_EDGE('',*,*,#463,.T.);
#616=ORIENTED_EDGE('',*,*,#457,.F.);
#617=ORIENTED_EDGE('',*,*,#467,.F.);
#618=ORIENTED_EDGE('',*,*,#468,.F.);
#619=ORIENTED_EDGE('',*,*,#465,.T.);
#620=ORIENTED_EDGE('',*,*,#424,.F.);
#621=ORIENTED_EDGE('',*,*,#469,.F.);
#622=ORIENTED_EDGE('',*,*,#470,.F.);
#623=ORIENTED_EDGE('',*,*,#467,.T.);
#624=ORIENTED_EDGE('',*,*,#422,.F.);
#625=ORIENTED_EDGE('',*,*,#456,.F.);
#626=ORIENTED_EDGE('',*,*,#453,.F.);
#627=ORIENTED_EDGE('',*,*,#450,.F.);
#628=ORIENTED_EDGE('',*,*,#447,.F.);
#629=ORIENTED_EDGE('',*,*,#444,.F.);
#630=ORIENTED_EDGE('',*,*,#441,.F.);
#631=ORIENTED_EDGE('',*,*,#438,.F.);
#632=ORIENTED_EDGE('',*,*,#435,.F.);
#633=ORIENTED_EDGE('',*,*,#432,.F.);
#634=ORIENTED_EDGE('',*,*,#429,.F.);
#635=ORIENTED_EDGE('',*,*,#426,.F.);
#636=ORIENTED_EDGE('',*,*,#471,.T.);
#637=ORIENTED_EDGE('',*,*,#472,.T.);
#638=ORIENTED_EDGE('',*,*,#468,.T.);
#639=ORIENTED_EDGE('',*,*,#473,.F.);
#640=ORIENTED_EDGE('',*,*,#474,.T.);
#641=ORIENTED_EDGE('',*,*,#475,.T.);
#642=ORIENTED_EDGE('',*,*,#464,.T.);
#643=ORIENTED_EDGE('',*,*,#476,.T.);
#644=ORIENTED_EDGE('',*,*,#477,.T.);
#645=ORIENTED_EDGE('',*,*,#478,.T.);
#646=ORIENTED_EDGE('',*,*,#462,.T.);
#647=ORIENTED_EDGE('',*,*,#475,.F.);
#648=ORIENTED_EDGE('',*,*,#479,.T.);
#649=ORIENTED_EDGE('',*,*,#480,.T.);
#650=ORIENTED_EDGE('',*,*,#459,.T.);
#651=ORIENTED_EDGE('',*,*,#478,.F.);
#652=ORIENTED_EDGE('',*,*,#481,.T.);
#653=ORIENTED_EDGE('',*,*,#482,.T.);
#654=ORIENTED_EDGE('',*,*,#483,.T.);
#655=ORIENTED_EDGE('',*,*,#480,.F.);
#656=ORIENTED_EDGE('',*,*,#484,.T.);
#657=ORIENTED_EDGE('',*,*,#485,.T.);
#658=ORIENTED_EDGE('',*,*,#486,.T.);
#659=ORIENTED_EDGE('',*,*,#482,.F.);
#660=ORIENTED_EDGE('',*,*,#487,.T.);
#661=ORIENTED_EDGE('',*,*,#488,.T.);
#662=ORIENTED_EDGE('',*,*,#489,.T.);
#663=ORIENTED_EDGE('',*,*,#485,.F.);
#664=ORIENTED_EDGE('',*,*,#490,.T.);
#665=ORIENTED_EDGE('',*,*,#491,.T.);
#666=ORIENTED_EDGE('',*,*,#492,.T.);
#667=ORIENTED_EDGE('',*,*,#488,.F.);
#668=ORIENTED_EDGE('',*,*,#493,.T.);
#669=ORIENTED_EDGE('',*,*,#494,.T.);
#670=ORIENTED_EDGE('',*,*,#495,.T.);
#671=ORIENTED_EDGE('',*,*,#491,.F.);
#672=ORIENTED_EDGE('',*,*,#496,.T.);
#673=ORIENTED_EDGE('',*,*,#476,.F.);
#674=ORIENTED_EDGE('',*,*,#466,.T.);
#675=ORIENTED_EDGE('',*,*,#472,.F.);
#676=ORIENTED_EDGE('',*,*,#497,.T.);
#677=ORIENTED_EDGE('',*,*,#498,.T.);
#678=ORIENTED_EDGE('',*,*,#499,.T.);
#679=ORIENTED_EDGE('',*,*,#494,.F.);
#680=ORIENTED_EDGE('',*,*,#500,.T.);
#681=ORIENTED_EDGE('',*,*,#473,.T.);
#682=ORIENTED_EDGE('',*,*,#470,.T.);
#683=ORIENTED_EDGE('',*,*,#498,.F.);
#684=ORIENTED_EDGE('',*,*,#431,.F.);
#685=ORIENTED_EDGE('',*,*,#501,.F.);
#686=ORIENTED_EDGE('',*,*,#495,.F.);
#687=ORIENTED_EDGE('',*,*,#502,.T.);
#688=ORIENTED_EDGE('',*,*,#428,.F.);
#689=ORIENTED_EDGE('',*,*,#502,.F.);
#690=ORIENTED_EDGE('',*,*,#499,.F.);
#691=ORIENTED_EDGE('',*,*,#469,.T.);
#692=ORIENTED_EDGE('',*,*,#503,.T.);
#693=ORIENTED_EDGE('',*,*,#504,.F.);
#694=ORIENTED_EDGE('',*,*,#505,.T.);
#695=ORIENTED_EDGE('',*,*,#506,.F.);
#696=ORIENTED_EDGE('',*,*,#507,.F.);
#697=ORIENTED_EDGE('',*,*,#508,.F.);
#698=ORIENTED_EDGE('',*,*,#474,.F.);
#699=ORIENTED_EDGE('',*,*,#496,.F.);
#700=ORIENTED_EDGE('',*,*,#471,.F.);
#701=ORIENTED_EDGE('',*,*,#500,.F.);
#702=ORIENTED_EDGE('',*,*,#497,.F.);
#703=ORIENTED_EDGE('',*,*,#493,.F.);
#704=ORIENTED_EDGE('',*,*,#490,.F.);
#705=ORIENTED_EDGE('',*,*,#487,.F.);
#706=ORIENTED_EDGE('',*,*,#484,.F.);
#707=ORIENTED_EDGE('',*,*,#481,.F.);
#708=ORIENTED_EDGE('',*,*,#479,.F.);
#709=ORIENTED_EDGE('',*,*,#477,.F.);
#710=ORIENTED_EDGE('',*,*,#509,.T.);
#711=ORIENTED_EDGE('',*,*,#510,.T.);
#712=ORIENTED_EDGE('',*,*,#511,.T.);
#713=ORIENTED_EDGE('',*,*,#512,.T.);
#714=ORIENTED_EDGE('',*,*,#506,.T.);
#715=ORIENTED_EDGE('',*,*,#513,.T.);
#716=ORIENTED_EDGE('',*,*,#507,.T.);
#717=ORIENTED_EDGE('',*,*,#512,.F.);
#718=ORIENTED_EDGE('',*,*,#514,.T.);
#719=ORIENTED_EDGE('',*,*,#515,.F.);
#720=ORIENTED_EDGE('',*,*,#508,.T.);
#721=ORIENTED_EDGE('',*,*,#513,.F.);
#722=ORIENTED_EDGE('',*,*,#516,.T.);
#723=ORIENTED_EDGE('',*,*,#517,.T.);
#724=ORIENTED_EDGE('',*,*,#517,.F.);
#725=ORIENTED_EDGE('',*,*,#518,.T.);
#726=ORIENTED_EDGE('',*,*,#519,.T.);
#727=ORIENTED_EDGE('',*,*,#520,.F.);
#728=ORIENTED_EDGE('',*,*,#521,.F.);
#729=ORIENTED_EDGE('',*,*,#516,.F.);
#730=ORIENTED_EDGE('',*,*,#522,.T.);
#731=ORIENTED_EDGE('',*,*,#523,.T.);
#732=ORIENTED_EDGE('',*,*,#518,.F.);
#733=ORIENTED_EDGE('',*,*,#514,.F.);
#734=ORIENTED_EDGE('',*,*,#524,.T.);
#735=ORIENTED_EDGE('',*,*,#525,.T.);
#736=ORIENTED_EDGE('',*,*,#522,.F.);
#737=ORIENTED_EDGE('',*,*,#511,.F.);
#738=ORIENTED_EDGE('',*,*,#526,.T.);
#739=ORIENTED_EDGE('',*,*,#527,.T.);
#740=ORIENTED_EDGE('',*,*,#524,.F.);
#741=ORIENTED_EDGE('',*,*,#510,.F.);
#742=ORIENTED_EDGE('',*,*,#528,.F.);
#743=ORIENTED_EDGE('',*,*,#529,.T.);
#744=ORIENTED_EDGE('',*,*,#530,.T.);
#745=ORIENTED_EDGE('',*,*,#526,.F.);
#746=ORIENTED_EDGE('',*,*,#531,.T.);
#747=ORIENTED_EDGE('',*,*,#532,.T.);
#748=ORIENTED_EDGE('',*,*,#533,.T.);
#749=ORIENTED_EDGE('',*,*,#532,.F.);
#750=ORIENTED_EDGE('',*,*,#534,.T.);
#751=ORIENTED_EDGE('',*,*,#528,.T.);
#752=ORIENTED_EDGE('',*,*,#509,.F.);
#753=ORIENTED_EDGE('',*,*,#505,.F.);
#754=ORIENTED_EDGE('',*,*,#535,.T.);
#755=ORIENTED_EDGE('',*,*,#536,.T.);
#756=ORIENTED_EDGE('',*,*,#537,.T.);
#757=ORIENTED_EDGE('',*,*,#533,.F.);
#758=ORIENTED_EDGE('',*,*,#504,.T.);
#759=ORIENTED_EDGE('',*,*,#536,.F.);
#760=ORIENTED_EDGE('',*,*,#538,.T.);
#761=ORIENTED_EDGE('',*,*,#537,.F.);
#762=ORIENTED_EDGE('',*,*,#503,.F.);
#763=ORIENTED_EDGE('',*,*,#515,.T.);
#764=ORIENTED_EDGE('',*,*,#521,.T.);
#765=ORIENTED_EDGE('',*,*,#539,.T.);
#766=ORIENTED_EDGE('',*,*,#534,.F.);
#767=ORIENTED_EDGE('',*,*,#540,.T.);
#768=ORIENTED_EDGE('',*,*,#541,.T.);
#769=ORIENTED_EDGE('',*,*,#529,.F.);
#770=ORIENTED_EDGE('',*,*,#531,.F.);
#771=ORIENTED_EDGE('',*,*,#542,.T.);
#772=ORIENTED_EDGE('',*,*,#543,.T.);
#773=ORIENTED_EDGE('',*,*,#540,.F.);
#774=ORIENTED_EDGE('',*,*,#538,.F.);
#775=ORIENTED_EDGE('',*,*,#544,.T.);
#776=ORIENTED_EDGE('',*,*,#545,.T.);
#777=ORIENTED_EDGE('',*,*,#542,.F.);
#778=ORIENTED_EDGE('',*,*,#535,.F.);
#779=ORIENTED_EDGE('',*,*,#546,.T.);
#780=ORIENTED_EDGE('',*,*,#547,.T.);
#781=ORIENTED_EDGE('',*,*,#544,.F.);
#782=ORIENTED_EDGE('',*,*,#539,.F.);
#783=ORIENTED_EDGE('',*,*,#520,.T.);
#784=ORIENTED_EDGE('',*,*,#548,.T.);
#785=ORIENTED_EDGE('',*,*,#546,.F.);
#786=ORIENTED_EDGE('',*,*,#443,.F.);
#787=ORIENTED_EDGE('',*,*,#460,.F.);
#788=ORIENTED_EDGE('',*,*,#483,.F.);
#789=ORIENTED_EDGE('',*,*,#549,.T.);
#790=ORIENTED_EDGE('',*,*,#440,.F.);
#791=ORIENTED_EDGE('',*,*,#549,.F.);
#792=ORIENTED_EDGE('',*,*,#486,.F.);
#793=ORIENTED_EDGE('',*,*,#550,.T.);
#794=ORIENTED_EDGE('',*,*,#437,.F.);
#795=ORIENTED_EDGE('',*,*,#550,.F.);
#796=ORIENTED_EDGE('',*,*,#489,.F.);
#797=ORIENTED_EDGE('',*,*,#551,.T.);
#798=ORIENTED_EDGE('',*,*,#434,.F.);
#799=ORIENTED_EDGE('',*,*,#551,.F.);
#800=ORIENTED_EDGE('',*,*,#492,.F.);
#801=ORIENTED_EDGE('',*,*,#501,.T.);
#802=ORIENTED_EDGE('',*,*,#547,.F.);
#803=ORIENTED_EDGE('',*,*,#548,.F.);
#804=ORIENTED_EDGE('',*,*,#519,.F.);
#805=ORIENTED_EDGE('',*,*,#523,.F.);
#806=ORIENTED_EDGE('',*,*,#525,.F.);
#807=ORIENTED_EDGE('',*,*,#527,.F.);
#808=ORIENTED_EDGE('',*,*,#530,.F.);
#809=ORIENTED_EDGE('',*,*,#541,.F.);
#810=ORIENTED_EDGE('',*,*,#543,.F.);
#811=ORIENTED_EDGE('',*,*,#545,.F.);
#812=EDGE_LOOP('',(#552,#553,#554,#555));
#813=EDGE_LOOP('',(#556,#557,#558,#559));
#814=EDGE_LOOP('',(#560,#561,#562,#563));
#815=EDGE_LOOP('',(#564,#565,#566,#567));
#816=EDGE_LOOP('',(#568,#569,#570,#571));
#817=EDGE_LOOP('',(#572,#573,#574,#575));
#818=EDGE_LOOP('',(#576,#577,#578,#579));
#819=EDGE_LOOP('',(#580,#581,#582,#583));
#820=EDGE_LOOP('',(#584,#585,#586,#587));
#821=EDGE_LOOP('',(#588,#589,#590,#591));
#822=EDGE_LOOP('',(#592,#593,#594,#595));
#823=EDGE_LOOP('',(#596,#597,#598,#599));
#824=EDGE_LOOP('',(#600,#601,#602,#603));
#825=EDGE_LOOP('',(#604,#605,#606,#607));
#826=EDGE_LOOP('',(#608,#609,#610,#611));
#827=EDGE_LOOP('',(#612,#613,#614,#615));
#828=EDGE_LOOP('',(#616,#617,#618,#619));
#829=EDGE_LOOP('',(#620,#621,#622,#623));
#830=EDGE_LOOP('',(#624,#625,#626,#627,#628,#629,#630,#631,#632,#633,#634,
#635));
#831=EDGE_LOOP('',(#636,#637,#638,#639));
#832=EDGE_LOOP('',(#640,#641,#642,#643));
#833=EDGE_LOOP('',(#644,#645,#646,#647));
#834=EDGE_LOOP('',(#648,#649,#650,#651));
#835=EDGE_LOOP('',(#652,#653,#654,#655));
#836=EDGE_LOOP('',(#656,#657,#658,#659));
#837=EDGE_LOOP('',(#660,#661,#662,#663));
#838=EDGE_LOOP('',(#664,#665,#666,#667));
#839=EDGE_LOOP('',(#668,#669,#670,#671));
#840=EDGE_LOOP('',(#672,#673,#674,#675));
#841=EDGE_LOOP('',(#676,#677,#678,#679));
#842=EDGE_LOOP('',(#680,#681,#682,#683));
#843=EDGE_LOOP('',(#684,#685,#686,#687));
#844=EDGE_LOOP('',(#688,#689,#690,#691));
#845=EDGE_LOOP('',(#692,#693,#694,#695,#696,#697));
#846=EDGE_LOOP('',(#698,#699,#700,#701,#702,#703,#704,#705,#706,#707,#708,
#709));
#847=EDGE_LOOP('',(#710,#711,#712,#713,#714));
#848=EDGE_LOOP('',(#715,#716,#717,#718));
#849=EDGE_LOOP('',(#719,#720,#721,#722,#723));
#850=EDGE_LOOP('',(#724,#725,#726,#727,#728));
#851=EDGE_LOOP('',(#729,#730,#731,#732));
#852=EDGE_LOOP('',(#733,#734,#735,#736));
#853=EDGE_LOOP('',(#737,#738,#739,#740));
#854=EDGE_LOOP('',(#741,#742,#743,#744,#745));
#855=EDGE_LOOP('',(#746,#747,#748));
#856=EDGE_LOOP('',(#749,#750,#751,#752,#753));
#857=EDGE_LOOP('',(#754,#755,#756));
#858=EDGE_LOOP('',(#757,#758,#759,#760));
#859=EDGE_LOOP('',(#761,#762,#763,#764,#765));
#860=EDGE_LOOP('',(#766,#767,#768,#769));
#861=EDGE_LOOP('',(#770,#771,#772,#773));
#862=EDGE_LOOP('',(#774,#775,#776,#777));
#863=EDGE_LOOP('',(#778,#779,#780,#781));
#864=EDGE_LOOP('',(#782,#783,#784,#785));
#865=EDGE_LOOP('',(#786,#787,#788,#789));
#866=EDGE_LOOP('',(#790,#791,#792,#793));
#867=EDGE_LOOP('',(#794,#795,#796,#797));
#868=EDGE_LOOP('',(#798,#799,#800,#801));
#869=EDGE_LOOP('',(#802,#803,#804,#805,#806,#807,#808,#809,#810,#811));
#870=FACE_BOUND('',#812,.T.);
#871=FACE_BOUND('',#813,.T.);
#872=FACE_BOUND('',#814,.T.);
#873=FACE_BOUND('',#815,.T.);
#874=FACE_BOUND('',#816,.T.);
#875=FACE_BOUND('',#817,.T.);
#876=FACE_BOUND('',#818,.T.);
#877=FACE_BOUND('',#819,.T.);
#878=FACE_BOUND('',#820,.T.);
#879=FACE_BOUND('',#821,.T.);
#880=FACE_BOUND('',#822,.T.);
#881=FACE_BOUND('',#823,.T.);
#882=FACE_BOUND('',#824,.T.);
#883=FACE_BOUND('',#825,.T.);
#884=FACE_BOUND('',#826,.T.);
#885=FACE_BOUND('',#827,.T.);
#886=FACE_BOUND('',#828,.T.);
#887=FACE_BOUND('',#829,.T.);
#888=FACE_BOUND('',#830,.T.);
#889=FACE_BOUND('',#831,.T.);
#890=FACE_BOUND('',#832,.T.);
#891=FACE_BOUND('',#833,.T.);
#892=FACE_BOUND('',#834,.T.);
#893=FACE_BOUND('',#835,.T.);
#894=FACE_BOUND('',#836,.T.);
#895=FACE_BOUND('',#837,.T.);
#896=FACE_BOUND('',#838,.T.);
#897=FACE_BOUND('',#839,.T.);
#898=FACE_BOUND('',#840,.T.);
#899=FACE_BOUND('',#841,.T.);
#900=FACE_BOUND('',#842,.T.);
#901=FACE_BOUND('',#843,.T.);
#902=FACE_BOUND('',#844,.T.);
#903=FACE_BOUND('',#845,.T.);
#904=FACE_BOUND('',#846,.T.);
#905=FACE_BOUND('',#847,.T.);
#906=FACE_BOUND('',#848,.T.);
#907=FACE_BOUND('',#849,.T.);
#908=FACE_BOUND('',#850,.T.);
#909=FACE_BOUND('',#851,.T.);
#910=FACE_BOUND('',#852,.T.);
#911=FACE_BOUND('',#853,.T.);
#912=FACE_BOUND('',#854,.T.);
#913=FACE_BOUND('',#855,.T.);
#914=FACE_BOUND('',#856,.T.);
#915=FACE_BOUND('',#857,.T.);
#916=FACE_BOUND('',#858,.T.);
#917=FACE_BOUND('',#859,.T.);
#918=FACE_BOUND('',#860,.T.);
#919=FACE_BOUND('',#861,.T.);
#920=FACE_BOUND('',#862,.T.);
#921=FACE_BOUND('',#863,.T.);
#922=FACE_BOUND('',#864,.T.);
#923=FACE_BOUND('',#865,.T.);
#924=FACE_BOUND('',#866,.T.);
#925=FACE_BOUND('',#867,.T.);
#926=FACE_BOUND('',#868,.T.);
#927=FACE_BOUND('',#869,.T.);
#928=ADVANCED_FACE('',(#870),#1924,.T.);
#929=ADVANCED_FACE('',(#871),#1925,.T.);
#930=ADVANCED_FACE('',(#872),#1926,.T.);
#931=ADVANCED_FACE('',(#873),#1927,.T.);
#932=ADVANCED_FACE('',(#874),#1928,.T.);
#933=ADVANCED_FACE('',(#875),#1929,.T.);
#934=ADVANCED_FACE('',(#876),#1930,.T.);
#935=ADVANCED_FACE('',(#877),#1931,.T.);
#936=ADVANCED_FACE('',(#878),#1932,.T.);
#937=ADVANCED_FACE('',(#879),#1933,.T.);
#938=ADVANCED_FACE('',(#880),#1934,.T.);
#939=ADVANCED_FACE('',(#881),#1935,.T.);
#940=ADVANCED_FACE('',(#882),#1936,.F.);
#941=ADVANCED_FACE('',(#883),#1937,.F.);
#942=ADVANCED_FACE('',(#884),#1938,.F.);
#943=ADVANCED_FACE('',(#885),#1939,.F.);
#944=ADVANCED_FACE('',(#886),#1940,.F.);
#945=ADVANCED_FACE('',(#887),#1941,.F.);
#946=ADVANCED_FACE('',(#888),#1942,.T.);
#947=ADVANCED_FACE('',(#889),#1943,.T.);
#948=ADVANCED_FACE('',(#890),#1944,.T.);
#949=ADVANCED_FACE('',(#891),#1945,.T.);
#950=ADVANCED_FACE('',(#892),#1946,.T.);
#951=ADVANCED_FACE('',(#893),#1947,.T.);
#952=ADVANCED_FACE('',(#894),#1948,.T.);
#953=ADVANCED_FACE('',(#895),#1949,.T.);
#954=ADVANCED_FACE('',(#896),#1950,.T.);
#955=ADVANCED_FACE('',(#897),#1951,.T.);
#956=ADVANCED_FACE('',(#898),#1952,.T.);
#957=ADVANCED_FACE('',(#899),#1953,.T.);
#958=ADVANCED_FACE('',(#900),#1954,.T.);
#959=ADVANCED_FACE('',(#901),#1955,.F.);
#960=ADVANCED_FACE('',(#902),#1956,.F.);
#961=ADVANCED_FACE('',(#903,#904),#1957,.T.);
#962=ADVANCED_FACE('',(#905),#130,.T.);
#963=ADVANCED_FACE('',(#906),#116,.T.);
#964=ADVANCED_FACE('',(#907),#131,.T.);
#965=ADVANCED_FACE('',(#908),#106,.T.);
#966=ADVANCED_FACE('',(#909),#107,.T.);
#967=ADVANCED_FACE('',(#910),#108,.F.);
#968=ADVANCED_FACE('',(#911),#109,.T.);
#969=ADVANCED_FACE('',(#912),#110,.T.);
#970=ADVANCED_FACE('',(#913),#104,.F.);
#971=ADVANCED_FACE('',(#914),#117,.T.);
#972=ADVANCED_FACE('',(#915),#105,.F.);
#973=ADVANCED_FACE('',(#916),#118,.T.);
#974=ADVANCED_FACE('',(#917),#119,.T.);
#975=ADVANCED_FACE('',(#918),#111,.T.);
#976=ADVANCED_FACE('',(#919),#112,.T.);
#977=ADVANCED_FACE('',(#920),#113,.F.);
#978=ADVANCED_FACE('',(#921),#114,.T.);
#979=ADVANCED_FACE('',(#922),#115,.T.);
#980=ADVANCED_FACE('',(#923),#1958,.F.);
#981=ADVANCED_FACE('',(#924),#1959,.F.);
#982=ADVANCED_FACE('',(#925),#1960,.F.);
#983=ADVANCED_FACE('',(#926),#1961,.F.);
#984=ADVANCED_FACE('',(#927),#1962,.F.);
#985=AXIS2_PLACEMENT_3D('',#1277,#1066,$);
#986=AXIS2_PLACEMENT_3D('',#1286,#1071,$);
#987=AXIS2_PLACEMENT_3D('',#1292,#1075,$);
#988=AXIS2_PLACEMENT_3D('',#1298,#1079,$);
#989=AXIS2_PLACEMENT_3D('',#1304,#1083,$);
#990=AXIS2_PLACEMENT_3D('',#1310,#1087,$);
#991=AXIS2_PLACEMENT_3D('',#1316,#1091,$);
#992=AXIS2_PLACEMENT_3D('',#1322,#1095,$);
#993=AXIS2_PLACEMENT_3D('',#1328,#1099,$);
#994=AXIS2_PLACEMENT_3D('',#1334,#1103,$);
#995=AXIS2_PLACEMENT_3D('',#1340,#1107,$);
#996=AXIS2_PLACEMENT_3D('',#1346,#1111,$);
#997=AXIS2_PLACEMENT_3D('',#1349,#1114,$);
#998=AXIS2_PLACEMENT_3D('',#1355,#1118,$);
#999=AXIS2_PLACEMENT_3D('',#1359,#1121,$);
#1000=AXIS2_PLACEMENT_3D('',#1363,#1124,$);
#1001=AXIS2_PLACEMENT_3D('',#1367,#1127,$);
#1002=AXIS2_PLACEMENT_3D('',#1371,#1130,$);
#1003=AXIS2_PLACEMENT_3D('',#1375,#1133,$);
#1004=AXIS2_PLACEMENT_3D('',#1376,#1134,$);
#1005=AXIS2_PLACEMENT_3D('',#1382,#1138,$);
#1006=AXIS2_PLACEMENT_3D('',#1388,#1142,$);
#1007=AXIS2_PLACEMENT_3D('',#1392,#1145,$);
#1008=AXIS2_PLACEMENT_3D('',#1396,#1148,$);
#1009=AXIS2_PLACEMENT_3D('',#1402,#1152,$);
#1010=AXIS2_PLACEMENT_3D('',#1408,#1156,$);
#1011=AXIS2_PLACEMENT_3D('',#1414,#1160,$);
#1012=AXIS2_PLACEMENT_3D('',#1420,#1164,$);
#1013=AXIS2_PLACEMENT_3D('',#1426,#1168,$);
#1014=AXIS2_PLACEMENT_3D('',#1428,#1170,$);
#1015=AXIS2_PLACEMENT_3D('',#1433,#1174,$);
#1016=AXIS2_PLACEMENT_3D('',#1435,#1176,$);
#1017=AXIS2_PLACEMENT_3D('',#1438,#1179,$);
#1018=AXIS2_PLACEMENT_3D('',#1439,#1180,$);
#1019=AXIS2_PLACEMENT_3D('',#1440,#1181,#1182);
#1020=AXIS2_PLACEMENT_3D('',#1443,#1183,#1184);
#1021=AXIS2_PLACEMENT_3D('',#1445,#1185,#1186);
#1022=AXIS2_PLACEMENT_3D('',#1447,#1187,#1188);
#1023=AXIS2_PLACEMENT_3D('',#1449,#1189,#1190);
#1024=AXIS2_PLACEMENT_3D('',#1451,#1191,#1192);
#1025=AXIS2_PLACEMENT_3D('',#1452,#1193,$);
#1026=AXIS2_PLACEMENT_3D('',#1531,#1194,#1195);
#1027=AXIS2_PLACEMENT_3D('',#1533,#1196,#1197);
#1028=AXIS2_PLACEMENT_3D('',#1534,#1198,$);
#1029=AXIS2_PLACEMENT_3D('',#1535,#1199,#1200);
#1030=AXIS2_PLACEMENT_3D('',#1537,#1201,#1202);
#1031=AXIS2_PLACEMENT_3D('',#1538,#1203,$);
#1032=AXIS2_PLACEMENT_3D('',#1566,#1204,#1205);
#1033=AXIS2_PLACEMENT_3D('',#1618,#1206,#1207);
#1034=AXIS2_PLACEMENT_3D('',#1621,#1209,#1210);
#1035=AXIS2_PLACEMENT_3D('',#1667,#1212,#1213);
#1036=AXIS2_PLACEMENT_3D('',#1670,#1215,#1216);
#1037=AXIS2_PLACEMENT_3D('',#1671,#1217,#1218);
#1038=AXIS2_PLACEMENT_3D('',#1674,#1220,#1221);
#1039=AXIS2_PLACEMENT_3D('',#1675,#1222,#1223);
#1040=AXIS2_PLACEMENT_3D('',#1678,#1225,#1226);
#1041=AXIS2_PLACEMENT_3D('',#1679,#1227,#1228);
#1042=AXIS2_PLACEMENT_3D('',#1725,#1230,#1231);
#1043=AXIS2_PLACEMENT_3D('',#1786,#1232,#1233);
#1044=AXIS2_PLACEMENT_3D('',#1809,#1234,$);
#1045=AXIS2_PLACEMENT_3D('',#1810,#1235,#1236);
#1046=AXIS2_PLACEMENT_3D('',#1871,#1237,#1238);
#1047=AXIS2_PLACEMENT_3D('',#1894,#1239,$);
#1048=AXIS2_PLACEMENT_3D('',#1895,#1240,#1241);
#1049=AXIS2_PLACEMENT_3D('',#1896,#1242,$);
#1050=AXIS2_PLACEMENT_3D('',#1897,#1243,#1244);
#1051=AXIS2_PLACEMENT_3D('',#1898,#1245,#1246);
#1052=AXIS2_PLACEMENT_3D('',#1901,#1248,#1249);
#1053=AXIS2_PLACEMENT_3D('',#1902,#1250,#1251);
#1054=AXIS2_PLACEMENT_3D('',#1905,#1253,#1254);
#1055=AXIS2_PLACEMENT_3D('',#1906,#1255,#1256);
#1056=AXIS2_PLACEMENT_3D('',#1909,#1258,#1259);
#1057=AXIS2_PLACEMENT_3D('',#1910,#1260,#1261);
#1058=AXIS2_PLACEMENT_3D('',#1913,#1263,#1264);
#1059=AXIS2_PLACEMENT_3D('',#1914,#1265,#1266);
#1060=AXIS2_PLACEMENT_3D('',#1915,#1267,#1268);
#1061=AXIS2_PLACEMENT_3D('',#1916,#1269,$);
#1062=AXIS2_PLACEMENT_3D('',#1918,#1271,$);
#1063=AXIS2_PLACEMENT_3D('',#1920,#1273,$);
#1064=AXIS2_PLACEMENT_3D('',#1922,#1275,$);
#1065=AXIS2_PLACEMENT_3D('',#1923,#1276,$);
#1066=DIRECTION('',(0.612372435695794,0.707106781186548,0.353553390593274));
#1067=DIRECTION('',(0.500000000000001,0.,-0.866025403784438));
#1068=DIRECTION('',(-0.508589802709484,0.694746590606866,-0.508589802709476));
#1069=DIRECTION('',(-0.500000000000001,0.,0.866025403784438));
#1070=DIRECTION('',(-0.694746590606866,0.694746590606866,-0.186156787897387));
#1071=DIRECTION('',(0.353553390593276,0.707106781186546,0.612372435695794));
#1072=DIRECTION('',(0.866025403784437,0.,-0.500000000000003));
#1073=DIRECTION('',(-0.18615678789738,0.694746590606867,-0.694746590606867));
#1074=DIRECTION('',(-0.866025403784437,0.,0.500000000000003));
#1075=DIRECTION('',(0.,0.707106781186548,0.707106781186548));
#1076=DIRECTION('',(1.,0.,0.));
#1077=DIRECTION('',(0.186156787897388,0.694746590606865,-0.694746590606865));
#1078=DIRECTION('',(-1.,0.,0.));
#1079=DIRECTION('',(-0.353553390593274,0.707106781186548,0.612372435695794));
#1080=DIRECTION('',(0.866025403784438,0.,0.5));
#1081=DIRECTION('',(0.508589802709476,0.694746590606866,-0.508589802709484));
#1082=DIRECTION('',(-0.866025403784438,0.,-0.5));
#1083=DIRECTION('',(-0.612372435695794,0.707106781186546,0.353553390593276));
#1084=DIRECTION('',(0.500000000000003,0.,0.866025403784437));
#1085=DIRECTION('',(0.694746590606866,0.694746590606866,-0.186156787897381));
#1086=DIRECTION('',(-0.500000000000003,0.,-0.866025403784437));
#1087=DIRECTION('',(-0.707106781186548,0.707106781186548,0.));
#1088=DIRECTION('',(0.,0.,1.));
#1089=DIRECTION('',(0.694746590606865,0.694746590606865,0.186156787897388));
#1090=DIRECTION('',(0.,0.,-1.));
#1091=DIRECTION('',(-0.612372435695794,0.707106781186548,-0.353553390593274));
#1092=DIRECTION('',(-0.500000000000001,0.,0.866025403784438));
#1093=DIRECTION('',(0.508589802709483,0.694746590606865,0.508589802709478));
#1094=DIRECTION('',(0.500000000000001,0.,-0.866025403784438));
#1095=DIRECTION('',(-0.353553390593275,0.707106781186548,-0.612372435695793));
#1096=DIRECTION('',(-0.866025403784438,0.,0.500000000000002));
#1097=DIRECTION('',(0.186156787897388,0.694746590606865,0.694746590606865));
#1098=DIRECTION('',(0.866025403784438,0.,-0.500000000000002));
#1099=DIRECTION('',(0.,0.707106781186548,-0.707106781186548));
#1100=DIRECTION('',(-1.,0.,0.));
#1101=DIRECTION('',(-0.186156787897387,0.694746590606866,0.694746590606866));
#1102=DIRECTION('',(1.,0.,0.));
#1103=DIRECTION('',(0.353553390593275,0.707106781186547,-0.612372435695794));
#1104=DIRECTION('',(-0.866025403784438,0.,-0.500000000000001));
#1105=DIRECTION('',(-0.50858980270948,0.694746590606866,0.50858980270948));
#1106=DIRECTION('',(0.866025403784438,0.,0.500000000000001));
#1107=DIRECTION('',(0.612372435695794,0.707106781186547,-0.353553390593275));
#1108=DIRECTION('',(-0.500000000000001,0.,-0.866025403784438));
#1109=DIRECTION('',(-0.694746590606866,0.694746590606866,0.186156787897387));
#1110=DIRECTION('',(0.500000000000001,0.,0.866025403784438));
#1111=DIRECTION('',(0.707106781186548,0.707106781186548,0.));
#1112=DIRECTION('',(0.,0.,-1.));
#1113=DIRECTION('',(0.,0.,1.));
#1114=DIRECTION('',(0.500000000000002,0.,0.866025403784438));
#1115=DIRECTION('',(0.,-1.,0.));
#1116=DIRECTION('',(-0.866025403784438,0.,0.500000000000002));
#1117=DIRECTION('',(0.,-1.,0.));
#1118=DIRECTION('',(0.,0.,1.));
#1119=DIRECTION('',(0.,-1.,0.));
#1120=DIRECTION('',(-1.,0.,0.));
#1121=DIRECTION('',(-0.500000000000001,0.,0.866025403784438));
#1122=DIRECTION('',(0.,-1.,0.));
#1123=DIRECTION('',(-0.866025403784438,0.,-0.500000000000001));
#1124=DIRECTION('',(-0.866025403784438,0.,0.500000000000001));
#1125=DIRECTION('',(0.,-1.,0.));
#1126=DIRECTION('',(-0.500000000000001,0.,-0.866025403784438));
#1127=DIRECTION('',(-1.,0.,0.));
#1128=DIRECTION('',(0.,-1.,0.));
#1129=DIRECTION('',(0.,0.,-1.));
#1130=DIRECTION('',(-0.866025403784438,0.,-0.500000000000001));
#1131=DIRECTION('',(0.,-1.,0.));
#1132=DIRECTION('',(0.500000000000001,0.,-0.866025403784438));
#1133=DIRECTION('',(0.,1.,0.));
#1134=DIRECTION('',(0.707106781186547,0.707106781186547,0.));
#1135=DIRECTION('',(0.,0.,1.));
#1136=DIRECTION('',(0.694746590606866,-0.694746590606866,-0.186156787897386));
#1137=DIRECTION('',(0.694746590606866,-0.694746590606866,0.186156787897386));
#1138=DIRECTION('',(0.353553390593274,0.707106781186548,-0.612372435695794));
#1139=DIRECTION('',(0.866025403784438,0.,0.500000000000001));
#1140=DIRECTION('',(0.186156787897387,-0.694746590606865,-0.694746590606866));
#1141=DIRECTION('',(-0.508589802709479,0.694746590606866,0.508589802709482));
#1142=DIRECTION('',(0.,0.707106781186547,-0.707106781186547));
#1143=DIRECTION('',(1.,0.,0.));
#1144=DIRECTION('',(-0.186156787897385,-0.694746590606866,-0.694746590606866));
#1145=DIRECTION('',(-0.353553390593275,0.707106781186547,-0.612372435695794));
#1146=DIRECTION('',(0.866025403784438,0.,-0.500000000000002));
#1147=DIRECTION('',(-0.508589802709483,-0.694746590606866,-0.508589802709478));
#1148=DIRECTION('',(-0.612372435695794,0.707106781186548,-0.353553390593274));
#1149=DIRECTION('',(0.500000000000001,0.,-0.866025403784438));
#1150=DIRECTION('',(-0.694746590606866,-0.694746590606866,-0.186156787897386));
#1151=DIRECTION('',(-0.500000000000001,0.,0.866025403784438));
#1152=DIRECTION('',(-0.707106781186547,0.707106781186547,0.));
#1153=DIRECTION('',(0.,0.,-1.));
#1154=DIRECTION('',(-0.694746590606866,-0.694746590606865,0.186156787897387));
#1155=DIRECTION('',(0.,0.,1.));
#1156=DIRECTION('',(-0.612372435695793,0.707106781186548,0.353553390593276));
#1157=DIRECTION('',(-0.500000000000003,0.,-0.866025403784437));
#1158=DIRECTION('',(-0.50858980270948,-0.694746590606866,0.508589802709481));
#1159=DIRECTION('',(0.500000000000003,0.,0.866025403784437));
#1160=DIRECTION('',(-0.353553390593274,0.707106781186548,0.612372435695794));
#1161=DIRECTION('',(-0.866025403784438,0.,-0.5));
#1162=DIRECTION('',(-0.186156787897387,-0.694746590606865,0.694746590606866));
#1163=DIRECTION('',(0.866025403784438,0.,0.5));
#1164=DIRECTION('',(0.,0.707106781186547,0.707106781186547));
#1165=DIRECTION('',(-1.,0.,0.));
#1166=DIRECTION('',(0.186156787897388,-0.694746590606865,0.694746590606866));
#1167=DIRECTION('',(1.,0.,0.));
#1168=DIRECTION('',(0.612372435695794,0.707106781186548,-0.353553390593275));
#1169=DIRECTION('',(0.500000000000001,0.,0.866025403784438));
#1170=DIRECTION('',(0.353553390593276,0.707106781186548,0.612372435695793));
#1171=DIRECTION('',(-0.866025403784437,0.,0.500000000000003));
#1172=DIRECTION('',(0.508589802709481,-0.694746590606866,0.50858980270948));
#1173=DIRECTION('',(0.866025403784437,0.,-0.500000000000003));
#1174=DIRECTION('',(0.612372435695794,0.707106781186548,0.353553390593274));
#1175=DIRECTION('',(-0.500000000000001,0.,0.866025403784438));
#1176=DIRECTION('',(0.,0.,-1.));
#1177=DIRECTION('',(0.,-1.,0.));
#1178=DIRECTION('',(0.,-1.,0.));
#1179=DIRECTION('',(-0.500000000000003,0.,-0.866025403784437));
#1180=DIRECTION('',(0.,1.,0.));
#1181=DIRECTION('',(0.,1.,0.));
#1182=DIRECTION('',(-33.7535549166905,0.,0.173339222213399));
#1183=DIRECTION('',(0.,1.,0.));
#1184=DIRECTION('',(0.000203996299068232,0.,-2.24599999073595));
#1185=DIRECTION('',(0.,1.,0.));
#1186=DIRECTION('',(33.7535228722074,0.,0.179470653238588));
#1187=DIRECTION('',(0.,-1.,0.));
#1188=DIRECTION('',(-0.13554915784156,0.,-0.214807881159958));
#1189=DIRECTION('',(0.,1.,0.));
#1190=DIRECTION('',(-0.000203996299072431,0.,2.2459999907358));
#1191=DIRECTION('',(0.,-1.,0.));
#1192=DIRECTION('',(0.135588176097166,0.,-0.214783254707173));
#1193=DIRECTION('',(0.,-1.,0.));
#1194=DIRECTION('',(0.,1.,0.));
#1195=DIRECTION('',(-0.533658101738466,0.,-0.845700319527458));
#1196=DIRECTION('',(0.430336076438114,0.,-0.902668743956414));
#1197=DIRECTION('',(-0.673390882991485,0.,-0.321030713022829));
#1198=DIRECTION('',(0.,-1.,0.));
#1199=DIRECTION('',(0.430172096869494,0.,0.902746900894654));
#1200=DIRECTION('',(0.673449188067374,0.,-0.320908384264627));
#1201=DIRECTION('',(0.,-1.,0.));
#1202=DIRECTION('',(-0.000136239736691292,0.,1.49999999381285));
#1203=DIRECTION('',(0.,-1.,0.));
#1204=DIRECTION('',(0.,1.,0.));
#1205=DIRECTION('',(0.533811716918093,0.,-0.845603364989053));
#1206=DIRECTION('',(0.,-1.,0.));
#1207=DIRECTION('',(1.00000000000002,0.,0.));
#1208=DIRECTION('',(0.,-1.,0.));
#1209=DIRECTION('',(0.,1.,0.));
#1210=DIRECTION('',(1.00000000000002,0.,0.));
#1211=DIRECTION('',(0.,-1.,0.));
#1212=DIRECTION('',(0.,-1.,0.));
#1213=DIRECTION('',(0.999999999999926,0.,0.));
#1214=DIRECTION('',(0.,-1.,0.));
#1215=DIRECTION('',(0.,1.,0.));
#1216=DIRECTION('',(0.999999999999926,0.,0.));
#1217=DIRECTION('',(0.,-1.,0.));
#1218=DIRECTION('',(1.49999999999994,0.,0.));
#1219=DIRECTION('',(0.,-1.,0.));
#1220=DIRECTION('',(0.,-1.,0.));
#1221=DIRECTION('',(1.49999999999994,0.,0.));
#1222=DIRECTION('',(0.,-1.,0.));
#1223=DIRECTION('',(0.999999999999974,0.,0.));
#1224=DIRECTION('',(0.,-1.,0.));
#1225=DIRECTION('',(0.,1.,0.));
#1226=DIRECTION('',(0.999999999999974,0.,0.));
#1227=DIRECTION('',(0.,-1.,0.));
#1228=DIRECTION('',(1.00000000000003,0.,0.));
#1229=DIRECTION('',(0.,-1.,0.));
#1230=DIRECTION('',(0.,1.,0.));
#1231=DIRECTION('',(1.00000000000003,0.,0.));
#1232=DIRECTION('',(2.26065966151077E-16,1.,-1.28711685625796E-17));
#1233=DIRECTION('',(-0.483951057394901,1.11022302462516E-16,0.125663734014367));
#1234=DIRECTION('',(0.,-1.,0.));
#1235=DIRECTION('',(0.,1.,0.));
#1236=DIRECTION('',(34.4995123271658,0.,0.183437149278049));
#1237=DIRECTION('',(-2.26063624335135E-16,1.,-1.29122339069825E-17));
#1238=DIRECTION('',(-0.0285123772182303,0.,0.49918638237169));
#1239=DIRECTION('',(0.,-1.,0.));
#1240=DIRECTION('',(0.,-1.,0.));
#1241=DIRECTION('',(0.000136239736688492,0.,-1.499999993813));
#1242=DIRECTION('',(0.,-1.,0.));
#1243=DIRECTION('',(0.,1.,0.));
#1244=DIRECTION('',(-34.4995450798668,0.,0.177170206978796));
#1245=DIRECTION('',(0.,-1.,0.));
#1246=DIRECTION('',(34.5,0.,0.));
#1247=DIRECTION('',(0.,-1.,0.));
#1248=DIRECTION('',(0.,1.,0.));
#1249=DIRECTION('',(34.5,0.,0.));
#1250=DIRECTION('',(0.,-1.,0.));
#1251=DIRECTION('',(0.500000000000077,0.,0.));
#1252=DIRECTION('',(0.,-1.,0.));
#1253=DIRECTION('',(0.,1.,0.));
#1254=DIRECTION('',(0.500000000000077,0.,0.));
#1255=DIRECTION('',(0.,-1.,0.));
#1256=DIRECTION('',(1.50000000000009,0.,0.));
#1257=DIRECTION('',(0.,-1.,0.));
#1258=DIRECTION('',(0.,-1.,0.));
#1259=DIRECTION('',(1.50000000000004,0.,0.));
#1260=DIRECTION('',(0.,-1.,0.));
#1261=DIRECTION('',(0.499999999999977,0.,0.));
#1262=DIRECTION('',(0.,-1.,0.));
#1263=DIRECTION('',(0.,1.,0.));
#1264=DIRECTION('',(0.499999999999977,0.,0.));
#1265=DIRECTION('',(0.,-1.,0.));
#1266=DIRECTION('',(34.5,0.,0.));
#1267=DIRECTION('',(0.,1.,0.));
#1268=DIRECTION('',(34.5,0.,0.));
#1269=DIRECTION('',(0.866025403784438,0.,0.500000000000001));
#1270=DIRECTION('',(0.,-1.,0.));
#1271=DIRECTION('',(1.,0.,0.));
#1272=DIRECTION('',(0.,-1.,0.));
#1273=DIRECTION('',(0.866025403784437,0.,-0.500000000000003));
#1274=DIRECTION('',(0.,-1.,0.));
#1275=DIRECTION('',(0.5,0.,-0.866025403784438));
#1276=DIRECTION('',(0.,1.,0.));
#1277=CARTESIAN_POINT('',(-20.6114046100696,-33.85,-11.9));
#1278=CARTESIAN_POINT('',(-19.9618855572313,-34.6,-11.525));
#1279=CARTESIAN_POINT('',(-23.05,-34.6,-6.17622888553736));
#1280=CARTESIAN_POINT('',(-16.8737711144626,-34.6,-16.8737711144626));
#1281=CARTESIAN_POINT('',(-16.8737711144626,-34.6,-16.8737711144626));
#1282=CARTESIAN_POINT('',(-17.9718473258159,-33.1,-17.9718473258159));
#1283=CARTESIAN_POINT('',(-21.260923662908,-33.1,-12.275));
#1284=CARTESIAN_POINT('',(-24.55,-33.1,-6.57815267418405));
#1285=CARTESIAN_POINT('',(-23.05,-34.6,-6.17622888553736));
#1286=CARTESIAN_POINT('',(-11.9000000000001,-33.85,-20.6114046100696));
#1287=CARTESIAN_POINT('',(-11.5250000000001,-34.6,-19.9618855572313));
#1288=CARTESIAN_POINT('',(-6.17622888553744,-34.6,-23.05));
#1289=CARTESIAN_POINT('',(-6.17622888553744,-34.6,-23.05));
#1290=CARTESIAN_POINT('',(-6.57815267418411,-33.1,-24.55));
#1291=CARTESIAN_POINT('',(-12.2750000000001,-33.1,-21.260923662908));
#1292=CARTESIAN_POINT('',(-1.66533453693773E-14,-33.85,-23.8));
#1293=CARTESIAN_POINT('',(-1.66533453693773E-14,-34.6,-23.05));
#1294=CARTESIAN_POINT('',(6.17622888553735,-34.6,-23.05));
#1295=CARTESIAN_POINT('',(6.17622888553735,-34.6,-23.05));
#1296=CARTESIAN_POINT('',(6.57815267418404,-33.1,-24.55));
#1297=CARTESIAN_POINT('',(-1.66533453693773E-14,-33.1,-24.55));
#1298=CARTESIAN_POINT('',(11.9,-33.85,-20.6114046100696));
#1299=CARTESIAN_POINT('',(11.525,-34.6,-19.9618855572313));
#1300=CARTESIAN_POINT('',(16.8737711144626,-34.6,-16.8737711144626));
#1301=CARTESIAN_POINT('',(16.8737711144626,-34.6,-16.8737711144626));
#1302=CARTESIAN_POINT('',(17.9718473258159,-33.1,-17.9718473258159));
#1303=CARTESIAN_POINT('',(12.275,-33.1,-21.260923662908));
#1304=CARTESIAN_POINT('',(20.6114046100696,-33.85,-11.9000000000001));
#1305=CARTESIAN_POINT('',(19.9618855572313,-34.6,-11.5250000000001));
#1306=CARTESIAN_POINT('',(23.05,-34.6,-6.17622888553744));
#1307=CARTESIAN_POINT('',(23.05,-34.6,-6.17622888553744));
#1308=CARTESIAN_POINT('',(24.55,-33.1,-6.57815267418411));
#1309=CARTESIAN_POINT('',(21.260923662908,-33.1,-12.2750000000001));
#1310=CARTESIAN_POINT('',(23.8,-33.85,-1.56541446472147E-14));
#1311=CARTESIAN_POINT('',(23.05,-34.6,-1.56541446472147E-14));
#1312=CARTESIAN_POINT('',(23.05,-34.6,6.17622888553736));
#1313=CARTESIAN_POINT('',(23.05,-34.6,6.17622888553736));
#1314=CARTESIAN_POINT('',(24.55,-33.1,6.57815267418405));
#1315=CARTESIAN_POINT('',(24.55,-33.1,-1.56541446472147E-14));
#1316=CARTESIAN_POINT('',(20.6114046100696,-33.85,11.9));
#1317=CARTESIAN_POINT('',(19.9618855572313,-34.6,11.525));
#1318=CARTESIAN_POINT('',(16.8737711144626,-34.6,16.8737711144626));
#1319=CARTESIAN_POINT('',(16.8737711144626,-34.6,16.8737711144626));
#1320=CARTESIAN_POINT('',(17.9718473258159,-33.1,17.9718473258159));
#1321=CARTESIAN_POINT('',(21.260923662908,-33.1,12.275));
#1322=CARTESIAN_POINT('',(11.9,-33.85,20.6114046100696));
#1323=CARTESIAN_POINT('',(11.525,-34.6,19.9618855572313));
#1324=CARTESIAN_POINT('',(6.17622888553739,-34.6,23.05));
#1325=CARTESIAN_POINT('',(6.17622888553739,-34.6,23.05));
#1326=CARTESIAN_POINT('',(6.57815267418408,-33.1,24.55));
#1327=CARTESIAN_POINT('',(12.275,-33.1,21.260923662908));
#1328=CARTESIAN_POINT('',(2.88657986402541E-15,-33.85,23.8));
#1329=CARTESIAN_POINT('',(2.88657986402541E-15,-34.6,23.05));
#1330=CARTESIAN_POINT('',(-6.17622888553738,-34.6,23.05));
#1331=CARTESIAN_POINT('',(-6.17622888553738,-34.6,23.05));
#1332=CARTESIAN_POINT('',(-6.57815267418407,-33.1,24.55));
#1333=CARTESIAN_POINT('',(2.88657986402541E-15,-33.1,24.55));
#1334=CARTESIAN_POINT('',(-11.9,-33.85,20.6114046100696));
#1335=CARTESIAN_POINT('',(-11.525,-34.6,19.9618855572313));
#1336=CARTESIAN_POINT('',(-16.8737711144626,-34.6,16.8737711144626));
#1337=CARTESIAN_POINT('',(-16.8737711144626,-34.6,16.8737711144626));
#1338=CARTESIAN_POINT('',(-17.9718473258159,-33.1,17.9718473258159));
#1339=CARTESIAN_POINT('',(-12.275,-33.1,21.260923662908));
#1340=CARTESIAN_POINT('',(-20.6114046100696,-33.85,11.9));
#1341=CARTESIAN_POINT('',(-19.9618855572313,-34.6,11.525));
#1342=CARTESIAN_POINT('',(-23.05,-34.6,6.17622888553738));
#1343=CARTESIAN_POINT('',(-23.05,-34.6,6.17622888553738));
#1344=CARTESIAN_POINT('',(-24.55,-33.1,6.57815267418407));
#1345=CARTESIAN_POINT('',(-21.260923662908,-33.1,12.275));
#1346=CARTESIAN_POINT('',(-23.8,-33.85,4.77395900588817E-15));
#1347=CARTESIAN_POINT('',(-23.05,-34.6,4.77395900588817E-15));
#1348=CARTESIAN_POINT('',(-24.55,-33.1,4.77395900588817E-15));
#1349=CARTESIAN_POINT('',(12.275,0.,21.260923662908));
#1350=CARTESIAN_POINT('',(6.57815267418408,0.,24.55));
#1351=CARTESIAN_POINT('',(6.57815267418408,-4.,24.55));
#1352=CARTESIAN_POINT('',(12.2582338870449,-4.,21.2706035827359));
#1353=CARTESIAN_POINT('',(17.9718473258159,-4.,17.9718473258159));
#1354=CARTESIAN_POINT('',(17.9718473258159,0.,17.9718473258159));
#1355=CARTESIAN_POINT('',(4.44089209850063E-15,0.,24.55));
#1356=CARTESIAN_POINT('',(-6.57815267418407,0.,24.55));
#1357=CARTESIAN_POINT('',(-6.57815267418407,-4.,24.55));
#1358=CARTESIAN_POINT('',(-3.51621945327051E-6,-4.,24.55));
#1359=CARTESIAN_POINT('',(-12.275,0.,21.260923662908));
#1360=CARTESIAN_POINT('',(-17.9718473258159,0.,17.9718473258159));
#1361=CARTESIAN_POINT('',(-17.9718473258159,-4.,17.9718473258159));
#1362=CARTESIAN_POINT('',(-12.2582391613741,-4.,21.2706005376005));
#1363=CARTESIAN_POINT('',(-21.260923662908,0.,12.275));
#1364=CARTESIAN_POINT('',(-24.55,0.,6.57815267418407));
#1365=CARTESIAN_POINT('',(-24.55,-4.,6.57815267418407));
#1366=CARTESIAN_POINT('',(-21.2441610661723,-4.,12.3040336692129));
#1367=CARTESIAN_POINT('',(-24.55,0.,1.06581410364015E-14));
#1368=CARTESIAN_POINT('',(-24.55,0.,-6.57815267418405));
#1369=CARTESIAN_POINT('',(-24.55,-4.,-6.57815267418405));
#1370=CARTESIAN_POINT('',(-24.55,-4.,0.0387135890408047));
#1371=CARTESIAN_POINT('',(-21.260923662908,0.,-12.275));
#1372=CARTESIAN_POINT('',(-17.9718473258159,0.,-17.9718473258159));
#1373=CARTESIAN_POINT('',(-17.9718473258159,-4.,-17.9718473258159));
#1374=CARTESIAN_POINT('',(-21.2776880177533,-4.,-12.2459632856517));
#1375=CARTESIAN_POINT('',(1.33226762955019E-15,-34.6,-1.11022302462516E-15));
#1376=CARTESIAN_POINT('',(-26.55,-2.,0.0387135890408047));
#1377=CARTESIAN_POINT('',(-28.55,0.,0.0387135890408047));
#1378=CARTESIAN_POINT('',(-28.55,0.,-7.64994944390854));
#1379=CARTESIAN_POINT('',(-28.55,0.,7.64994944390856));
#1380=CARTESIAN_POINT('',(-28.55,0.,7.64994944390856));
#1381=CARTESIAN_POINT('',(-28.55,0.,-7.64994944390854));
#1382=CARTESIAN_POINT('',(-13.2582391613741,-2.,23.0026513451694));
#1383=CARTESIAN_POINT('',(-14.2582391613741,0.,24.7347021527382));
#1384=CARTESIAN_POINT('',(-20.9000505560914,0.,20.9000505560915));
#1385=CARTESIAN_POINT('',(-7.64994944390857,0.,28.55));
#1386=CARTESIAN_POINT('',(-7.64994944390857,0.,28.55));
#1387=CARTESIAN_POINT('',(-17.9718473258159,-4.,17.9718473258159));
#1388=CARTESIAN_POINT('',(-3.51621945327051E-6,-2.,26.55));
#1389=CARTESIAN_POINT('',(-3.51621945327051E-6,0.,28.55));
#1390=CARTESIAN_POINT('',(7.64994944390857,0.,28.55));
#1391=CARTESIAN_POINT('',(7.64994944390857,0.,28.55));
#1392=CARTESIAN_POINT('',(13.2582338870449,-2.,23.0026543903047));
#1393=CARTESIAN_POINT('',(14.2582338870449,0.,24.7347051978736));
#1394=CARTESIAN_POINT('',(20.9000505560915,0.,20.9000505560914));
#1395=CARTESIAN_POINT('',(20.9000505560915,0.,20.9000505560914));
#1396=CARTESIAN_POINT('',(22.9762101156315,-2.,13.3040367143483));
#1397=CARTESIAN_POINT('',(24.7082609232004,0.,14.3040367143483));
#1398=CARTESIAN_POINT('',(28.55,0.,7.64994944390854));
#1399=CARTESIAN_POINT('',(28.55,0.,7.64994944390854));
#1400=CARTESIAN_POINT('',(24.55,-4.,6.57815267418405));
#1401=CARTESIAN_POINT('',(21.2441593080626,-4.,12.3040367143483));
#1402=CARTESIAN_POINT('',(26.55,-2.,0.0387135890407842));
#1403=CARTESIAN_POINT('',(28.55,0.,0.0387135890407842));
#1404=CARTESIAN_POINT('',(28.55,0.,-7.64994944390861));
#1405=CARTESIAN_POINT('',(28.55,0.,-7.64994944390861));
#1406=CARTESIAN_POINT('',(24.55,-4.,-6.57815267418411));
#1407=CARTESIAN_POINT('',(24.55,-4.,0.0387135890407842));
#1408=CARTESIAN_POINT('',(23.0097370672125,-2.,-13.2459663307871));
#1409=CARTESIAN_POINT('',(24.7417878747814,0.,-14.2459663307872));
#1410=CARTESIAN_POINT('',(20.9000505560915,0.,-20.9000505560915));
#1411=CARTESIAN_POINT('',(20.9000505560915,0.,-20.9000505560915));
#1412=CARTESIAN_POINT('',(17.9718473258159,-4.,-17.9718473258159));
#1413=CARTESIAN_POINT('',(21.2776862596436,-4.,-12.2459663307871));
#1414=CARTESIAN_POINT('',(13.2917608386259,-2.,-22.9832975957843));
#1415=CARTESIAN_POINT('',(14.2917608386259,0.,-24.7153484033532));
#1416=CARTESIAN_POINT('',(7.64994944390854,0.,-28.55));
#1417=CARTESIAN_POINT('',(7.64994944390854,0.,-28.55));
#1418=CARTESIAN_POINT('',(6.57815267418404,-4.,-24.55));
#1419=CARTESIAN_POINT('',(12.2917608386259,-4.,-21.2512467882155));
#1420=CARTESIAN_POINT('',(-3.51621947281043E-6,-2.,-26.55));
#1421=CARTESIAN_POINT('',(-3.51621947281043E-6,0.,-28.55));
#1422=CARTESIAN_POINT('',(-7.64994944390861,0.,-28.55));
#1423=CARTESIAN_POINT('',(-7.64994944390861,0.,-28.55));
#1424=CARTESIAN_POINT('',(-6.57815267418411,-4.,-24.55));
#1425=CARTESIAN_POINT('',(-3.51621947281043E-6,-4.,-24.55));
#1426=CARTESIAN_POINT('',(-22.9762118737412,-2.,13.3040336692129));
#1427=CARTESIAN_POINT('',(-24.7082626813101,0.,14.3040336692129));
#1428=CARTESIAN_POINT('',(-13.2917661129552,-2.,-22.983294550649));
#1429=CARTESIAN_POINT('',(-14.2917661129552,0.,-24.7153453582178));
#1430=CARTESIAN_POINT('',(-20.9000505560915,0.,-20.9000505560915));
#1431=CARTESIAN_POINT('',(-20.9000505560915,0.,-20.9000505560915));
#1432=CARTESIAN_POINT('',(-12.2917661129551,-4.,-21.2512437430801));
#1433=CARTESIAN_POINT('',(-23.0097388253222,-2.,-13.2459632856517));
#1434=CARTESIAN_POINT('',(-24.7417896328911,0.,-14.2459632856517));
#1435=CARTESIAN_POINT('',(-3.46389583683049E-14,0.,-24.55));
#1436=CARTESIAN_POINT('',(6.57815267418404,0.,-24.55));
#1437=CARTESIAN_POINT('',(-6.57815267418411,0.,-24.55));
#1438=CARTESIAN_POINT('',(-12.275,0.,-21.260923662908));
#1439=CARTESIAN_POINT('',(-7.03243891098191E-6,0.,0.0774271780815986));
#1440=CARTESIAN_POINT('',(-4.75197700783427E-6,0.,0.0523192840460539));
#1441=CARTESIAN_POINT('',(-2.42220261378042,0.,-33.6146596941497));
#1442=CARTESIAN_POINT('',(-2.11660257260497,0.,33.7398916166691));
#1443=CARTESIAN_POINT('',(-0.00313351394289877,0.,34.499999857697));
#1444=CARTESIAN_POINT('',(2.11047358577745,0.,33.7402755471658));
#1445=CARTESIAN_POINT('',(-4.75197700783427E-6,0.,0.0523192840460539));
#1446=CARTESIAN_POINT('',(2.42830877697053,0.,-33.6142191392182));
#1447=CARTESIAN_POINT('',(2.25980537383378,0.,-33.4241596666016));
#1448=CARTESIAN_POINT('',(2.03052751286887,0.,-33.5334650300169));
#1449=CARTESIAN_POINT('',(0.00313351394289931,0.,-34.499999857697));
#1450=CARTESIAN_POINT('',(-2.02443602546644,0.,-33.5338333281281));
#1451=CARTESIAN_POINT('',(-2.25373373829365,0.,-33.4245696155233));
#1452=CARTESIAN_POINT('',(2.25980537383378,-0.746,-33.4241596666016));
#1453=CARTESIAN_POINT('',(2.42830877697053,-1.492,-33.6142191392182));
#1454=CARTESIAN_POINT('',(2.42860357008383,-1.492,-33.6149189682884));
#1455=CARTESIAN_POINT('',(2.42889786379509,-1.49199895988276,-33.6156190087065));
#1456=CARTESIAN_POINT('',(2.44941751918443,-1.49185356536937,-33.6645258762848));
#1457=CARTESIAN_POINT('',(2.46740490799381,-1.48674609082551,-33.7136293981719));
#1458=CARTESIAN_POINT('',(2.5011964916057,-1.46574670847027,-33.8124669009789));
#1459=CARTESIAN_POINT('',(2.51673940341523,-1.44964414164196,-33.8618194237305));
#1460=CARTESIAN_POINT('',(2.55677187173711,-1.38958051789632,-33.9949675414306));
#1461=CARTESIAN_POINT('',(2.57807705978316,-1.33423884607671,-34.073294964413));
#1462=CARTESIAN_POINT('',(2.61267122659416,-1.19607366652468,-34.2047753940238));
#1463=CARTESIAN_POINT('',(2.6256425021725,-1.11493369210436,-34.2568465648988));
#1464=CARTESIAN_POINT('',(2.64313037310492,-0.936940398887915,-34.327710811648));
#1465=CARTESIAN_POINT('',(2.64750176224842,-0.841952809804464,-34.3459467951786));
#1466=CARTESIAN_POINT('',(2.64750176224842,-0.650047190195535,-34.3459467951786));
#1467=CARTESIAN_POINT('',(2.64313037310492,-0.555059601112084,-34.327710811648));
#1468=CARTESIAN_POINT('',(2.6256425021725,-0.377066307895635,-34.2568465648988));
#1469=CARTESIAN_POINT('',(2.61267122659416,-0.295926333475321,-34.2047753940238));
#1470=CARTESIAN_POINT('',(2.57807705978316,-0.157761153923295,-34.073294964413));
#1471=CARTESIAN_POINT('',(2.55677187173711,-0.102419482103681,-33.9949675414306));
#1472=CARTESIAN_POINT('',(2.51673940341524,-0.0423558583580353,-33.8618194237305));
#1473=CARTESIAN_POINT('',(2.50119649160569,-0.0262532915297258,-33.8124669009789));
#1474=CARTESIAN_POINT('',(2.4674049079936,-0.00525390917435985,-33.7136293981713));
#1475=CARTESIAN_POINT('',(2.44941751918417,-0.000146434630625403,-33.6645258762842));
#1476=CARTESIAN_POINT('',(2.42889786379512,-1.04011723771571E-6,-33.6156190087066));
#1477=CARTESIAN_POINT('',(2.42860357008381,1.23355796560579E-18,-33.6149189682884));
#1478=CARTESIAN_POINT('',(2.42830877697053,0.,-33.6142191392182));
#1479=CARTESIAN_POINT('',(2.56925699907204,-0.141495906110224,-34.0421509898452));
#1480=CARTESIAN_POINT('',(2.25989620032491,-0.746,-34.4241596624768));
#1481=CARTESIAN_POINT('',(2.25989620032491,-0.805180580885295,-34.4241596624768));
#1482=CARTESIAN_POINT('',(2.26942732095103,-0.862765058560444,-34.4172423702061));
#1483=CARTESIAN_POINT('',(2.30636011667973,-0.983388115049381,-34.3876708832543));
#1484=CARTESIAN_POINT('',(2.33589483478971,-1.04312836772172,-34.3627337148045));
#1485=CARTESIAN_POINT('',(2.41125437066779,-1.16681929388607,-34.287351010521));
#1486=CARTESIAN_POINT('',(2.46117051561119,-1.22926867830683,-34.229653517961));
#1487=CARTESIAN_POINT('',(2.55710803933294,-1.33902344102823,-34.0770558922392));
#1488=CARTESIAN_POINT('',(2.60091935707341,-1.38336455352954,-33.9830771428267));
#1489=CARTESIAN_POINT('',(2.65189036457213,-1.44189125845392,-33.7872032242163));
#1490=CARTESIAN_POINT('',(2.66310588348985,-1.45864069990014,-33.6951811481377));
#1491=CARTESIAN_POINT('',(2.65904899160943,-1.47865612411766,-33.510188687962));
#1492=CARTESIAN_POINT('',(2.64453090101118,-1.48234256011963,-33.4191082873953));
#1493=CARTESIAN_POINT('',(2.59086405951465,-1.48357471000334,-33.243091681362));
#1494=CARTESIAN_POINT('',(2.55151145746005,-1.48121260559301,-33.1583751863323));
#1495=CARTESIAN_POINT('',(2.44842858759373,-1.46497040840316,-32.9986148317025));
#1496=CARTESIAN_POINT('',(2.38434131164791,-1.45010620505094,-32.925799177118));
#1497=CARTESIAN_POINT('',(2.22445427629756,-1.39482087545122,-32.7887648982791));
#1498=CARTESIAN_POINT('',(2.13118508202911,-1.35194451573472,-32.735128659379));
#1499=CARTESIAN_POINT('',(1.94933307730847,-1.23841036295247,-32.6602931665551));
#1500=CARTESIAN_POINT('',(1.86495650904809,-1.16918689137239,-32.6418227885684));
#1501=CARTESIAN_POINT('',(1.74941278514932,-1.03071435755489,-32.625750097658));
#1502=CARTESIAN_POINT('',(1.70859732050788,-0.963671878058911,-32.6239491987569));
#1503=CARTESIAN_POINT('',(1.66549200616396,-0.831552294799036,-32.6229477209444));
#1504=CARTESIAN_POINT('',(1.65771092587799,-0.77131121495464,-32.6231140815934));
#1505=CARTESIAN_POINT('',(1.66744895506225,-0.650333330489929,-32.6231272672278));
#1506=CARTESIAN_POINT('',(1.68410009869426,-0.592958556446119,-32.6230465462387));
#1507=CARTESIAN_POINT('',(1.74111550358171,-0.473314676087111,-32.6258215119242));
#1508=CARTESIAN_POINT('',(1.78578532046045,-0.412359734541755,-32.6293993798846));
#1509=CARTESIAN_POINT('',(1.90704473771637,-0.287081634140294,-32.6513620154762));
#1510=CARTESIAN_POINT('',(1.98856844206357,-0.226154424778032,-32.6733497954466));
#1511=CARTESIAN_POINT('',(2.16502200734309,-0.123403175721656,-32.7537112907739));
#1512=CARTESIAN_POINT('',(2.25368590669111,-0.0856589450402528,-32.8102066033667));
#1513=CARTESIAN_POINT('',(2.40311778838153,-0.0370336441669548,-32.9460511422947));
#1514=CARTESIAN_POINT('',(2.46400769941347,-0.0239567755902926,-33.0190968225854));
#1515=CARTESIAN_POINT('',(2.56243404062581,-0.00983565598526249,-33.1798445344586));
#1516=CARTESIAN_POINT('',(2.59996307801523,-0.00803839577946939,-33.2660176010806));
#1517=CARTESIAN_POINT('',(2.64895326517843,-0.0105192511336279,-33.4424502194691));
#1518=CARTESIAN_POINT('',(2.66119050618107,-0.0148780375172008,-33.5323493909586));
#1519=CARTESIAN_POINT('',(2.66139662176081,-0.0382831123404218,-33.7289048246622));
#1520=CARTESIAN_POINT('',(2.64441372969767,-0.0598130324856418,-33.8325230938711));
#1521=CARTESIAN_POINT('',(2.57854020514749,-0.132110648287056,-34.0371465370853));
#1522=CARTESIAN_POINT('',(2.52900993264439,-0.182852587828886,-34.1283231040078));
#1523=CARTESIAN_POINT('',(2.42544820457435,-0.307589760171665,-34.2741803384758));
#1524=CARTESIAN_POINT('',(2.37323479570578,-0.379247209146632,-34.3274543208062));
#1525=CARTESIAN_POINT('',(2.3111678021084,-0.502396565801579,-34.3837218661181));
#1526=CARTESIAN_POINT('',(2.29240960892197,-0.548935371205019,-34.3989788927846));
#1527=CARTESIAN_POINT('',(2.26678832662792,-0.646257077765964,-34.4191235014089));
#1528=CARTESIAN_POINT('',(2.25989620032491,-0.695604587831663,-34.4241596624768));
#1529=CARTESIAN_POINT('',(2.25989620032491,-0.746,-34.4241596624768));
#1530=CARTESIAN_POINT('',(2.25989620032491,-0.746,-34.4241596624768));
#1531=CARTESIAN_POINT('',(2.25980537383378,-0.746,-33.4241596666016));
#1532=CARTESIAN_POINT('',(1.35713662987739,-0.746,-33.8544957430397));
#1533=CARTESIAN_POINT('',(2.03052751286887,-0.746,-33.5334650300169));
#1534=CARTESIAN_POINT('',(0.00313351394289931,-0.746,-34.499999857697));
#1535=CARTESIAN_POINT('',(-2.02443602546644,-0.746,-33.5338333281281));
#1536=CARTESIAN_POINT('',(-1.35098683739906,-0.746,-33.8547417123928));
#1537=CARTESIAN_POINT('',(0.00313351394289931,-0.746,-34.499999857697));
#1538=CARTESIAN_POINT('',(-2.25373373829365,-0.746,-33.4245696155233));
#1539=CARTESIAN_POINT('',(-2.42220261378042,0.,-33.6146596941497));
#1540=CARTESIAN_POINT('',(-2.42249727976331,-3.63439169720979E-19,-33.6153595767595));
#1541=CARTESIAN_POINT('',(-2.42279144630431,-1.04011723408499E-6,-33.6160596706231));
#1542=CARTESIAN_POINT('',(-2.44330221728766,-0.000146434630702126,-33.6649702648776));
#1543=CARTESIAN_POINT('',(-2.46128068599727,-0.00525390917979275,-33.7140770534169));
#1544=CARTESIAN_POINT('',(-2.49505431491605,-0.0262532915297301,-33.8129206929101));
#1545=CARTESIAN_POINT('',(-2.51058826143625,-0.0423558583580377,-33.8622760382638));
#1546=CARTESIAN_POINT('',(-2.55059654234507,-0.102419482103684,-33.9954314257843));
#1547=CARTESIAN_POINT('',(-2.57188750162972,-0.157761153923302,-34.0737627176253));
#1548=CARTESIAN_POINT('',(-2.6064577840579,-0.2959263334753,-34.2052494292003));
#1549=CARTESIAN_POINT('',(-2.61941960053879,-0.377066307895618,-34.2573229554871));
#1550=CARTESIAN_POINT('',(-2.63689459848099,-0.555059601112072,-34.328190377791));
#1551=CARTESIAN_POINT('',(-2.64126267493159,-0.650047190195528,-34.3464271550966));
#1552=CARTESIAN_POINT('',(-2.64126267493159,-0.841952809804472,-34.3464271550966));
#1553=CARTESIAN_POINT('',(-2.63689459848099,-0.936940398887929,-34.328190377791));
#1554=CARTESIAN_POINT('',(-2.61941960053879,-1.11493369210438,-34.2573229554871));
#1555=CARTESIAN_POINT('',(-2.6064577840579,-1.1960736665247,-34.2052494292003));
#1556=CARTESIAN_POINT('',(-2.57188750162972,-1.33423884607669,-34.0737627176253));
#1557=CARTESIAN_POINT('',(-2.55059654234507,-1.38958051789631,-33.9954314257843));
#1558=CARTESIAN_POINT('',(-2.51058826143624,-1.44964414164196,-33.8622760382638));
#1559=CARTESIAN_POINT('',(-2.49505431491605,-1.46574670847027,-33.8129206929101));
#1560=CARTESIAN_POINT('',(-2.46128068599768,-1.48674609081995,-33.7140770534182));
#1561=CARTESIAN_POINT('',(-2.44330221728816,-1.49185356536929,-33.6649702648788));
#1562=CARTESIAN_POINT('',(-2.42279144630428,-1.49199895988277,-33.616059670623));
#1563=CARTESIAN_POINT('',(-2.42249727976334,-1.492,-33.6153595767596));
#1564=CARTESIAN_POINT('',(-2.42220261378042,-1.492,-33.6146596941497));
#1565=CARTESIAN_POINT('',(-2.5630730984606,-0.141495906109103,-34.0426171413792));
#1566=CARTESIAN_POINT('',(-2.25373373829365,-0.746,-33.4245696155233));
#1567=CARTESIAN_POINT('',(-2.25364291180259,-0.746,-34.4245696113985));
#1568=CARTESIAN_POINT('',(-1.6552682008558,-0.746,-32.623421064692));
#1569=CARTESIAN_POINT('',(-1.6552682008558,-0.805180580885316,-32.623421064692));
#1570=CARTESIAN_POINT('',(-1.66704379058273,-0.862765058560487,-32.6232577266064));
#1571=CARTESIAN_POINT('',(-1.7143301062413,-0.983388115049427,-32.6248415802353));
#1572=CARTESIAN_POINT('',(-1.75291604777487,-1.04312836772178,-32.6271409410378));
#1573=CARTESIAN_POINT('',(-1.8584055699109,-1.16681929388613,-32.6424240190117));
#1574=CARTESIAN_POINT('',(-1.93292726280116,-1.2292686783069,-32.658768420576));
#1575=CARTESIAN_POINT('',(-2.10111777931077,-1.3390234410283,-32.7235912097017));
#1576=CARTESIAN_POINT('',(-2.19246465240751,-1.3833645535296,-32.7726542882715));
#1577=CARTESIAN_POINT('',(-2.3505352727778,-1.44189125845396,-32.8990596464369));
#1578=CARTESIAN_POINT('',(-2.41459869685469,-1.45864069990018,-32.9660650793954));
#1579=CARTESIAN_POINT('',(-2.52207381705114,-1.47865612411768,-33.1166896697927));
#1580=CARTESIAN_POINT('',(-2.56495856717072,-1.48234256011965,-33.1983432828736));
#1581=CARTESIAN_POINT('',(-2.62731905243005,-1.48357471000335,-33.3714708235883));
#1582=CARTESIAN_POINT('',(-2.64649997848111,-1.48121260559302,-33.4628907551919));
#1583=CARTESIAN_POINT('',(-2.6595435813838,-1.46497040840318,-33.6525728929767));
#1584=CARTESIAN_POINT('',(-2.65178659504987,-1.45010620505097,-33.7492637801054));
#1585=CARTESIAN_POINT('',(-2.60572228417814,-1.3948208754513,-33.9547396592587));
#1586=CARTESIAN_POINT('',(-2.5631082177258,-1.35194451573484,-34.0535325236936));
#1587=CARTESIAN_POINT('',(-2.4622195418124,-1.2384103629525,-34.2223281921202));
#1588=CARTESIAN_POINT('',(-2.40568119177176,-1.1691868913724,-34.287627312398));
#1589=CARTESIAN_POINT('',(-2.32273990685145,-1.03071435755497,-34.3696603958537));
#1590=CARTESIAN_POINT('',(-2.29112078219175,-0.963671878058967,-34.3955327043419));
#1591=CARTESIAN_POINT('',(-2.25718878809733,-0.831552294799011,-34.4221351639889));
#1592=CARTESIAN_POINT('',(-2.25085583666043,-0.771311214954621,-34.4266591680097));
#1593=CARTESIAN_POINT('',(-2.2586490231646,-0.650333330489918,-34.4208200216366));
#1594=CARTESIAN_POINT('',(-2.27203647220531,-0.592958556446103,-34.4109183395415));
#1595=CARTESIAN_POINT('',(-2.31605025861305,-0.473314676086897,-34.374569427108));
#1596=CARTESIAN_POINT('',(-2.34969349841942,-0.412359734541547,-34.3449666215912));
#1597=CARTESIAN_POINT('',(-2.43368823460617,-0.287081634140273,-34.2547940762781));
#1598=CARTESIAN_POINT('',(-2.48583587213286,-0.226154424777992,-34.1883847340219));
#1599=CARTESIAN_POINT('',(-2.57909236542253,-0.123403175721588,-34.0183933898586));
#1600=CARTESIAN_POINT('',(-2.61630589175735,-0.0856589450401943,-33.920066583492));
#1601=CARTESIAN_POINT('',(-2.65470674467036,-0.0370336441669227,-33.7218016079727));
#1602=CARTESIAN_POINT('',(-2.65976466134999,-0.023956775590268,-33.6268401939486));
#1603=CARTESIAN_POINT('',(-2.64239976926599,-0.00983565598524441,-33.4391542007584));
#1604=CARTESIAN_POINT('',(-2.62088618226933,-0.00803839577945427,-33.3476588914089));
#1605=CARTESIAN_POINT('',(-2.55453025706223,-0.0105192511336101,-33.1769972423498));
#1606=CARTESIAN_POINT('',(-2.51052534242536,-0.0148780375171785,-33.0976550808614));
#1607=CARTESIAN_POINT('',(-2.39304450517973,-0.0382831123403868,-32.9400722966428));
#1608=CARTESIAN_POINT('',(-2.31742010625045,-0.0598130324855941,-32.8672292144506));
#1609=CARTESIAN_POINT('',(-2.1421742404526,-0.132110648286944,-32.7427343901799));
#1610=CARTESIAN_POINT('',(-2.04792315946216,-0.182852587828737,-32.6993391371891));
#1611=CARTESIAN_POINT('',(-1.87765931946357,-0.307589760171624,-32.644479414655));
#1612=CARTESIAN_POINT('',(-1.80394494208265,-0.379247209146615,-32.6330536618851));
#1613=CARTESIAN_POINT('',(-1.7205451531157,-0.502396565801437,-32.6251275310575));
#1614=CARTESIAN_POINT('',(-1.69638615870894,-0.548935371204924,-32.6241327126929));
#1615=CARTESIAN_POINT('',(-1.66380377848731,-0.646257077765939,-32.6233303025045));
#1616=CARTESIAN_POINT('',(-1.6552682008558,-0.695604587831649,-32.623421064692));
#1617=CARTESIAN_POINT('',(-1.6552682008558,-0.746,-32.623421064692));
#1618=CARTESIAN_POINT('',(-1.65517737436449,0.,-33.6234210605673));
#1619=CARTESIAN_POINT('',(-2.25364291180259,0.,-34.4245696113985));
#1620=CARTESIAN_POINT('',(-2.25364291180259,-35.,-34.4245696113985));
#1621=CARTESIAN_POINT('',(-1.65517737436449,-35.,-33.6234210605673));
#1622=CARTESIAN_POINT('',(-2.32101416786399,-35.,-34.3695184834434));
#1623=CARTESIAN_POINT('',(-2.32101416786399,0.,-34.3695184834434));
#1624=CARTESIAN_POINT('',(-2.32101416786399,-0.746,-34.3695184834434));
#1625=CARTESIAN_POINT('',(-2.32101416786405,-0.746,-34.3695184834434));
#1626=CARTESIAN_POINT('',(-2.32101416786405,-0.685173229662127,-34.3695184834434));
#1627=CARTESIAN_POINT('',(-2.3301887740917,-0.626399252452018,-34.3615428447373));
#1628=CARTESIAN_POINT('',(-2.36546998778881,-0.498061975535096,-34.3278543722595));
#1629=CARTESIAN_POINT('',(-2.39469828403992,-0.431367504901515,-34.2982710293037));
#1630=CARTESIAN_POINT('',(-2.46853282985601,-0.28714210621257,-34.2091097473675));
#1631=CARTESIAN_POINT('',(-2.51861954917803,-0.208629409138588,-34.137603035288));
#1632=CARTESIAN_POINT('',(-2.59554053764365,-0.0924584977759114,-33.9732997581837));
#1633=CARTESIAN_POINT('',(-2.62390583109014,-0.051526542103046,-33.8886760025915));
#1634=CARTESIAN_POINT('',(-2.65380668485045,-0.00555631254086608,-33.7183284608905));
#1635=CARTESIAN_POINT('',(-2.65841437039522,0.00339112979312026,-33.6372678924863));
#1636=CARTESIAN_POINT('',(-2.64757167195121,-0.00551199124138817,-33.4774153990463));
#1637=CARTESIAN_POINT('',(-2.63313784897909,-0.0221506772833269,-33.4020380344017));
#1638=CARTESIAN_POINT('',(-2.58762945104668,-0.0807789943974497,-33.2528575437437));
#1639=CARTESIAN_POINT('',(-2.555454669783,-0.124666468140699,-33.1825487223132));
#1640=CARTESIAN_POINT('',(-2.4769171642716,-0.244956252947743,-33.0469678694528));
#1641=CARTESIAN_POINT('',(-2.42999657753867,-0.32524909715177,-32.9888075060624));
#1642=CARTESIAN_POINT('',(-2.36152042759622,-0.484160958986565,-32.9140663152012));
#1643=CARTESIAN_POINT('',(-2.33588053838553,-0.563421747449588,-32.8906964634315));
#1644=CARTESIAN_POINT('',(-2.31449245175194,-0.719034283749295,-32.8714380803603));
#1645=CARTESIAN_POINT('',(-2.31543484765922,-0.790301814177153,-32.8722243534183));
#1646=CARTESIAN_POINT('',(-2.33866941791345,-0.935092038791427,-32.8932880923983));
#1647=CARTESIAN_POINT('',(-2.36107389184147,-1.00489741834959,-32.9140060580482));
#1648=CARTESIAN_POINT('',(-2.42304514868995,-1.15276855158818,-32.9807395654595));
#1649=CARTESIAN_POINT('',(-2.46719234488996,-1.23044745858964,-33.0342275826102));
#1650=CARTESIAN_POINT('',(-2.54872793234163,-1.3582453239757,-33.168072222917));
#1651=CARTESIAN_POINT('',(-2.58555385283874,-1.40858920043926,-33.2454861151244));
#1652=CARTESIAN_POINT('',(-2.63459048686666,-1.47168450502007,-33.4072874879591));
#1653=CARTESIAN_POINT('',(-2.64917359434379,-1.48831995830328,-33.4865119123095));
#1654=CARTESIAN_POINT('',(-2.65799263786816,-1.49446348228118,-33.6473878836164));
#1655=CARTESIAN_POINT('',(-2.65287615153497,-1.48495914147378,-33.7253724340379));
#1656=CARTESIAN_POINT('',(-2.62446329489789,-1.44139347961701,-33.8834654525701));
#1657=CARTESIAN_POINT('',(-2.59970631735348,-1.40549331244292,-33.9602658381809));
#1658=CARTESIAN_POINT('',(-2.53047793071196,-1.30161765260816,-34.1164369728738));
#1659=CARTESIAN_POINT('',(-2.48364473001176,-1.22931647180261,-34.1876205896884));
#1660=CARTESIAN_POINT('',(-2.41021101054562,-1.09321902652569,-34.2810431003029));
#1661=CARTESIAN_POINT('',(-2.37964375647886,-1.02888198136468,-34.3134637065325));
#1662=CARTESIAN_POINT('',(-2.34595000632328,-0.925758730349132,-34.3466594820236));
#1663=CARTESIAN_POINT('',(-2.33679790498775,-0.89065612176309,-34.3551766207066));
#1664=CARTESIAN_POINT('',(-2.32431488153386,-0.818768886674689,-34.3666071063696));
#1665=CARTESIAN_POINT('',(-2.32101416786405,-0.782653210505178,-34.3695184834434));
#1666=CARTESIAN_POINT('',(-2.32101416786405,-0.746,-34.3695184834434));
#1667=CARTESIAN_POINT('',(-2.25373373829365,0.,-33.4245696155233));
#1668=CARTESIAN_POINT('',(-1.35098683739906,0.,-33.8547417123928));
#1669=CARTESIAN_POINT('',(-1.35098683739906,-35.,-33.8547417123928));
#1670=CARTESIAN_POINT('',(-2.25373373829365,-35.,-33.4245696155233));
#1671=CARTESIAN_POINT('',(0.00313351394289931,0.,-34.499999857697));
#1672=CARTESIAN_POINT('',(1.35713662987739,0.,-33.8544957430397));
#1673=CARTESIAN_POINT('',(1.35713662987739,-35.,-33.8544957430397));
#1674=CARTESIAN_POINT('',(0.00313351394289931,-35.,-34.499999857697));
#1675=CARTESIAN_POINT('',(2.25980537383378,0.,-33.4241596666016));
#1676=CARTESIAN_POINT('',(2.25989620032491,0.,-34.4241596624768));
#1677=CARTESIAN_POINT('',(2.25989620032491,-35.,-34.4241596624768));
#1678=CARTESIAN_POINT('',(2.25980537383378,-35.,-33.4241596666016));
#1679=CARTESIAN_POINT('',(1.66128514173813,0.,-33.6231198379128));
#1680=CARTESIAN_POINT('',(2.32725745507344,-0.746,-34.3690962972405));
#1681=CARTESIAN_POINT('',(2.32725745507344,-0.806826766605892,-34.3690962972405));
#1682=CARTESIAN_POINT('',(2.33643061119762,-0.865600740146133,-34.36111899305));
#1683=CARTESIAN_POINT('',(2.37170569711214,-0.993937996710543,-34.3274241197184));
#1684=CARTESIAN_POINT('',(2.40092860896857,-1.06063245243269,-34.2978354786973));
#1685=CARTESIAN_POINT('',(2.47474694110787,-1.20485783427748,-34.2086608132765));
#1686=CARTESIAN_POINT('',(2.52482066505593,-1.28337052847948,-34.1371450209045));
#1687=CARTESIAN_POINT('',(2.60171181276312,-1.39954145366905,-33.972827798911));
#1688=CARTESIAN_POINT('',(2.63006174164998,-1.4404734207568,-33.8881988952699));
#1689=CARTESIAN_POINT('',(2.6599316670191,-1.48644367233539,-33.717845927142));
#1690=CARTESIAN_POINT('',(2.66452463548003,-1.49539112501273,-33.6367845219846));
#1691=CARTESIAN_POINT('',(2.6536529139741,-1.48648802348437,-33.476933999619));
#1692=CARTESIAN_POINT('',(2.63920540621349,-1.46984934782054,-33.4015592581491));
#1693=CARTESIAN_POINT('',(2.59366992808188,-1.4112210578294,-33.2523870457047));
#1694=CARTESIAN_POINT('',(2.56148238879942,-1.36733360514627,-33.1820840766095));
#1695=CARTESIAN_POINT('',(2.48292027678086,-1.24704386743684,-33.0465174891841));
#1696=CARTESIAN_POINT('',(2.43598913161007,-1.16675104831797,-32.9883656407176));
#1697=CARTESIAN_POINT('',(2.36749938673591,-1.00783921095125,-32.9136368528097));
#1698=CARTESIAN_POINT('',(2.34185523345561,-0.928578416741185,-32.8902716381943));
#1699=CARTESIAN_POINT('',(2.32046361493469,-0.772965875557478,-32.871017109026));
#1700=CARTESIAN_POINT('',(2.32140613643573,-0.7016983452987,-32.8718031965279));
#1701=CARTESIAN_POINT('',(2.34464449964871,-0.556908135188541,-32.892862683247));
#1702=CARTESIAN_POINT('',(2.36705271507817,-0.487102770655736,-32.9135765558545));
#1703=CARTESIAN_POINT('',(2.42903605192713,-0.339231658494972,-32.9802987440892));
#1704=CARTESIAN_POINT('',(2.47319294344282,-0.261552758562324,-33.0337786971455));
#1705=CARTESIAN_POINT('',(2.55475284814224,-0.133754848607576,-33.1676084546212));
#1706=CARTESIAN_POINT('',(2.59159285309682,-0.0834109325634076,-33.2450156483722));
#1707=CARTESIAN_POINT('',(2.6406589209903,-0.0203155616592777,-33.4068081035355));
#1708=CARTESIAN_POINT('',(2.65525644104528,-0.00368007877349706,-33.4860298766086));
#1709=CARTESIAN_POINT('',(2.66410474786656,0.00246349880765479,-33.646904241293));
#1710=CARTESIAN_POINT('',(2.659002448447,-0.00704081483641214,-33.7248897179604));
#1711=CARTESIAN_POINT('',(2.63061835530795,-0.0506064149266233,-33.8829878782595));
#1712=CARTESIAN_POINT('',(2.60587535886251,-0.0865065402267532,-33.9597927475878));
#1713=CARTESIAN_POINT('',(2.53667540646798,-0.190382094467994,-34.1159764434128));
#1714=CARTESIAN_POINT('',(2.48985516904593,-0.262683210859361,-34.1871685773567));
#1715=CARTESIAN_POINT('',(2.41643839585577,-0.398780620753268,-34.2806045213486));
#1716=CARTESIAN_POINT('',(2.38587699083882,-0.463117698668213,-34.313030736541));
#1717=CARTESIAN_POINT('',(2.3521892074608,-0.566241026326582,-34.3462327035383));
#1718=CARTESIAN_POINT('',(2.34303863080904,-0.601343675483035,-34.354751526735));
#1719=CARTESIAN_POINT('',(2.3305576498152,-0.673231005267097,-34.3661843119082));
#1720=CARTESIAN_POINT('',(2.32725745507344,-0.709346734345179,-34.3690962972405));
#1721=CARTESIAN_POINT('',(2.32725745507344,-0.746,-34.3690962972405));
#1722=CARTESIAN_POINT('',(2.32725745507327,-0.746,-34.3690962972405));
#1723=CARTESIAN_POINT('',(2.32725745507327,0.,-34.3690962972405));
#1724=CARTESIAN_POINT('',(2.32725745507327,-35.,-34.3690962972405));
#1725=CARTESIAN_POINT('',(1.66128514173813,-35.,-33.6231198379128));
#1726=CARTESIAN_POINT('',(2.11047358577744,0.,33.7402755471658));
#1727=CARTESIAN_POINT('',(2.07157171490465,-1.79074132790942E-15,33.7662005635381));
#1728=CARTESIAN_POINT('',(2.03240305254692,-0.00414443791970582,33.7917054993433));
#1729=CARTESIAN_POINT('',(1.93131589183921,-0.0256659588661662,33.8559738216731));
#1730=CARTESIAN_POINT('',(1.86992298088138,-0.0493949851574944,33.8934491319679));
#1731=CARTESIAN_POINT('',(1.71707739550621,-0.139074859606682,33.9832234605268));
#1732=CARTESIAN_POINT('',(1.6290531193268,-0.222452291045359,34.0310693311187));
#1733=CARTESIAN_POINT('',(1.49335567430015,-0.447818027483244,34.1015968954279));
#1734=CARTESIAN_POINT('',(1.44871965824167,-0.596179490337704,34.1230086556539));
#1735=CARTESIAN_POINT('',(1.44871965824167,-0.746,34.1230086556539));
#1736=CARTESIAN_POINT('',(2.11047358577744,5.20502464306219E-29,33.7402755471658));
#1737=CARTESIAN_POINT('',(2.07665890021205,-1.53997411241789E-15,33.7695450505983));
#1738=CARTESIAN_POINT('',(2.04260194179671,-0.0034651183182607,33.7984693405083));
#1739=CARTESIAN_POINT('',(1.95408482187593,-0.021539451026149,33.8722271112996));
#1740=CARTESIAN_POINT('',(1.89969816766849,-0.0414433954794915,33.91613564764));
#1741=CARTESIAN_POINT('',(1.76024433572575,-0.11912836855949,34.0256359064893));
#1742=CARTESIAN_POINT('',(1.67496589720098,-0.192544292611883,34.0893100129635));
#1743=CARTESIAN_POINT('',(1.53200565254942,-0.415354896233956,34.1943378584687));
#1744=CARTESIAN_POINT('',(1.47748867112635,-0.577328940295971,34.2338027070559));
#1745=CARTESIAN_POINT('',(1.47748867112635,-0.746,34.2338027070559));
#1746=CARTESIAN_POINT('',(2.11047358577744,1.20830929213944E-28,33.7402755471658));
#1747=CARTESIAN_POINT('',(2.08174608551946,-1.35020432772157E-15,33.7728895376585));
#1748=CARTESIAN_POINT('',(2.05280040570121,-0.00312647308591316,33.8052323549922));
#1749=CARTESIAN_POINT('',(1.97730871016326,-0.0194666234469359,33.8883260969745));
#1750=CARTESIAN_POINT('',(1.93067222807966,-0.0374385827323708,33.9384175003481));
#1751=CARTESIAN_POINT('',(1.80939912413366,-0.108861474563328,34.0661909561354));
#1752=CARTESIAN_POINT('',(1.73322366596219,-0.176768961495127,34.1438764396964));
#1753=CARTESIAN_POINT('',(1.60000961402466,-0.397495870682424,34.2789275200653));
#1754=CARTESIAN_POINT('',(1.54562659819949,-0.566737114642454,34.3339453213509));
#1755=CARTESIAN_POINT('',(1.54562659819949,-0.746,34.3339453213509));
#1756=CARTESIAN_POINT('',(2.11047358577744,1.91470549369788E-28,33.7402755471658));
#1757=CARTESIAN_POINT('',(2.09192045613428,-1.09265961991948E-15,33.7795785117788));
#1758=CARTESIAN_POINT('',(2.07319610408588,-0.00312647308591448,33.8187586632694));
#1759=CARTESIAN_POINT('',(2.02418607752722,-0.0194666234469377,33.919884949819));
#1760=CARTESIAN_POINT('',(1.9937382251465,-0.037438582732368,33.9813167961777));
#1761=CARTESIAN_POINT('',(1.91367919019301,-0.108861474563326,34.1387375324597));
#1762=CARTESIAN_POINT('',(1.86237411061834,-0.176768961495125,34.2351593134551));
#1763=CARTESIAN_POINT('',(1.77001003448258,-0.397495870682423,34.4017803656366));
#1764=CARTESIAN_POINT('',(1.73062228588976,-0.566737114642454,34.4688100952901));
#1765=CARTESIAN_POINT('',(1.73062228588976,-0.746,34.4688100952901));
#1766=CARTESIAN_POINT('',(2.11047358577744,2.93712104858509E-28,33.7402755471658));
#1767=CARTESIAN_POINT('',(2.09700764144169,-1.0248846968136E-15,33.782922998839));
#1768=CARTESIAN_POINT('',(2.08339338940436,-0.00346511831826331,33.8255219913772));
#1769=CARTESIAN_POINT('',(2.04783927862374,-0.0215394510261526,33.9353446305133));
#1770=CARTESIAN_POINT('',(2.02583029082339,-0.041443395479486,34.0019343841934));
#1771=CARTESIAN_POINT('',(1.96878102626865,-0.119128368559484,34.1707128395238));
#1772=CARTESIAN_POINT('',(1.93319560505867,-0.19254429261188,34.2718265519248));
#1773=CARTESIAN_POINT('',(1.87162198696121,-0.415354896233954,34.4397665718139));
#1774=CARTESIAN_POINT('',(1.84680925676273,-0.577328940295972,34.5030432386316));
#1775=CARTESIAN_POINT('',(1.84680925676273,-0.746,34.5030432386316));
#1776=CARTESIAN_POINT('',(2.11047358577745,3.12301478583731E-28,33.7402755471658));
#1777=CARTESIAN_POINT('',(2.1020948267491,-1.01810720450304E-15,33.7862674858992));
#1778=CARTESIAN_POINT('',(2.09359059702019,-0.00414443791970975,33.8322854589817));
#1779=CARTESIAN_POINT('',(2.0714631540782,-0.0256659588661716,33.9503247962667));
#1780=CARTESIAN_POINT('',(2.05784474600858,-0.0493949851574862,34.0212892454089));
#1781=CARTESIAN_POINT('',(2.02352130480554,-0.139074859606675,34.196429383053));
#1782=CARTESIAN_POINT('',(2.00329394135396,-0.222452291045355,34.2956348778952));
#1783=CARTESIAN_POINT('',(1.97170682763264,-0.447818027483241,34.4473267682742));
#1784=CARTESIAN_POINT('',(1.96109241368971,-0.596179490337704,34.4965364751337));
#1785=CARTESIAN_POINT('',(1.96109241368971,-0.746,34.4965364751337));
#1786=CARTESIAN_POINT('',(1.93267071563657,-0.746,33.9973449216396));
#1787=CARTESIAN_POINT('',(1.44871965824167,-0.746,34.1230086556539));
#1788=CARTESIAN_POINT('',(1.96109241368971,-0.746,34.4965364751337));
#1789=CARTESIAN_POINT('',(2.11047358577745,3.12301478583731E-28,33.7402755471658));
#1790=CARTESIAN_POINT('',(2.1020948267491,-1.01810720450304E-15,33.7862674858992));
#1791=CARTESIAN_POINT('',(2.09359059702019,-0.00414443791970975,33.8322854589817));
#1792=CARTESIAN_POINT('',(2.0714631540782,-0.0256659588661716,33.9503247962667));
#1793=CARTESIAN_POINT('',(2.05784474600858,-0.0493949851574862,34.0212892454089));
#1794=CARTESIAN_POINT('',(2.02352130480554,-0.139074859606675,34.196429383053));
#1795=CARTESIAN_POINT('',(2.00329394135396,-0.222452291045355,34.2956348778952));
#1796=CARTESIAN_POINT('',(1.97170682763264,-0.447818027483241,34.4473267682742));
#1797=CARTESIAN_POINT('',(1.96109241368971,-0.596179490337704,34.4965364751337));
#1798=CARTESIAN_POINT('',(1.96109241368971,-0.746,34.4965364751337));
#1799=CARTESIAN_POINT('',(2.11047358577744,0.,33.7402755471658));
#1800=CARTESIAN_POINT('',(2.07157171490465,-1.79074132790942E-15,33.7662005635381));
#1801=CARTESIAN_POINT('',(2.03240305254692,-0.00414443791970582,33.7917054993433));
#1802=CARTESIAN_POINT('',(1.93131589183921,-0.0256659588661662,33.8559738216731));
#1803=CARTESIAN_POINT('',(1.86992298088138,-0.0493949851574944,33.8934491319679));
#1804=CARTESIAN_POINT('',(1.71707739550621,-0.139074859606682,33.9832234605268));
#1805=CARTESIAN_POINT('',(1.6290531193268,-0.222452291045359,34.0310693311187));
#1806=CARTESIAN_POINT('',(1.49335567430015,-0.447818027483244,34.1015968954279));
#1807=CARTESIAN_POINT('',(1.44871965824167,-0.596179490337704,34.1230086556539));
#1808=CARTESIAN_POINT('',(1.44871965824167,-0.746,34.1230086556539));
#1809=CARTESIAN_POINT('',(-4.75197700783427E-6,-0.746,0.0523192840460539));
#1810=CARTESIAN_POINT('',(-4.75197700783427E-6,-0.746,0.0523192840460539));
#1811=CARTESIAN_POINT('',(-2.11660257260496,0.,33.7398916166691));
#1812=CARTESIAN_POINT('',(-2.10823270307948,-2.2929049458991E-17,33.7858821381104));
#1813=CARTESIAN_POINT('',(-2.09972960740211,-0.00414883919398606,33.8319406519665));
#1814=CARTESIAN_POINT('',(-2.07762401089428,-0.0256754613669604,33.9499809888236));
#1815=CARTESIAN_POINT('',(-2.06401745310837,-0.0494095663208474,34.0209528512978));
#1816=CARTESIAN_POINT('',(-2.0297251598157,-0.139103102725831,34.1961011866636));
#1817=CARTESIAN_POINT('',(-2.00951915439802,-0.222477410255076,34.2952930396925));
#1818=CARTESIAN_POINT('',(-1.9779628135711,-0.447836719843997,34.4469747118696));
#1819=CARTESIAN_POINT('',(-1.96735878003409,-0.596189081896833,34.4961796676948));
#1820=CARTESIAN_POINT('',(-1.96735878003409,-0.746,34.4961796676948));
#1821=CARTESIAN_POINT('',(-2.11660257260496,0.,33.7398916166691));
#1822=CARTESIAN_POINT('',(-2.10314523538324,-6.81148396462286E-17,33.7825387888307));
#1823=CARTESIAN_POINT('',(-2.08952713342043,-0.00346880066086895,33.82517641704));
#1824=CARTESIAN_POINT('',(-2.05399355379991,-0.0215474538263709,33.9350029926011));
#1825=CARTESIAN_POINT('',(-2.03199486737279,-0.0414557377757989,34.001601745014));
#1826=CARTESIAN_POINT('',(-1.97497452591964,-0.119153296070102,34.1703942294222));
#1827=CARTESIAN_POINT('',(-1.93941250509242,-0.192567863966154,34.2714988934698));
#1828=CARTESIAN_POINT('',(-1.87787478202687,-0.415374679451539,34.439434421696));
#1829=CARTESIAN_POINT('',(-1.85307680696566,-0.577339738673619,34.5027071909615));
#1830=CARTESIAN_POINT('',(-1.85307680696566,-0.746,34.5027071909615));
#1831=CARTESIAN_POINT('',(-2.11660257260496,0.,33.7398916166691));
#1832=CARTESIAN_POINT('',(-2.098057767687,-1.13300629833466E-16,33.779195439551));
#1833=CARTESIAN_POINT('',(-2.07932457855537,-0.00312979586857866,33.8184122707553));
#1834=CARTESIAN_POINT('',(-2.03033366653443,-0.0194738684057346,33.9195451993885));
#1835=CARTESIAN_POINT('',(-1.99989440475509,-0.0374497820212665,33.9809873100901));
#1836=CARTESIAN_POINT('',(-1.91986109296881,-0.108884629789965,34.1384266867306));
#1837=CARTESIAN_POINT('',(-1.86858025853072,-0.176791613319521,34.234843886215));
#1838=CARTESIAN_POINT('',(-1.77625405849612,-0.397516189971036,34.4014670686085));
#1839=CARTESIAN_POINT('',(-1.73688361945712,-0.566748591112323,34.4684951538946));
#1840=CARTESIAN_POINT('',(-1.73688361945712,-0.746,34.4684951538946));
#1841=CARTESIAN_POINT('',(-2.11660257260496,0.,33.7398916166691));
#1842=CARTESIAN_POINT('',(-2.08788283229451,-2.03672210207941E-16,33.7725087409917));
#1843=CARTESIAN_POINT('',(-2.05891838555168,-0.00312979586857805,33.8048842589004));
#1844=CARTESIAN_POINT('',(-1.9834430702415,-0.0194738684057337,33.8879896594721));
#1845=CARTESIAN_POINT('',(-1.93681187021154,-0.0374497820212675,33.9380932972907));
#1846=CARTESIAN_POINT('',(-1.81555814060035,-0.108884629789966,34.0658918882752));
#1847=CARTESIAN_POINT('',(-1.73940734420725,-0.176791613319521,34.1435799800974));
#1848=CARTESIAN_POINT('',(-1.60622931383954,-0.397516189971036,34.2786434954609));
#1849=CARTESIAN_POINT('',(-1.55186343623084,-0.566748591112323,34.3336639871987));
#1850=CARTESIAN_POINT('',(-1.55186343623084,-0.746,34.3336639871987));
#1851=CARTESIAN_POINT('',(-2.11660257260496,0.,33.7398916166691));
#1852=CARTESIAN_POINT('',(-2.08279536459827,-2.48858000395179E-16,33.769165391712));
#1853=CARTESIAN_POINT('',(-2.048714696538,-0.00346880066086775,33.7981203590042));
#1854=CARTESIAN_POINT('',(-1.96021263952977,-0.0215474538263691,33.8718920993963));
#1855=CARTESIAN_POINT('',(-1.90582966998943,-0.0414557377758009,33.9158135750267));
#1856=CARTESIAN_POINT('',(-1.76639207806144,-0.119153296070103,34.0253408565057));
#1857=CARTESIAN_POINT('',(-1.68113789521778,-0.192567863966153,34.0890202972095));
#1858=CARTESIAN_POINT('',(-1.53820988227032,-0.415374679451538,34.1940642074228));
#1859=CARTESIAN_POINT('',(-1.48370731907744,-0.57733973867362,34.2335337520135));
#1860=CARTESIAN_POINT('',(-1.48370731907744,-0.746,34.2335337520135));
#1861=CARTESIAN_POINT('',(-2.11660257260496,0.,33.7398916166691));
#1862=CARTESIAN_POINT('',(-2.07770789690203,-2.94043790582417E-16,33.7658220424323));
#1863=CARTESIAN_POINT('',(-2.03851063002552,-0.00414883919398424,33.7913556153262));
#1864=CARTESIAN_POINT('',(-1.93743741233378,-0.0256754613669576,33.855640062149));
#1865=CARTESIAN_POINT('',(-1.87604685725463,-0.0494095663208502,33.8931287826126));
#1866=CARTESIAN_POINT('',(-1.72321534041266,-0.139103102725833,33.982930807831));
#1867=CARTESIAN_POINT('',(-1.63521478009177,-0.222477410255075,34.030783572274));
#1868=CARTESIAN_POINT('',(-1.49954424492711,-0.447836719843996,34.1013279608002));
#1869=CARTESIAN_POINT('',(-1.45491818059767,-0.596189081896833,34.1227449284166));
#1870=CARTESIAN_POINT('',(-1.45491818059767,-0.746,34.1227449284166));
#1871=CARTESIAN_POINT('',(-1.93884640281586,-0.746,33.9969932853231));
#1872=CARTESIAN_POINT('',(-1.96735878003409,-0.746,34.4961796676948));
#1873=CARTESIAN_POINT('',(-1.45491818059766,-0.746,34.1227449284166));
#1874=CARTESIAN_POINT('',(-2.11660257260496,0.,33.7398916166691));
#1875=CARTESIAN_POINT('',(-2.07770789690203,-2.94043790582417E-16,33.7658220424323));
#1876=CARTESIAN_POINT('',(-2.03851063002552,-0.00414883919398424,33.7913556153262));
#1877=CARTESIAN_POINT('',(-1.93743741233378,-0.0256754613669576,33.855640062149));
#1878=CARTESIAN_POINT('',(-1.87604685725463,-0.0494095663208502,33.8931287826126));
#1879=CARTESIAN_POINT('',(-1.72321534041266,-0.139103102725833,33.982930807831));
#1880=CARTESIAN_POINT('',(-1.63521478009177,-0.222477410255075,34.030783572274));
#1881=CARTESIAN_POINT('',(-1.49954424492711,-0.447836719843996,34.1013279608002));
#1882=CARTESIAN_POINT('',(-1.45491818059767,-0.596189081896833,34.1227449284166));
#1883=CARTESIAN_POINT('',(-1.45491818059767,-0.746,34.1227449284166));
#1884=CARTESIAN_POINT('',(-2.11660257260496,0.,33.7398916166691));
#1885=CARTESIAN_POINT('',(-2.10823270307948,-2.2929049458991E-17,33.7858821381104));
#1886=CARTESIAN_POINT('',(-2.09972960740211,-0.00414883919398606,33.8319406519665));
#1887=CARTESIAN_POINT('',(-2.07762401089428,-0.0256754613669604,33.9499809888236));
#1888=CARTESIAN_POINT('',(-2.06401745310837,-0.0494095663208474,34.0209528512978));
#1889=CARTESIAN_POINT('',(-2.0297251598157,-0.139103102725831,34.1961011866636));
#1890=CARTESIAN_POINT('',(-2.00951915439802,-0.222477410255076,34.2952930396925));
#1891=CARTESIAN_POINT('',(-1.9779628135711,-0.447836719843997,34.4469747118696));
#1892=CARTESIAN_POINT('',(-1.96735878003409,-0.596189081896833,34.4961796676948));
#1893=CARTESIAN_POINT('',(-1.96735878003409,-0.746,34.4961796676948));
#1894=CARTESIAN_POINT('',(-0.00313351394289877,-0.746,34.499999857697));
#1895=CARTESIAN_POINT('',(-0.00313351394289877,-0.746,34.499999857697));
#1896=CARTESIAN_POINT('',(-4.75197700783427E-6,-0.746,0.0523192840460539));
#1897=CARTESIAN_POINT('',(-4.75197700783427E-6,-0.746,0.0523192840460539));
#1898=CARTESIAN_POINT('',(-4.75197700783427E-6,0.,0.0523192840460539));
#1899=CARTESIAN_POINT('',(1.9610924136896,0.,34.4965364751337));
#1900=CARTESIAN_POINT('',(1.9610924136896,-35.,34.4965364751337));
#1901=CARTESIAN_POINT('',(-4.75197700783427E-6,-35.,0.0523192840460539));
#1902=CARTESIAN_POINT('',(1.93267071563645,0.,33.9973449216396));
#1903=CARTESIAN_POINT('',(1.44871965824156,0.,34.123008655654));
#1904=CARTESIAN_POINT('',(1.44871965824156,-35.,34.123008655654));
#1905=CARTESIAN_POINT('',(1.93267071563645,-35.,33.9973449216396));
#1906=CARTESIAN_POINT('',(-0.00313351394289877,0.,34.499999857697));
#1907=CARTESIAN_POINT('',(-1.4549181805976,0.,34.1227449284165));
#1908=CARTESIAN_POINT('',(-1.4549181805976,-35.,34.1227449284165));
#1909=CARTESIAN_POINT('',(-0.00313351394289877,-35.,34.499999857697));
#1910=CARTESIAN_POINT('',(-1.93884640281582,0.,33.9969932853231));
#1911=CARTESIAN_POINT('',(-1.96735878003405,0.,34.4961796676948));
#1912=CARTESIAN_POINT('',(-1.96735878003405,-35.,34.4961796676948));
#1913=CARTESIAN_POINT('',(-1.93884640281582,-35.,33.9969932853231));
#1914=CARTESIAN_POINT('',(-4.75197700783427E-6,0.,0.0523192840460539));
#1915=CARTESIAN_POINT('',(-4.75197700783427E-6,-35.,0.0523192840460539));
#1916=CARTESIAN_POINT('',(21.260923662908,0.,12.275));
#1917=CARTESIAN_POINT('',(24.55,0.,6.57815267418405));
#1918=CARTESIAN_POINT('',(24.55,0.,-3.01980662698043E-14));
#1919=CARTESIAN_POINT('',(24.55,0.,-6.57815267418411));
#1920=CARTESIAN_POINT('',(21.260923662908,0.,-12.275));
#1921=CARTESIAN_POINT('',(17.9718473258159,0.,-17.9718473258159));
#1922=CARTESIAN_POINT('',(12.275,0.,-21.260923662908));
#1923=CARTESIAN_POINT('',(-7.03243891098191E-6,-35.,0.0774271780815986));
#1924=PLANE('',#985);
#1925=PLANE('',#986);
#1926=PLANE('',#987);
#1927=PLANE('',#988);
#1928=PLANE('',#989);
#1929=PLANE('',#990);
#1930=PLANE('',#991);
#1931=PLANE('',#992);
#1932=PLANE('',#993);
#1933=PLANE('',#994);
#1934=PLANE('',#995);
#1935=PLANE('',#996);
#1936=PLANE('',#997);
#1937=PLANE('',#998);
#1938=PLANE('',#999);
#1939=PLANE('',#1000);
#1940=PLANE('',#1001);
#1941=PLANE('',#1002);
#1942=PLANE('',#1003);
#1943=PLANE('',#1004);
#1944=PLANE('',#1005);
#1945=PLANE('',#1006);
#1946=PLANE('',#1007);
#1947=PLANE('',#1008);
#1948=PLANE('',#1009);
#1949=PLANE('',#1010);
#1950=PLANE('',#1011);
#1951=PLANE('',#1012);
#1952=PLANE('',#1013);
#1953=PLANE('',#1014);
#1954=PLANE('',#1015);
#1955=PLANE('',#1016);
#1956=PLANE('',#1017);
#1957=PLANE('',#1018);
#1958=PLANE('',#1061);
#1959=PLANE('',#1062);
#1960=PLANE('',#1063);
#1961=PLANE('',#1064);
#1962=PLANE('',#1065);
#1963=CLOSED_SHELL('',(#928,#929,#930,#931,#932,#933,#934,#935,#936,#937,
#938,#939,#940,#941,#942,#943,#944,#945,#946,#947,#948,#949,#950,#951,#952,
#953,#954,#955,#956,#957,#958,#959,#960,#961,#962,#963,#964,#965,#966,#967,
#968,#969,#970,#971,#972,#973,#974,#975,#976,#977,#978,#979,#980,#981,#982,
#983,#984));
#1964=MANIFOLD_SOLID_BREP('',#1963);
#1965=ADVANCED_BREP_SHAPE_REPRESENTATION('',(#1964),#103);
ENDSEC;
END-ISO-10303-21;
