ISO-10303-21;
HEADER;
/* Generated by software containing ST-Developer
 * from STEP Tools, Inc. (www.steptools.com) 
 */

FILE_DESCRIPTION(
/* description */ ('Alibre Inc.'),
/* implementation_level */ '2;1');

FILE_NAME(
/* name */ 'export-B2A9F5D4-C9DF-4B3B-90CD-4804405DA7F8',
/* time_stamp */ '2025-11-02T13:43:14-06:00',
/* author */ (''),
/* organization */ (''),
/* preprocessor_version */ 'ST-DEVELOPER v17',
/* originating_system */ 'Alibre',
/* authorisation */ '');

FILE_SCHEMA (('CONFIG_CONTROL_DESIGN'));
ENDSEC;

DATA;
#10=MECHANICAL_CONTEXT('detailed design',#18,'mechanical');
#11=PRODUCT_RELATED_PRODUCT_CATEGORY('detail','',(#98));
#12=CC_DESIGN_SECURITY_CLASSIFICATION(#14,(#97));
#13=SECURITY_CLASSIFICATION_LEVEL('unclassified');
#14=SECURITY_CLASSIFICATION('name','Security for version',#13);
#15=SHAPE_DEFINITION_REPRESENTATION(#16,#8035);
#16=PRODUCT_DEFINITION_SHAPE('','DefinitionDesc',#96);
#17=APPLICATION_PROTOCOL_DEFINITION('AP definition status',
'config_control_design',1994,#18);
#18=APPLICATION_CONTEXT(
'control the configuration of three dimensional design');
#19=DESIGN_CONTEXT('detailed design',#18,'design');
#20=PERSON_AND_ORGANIZATION_ROLE('creator');
#21=PERSON_AND_ORGANIZATION_ROLE('classification_officer');
#22=PERSON_AND_ORGANIZATION_ROLE('creator');
#23=PERSON_AND_ORGANIZATION_ROLE('design_supplier');
#24=PERSON_AND_ORGANIZATION_ROLE('design_owner');
#25=CC_DESIGN_PERSON_AND_ORGANIZATION_ASSIGNMENT(#57,#20,(#96));
#26=CC_DESIGN_PERSON_AND_ORGANIZATION_ASSIGNMENT(#60,#21,(#14));
#27=CC_DESIGN_PERSON_AND_ORGANIZATION_ASSIGNMENT(#61,#22,(#97));
#28=CC_DESIGN_PERSON_AND_ORGANIZATION_ASSIGNMENT(#62,#23,(#97));
#29=CC_DESIGN_PERSON_AND_ORGANIZATION_ASSIGNMENT(#63,#24,(#98));
#30=DATE_TIME_ROLE('creation_date');
#31=DATE_TIME_ROLE('classification_date');
#32=CC_DESIGN_DATE_AND_TIME_ASSIGNMENT(#86,#30,(#96));
#33=CC_DESIGN_DATE_AND_TIME_ASSIGNMENT(#89,#31,(#14));
#34=CC_DESIGN_APPROVAL(#93,(#96));
#35=CC_DESIGN_APPROVAL(#94,(#97));
#36=CC_DESIGN_APPROVAL(#95,(#14));
#37=APPROVAL_PERSON_ORGANIZATION(#56,#93,#64);
#38=APPROVAL_PERSON_ORGANIZATION(#58,#94,#65);
#39=APPROVAL_PERSON_ORGANIZATION(#59,#95,#66);
#40=ORGANIZATION('DEFINITION_APPROVEDBY_ORG_ID',
'DEFINITION_APPROVEDBY_ORG_NAME','DEFINITION_APPROVEDBY_ORG_DESCR');
#41=ORGANIZATION('DEF_CREATOR_ORG_ID','DEF_CREATOR_ORG_NAME',
'DEF_CREATOR_ORG_DESCR');
#42=ORGANIZATION('APPROVEDBY_ORG_ID','APPROVEDBY_ORG_NAME',
'APPROVEDBY_ORG_DESCR');
#43=ORGANIZATION('SECURITY_APPROVEDBY_ORG_ID',
'SECURITY_APPROVEDBY_ORG_NAME','SECURITY_APPROVEDBY_ORG_DESCR');
#44=ORGANIZATION('CLASSOFFICER_ORG_ID','CLASSOFFICER_ORG_NAME',
'CLASSOFFICER_ORG_DESCR');
#45=ORGANIZATION('CREATOR_ORG_ID','CREATOR_ORG_NAME',
'CREATOR_ORG_DESCR');
#46=ORGANIZATION('SUPPLIER_ORG_ID','SUPPLIER_ORG_NAME',
'SUPPLIER_ORG_DESCR');
#47=ORGANIZATION('OWNER_ORG_ID','OWNER_ORG_NAME','OWNER_ORG_DESCR');
#48=PERSON('DEFINITION_approverID','DEFINITION_APPROVEDBY_LASTNAME',
'DEFINITION_APPROVEDBY_FIRSTNAME',$,$,$);
#49=PERSON('DEF_createrID','DEF_CREATOR_LASTNAME',
'DEF_CREATOR_FIRSTNAME',$,$,$);
#50=PERSON('approverID','APPROVEDBY_LASTNAME','APPROVEDBY_FIRSTNAME',$,
$,$);
#51=PERSON('SECURITY_approverID','SECURITY_LASTNAME',
'SECURITY_APPROVEDBY_FIRSTNAME',$,$,$);
#52=PERSON('classifierID','CLASSOFFICER_LASTNAME',
'CLASSOFFICER_FIRSTNAME',$,$,$);
#53=PERSON('createrID','CREATOR_LASTNAME','CREATOR_FIRSTNAME',$,$,$);
#54=PERSON('supplierID','SUPPLIER_LASTNAME','SUPPLIER_FIRSTNAME',$,$,$);
#55=PERSON('ownerID','OWNER_LASTNAME','OWNER_FIRSTNAME',$,$,$);
#56=PERSON_AND_ORGANIZATION(#48,#40);
#57=PERSON_AND_ORGANIZATION(#49,#41);
#58=PERSON_AND_ORGANIZATION(#50,#42);
#59=PERSON_AND_ORGANIZATION(#51,#43);
#60=PERSON_AND_ORGANIZATION(#52,#44);
#61=PERSON_AND_ORGANIZATION(#53,#45);
#62=PERSON_AND_ORGANIZATION(#54,#46);
#63=PERSON_AND_ORGANIZATION(#55,#47);
#64=APPROVAL_ROLE('definition_approval');
#65=APPROVAL_ROLE('version_approval');
#66=APPROVAL_ROLE('security_approval');
#67=APPROVAL_DATE_TIME(#85,#93);
#68=APPROVAL_DATE_TIME(#87,#94);
#69=APPROVAL_DATE_TIME(#88,#95);
#70=COORDINATED_UNIVERSAL_TIME_OFFSET(5,0,.BEHIND.);
#71=COORDINATED_UNIVERSAL_TIME_OFFSET(5,0,.BEHIND.);
#72=COORDINATED_UNIVERSAL_TIME_OFFSET(5,0,.BEHIND.);
#73=COORDINATED_UNIVERSAL_TIME_OFFSET(5,0,.BEHIND.);
#74=COORDINATED_UNIVERSAL_TIME_OFFSET(5,0,.BEHIND.);
#75=LOCAL_TIME(6,25,33.,#70);
#76=LOCAL_TIME(6,25,33.,#71);
#77=LOCAL_TIME(6,25,33.,#72);
#78=LOCAL_TIME(6,25,33.,#73);
#79=LOCAL_TIME(6,25,33.,#74);
#80=CALENDAR_DATE(2025,28,10);
#81=CALENDAR_DATE(2025,28,10);
#82=CALENDAR_DATE(2025,28,10);
#83=CALENDAR_DATE(2025,28,10);
#84=CALENDAR_DATE(2025,28,10);
#85=DATE_AND_TIME(#80,#75);
#86=DATE_AND_TIME(#81,#76);
#87=DATE_AND_TIME(#82,#77);
#88=DATE_AND_TIME(#83,#78);
#89=DATE_AND_TIME(#84,#79);
#90=APPROVAL_STATUS('not_yet_approved');
#91=APPROVAL_STATUS('not_yet_approved');
#92=APPROVAL_STATUS('not_yet_approved');
#93=APPROVAL(#90,'defintion approval');
#94=APPROVAL(#91,'version approval');
#95=APPROVAL(#92,'security approval');
#96=PRODUCT_DEFINITION('DefinitionID','DefinitionDesc',#97,#19);
#97=PRODUCT_DEFINITION_FORMATION_WITH_SPECIFIED_SOURCE(
'PRODUCT_VERSION_ID','PRODUCT_VERSION_DESCR',#98,.NOT_KNOWN.);
#98=PRODUCT('Peloton_7_flat','Merach','',(#10));
#99=(
LENGTH_UNIT()
NAMED_UNIT(*)
SI_UNIT(.MILLI.,.METRE.)
);
#100=(
NAMED_UNIT(*)
PLANE_ANGLE_UNIT()
SI_UNIT($,.RADIAN.)
);
#101=(
NAMED_UNIT(*)
SI_UNIT($,.STERADIAN.)
SOLID_ANGLE_UNIT()
);
#102=UNCERTAINTY_MEASURE_WITH_UNIT(LENGTH_MEASURE(1.E-6),#99,
'DISTANCE_ACCURACY_VALUE',
'Maximum model space distance between geometric entities at asserted c
onnectivities');
#103=(
GEOMETRIC_REPRESENTATION_CONTEXT(3)
GLOBAL_UNCERTAINTY_ASSIGNED_CONTEXT((#102))
GLOBAL_UNIT_ASSIGNED_CONTEXT((#101,#100,#99))
REPRESENTATION_CONTEXT('ID1','3D')
);
#104=CYLINDRICAL_SURFACE('',#4594,1.00000000000002);
#105=CYLINDRICAL_SURFACE('',#4596,0.999999999999926);
#106=CYLINDRICAL_SURFACE('',#4598,1.49999999999994);
#107=CYLINDRICAL_SURFACE('',#4600,0.999999999999974);
#108=CYLINDRICAL_SURFACE('',#4602,1.00000000000003);
#109=CYLINDRICAL_SURFACE('',#4612,34.5);
#110=CYLINDRICAL_SURFACE('',#4614,0.500000000000077);
#111=CYLINDRICAL_SURFACE('',#4616,1.50000000000009);
#112=CYLINDRICAL_SURFACE('',#4618,0.499999999999977);
#113=CYLINDRICAL_SURFACE('',#4620,34.5);
#114=TOROIDAL_SURFACE('',#4589,2.24599999999994,0.746);
#115=TOROIDAL_SURFACE('',#4605,33.754,0.746);
#116=TOROIDAL_SURFACE('',#4608,2.24600000000009,0.746);
#117=TOROIDAL_SURFACE('',#4610,33.754,0.746);
#118=DEGENERATE_TOROIDAL_SURFACE('',#4586,0.253999999999974,0.746,.T.);
#119=DEGENERATE_TOROIDAL_SURFACE('',#4592,0.253999999999926,0.746,.T.);
#120=CIRCLE('',#4580,33.754);
#121=CIRCLE('',#4581,2.24600000000009);
#122=CIRCLE('',#4582,33.754);
#123=CIRCLE('',#4583,0.253999999999974);
#124=CIRCLE('',#4584,2.24599999999994);
#125=CIRCLE('',#4585,0.253999999999926);
#126=CIRCLE('',#4587,0.999999999999974);
#127=CIRCLE('',#4588,0.745999999999998);
#128=CIRCLE('',#4590,0.745999999999959);
#129=CIRCLE('',#4591,1.49999999999994);
#130=CIRCLE('',#4593,0.999999999999925);
#131=CIRCLE('',#4595,1.00000000000002);
#132=CIRCLE('',#4597,0.999999999999926);
#133=CIRCLE('',#4599,1.49999999999994);
#134=CIRCLE('',#4601,0.999999999999974);
#135=CIRCLE('',#4603,1.00000000000003);
#136=CIRCLE('',#4604,0.500000000000076);
#137=CIRCLE('',#4606,34.5);
#138=CIRCLE('',#4607,0.49999999999997);
#139=CIRCLE('',#4609,1.50000000000009);
#140=CIRCLE('',#4611,34.5);
#141=CIRCLE('',#4613,34.5);
#142=CIRCLE('',#4615,0.500000000000077);
#143=CIRCLE('',#4617,1.50000000000004);
#144=CIRCLE('',#4619,0.499999999999977);
#145=CIRCLE('',#4621,34.5);
#146=B_SPLINE_CURVE_WITH_KNOTS('',2,(#5285,#5286,#5287),.UNSPECIFIED.,.F.,
 .U.,(3,3),(0.,1.),.UNSPECIFIED.);
#147=B_SPLINE_CURVE_WITH_KNOTS('',2,(#5292,#5293,#5294),.UNSPECIFIED.,.F.,
 .U.,(3,3),(0.,1.),.UNSPECIFIED.);
#148=B_SPLINE_CURVE_WITH_KNOTS('',2,(#5303,#5304,#5305),.UNSPECIFIED.,.F.,
 .U.,(3,3),(0.,1.),.UNSPECIFIED.);
#149=B_SPLINE_CURVE_WITH_KNOTS('',2,(#5309,#5310,#5311),.UNSPECIFIED.,.F.,
 .U.,(3,3),(0.,1.),.UNSPECIFIED.);
#150=B_SPLINE_CURVE_WITH_KNOTS('',2,(#5318,#5319,#5320),.UNSPECIFIED.,.F.,
 .U.,(3,3),(0.,1.),.UNSPECIFIED.);
#151=B_SPLINE_CURVE_WITH_KNOTS('',2,(#5324,#5325,#5326),.UNSPECIFIED.,.F.,
 .U.,(3,3),(0.,1.),.UNSPECIFIED.);
#152=B_SPLINE_CURVE_WITH_KNOTS('',2,(#5339,#5340,#5341),.UNSPECIFIED.,.F.,
 .U.,(3,3),(0.,1.),.UNSPECIFIED.);
#153=B_SPLINE_CURVE_WITH_KNOTS('',2,(#5345,#5346,#5347),.UNSPECIFIED.,.F.,
 .U.,(3,3),(0.,1.),.UNSPECIFIED.);
#154=B_SPLINE_CURVE_WITH_KNOTS('',2,(#5354,#5355,#5356),.UNSPECIFIED.,.F.,
 .U.,(3,3),(0.,1.),.UNSPECIFIED.);
#155=B_SPLINE_CURVE_WITH_KNOTS('',2,(#5360,#5361,#5362),.UNSPECIFIED.,.F.,
 .U.,(3,3),(0.,1.),.UNSPECIFIED.);
#156=B_SPLINE_CURVE_WITH_KNOTS('',2,(#5369,#5370,#5371),.UNSPECIFIED.,.F.,
 .U.,(3,3),(0.,1.),.UNSPECIFIED.);
#157=B_SPLINE_CURVE_WITH_KNOTS('',2,(#5375,#5376,#5377),.UNSPECIFIED.,.F.,
 .U.,(3,3),(0.,1.),.UNSPECIFIED.);
#158=B_SPLINE_CURVE_WITH_KNOTS('',2,(#5384,#5385,#5386),.UNSPECIFIED.,.F.,
 .U.,(3,3),(0.,1.),.UNSPECIFIED.);
#159=B_SPLINE_CURVE_WITH_KNOTS('',2,(#5390,#5391,#5392),.UNSPECIFIED.,.F.,
 .U.,(3,3),(0.,1.),.UNSPECIFIED.);
#160=B_SPLINE_CURVE_WITH_KNOTS('',2,(#5405,#5406,#5407),.UNSPECIFIED.,.F.,
 .U.,(3,3),(0.,1.),.UNSPECIFIED.);
#161=B_SPLINE_CURVE_WITH_KNOTS('',2,(#5411,#5412,#5413),.UNSPECIFIED.,.F.,
 .U.,(3,3),(0.,1.),.UNSPECIFIED.);
#162=B_SPLINE_CURVE_WITH_KNOTS('',2,(#5420,#5421,#5422),.UNSPECIFIED.,.F.,
 .U.,(3,3),(0.,1.),.UNSPECIFIED.);
#163=B_SPLINE_CURVE_WITH_KNOTS('',2,(#5426,#5427,#5428),.UNSPECIFIED.,.F.,
 .U.,(3,3),(0.,1.),.UNSPECIFIED.);
#164=B_SPLINE_CURVE_WITH_KNOTS('',2,(#5435,#5436,#5437),.UNSPECIFIED.,.F.,
 .U.,(3,3),(0.,1.),.UNSPECIFIED.);
#165=B_SPLINE_CURVE_WITH_KNOTS('',2,(#5441,#5442,#5443),.UNSPECIFIED.,.F.,
 .U.,(3,3),(0.,1.),.UNSPECIFIED.);
#166=B_SPLINE_CURVE_WITH_KNOTS('',2,(#5468,#5469,#5470),.UNSPECIFIED.,.F.,
 .U.,(3,3),(0.,1.),.UNSPECIFIED.);
#167=B_SPLINE_CURVE_WITH_KNOTS('',2,(#5471,#5472,#5473),.UNSPECIFIED.,.F.,
 .U.,(3,3),(0.,1.),.UNSPECIFIED.);
#168=B_SPLINE_CURVE_WITH_KNOTS('',2,(#5480,#5481,#5482),.UNSPECIFIED.,.F.,
 .U.,(3,3),(0.,1.),.UNSPECIFIED.);
#169=B_SPLINE_CURVE_WITH_KNOTS('',2,(#5487,#5488,#5489),.UNSPECIFIED.,.F.,
 .U.,(3,3),(0.,1.),.UNSPECIFIED.);
#170=B_SPLINE_CURVE_WITH_KNOTS('',2,(#5498,#5499,#5500),.UNSPECIFIED.,.F.,
 .U.,(3,3),(0.,1.),.UNSPECIFIED.);
#171=B_SPLINE_CURVE_WITH_KNOTS('',2,(#5504,#5505,#5506),.UNSPECIFIED.,.F.,
 .U.,(3,3),(0.,1.),.UNSPECIFIED.);
#172=B_SPLINE_CURVE_WITH_KNOTS('',2,(#5513,#5514,#5515),.UNSPECIFIED.,.F.,
 .U.,(3,3),(0.,1.),.UNSPECIFIED.);
#173=B_SPLINE_CURVE_WITH_KNOTS('',2,(#5519,#5520,#5521),.UNSPECIFIED.,.F.,
 .U.,(3,3),(0.,1.),.UNSPECIFIED.);
#174=B_SPLINE_CURVE_WITH_KNOTS('',2,(#5528,#5529,#5530),.UNSPECIFIED.,.F.,
 .U.,(3,3),(0.,1.),.UNSPECIFIED.);
#175=B_SPLINE_CURVE_WITH_KNOTS('',2,(#5534,#5535,#5536),.UNSPECIFIED.,.F.,
 .U.,(3,3),(0.,1.),.UNSPECIFIED.);
#176=B_SPLINE_CURVE_WITH_KNOTS('',2,(#5543,#5544,#5545),.UNSPECIFIED.,.F.,
 .U.,(3,3),(0.,1.),.UNSPECIFIED.);
#177=B_SPLINE_CURVE_WITH_KNOTS('',2,(#5549,#5550,#5551),.UNSPECIFIED.,.F.,
 .U.,(3,3),(0.,1.),.UNSPECIFIED.);
#178=B_SPLINE_CURVE_WITH_KNOTS('',2,(#5578,#5579,#5580),.UNSPECIFIED.,.F.,
 .U.,(3,3),(0.,1.),.UNSPECIFIED.);
#179=B_SPLINE_CURVE_WITH_KNOTS('',2,(#5584,#5585,#5586),.UNSPECIFIED.,.F.,
 .U.,(3,3),(0.,1.),.UNSPECIFIED.);
#180=B_SPLINE_CURVE_WITH_KNOTS('',2,(#5593,#5594,#5595),.UNSPECIFIED.,.F.,
 .U.,(3,3),(0.,1.),.UNSPECIFIED.);
#181=B_SPLINE_CURVE_WITH_KNOTS('',2,(#5599,#5600,#5601),.UNSPECIFIED.,.F.,
 .U.,(3,3),(0.,1.),.UNSPECIFIED.);
#182=B_SPLINE_CURVE_WITH_KNOTS('',2,(#5608,#5609,#5610),.UNSPECIFIED.,.F.,
 .U.,(3,3),(0.,1.),.UNSPECIFIED.);
#183=B_SPLINE_CURVE_WITH_KNOTS('',2,(#5614,#5615,#5616),.UNSPECIFIED.,.F.,
 .U.,(3,3),(0.,1.),.UNSPECIFIED.);
#184=B_SPLINE_CURVE_WITH_KNOTS('',2,(#5641,#5642,#5643),.UNSPECIFIED.,.F.,
 .U.,(3,3),(0.,1.),.UNSPECIFIED.);
#185=B_SPLINE_CURVE_WITH_KNOTS('',2,(#5647,#5648,#5649),.UNSPECIFIED.,.F.,
 .U.,(3,3),(0.,1.),.UNSPECIFIED.);
#186=B_SPLINE_CURVE_WITH_KNOTS('',2,(#5656,#5657,#5658),.UNSPECIFIED.,.F.,
 .U.,(3,3),(0.,1.),.UNSPECIFIED.);
#187=B_SPLINE_CURVE_WITH_KNOTS('',2,(#5662,#5663,#5664),.UNSPECIFIED.,.F.,
 .U.,(3,3),(0.,1.),.UNSPECIFIED.);
#188=B_SPLINE_CURVE_WITH_KNOTS('',2,(#5671,#5672,#5673),.UNSPECIFIED.,.F.,
 .U.,(3,3),(0.,1.),.UNSPECIFIED.);
#189=B_SPLINE_CURVE_WITH_KNOTS('',2,(#5677,#5678,#5679),.UNSPECIFIED.,.F.,
 .U.,(3,3),(0.,1.),.UNSPECIFIED.);
#190=B_SPLINE_CURVE_WITH_KNOTS('',2,(#5716,#5717,#5718),.UNSPECIFIED.,.F.,
 .U.,(3,3),(0.,1.),.UNSPECIFIED.);
#191=B_SPLINE_CURVE_WITH_KNOTS('',2,(#5722,#5723,#5724),.UNSPECIFIED.,.F.,
 .U.,(3,3),(0.,1.),.UNSPECIFIED.);
#192=B_SPLINE_CURVE_WITH_KNOTS('',2,(#5731,#5732,#5733),.UNSPECIFIED.,.F.,
 .U.,(3,3),(0.,1.),.UNSPECIFIED.);
#193=B_SPLINE_CURVE_WITH_KNOTS('',2,(#5737,#5738,#5739),.UNSPECIFIED.,.F.,
 .U.,(3,3),(0.,1.),.UNSPECIFIED.);
#194=B_SPLINE_CURVE_WITH_KNOTS('',2,(#5746,#5747,#5748),.UNSPECIFIED.,.F.,
 .U.,(3,3),(0.,1.),.UNSPECIFIED.);
#195=B_SPLINE_CURVE_WITH_KNOTS('',2,(#5752,#5753,#5754),.UNSPECIFIED.,.F.,
 .U.,(3,3),(0.,1.),.UNSPECIFIED.);
#196=B_SPLINE_CURVE_WITH_KNOTS('',2,(#5761,#5762,#5763),.UNSPECIFIED.,.F.,
 .U.,(3,3),(0.,1.),.UNSPECIFIED.);
#197=B_SPLINE_CURVE_WITH_KNOTS('',2,(#5767,#5768,#5769),.UNSPECIFIED.,.F.,
 .U.,(3,3),(0.,1.),.UNSPECIFIED.);
#198=B_SPLINE_CURVE_WITH_KNOTS('',2,(#5776,#5777,#5778),.UNSPECIFIED.,.F.,
 .U.,(3,3),(0.,1.),.UNSPECIFIED.);
#199=B_SPLINE_CURVE_WITH_KNOTS('',2,(#5782,#5783,#5784),.UNSPECIFIED.,.F.,
 .U.,(3,3),(0.,1.),.UNSPECIFIED.);
#200=B_SPLINE_CURVE_WITH_KNOTS('',2,(#5801,#5802,#5803),.UNSPECIFIED.,.F.,
 .U.,(3,3),(0.,1.),.UNSPECIFIED.);
#201=B_SPLINE_CURVE_WITH_KNOTS('',2,(#5808,#5809,#5810),.UNSPECIFIED.,.F.,
 .U.,(3,3),(0.,1.),.UNSPECIFIED.);
#202=B_SPLINE_CURVE_WITH_KNOTS('',2,(#5825,#5826,#5827),.UNSPECIFIED.,.F.,
 .U.,(3,3),(0.,1.),.UNSPECIFIED.);
#203=B_SPLINE_CURVE_WITH_KNOTS('',2,(#5831,#5832,#5833),.UNSPECIFIED.,.F.,
 .U.,(3,3),(0.,1.),.UNSPECIFIED.);
#204=B_SPLINE_CURVE_WITH_KNOTS('',2,(#5840,#5841,#5842),.UNSPECIFIED.,.F.,
 .U.,(3,3),(0.,1.),.UNSPECIFIED.);
#205=B_SPLINE_CURVE_WITH_KNOTS('',2,(#5846,#5847,#5848),.UNSPECIFIED.,.F.,
 .U.,(3,3),(0.,1.),.UNSPECIFIED.);
#206=B_SPLINE_CURVE_WITH_KNOTS('',2,(#5855,#5856,#5857),.UNSPECIFIED.,.F.,
 .U.,(3,3),(0.,1.),.UNSPECIFIED.);
#207=B_SPLINE_CURVE_WITH_KNOTS('',2,(#5861,#5862,#5863),.UNSPECIFIED.,.F.,
 .U.,(3,3),(0.,1.),.UNSPECIFIED.);
#208=B_SPLINE_CURVE_WITH_KNOTS('',2,(#5870,#5871,#5872),.UNSPECIFIED.,.F.,
 .U.,(3,3),(0.,1.),.UNSPECIFIED.);
#209=B_SPLINE_CURVE_WITH_KNOTS('',2,(#5876,#5877,#5878),.UNSPECIFIED.,.F.,
 .U.,(3,3),(0.,1.),.UNSPECIFIED.);
#210=B_SPLINE_CURVE_WITH_KNOTS('',2,(#5885,#5886,#5887),.UNSPECIFIED.,.F.,
 .U.,(3,3),(0.,1.),.UNSPECIFIED.);
#211=B_SPLINE_CURVE_WITH_KNOTS('',2,(#5891,#5892,#5893),.UNSPECIFIED.,.F.,
 .U.,(3,3),(0.,1.),.UNSPECIFIED.);
#212=B_SPLINE_CURVE_WITH_KNOTS('',2,(#5900,#5901,#5902),.UNSPECIFIED.,.F.,
 .U.,(3,3),(0.,1.),.UNSPECIFIED.);
#213=B_SPLINE_CURVE_WITH_KNOTS('',2,(#5906,#5907,#5908),.UNSPECIFIED.,.F.,
 .U.,(3,3),(0.,1.),.UNSPECIFIED.);
#214=B_SPLINE_CURVE_WITH_KNOTS('',2,(#5915,#5916,#5917),.UNSPECIFIED.,.F.,
 .U.,(3,3),(0.,1.),.UNSPECIFIED.);
#215=B_SPLINE_CURVE_WITH_KNOTS('',2,(#5921,#5922,#5923),.UNSPECIFIED.,.F.,
 .U.,(3,3),(0.,1.),.UNSPECIFIED.);
#216=B_SPLINE_CURVE_WITH_KNOTS('',2,(#5930,#5931,#5932),.UNSPECIFIED.,.F.,
 .U.,(3,3),(0.,1.),.UNSPECIFIED.);
#217=B_SPLINE_CURVE_WITH_KNOTS('',2,(#5936,#5937,#5938),.UNSPECIFIED.,.F.,
 .U.,(3,3),(0.,1.),.UNSPECIFIED.);
#218=B_SPLINE_CURVE_WITH_KNOTS('',2,(#5945,#5946,#5947),.UNSPECIFIED.,.F.,
 .U.,(3,3),(0.,1.),.UNSPECIFIED.);
#219=B_SPLINE_CURVE_WITH_KNOTS('',2,(#5951,#5952,#5953),.UNSPECIFIED.,.F.,
 .U.,(3,3),(0.,1.),.UNSPECIFIED.);
#220=B_SPLINE_CURVE_WITH_KNOTS('',2,(#5960,#5961,#5962),.UNSPECIFIED.,.F.,
 .U.,(3,3),(0.,1.),.UNSPECIFIED.);
#221=B_SPLINE_CURVE_WITH_KNOTS('',2,(#5966,#5967,#5968),.UNSPECIFIED.,.F.,
 .U.,(3,3),(0.,1.),.UNSPECIFIED.);
#222=B_SPLINE_CURVE_WITH_KNOTS('',2,(#5975,#5976,#5977),.UNSPECIFIED.,.F.,
 .U.,(3,3),(0.,1.),.UNSPECIFIED.);
#223=B_SPLINE_CURVE_WITH_KNOTS('',2,(#5981,#5982,#5983),.UNSPECIFIED.,.F.,
 .U.,(3,3),(0.,1.),.UNSPECIFIED.);
#224=B_SPLINE_CURVE_WITH_KNOTS('',2,(#5990,#5991,#5992),.UNSPECIFIED.,.F.,
 .U.,(3,3),(0.,1.),.UNSPECIFIED.);
#225=B_SPLINE_CURVE_WITH_KNOTS('',2,(#5996,#5997,#5998),.UNSPECIFIED.,.F.,
 .U.,(3,3),(0.,1.),.UNSPECIFIED.);
#226=B_SPLINE_CURVE_WITH_KNOTS('',2,(#6011,#6012,#6013),.UNSPECIFIED.,.F.,
 .U.,(3,3),(0.,1.),.UNSPECIFIED.);
#227=B_SPLINE_CURVE_WITH_KNOTS('',2,(#6017,#6018,#6019),.UNSPECIFIED.,.F.,
 .U.,(3,3),(0.,1.),.UNSPECIFIED.);
#228=B_SPLINE_CURVE_WITH_KNOTS('',2,(#6026,#6027,#6028),.UNSPECIFIED.,.F.,
 .U.,(3,3),(0.,1.),.UNSPECIFIED.);
#229=B_SPLINE_CURVE_WITH_KNOTS('',2,(#6032,#6033,#6034),.UNSPECIFIED.,.F.,
 .U.,(3,3),(0.,1.),.UNSPECIFIED.);
#230=B_SPLINE_CURVE_WITH_KNOTS('',2,(#6041,#6042,#6043),.UNSPECIFIED.,.F.,
 .U.,(3,3),(0.,1.),.UNSPECIFIED.);
#231=B_SPLINE_CURVE_WITH_KNOTS('',2,(#6047,#6048,#6049),.UNSPECIFIED.,.F.,
 .U.,(3,3),(0.,1.),.UNSPECIFIED.);
#232=B_SPLINE_CURVE_WITH_KNOTS('',2,(#6056,#6057,#6058),.UNSPECIFIED.,.F.,
 .U.,(3,3),(0.,1.),.UNSPECIFIED.);
#233=B_SPLINE_CURVE_WITH_KNOTS('',2,(#6062,#6063,#6064),.UNSPECIFIED.,.F.,
 .U.,(3,3),(0.,1.),.UNSPECIFIED.);
#234=B_SPLINE_CURVE_WITH_KNOTS('',2,(#6071,#6072,#6073),.UNSPECIFIED.,.F.,
 .U.,(3,3),(0.,1.),.UNSPECIFIED.);
#235=B_SPLINE_CURVE_WITH_KNOTS('',2,(#6077,#6078,#6079),.UNSPECIFIED.,.F.,
 .U.,(3,3),(0.,1.),.UNSPECIFIED.);
#236=B_SPLINE_CURVE_WITH_KNOTS('',2,(#6086,#6087,#6088),.UNSPECIFIED.,.F.,
 .U.,(3,3),(0.,1.),.UNSPECIFIED.);
#237=B_SPLINE_CURVE_WITH_KNOTS('',2,(#6092,#6093,#6094),.UNSPECIFIED.,.F.,
 .U.,(3,3),(0.,1.),.UNSPECIFIED.);
#238=B_SPLINE_CURVE_WITH_KNOTS('',2,(#6101,#6102,#6103),.UNSPECIFIED.,.F.,
 .U.,(3,3),(0.,1.),.UNSPECIFIED.);
#239=B_SPLINE_CURVE_WITH_KNOTS('',2,(#6107,#6108,#6109),.UNSPECIFIED.,.F.,
 .U.,(3,3),(0.,1.),.UNSPECIFIED.);
#240=B_SPLINE_CURVE_WITH_KNOTS('',2,(#6116,#6117,#6118),.UNSPECIFIED.,.F.,
 .U.,(3,3),(0.,1.),.UNSPECIFIED.);
#241=B_SPLINE_CURVE_WITH_KNOTS('',2,(#6122,#6123,#6124),.UNSPECIFIED.,.F.,
 .U.,(3,3),(0.,1.),.UNSPECIFIED.);
#242=B_SPLINE_CURVE_WITH_KNOTS('',2,(#6131,#6132,#6133),.UNSPECIFIED.,.F.,
 .U.,(3,3),(0.,1.),.UNSPECIFIED.);
#243=B_SPLINE_CURVE_WITH_KNOTS('',2,(#6137,#6138,#6139),.UNSPECIFIED.,.F.,
 .U.,(3,3),(0.,1.),.UNSPECIFIED.);
#244=B_SPLINE_CURVE_WITH_KNOTS('',2,(#6146,#6147,#6148),.UNSPECIFIED.,.F.,
 .U.,(3,3),(0.,1.),.UNSPECIFIED.);
#245=B_SPLINE_CURVE_WITH_KNOTS('',2,(#6152,#6153,#6154),.UNSPECIFIED.,.F.,
 .U.,(3,3),(0.,1.),.UNSPECIFIED.);
#246=B_SPLINE_CURVE_WITH_KNOTS('',2,(#6161,#6162,#6163),.UNSPECIFIED.,.F.,
 .U.,(3,3),(0.,1.),.UNSPECIFIED.);
#247=B_SPLINE_CURVE_WITH_KNOTS('',2,(#6164,#6165,#6166),.UNSPECIFIED.,.F.,
 .U.,(3,3),(0.,1.),.UNSPECIFIED.);
#248=B_SPLINE_CURVE_WITH_KNOTS('',2,(#6195,#6196,#6197),.UNSPECIFIED.,.F.,
 .U.,(3,3),(0.,1.),.UNSPECIFIED.);
#249=B_SPLINE_CURVE_WITH_KNOTS('',2,(#6201,#6202,#6203),.UNSPECIFIED.,.F.,
 .U.,(3,3),(0.,1.),.UNSPECIFIED.);
#250=B_SPLINE_CURVE_WITH_KNOTS('',2,(#6210,#6211,#6212),.UNSPECIFIED.,.F.,
 .U.,(3,3),(0.,1.),.UNSPECIFIED.);
#251=B_SPLINE_CURVE_WITH_KNOTS('',2,(#6216,#6217,#6218),.UNSPECIFIED.,.F.,
 .U.,(3,3),(0.,1.),.UNSPECIFIED.);
#252=B_SPLINE_CURVE_WITH_KNOTS('',2,(#6225,#6226,#6227),.UNSPECIFIED.,.F.,
 .U.,(3,3),(0.,1.),.UNSPECIFIED.);
#253=B_SPLINE_CURVE_WITH_KNOTS('',2,(#6231,#6232,#6233),.UNSPECIFIED.,.F.,
 .U.,(3,3),(0.,1.),.UNSPECIFIED.);
#254=B_SPLINE_CURVE_WITH_KNOTS('',2,(#6270,#6271,#6272),.UNSPECIFIED.,.F.,
 .U.,(3,3),(0.,1.),.UNSPECIFIED.);
#255=B_SPLINE_CURVE_WITH_KNOTS('',2,(#6276,#6277,#6278),.UNSPECIFIED.,.F.,
 .U.,(3,3),(0.,1.),.UNSPECIFIED.);
#256=B_SPLINE_CURVE_WITH_KNOTS('',2,(#6285,#6286,#6287),.UNSPECIFIED.,.F.,
 .U.,(3,3),(0.,1.),.UNSPECIFIED.);
#257=B_SPLINE_CURVE_WITH_KNOTS('',2,(#6288,#6289,#6290),.UNSPECIFIED.,.F.,
 .U.,(3,3),(0.,1.),.UNSPECIFIED.);
#258=B_SPLINE_CURVE_WITH_KNOTS('',2,(#6298,#6299,#6300),.UNSPECIFIED.,.F.,
 .U.,(3,3),(0.,1.),.UNSPECIFIED.);
#259=B_SPLINE_CURVE_WITH_KNOTS('',2,(#6305,#6306,#6307),.UNSPECIFIED.,.F.,
 .U.,(3,3),(0.,1.),.UNSPECIFIED.);
#260=B_SPLINE_CURVE_WITH_KNOTS('',2,(#6316,#6317,#6318),.UNSPECIFIED.,.F.,
 .U.,(3,3),(0.,1.),.UNSPECIFIED.);
#261=B_SPLINE_CURVE_WITH_KNOTS('',2,(#6322,#6323,#6324),.UNSPECIFIED.,.F.,
 .U.,(3,3),(0.,1.),.UNSPECIFIED.);
#262=B_SPLINE_CURVE_WITH_KNOTS('',2,(#6331,#6332,#6333),.UNSPECIFIED.,.F.,
 .U.,(3,3),(0.,1.),.UNSPECIFIED.);
#263=B_SPLINE_CURVE_WITH_KNOTS('',2,(#6337,#6338,#6339),.UNSPECIFIED.,.F.,
 .U.,(3,3),(0.,1.),.UNSPECIFIED.);
#264=B_SPLINE_CURVE_WITH_KNOTS('',2,(#6346,#6347,#6348),.UNSPECIFIED.,.F.,
 .U.,(3,3),(0.,1.),.UNSPECIFIED.);
#265=B_SPLINE_CURVE_WITH_KNOTS('',2,(#6352,#6353,#6354),.UNSPECIFIED.,.F.,
 .U.,(3,3),(0.,1.),.UNSPECIFIED.);
#266=B_SPLINE_CURVE_WITH_KNOTS('',2,(#6361,#6362,#6363),.UNSPECIFIED.,.F.,
 .U.,(3,3),(0.,1.),.UNSPECIFIED.);
#267=B_SPLINE_CURVE_WITH_KNOTS('',2,(#6367,#6368,#6369),.UNSPECIFIED.,.F.,
 .U.,(3,3),(0.,1.),.UNSPECIFIED.);
#268=B_SPLINE_CURVE_WITH_KNOTS('',2,(#6382,#6383,#6384),.UNSPECIFIED.,.F.,
 .U.,(3,3),(0.,1.),.UNSPECIFIED.);
#269=B_SPLINE_CURVE_WITH_KNOTS('',2,(#6388,#6389,#6390),.UNSPECIFIED.,.F.,
 .U.,(3,3),(0.,1.),.UNSPECIFIED.);
#270=B_SPLINE_CURVE_WITH_KNOTS('',2,(#6397,#6398,#6399),.UNSPECIFIED.,.F.,
 .U.,(3,3),(0.,1.),.UNSPECIFIED.);
#271=B_SPLINE_CURVE_WITH_KNOTS('',2,(#6403,#6404,#6405),.UNSPECIFIED.,.F.,
 .U.,(3,3),(0.,1.),.UNSPECIFIED.);
#272=B_SPLINE_CURVE_WITH_KNOTS('',2,(#6412,#6413,#6414),.UNSPECIFIED.,.F.,
 .U.,(3,3),(0.,1.),.UNSPECIFIED.);
#273=B_SPLINE_CURVE_WITH_KNOTS('',2,(#6418,#6419,#6420),.UNSPECIFIED.,.F.,
 .U.,(3,3),(0.,1.),.UNSPECIFIED.);
#274=B_SPLINE_CURVE_WITH_KNOTS('',2,(#6427,#6428,#6429),.UNSPECIFIED.,.F.,
 .U.,(3,3),(0.,1.),.UNSPECIFIED.);
#275=B_SPLINE_CURVE_WITH_KNOTS('',2,(#6433,#6434,#6435),.UNSPECIFIED.,.F.,
 .U.,(3,3),(0.,1.),.UNSPECIFIED.);
#276=B_SPLINE_CURVE_WITH_KNOTS('',2,(#6442,#6443,#6444),.UNSPECIFIED.,.F.,
 .U.,(3,3),(0.,1.),.UNSPECIFIED.);
#277=B_SPLINE_CURVE_WITH_KNOTS('',2,(#6448,#6449,#6450),.UNSPECIFIED.,.F.,
 .U.,(3,3),(0.,1.),.UNSPECIFIED.);
#278=B_SPLINE_CURVE_WITH_KNOTS('',2,(#6457,#6458,#6459),.UNSPECIFIED.,.F.,
 .U.,(3,3),(0.,1.),.UNSPECIFIED.);
#279=B_SPLINE_CURVE_WITH_KNOTS('',2,(#6463,#6464,#6465),.UNSPECIFIED.,.F.,
 .U.,(3,3),(0.,1.),.UNSPECIFIED.);
#280=B_SPLINE_CURVE_WITH_KNOTS('',2,(#6472,#6473,#6474),.UNSPECIFIED.,.F.,
 .U.,(3,3),(0.,1.),.UNSPECIFIED.);
#281=B_SPLINE_CURVE_WITH_KNOTS('',2,(#6478,#6479,#6480),.UNSPECIFIED.,.F.,
 .U.,(3,3),(0.,1.),.UNSPECIFIED.);
#282=B_SPLINE_CURVE_WITH_KNOTS('',2,(#6487,#6488,#6489),.UNSPECIFIED.,.F.,
 .U.,(3,3),(0.,1.),.UNSPECIFIED.);
#283=B_SPLINE_CURVE_WITH_KNOTS('',2,(#6493,#6494,#6495),.UNSPECIFIED.,.F.,
 .U.,(3,3),(0.,1.),.UNSPECIFIED.);
#284=B_SPLINE_CURVE_WITH_KNOTS('',2,(#6508,#6509,#6510),.UNSPECIFIED.,.F.,
 .U.,(3,3),(0.,1.),.UNSPECIFIED.);
#285=B_SPLINE_CURVE_WITH_KNOTS('',2,(#6514,#6515,#6516),.UNSPECIFIED.,.F.,
 .U.,(3,3),(0.,1.),.UNSPECIFIED.);
#286=B_SPLINE_CURVE_WITH_KNOTS('',2,(#6523,#6524,#6525),.UNSPECIFIED.,.F.,
 .U.,(3,3),(0.,1.),.UNSPECIFIED.);
#287=B_SPLINE_CURVE_WITH_KNOTS('',2,(#6529,#6530,#6531),.UNSPECIFIED.,.F.,
 .U.,(3,3),(0.,1.),.UNSPECIFIED.);
#288=B_SPLINE_CURVE_WITH_KNOTS('',2,(#6538,#6539,#6540),.UNSPECIFIED.,.F.,
 .U.,(3,3),(0.,1.),.UNSPECIFIED.);
#289=B_SPLINE_CURVE_WITH_KNOTS('',2,(#6541,#6542,#6543),.UNSPECIFIED.,.F.,
 .U.,(3,3),(0.,1.),.UNSPECIFIED.);
#290=B_SPLINE_CURVE_WITH_KNOTS('',2,(#6551,#6552,#6553),.UNSPECIFIED.,.F.,
 .U.,(3,3),(0.,1.),.UNSPECIFIED.);
#291=B_SPLINE_CURVE_WITH_KNOTS('',2,(#6558,#6559,#6560),.UNSPECIFIED.,.F.,
 .U.,(3,3),(0.,1.),.UNSPECIFIED.);
#292=B_SPLINE_CURVE_WITH_KNOTS('',2,(#6569,#6570,#6571),.UNSPECIFIED.,.F.,
 .U.,(3,3),(0.,1.),.UNSPECIFIED.);
#293=B_SPLINE_CURVE_WITH_KNOTS('',2,(#6575,#6576,#6577),.UNSPECIFIED.,.F.,
 .U.,(3,3),(0.,1.),.UNSPECIFIED.);
#294=B_SPLINE_CURVE_WITH_KNOTS('',2,(#6584,#6585,#6586),.UNSPECIFIED.,.F.,
 .U.,(3,3),(0.,1.),.UNSPECIFIED.);
#295=B_SPLINE_CURVE_WITH_KNOTS('',2,(#6590,#6591,#6592),.UNSPECIFIED.,.F.,
 .U.,(3,3),(0.,1.),.UNSPECIFIED.);
#296=B_SPLINE_CURVE_WITH_KNOTS('',2,(#6605,#6606,#6607),.UNSPECIFIED.,.F.,
 .U.,(3,3),(0.,1.),.UNSPECIFIED.);
#297=B_SPLINE_CURVE_WITH_KNOTS('',2,(#6611,#6612,#6613),.UNSPECIFIED.,.F.,
 .U.,(3,3),(0.,1.),.UNSPECIFIED.);
#298=B_SPLINE_CURVE_WITH_KNOTS('',2,(#6620,#6621,#6622),.UNSPECIFIED.,.F.,
 .U.,(3,3),(0.,1.),.UNSPECIFIED.);
#299=B_SPLINE_CURVE_WITH_KNOTS('',2,(#6626,#6627,#6628),.UNSPECIFIED.,.F.,
 .U.,(3,3),(0.,1.),.UNSPECIFIED.);
#300=B_SPLINE_CURVE_WITH_KNOTS('',2,(#6635,#6636,#6637),.UNSPECIFIED.,.F.,
 .U.,(3,3),(0.,1.),.UNSPECIFIED.);
#301=B_SPLINE_CURVE_WITH_KNOTS('',2,(#6641,#6642,#6643),.UNSPECIFIED.,.F.,
 .U.,(3,3),(0.,1.),.UNSPECIFIED.);
#302=B_SPLINE_CURVE_WITH_KNOTS('',2,(#6650,#6651,#6652),.UNSPECIFIED.,.F.,
 .U.,(3,3),(0.,1.),.UNSPECIFIED.);
#303=B_SPLINE_CURVE_WITH_KNOTS('',2,(#6656,#6657,#6658),.UNSPECIFIED.,.F.,
 .U.,(3,3),(0.,1.),.UNSPECIFIED.);
#304=B_SPLINE_CURVE_WITH_KNOTS('',2,(#6671,#6672,#6673),.UNSPECIFIED.,.F.,
 .U.,(3,3),(0.,1.),.UNSPECIFIED.);
#305=B_SPLINE_CURVE_WITH_KNOTS('',2,(#6677,#6678,#6679),.UNSPECIFIED.,.F.,
 .U.,(3,3),(0.,1.),.UNSPECIFIED.);
#306=B_SPLINE_CURVE_WITH_KNOTS('',2,(#6686,#6687,#6688),.UNSPECIFIED.,.F.,
 .U.,(3,3),(0.,1.),.UNSPECIFIED.);
#307=B_SPLINE_CURVE_WITH_KNOTS('',2,(#6692,#6693,#6694),.UNSPECIFIED.,.F.,
 .U.,(3,3),(0.,1.),.UNSPECIFIED.);
#308=B_SPLINE_CURVE_WITH_KNOTS('',2,(#6701,#6702,#6703),.UNSPECIFIED.,.F.,
 .U.,(3,3),(0.,1.),.UNSPECIFIED.);
#309=B_SPLINE_CURVE_WITH_KNOTS('',2,(#6707,#6708,#6709),.UNSPECIFIED.,.F.,
 .U.,(3,3),(0.,1.),.UNSPECIFIED.);
#310=B_SPLINE_CURVE_WITH_KNOTS('',2,(#6734,#6735,#6736),.UNSPECIFIED.,.F.,
 .U.,(3,3),(0.,1.),.UNSPECIFIED.);
#311=B_SPLINE_CURVE_WITH_KNOTS('',2,(#6737,#6738,#6739),.UNSPECIFIED.,.F.,
 .U.,(3,3),(0.,1.),.UNSPECIFIED.);
#312=B_SPLINE_CURVE_WITH_KNOTS('',2,(#6746,#6747,#6748),.UNSPECIFIED.,.F.,
 .U.,(3,3),(0.,1.),.UNSPECIFIED.);
#313=B_SPLINE_CURVE_WITH_KNOTS('',2,(#6753,#6754,#6755),.UNSPECIFIED.,.F.,
 .U.,(3,3),(0.,1.),.UNSPECIFIED.);
#314=B_SPLINE_CURVE_WITH_KNOTS('',2,(#6764,#6765,#6766),.UNSPECIFIED.,.F.,
 .U.,(3,3),(0.,1.),.UNSPECIFIED.);
#315=B_SPLINE_CURVE_WITH_KNOTS('',2,(#6770,#6771,#6772),.UNSPECIFIED.,.F.,
 .U.,(3,3),(0.,1.),.UNSPECIFIED.);
#316=B_SPLINE_CURVE_WITH_KNOTS('',2,(#6779,#6780,#6781),.UNSPECIFIED.,.F.,
 .U.,(3,3),(0.,1.),.UNSPECIFIED.);
#317=B_SPLINE_CURVE_WITH_KNOTS('',2,(#6785,#6786,#6787),.UNSPECIFIED.,.F.,
 .U.,(3,3),(0.,1.),.UNSPECIFIED.);
#318=B_SPLINE_CURVE_WITH_KNOTS('',2,(#6794,#6795,#6796),.UNSPECIFIED.,.F.,
 .U.,(3,3),(0.,1.),.UNSPECIFIED.);
#319=B_SPLINE_CURVE_WITH_KNOTS('',2,(#6800,#6801,#6802),.UNSPECIFIED.,.F.,
 .U.,(3,3),(0.,1.),.UNSPECIFIED.);
#320=B_SPLINE_CURVE_WITH_KNOTS('',2,(#6809,#6810,#6811),.UNSPECIFIED.,.F.,
 .U.,(3,3),(0.,1.),.UNSPECIFIED.);
#321=B_SPLINE_CURVE_WITH_KNOTS('',2,(#6815,#6816,#6817),.UNSPECIFIED.,.F.,
 .U.,(3,3),(0.,1.),.UNSPECIFIED.);
#322=B_SPLINE_CURVE_WITH_KNOTS('',2,(#6834,#6835,#6836),.UNSPECIFIED.,.F.,
 .U.,(3,3),(0.,1.),.UNSPECIFIED.);
#323=B_SPLINE_CURVE_WITH_KNOTS('',2,(#6841,#6842,#6843),.UNSPECIFIED.,.F.,
 .U.,(3,3),(0.,1.),.UNSPECIFIED.);
#324=B_SPLINE_CURVE_WITH_KNOTS('',2,(#6882,#6883,#6884),.UNSPECIFIED.,.F.,
 .U.,(3,3),(0.,1.),.UNSPECIFIED.);
#325=B_SPLINE_CURVE_WITH_KNOTS('',2,(#6888,#6889,#6890),.UNSPECIFIED.,.F.,
 .U.,(3,3),(0.,1.),.UNSPECIFIED.);
#326=B_SPLINE_CURVE_WITH_KNOTS('',2,(#6897,#6898,#6899),.UNSPECIFIED.,.F.,
 .U.,(3,3),(0.,1.),.UNSPECIFIED.);
#327=B_SPLINE_CURVE_WITH_KNOTS('',2,(#6903,#6904,#6905),.UNSPECIFIED.,.F.,
 .U.,(3,3),(0.,1.),.UNSPECIFIED.);
#328=B_SPLINE_CURVE_WITH_KNOTS('',2,(#6918,#6919,#6920),.UNSPECIFIED.,.F.,
 .U.,(3,3),(0.,1.),.UNSPECIFIED.);
#329=B_SPLINE_CURVE_WITH_KNOTS('',2,(#6921,#6922,#6923),.UNSPECIFIED.,.F.,
 .U.,(3,3),(0.,1.),.UNSPECIFIED.);
#330=B_SPLINE_CURVE_WITH_KNOTS('',2,(#6931,#6932,#6933),.UNSPECIFIED.,.F.,
 .U.,(3,3),(0.,1.),.UNSPECIFIED.);
#331=B_SPLINE_CURVE_WITH_KNOTS('',2,(#6938,#6939,#6940),.UNSPECIFIED.,.F.,
 .U.,(3,3),(0.,1.),.UNSPECIFIED.);
#332=B_SPLINE_CURVE_WITH_KNOTS('',2,(#6949,#6950,#6951),.UNSPECIFIED.,.F.,
 .U.,(3,3),(0.,1.),.UNSPECIFIED.);
#333=B_SPLINE_CURVE_WITH_KNOTS('',2,(#6955,#6956,#6957),.UNSPECIFIED.,.F.,
 .U.,(3,3),(0.,1.),.UNSPECIFIED.);
#334=B_SPLINE_CURVE_WITH_KNOTS('',2,(#6964,#6965,#6966),.UNSPECIFIED.,.F.,
 .U.,(3,3),(0.,1.),.UNSPECIFIED.);
#335=B_SPLINE_CURVE_WITH_KNOTS('',2,(#6970,#6971,#6972),.UNSPECIFIED.,.F.,
 .U.,(3,3),(0.,1.),.UNSPECIFIED.);
#336=B_SPLINE_CURVE_WITH_KNOTS('',2,(#6979,#6980,#6981),.UNSPECIFIED.,.F.,
 .U.,(3,3),(0.,1.),.UNSPECIFIED.);
#337=B_SPLINE_CURVE_WITH_KNOTS('',2,(#6985,#6986,#6987),.UNSPECIFIED.,.F.,
 .U.,(3,3),(0.,1.),.UNSPECIFIED.);
#338=B_SPLINE_CURVE_WITH_KNOTS('',2,(#7006,#7007,#7008),.UNSPECIFIED.,.F.,
 .U.,(3,3),(0.,1.),.UNSPECIFIED.);
#339=B_SPLINE_CURVE_WITH_KNOTS('',2,(#7012,#7013,#7014),.UNSPECIFIED.,.F.,
 .U.,(3,3),(0.,1.),.UNSPECIFIED.);
#340=B_SPLINE_CURVE_WITH_KNOTS('',2,(#7021,#7022,#7023),.UNSPECIFIED.,.F.,
 .U.,(3,3),(0.,1.),.UNSPECIFIED.);
#341=B_SPLINE_CURVE_WITH_KNOTS('',2,(#7027,#7028,#7029),.UNSPECIFIED.,.F.,
 .U.,(3,3),(0.,1.),.UNSPECIFIED.);
#342=B_SPLINE_CURVE_WITH_KNOTS('',2,(#7036,#7037,#7038),.UNSPECIFIED.,.F.,
 .U.,(3,3),(0.,1.),.UNSPECIFIED.);
#343=B_SPLINE_CURVE_WITH_KNOTS('',2,(#7042,#7043,#7044),.UNSPECIFIED.,.F.,
 .U.,(3,3),(0.,1.),.UNSPECIFIED.);
#344=B_SPLINE_CURVE_WITH_KNOTS('',2,(#7051,#7052,#7053),.UNSPECIFIED.,.F.,
 .U.,(3,3),(0.,1.),.UNSPECIFIED.);
#345=B_SPLINE_CURVE_WITH_KNOTS('',2,(#7057,#7058,#7059),.UNSPECIFIED.,.F.,
 .U.,(3,3),(0.,1.),.UNSPECIFIED.);
#346=B_SPLINE_CURVE_WITH_KNOTS('',2,(#7072,#7073,#7074),.UNSPECIFIED.,.F.,
 .U.,(3,3),(0.,1.),.UNSPECIFIED.);
#347=B_SPLINE_CURVE_WITH_KNOTS('',2,(#7078,#7079,#7080),.UNSPECIFIED.,.F.,
 .U.,(3,3),(0.,1.),.UNSPECIFIED.);
#348=B_SPLINE_CURVE_WITH_KNOTS('',2,(#7087,#7088,#7089),.UNSPECIFIED.,.F.,
 .U.,(3,3),(0.,1.),.UNSPECIFIED.);
#349=B_SPLINE_CURVE_WITH_KNOTS('',2,(#7093,#7094,#7095),.UNSPECIFIED.,.F.,
 .U.,(3,3),(0.,1.),.UNSPECIFIED.);
#350=B_SPLINE_CURVE_WITH_KNOTS('',2,(#7102,#7103,#7104),.UNSPECIFIED.,.F.,
 .U.,(3,3),(0.,1.),.UNSPECIFIED.);
#351=B_SPLINE_CURVE_WITH_KNOTS('',2,(#7108,#7109,#7110),.UNSPECIFIED.,.F.,
 .U.,(3,3),(0.,1.),.UNSPECIFIED.);
#352=B_SPLINE_CURVE_WITH_KNOTS('',2,(#7117,#7118,#7119),.UNSPECIFIED.,.F.,
 .U.,(3,3),(0.,1.),.UNSPECIFIED.);
#353=B_SPLINE_CURVE_WITH_KNOTS('',2,(#7120,#7121,#7122),.UNSPECIFIED.,.F.,
 .U.,(3,3),(0.,1.),.UNSPECIFIED.);
#354=B_SPLINE_CURVE_WITH_KNOTS('',2,(#7129,#7130,#7131),.UNSPECIFIED.,.F.,
 .U.,(3,3),(0.,1.),.UNSPECIFIED.);
#355=B_SPLINE_CURVE_WITH_KNOTS('',2,(#7136,#7137,#7138),.UNSPECIFIED.,.F.,
 .U.,(3,3),(0.,1.),.UNSPECIFIED.);
#356=B_SPLINE_CURVE_WITH_KNOTS('',2,(#7147,#7148,#7149),.UNSPECIFIED.,.F.,
 .U.,(3,3),(0.,1.),.UNSPECIFIED.);
#357=B_SPLINE_CURVE_WITH_KNOTS('',2,(#7153,#7154,#7155),.UNSPECIFIED.,.F.,
 .U.,(3,3),(0.,1.),.UNSPECIFIED.);
#358=B_SPLINE_CURVE_WITH_KNOTS('',2,(#7168,#7169,#7170),.UNSPECIFIED.,.F.,
 .U.,(3,3),(0.,1.),.UNSPECIFIED.);
#359=B_SPLINE_CURVE_WITH_KNOTS('',2,(#7174,#7175,#7176),.UNSPECIFIED.,.F.,
 .U.,(3,3),(0.,1.),.UNSPECIFIED.);
#360=B_SPLINE_CURVE_WITH_KNOTS('',2,(#7183,#7184,#7185),.UNSPECIFIED.,.F.,
 .U.,(3,3),(0.,1.),.UNSPECIFIED.);
#361=B_SPLINE_CURVE_WITH_KNOTS('',2,(#7186,#7187,#7188),.UNSPECIFIED.,.F.,
 .U.,(3,3),(0.,1.),.UNSPECIFIED.);
#362=B_SPLINE_CURVE_WITH_KNOTS('',3,(#7444,#7445,#7446,#7447,#7448,#7449,
#7450,#7451,#7452,#7453,#7454,#7455,#7456,#7457,#7458,#7459,#7460,#7461,
#7462,#7463,#7464,#7465,#7466,#7467,#7468,#7469),.UNSPECIFIED.,.F.,.U.,
(4,2,2,2,2,2,2,2,2,2,2,2,4),(-0.00227815130404413,0.,0.156833859049147,
0.31815960894109,0.608901400140681,0.896755062805842,1.18323655302418,1.46971804324253,
1.7575717059077,2.04831349710732,2.2096392469993,2.3664731060505,2.3687512573544),
 .UNSPECIFIED.);
#363=B_SPLINE_CURVE_WITH_KNOTS('',3,(#7471,#7472,#7473,#7474,#7475,#7476,
#7477,#7478,#7479,#7480,#7481,#7482,#7483,#7484,#7485,#7486,#7487,#7488,
#7489,#7490,#7491,#7492,#7493,#7494,#7495,#7496,#7497,#7498,#7499,#7500,
#7501,#7502,#7503,#7504,#7505,#7506,#7507,#7508,#7509,#7510,#7511,#7512,
#7513,#7514,#7515,#7516,#7517,#7518,#7519,#7520),.UNSPECIFIED.,.T.,.U.,
(4,2,2,2,2,2,2,2,2,2,2,2,2,2,2,2,2,2,2,2,2,2,2,2,4),(0.,0.177541742655885,
0.388495187395264,0.665104498771501,0.956699571138282,1.19336423576338,
1.42252578237442,1.65366419617514,1.89945808241917,2.1972451653657,2.50557330015963,
2.73789888294154,2.92136726778459,3.10042524639958,3.31709876564806,3.58950023396326,
3.86842127162018,4.10877691488547,4.34056122976312,4.56542077606946,4.83316571562246,
5.13003207501116,5.42044391997231,5.57726306554303,5.72844930204805),
 .UNSPECIFIED.);
#364=B_SPLINE_CURVE_WITH_KNOTS('',3,(#7530,#7531,#7532,#7533,#7534,#7535,
#7536,#7537,#7538,#7539,#7540,#7541,#7542,#7543,#7544,#7545,#7546,#7547,
#7548,#7549,#7550,#7551,#7552,#7553,#7554,#7555),.UNSPECIFIED.,.F.,.U.,
(4,2,2,2,2,2,2,2,2,2,2,2,4),(-0.00227815130782492,0.,0.156833859131419,
0.318159609190669,0.608901400691807,0.896755063655445,1.18323655417073,
1.46971804468602,1.75757170764966,2.04831349915078,2.20963924921002,2.36647310833752,
2.36875125964549),.UNSPECIFIED.);
#365=B_SPLINE_CURVE_WITH_KNOTS('',3,(#7559,#7560,#7561,#7562,#7563,#7564,
#7565,#7566,#7567,#7568,#7569,#7570,#7571,#7572,#7573,#7574,#7575,#7576,
#7577,#7578,#7579,#7580,#7581,#7582,#7583,#7584,#7585,#7586,#7587,#7588,
#7589,#7590,#7591,#7592,#7593,#7594,#7595,#7596,#7597,#7598,#7599,#7600,
#7601,#7602,#7603,#7604,#7605,#7606,#7607,#7608),.UNSPECIFIED.,.T.,.U.,
(4,2,2,2,2,2,2,2,2,2,2,2,2,2,2,2,2,2,2,2,2,2,2,2,4),(0.,0.177541742655949,
0.38849518739547,0.665104498771837,0.95669957113875,1.19336423576399,1.42252578237513,
1.65366419617584,1.89945808241989,2.19724516536615,2.50557330015958,2.73789888294117,
2.92136726778406,3.10042524639891,3.31709876564764,3.58950023396357,3.86842127162103,
4.10877691488668,4.34056122976467,4.56542077607129,4.83316571562464,5.13003207501357,
5.420443919975,5.57726306554583,5.72844930205088),.UNSPECIFIED.);
#366=B_SPLINE_CURVE_WITH_KNOTS('',3,(#7616,#7617,#7618,#7619,#7620,#7621,
#7622,#7623,#7624,#7625,#7626,#7627,#7628,#7629,#7630,#7631,#7632,#7633,
#7634,#7635,#7636,#7637,#7638,#7639,#7640,#7641,#7642,#7643,#7644,#7645,
#7646,#7647,#7648,#7649,#7650,#7651,#7652,#7653,#7654,#7655,#7656,#7657),
 .UNSPECIFIED.,.T.,.U.,(4,2,2,2,2,2,2,2,2,2,2,2,2,2,2,2,2,2,2,2,4),(0.,
0.182480311013617,0.413182677592836,0.737713848668384,1.00444347665098,
1.22961563432346,1.44597939595719,1.68810956081861,1.98975373211087,2.23913858652852,
2.45101443542555,2.67128289913727,2.95897605088822,3.22979491940982,3.45750966385305,
3.67561146995615,3.91763465749215,4.22812953451886,4.4570050216393,4.56870195148952,
4.67866158300505),.UNSPECIFIED.);
#367=B_SPLINE_CURVE_WITH_KNOTS('',3,(#7671,#7672,#7673,#7674,#7675,#7676,
#7677,#7678,#7679,#7680,#7681,#7682,#7683,#7684,#7685,#7686,#7687,#7688,
#7689,#7690,#7691,#7692,#7693,#7694,#7695,#7696,#7697,#7698,#7699,#7700,
#7701,#7702,#7703,#7704,#7705,#7706,#7707,#7708,#7709,#7710,#7711,#7712),
 .UNSPECIFIED.,.T.,.U.,(4,2,2,2,2,2,2,2,2,2,2,2,2,2,2,2,2,2,2,2,4),(0.,
0.182480299817675,0.413182612058347,0.73771375048995,1.00444339325106,1.22961556348199,
1.44597932330843,1.68810944548589,1.98975358874208,2.23913849492752,2.45101435457082,
2.67128276152007,2.95897583976883,3.22979478707058,3.45750957606543,3.67561138838242,
3.91763450956341,4.22812927878981,4.45700494931116,4.56870202313945,4.67866182010391),
 .UNSPECIFIED.);
#368=B_SPLINE_CURVE_WITH_KNOTS('',3,(#7780,#7781,#7782,#7783,#7784,#7785,
#7786,#7787,#7788,#7789),.UNSPECIFIED.,.F.,.U.,(4,2,2,2,4),(-0.00514498702427007,
0.0509966248708562,0.140823203903058,0.284545730354582,0.432759585757715),
 .UNSPECIFIED.);
#369=B_SPLINE_CURVE_WITH_KNOTS('',3,(#7790,#7791,#7792,#7793,#7794,#7795,
#7796,#7797,#7798,#7799),.UNSPECIFIED.,.F.,.U.,(4,2,2,2,4),(-0.00514498702427007,
0.0509966248708562,0.140823203903058,0.284545730354582,0.432759585757715),
 .UNSPECIFIED.);
#370=B_SPLINE_CURVE_WITH_KNOTS('',3,(#7865,#7866,#7867,#7868,#7869,#7870,
#7871,#7872,#7873,#7874),.UNSPECIFIED.,.F.,.U.,(4,2,2,2,4),(-0.000874727685511911,
0.0552632900048679,0.145084118309476,0.288797443596848,0.437001810299451),
 .UNSPECIFIED.);
#371=B_SPLINE_CURVE_WITH_KNOTS('',3,(#7875,#7876,#7877,#7878,#7879,#7880,
#7881,#7882,#7883,#7884),.UNSPECIFIED.,.F.,.U.,(4,2,2,2,4),(-0.000874727685511911,
0.0552632900048679,0.145084118309476,0.288797443596848,0.437001810299451),
 .UNSPECIFIED.);
#372=B_SPLINE_SURFACE_WITH_KNOTS('',2,1,((#5279,#5280),(#5281,#5282),(#5283,
#5284)),.UNSPECIFIED.,.F.,.F.,.U.,(3,3),(2,2),(-1.,0.),(0.,0.200000000000003),
 .UNSPECIFIED.);
#373=B_SPLINE_SURFACE_WITH_KNOTS('',2,1,((#5297,#5298),(#5299,#5300),(#5301,
#5302)),.UNSPECIFIED.,.F.,.F.,.U.,(3,3),(2,2),(-1.,0.),(0.,0.200000000000003),
 .UNSPECIFIED.);
#374=B_SPLINE_SURFACE_WITH_KNOTS('',2,1,((#5312,#5313),(#5314,#5315),(#5316,
#5317)),.UNSPECIFIED.,.F.,.F.,.U.,(3,3),(2,2),(-1.,0.),(0.,0.200000000000003),
 .UNSPECIFIED.);
#375=B_SPLINE_SURFACE_WITH_KNOTS('',2,1,((#5333,#5334),(#5335,#5336),(#5337,
#5338)),.UNSPECIFIED.,.F.,.F.,.U.,(3,3),(2,2),(-1.,0.),(0.,0.200000000000003),
 .UNSPECIFIED.);
#376=B_SPLINE_SURFACE_WITH_KNOTS('',2,1,((#5348,#5349),(#5350,#5351),(#5352,
#5353)),.UNSPECIFIED.,.F.,.F.,.U.,(3,3),(2,2),(-1.,0.),(0.,0.200000000000003),
 .UNSPECIFIED.);
#377=B_SPLINE_SURFACE_WITH_KNOTS('',2,1,((#5363,#5364),(#5365,#5366),(#5367,
#5368)),.UNSPECIFIED.,.F.,.F.,.U.,(3,3),(2,2),(-1.,0.),(0.,0.200000000000003),
 .UNSPECIFIED.);
#378=B_SPLINE_SURFACE_WITH_KNOTS('',2,1,((#5378,#5379),(#5380,#5381),(#5382,
#5383)),.UNSPECIFIED.,.F.,.F.,.U.,(3,3),(2,2),(-1.,0.),(0.,0.200000000000003),
 .UNSPECIFIED.);
#379=B_SPLINE_SURFACE_WITH_KNOTS('',2,1,((#5399,#5400),(#5401,#5402),(#5403,
#5404)),.UNSPECIFIED.,.F.,.F.,.U.,(3,3),(2,2),(-1.,0.),(0.,0.200000000000003),
 .UNSPECIFIED.);
#380=B_SPLINE_SURFACE_WITH_KNOTS('',2,1,((#5414,#5415),(#5416,#5417),(#5418,
#5419)),.UNSPECIFIED.,.F.,.F.,.U.,(3,3),(2,2),(-1.,0.),(0.,0.200000000000003),
 .UNSPECIFIED.);
#381=B_SPLINE_SURFACE_WITH_KNOTS('',2,1,((#5429,#5430),(#5431,#5432),(#5433,
#5434)),.UNSPECIFIED.,.F.,.F.,.U.,(3,3),(2,2),(-1.,0.),(0.,0.200000000000003),
 .UNSPECIFIED.);
#382=B_SPLINE_SURFACE_WITH_KNOTS('',2,1,((#5462,#5463),(#5464,#5465),(#5466,
#5467)),.UNSPECIFIED.,.F.,.F.,.U.,(3,3),(2,2),(-1.,0.),(0.,0.200000000000003),
 .UNSPECIFIED.);
#383=B_SPLINE_SURFACE_WITH_KNOTS('',2,1,((#5474,#5475),(#5476,#5477),(#5478,
#5479)),.UNSPECIFIED.,.F.,.F.,.U.,(3,3),(2,2),(-1.,0.),(0.,0.200000000000003),
 .UNSPECIFIED.);
#384=B_SPLINE_SURFACE_WITH_KNOTS('',2,1,((#5492,#5493),(#5494,#5495),(#5496,
#5497)),.UNSPECIFIED.,.F.,.F.,.U.,(3,3),(2,2),(-1.,0.),(0.,0.200000000000003),
 .UNSPECIFIED.);
#385=B_SPLINE_SURFACE_WITH_KNOTS('',2,1,((#5507,#5508),(#5509,#5510),(#5511,
#5512)),.UNSPECIFIED.,.F.,.F.,.U.,(3,3),(2,2),(-1.,0.),(0.,0.200000000000003),
 .UNSPECIFIED.);
#386=B_SPLINE_SURFACE_WITH_KNOTS('',2,1,((#5522,#5523),(#5524,#5525),(#5526,
#5527)),.UNSPECIFIED.,.F.,.F.,.U.,(3,3),(2,2),(-1.,0.),(0.,0.200000000000003),
 .UNSPECIFIED.);
#387=B_SPLINE_SURFACE_WITH_KNOTS('',2,1,((#5537,#5538),(#5539,#5540),(#5541,
#5542)),.UNSPECIFIED.,.F.,.F.,.U.,(3,3),(2,2),(-1.,0.),(0.,0.200000000000003),
 .UNSPECIFIED.);
#388=B_SPLINE_SURFACE_WITH_KNOTS('',2,1,((#5572,#5573),(#5574,#5575),(#5576,
#5577)),.UNSPECIFIED.,.F.,.F.,.U.,(3,3),(2,2),(-1.,0.),(0.,0.200000000000003),
 .UNSPECIFIED.);
#389=B_SPLINE_SURFACE_WITH_KNOTS('',2,1,((#5587,#5588),(#5589,#5590),(#5591,
#5592)),.UNSPECIFIED.,.F.,.F.,.U.,(3,3),(2,2),(-1.,0.),(0.,0.200000000000003),
 .UNSPECIFIED.);
#390=B_SPLINE_SURFACE_WITH_KNOTS('',2,1,((#5602,#5603),(#5604,#5605),(#5606,
#5607)),.UNSPECIFIED.,.F.,.F.,.U.,(3,3),(2,2),(-1.,0.),(0.,0.200000000000003),
 .UNSPECIFIED.);
#391=B_SPLINE_SURFACE_WITH_KNOTS('',2,1,((#5635,#5636),(#5637,#5638),(#5639,
#5640)),.UNSPECIFIED.,.F.,.F.,.U.,(3,3),(2,2),(-1.,0.),(0.,0.200000000000003),
 .UNSPECIFIED.);
#392=B_SPLINE_SURFACE_WITH_KNOTS('',2,1,((#5650,#5651),(#5652,#5653),(#5654,
#5655)),.UNSPECIFIED.,.F.,.F.,.U.,(3,3),(2,2),(-1.,0.),(0.,0.200000000000003),
 .UNSPECIFIED.);
#393=B_SPLINE_SURFACE_WITH_KNOTS('',2,1,((#5665,#5666),(#5667,#5668),(#5669,
#5670)),.UNSPECIFIED.,.F.,.F.,.U.,(3,3),(2,2),(-1.,0.),(0.,0.200000000000003),
 .UNSPECIFIED.);
#394=B_SPLINE_SURFACE_WITH_KNOTS('',2,1,((#5710,#5711),(#5712,#5713),(#5714,
#5715)),.UNSPECIFIED.,.F.,.F.,.U.,(3,3),(2,2),(-1.,0.),(0.,0.200000000000003),
 .UNSPECIFIED.);
#395=B_SPLINE_SURFACE_WITH_KNOTS('',2,1,((#5725,#5726),(#5727,#5728),(#5729,
#5730)),.UNSPECIFIED.,.F.,.F.,.U.,(3,3),(2,2),(-1.,0.),(0.,0.200000000000003),
 .UNSPECIFIED.);
#396=B_SPLINE_SURFACE_WITH_KNOTS('',2,1,((#5740,#5741),(#5742,#5743),(#5744,
#5745)),.UNSPECIFIED.,.F.,.F.,.U.,(3,3),(2,2),(-1.,0.),(0.,0.200000000000003),
 .UNSPECIFIED.);
#397=B_SPLINE_SURFACE_WITH_KNOTS('',2,1,((#5755,#5756),(#5757,#5758),(#5759,
#5760)),.UNSPECIFIED.,.F.,.F.,.U.,(3,3),(2,2),(-1.,0.),(0.,0.200000000000003),
 .UNSPECIFIED.);
#398=B_SPLINE_SURFACE_WITH_KNOTS('',2,1,((#5770,#5771),(#5772,#5773),(#5774,
#5775)),.UNSPECIFIED.,.F.,.F.,.U.,(3,3),(2,2),(-1.,0.),(0.,0.200000000000003),
 .UNSPECIFIED.);
#399=B_SPLINE_SURFACE_WITH_KNOTS('',2,1,((#5795,#5796),(#5797,#5798),(#5799,
#5800)),.UNSPECIFIED.,.F.,.F.,.U.,(3,3),(2,2),(-1.,0.),(0.,0.200000000000003),
 .UNSPECIFIED.);
#400=B_SPLINE_SURFACE_WITH_KNOTS('',2,1,((#5819,#5820),(#5821,#5822),(#5823,
#5824)),.UNSPECIFIED.,.F.,.F.,.U.,(3,3),(2,2),(-1.,0.),(0.,0.200000000000003),
 .UNSPECIFIED.);
#401=B_SPLINE_SURFACE_WITH_KNOTS('',2,1,((#5834,#5835),(#5836,#5837),(#5838,
#5839)),.UNSPECIFIED.,.F.,.F.,.U.,(3,3),(2,2),(-1.,0.),(0.,0.200000000000003),
 .UNSPECIFIED.);
#402=B_SPLINE_SURFACE_WITH_KNOTS('',2,1,((#5849,#5850),(#5851,#5852),(#5853,
#5854)),.UNSPECIFIED.,.F.,.F.,.U.,(3,3),(2,2),(-1.,0.),(0.,0.200000000000003),
 .UNSPECIFIED.);
#403=B_SPLINE_SURFACE_WITH_KNOTS('',2,1,((#5864,#5865),(#5866,#5867),(#5868,
#5869)),.UNSPECIFIED.,.F.,.F.,.U.,(3,3),(2,2),(-1.,0.),(0.,0.200000000000003),
 .UNSPECIFIED.);
#404=B_SPLINE_SURFACE_WITH_KNOTS('',2,1,((#5879,#5880),(#5881,#5882),(#5883,
#5884)),.UNSPECIFIED.,.F.,.F.,.U.,(3,3),(2,2),(-1.,0.),(0.,0.200000000000003),
 .UNSPECIFIED.);
#405=B_SPLINE_SURFACE_WITH_KNOTS('',2,1,((#5894,#5895),(#5896,#5897),(#5898,
#5899)),.UNSPECIFIED.,.F.,.F.,.U.,(3,3),(2,2),(-1.,0.),(0.,0.200000000000003),
 .UNSPECIFIED.);
#406=B_SPLINE_SURFACE_WITH_KNOTS('',2,1,((#5909,#5910),(#5911,#5912),(#5913,
#5914)),.UNSPECIFIED.,.F.,.F.,.U.,(3,3),(2,2),(-1.,0.),(0.,0.200000000000003),
 .UNSPECIFIED.);
#407=B_SPLINE_SURFACE_WITH_KNOTS('',2,1,((#5924,#5925),(#5926,#5927),(#5928,
#5929)),.UNSPECIFIED.,.F.,.F.,.U.,(3,3),(2,2),(-1.,0.),(0.,0.200000000000003),
 .UNSPECIFIED.);
#408=B_SPLINE_SURFACE_WITH_KNOTS('',2,1,((#5939,#5940),(#5941,#5942),(#5943,
#5944)),.UNSPECIFIED.,.F.,.F.,.U.,(3,3),(2,2),(-1.,0.),(0.,0.200000000000003),
 .UNSPECIFIED.);
#409=B_SPLINE_SURFACE_WITH_KNOTS('',2,1,((#5954,#5955),(#5956,#5957),(#5958,
#5959)),.UNSPECIFIED.,.F.,.F.,.U.,(3,3),(2,2),(-1.,0.),(0.,0.200000000000003),
 .UNSPECIFIED.);
#410=B_SPLINE_SURFACE_WITH_KNOTS('',2,1,((#5969,#5970),(#5971,#5972),(#5973,
#5974)),.UNSPECIFIED.,.F.,.F.,.U.,(3,3),(2,2),(-1.,0.),(0.,0.200000000000003),
 .UNSPECIFIED.);
#411=B_SPLINE_SURFACE_WITH_KNOTS('',2,1,((#5984,#5985),(#5986,#5987),(#5988,
#5989)),.UNSPECIFIED.,.F.,.F.,.U.,(3,3),(2,2),(-1.,0.),(0.,0.200000000000003),
 .UNSPECIFIED.);
#412=B_SPLINE_SURFACE_WITH_KNOTS('',2,1,((#6005,#6006),(#6007,#6008),(#6009,
#6010)),.UNSPECIFIED.,.F.,.F.,.U.,(3,3),(2,2),(-1.,0.),(0.,0.200000000000003),
 .UNSPECIFIED.);
#413=B_SPLINE_SURFACE_WITH_KNOTS('',2,1,((#6020,#6021),(#6022,#6023),(#6024,
#6025)),.UNSPECIFIED.,.F.,.F.,.U.,(3,3),(2,2),(-1.,0.),(0.,0.200000000000003),
 .UNSPECIFIED.);
#414=B_SPLINE_SURFACE_WITH_KNOTS('',2,1,((#6035,#6036),(#6037,#6038),(#6039,
#6040)),.UNSPECIFIED.,.F.,.F.,.U.,(3,3),(2,2),(-1.,0.),(0.,0.200000000000003),
 .UNSPECIFIED.);
#415=B_SPLINE_SURFACE_WITH_KNOTS('',2,1,((#6050,#6051),(#6052,#6053),(#6054,
#6055)),.UNSPECIFIED.,.F.,.F.,.U.,(3,3),(2,2),(-1.,0.),(0.,0.200000000000003),
 .UNSPECIFIED.);
#416=B_SPLINE_SURFACE_WITH_KNOTS('',2,1,((#6065,#6066),(#6067,#6068),(#6069,
#6070)),.UNSPECIFIED.,.F.,.F.,.U.,(3,3),(2,2),(-1.,0.),(0.,0.200000000000003),
 .UNSPECIFIED.);
#417=B_SPLINE_SURFACE_WITH_KNOTS('',2,1,((#6080,#6081),(#6082,#6083),(#6084,
#6085)),.UNSPECIFIED.,.F.,.F.,.U.,(3,3),(2,2),(-1.,0.),(0.,0.200000000000003),
 .UNSPECIFIED.);
#418=B_SPLINE_SURFACE_WITH_KNOTS('',2,1,((#6095,#6096),(#6097,#6098),(#6099,
#6100)),.UNSPECIFIED.,.F.,.F.,.U.,(3,3),(2,2),(-1.,0.),(0.,0.200000000000003),
 .UNSPECIFIED.);
#419=B_SPLINE_SURFACE_WITH_KNOTS('',2,1,((#6110,#6111),(#6112,#6113),(#6114,
#6115)),.UNSPECIFIED.,.F.,.F.,.U.,(3,3),(2,2),(-1.,0.),(0.,0.200000000000003),
 .UNSPECIFIED.);
#420=B_SPLINE_SURFACE_WITH_KNOTS('',2,1,((#6125,#6126),(#6127,#6128),(#6129,
#6130)),.UNSPECIFIED.,.F.,.F.,.U.,(3,3),(2,2),(-1.,0.),(0.,0.200000000000003),
 .UNSPECIFIED.);
#421=B_SPLINE_SURFACE_WITH_KNOTS('',2,1,((#6140,#6141),(#6142,#6143),(#6144,
#6145)),.UNSPECIFIED.,.F.,.F.,.U.,(3,3),(2,2),(-1.,0.),(0.,0.200000000000003),
 .UNSPECIFIED.);
#422=B_SPLINE_SURFACE_WITH_KNOTS('',2,1,((#6155,#6156),(#6157,#6158),(#6159,
#6160)),.UNSPECIFIED.,.F.,.F.,.U.,(3,3),(2,2),(-1.,0.),(0.,0.200000000000003),
 .UNSPECIFIED.);
#423=B_SPLINE_SURFACE_WITH_KNOTS('',2,1,((#6189,#6190),(#6191,#6192),(#6193,
#6194)),.UNSPECIFIED.,.F.,.F.,.U.,(3,3),(2,2),(-1.,0.),(0.,0.200000000000003),
 .UNSPECIFIED.);
#424=B_SPLINE_SURFACE_WITH_KNOTS('',2,1,((#6204,#6205),(#6206,#6207),(#6208,
#6209)),.UNSPECIFIED.,.F.,.F.,.U.,(3,3),(2,2),(-1.,0.),(0.,0.200000000000003),
 .UNSPECIFIED.);
#425=B_SPLINE_SURFACE_WITH_KNOTS('',2,1,((#6219,#6220),(#6221,#6222),(#6223,
#6224)),.UNSPECIFIED.,.F.,.F.,.U.,(3,3),(2,2),(-1.,0.),(0.,0.200000000000003),
 .UNSPECIFIED.);
#426=B_SPLINE_SURFACE_WITH_KNOTS('',2,1,((#6264,#6265),(#6266,#6267),(#6268,
#6269)),.UNSPECIFIED.,.F.,.F.,.U.,(3,3),(2,2),(-1.,0.),(0.,0.200000000000003),
 .UNSPECIFIED.);
#427=B_SPLINE_SURFACE_WITH_KNOTS('',2,1,((#6279,#6280),(#6281,#6282),(#6283,
#6284)),.UNSPECIFIED.,.F.,.F.,.U.,(3,3),(2,2),(-1.,0.),(0.,0.200000000000003),
 .UNSPECIFIED.);
#428=B_SPLINE_SURFACE_WITH_KNOTS('',2,1,((#6292,#6293),(#6294,#6295),(#6296,
#6297)),.UNSPECIFIED.,.F.,.F.,.U.,(3,3),(2,2),(-1.,0.),(0.,0.200000000000003),
 .UNSPECIFIED.);
#429=B_SPLINE_SURFACE_WITH_KNOTS('',2,1,((#6310,#6311),(#6312,#6313),(#6314,
#6315)),.UNSPECIFIED.,.F.,.F.,.U.,(3,3),(2,2),(-1.,0.),(0.,0.200000000000003),
 .UNSPECIFIED.);
#430=B_SPLINE_SURFACE_WITH_KNOTS('',2,1,((#6325,#6326),(#6327,#6328),(#6329,
#6330)),.UNSPECIFIED.,.F.,.F.,.U.,(3,3),(2,2),(-1.,0.),(0.,0.200000000000003),
 .UNSPECIFIED.);
#431=B_SPLINE_SURFACE_WITH_KNOTS('',2,1,((#6340,#6341),(#6342,#6343),(#6344,
#6345)),.UNSPECIFIED.,.F.,.F.,.U.,(3,3),(2,2),(-1.,0.),(0.,0.200000000000003),
 .UNSPECIFIED.);
#432=B_SPLINE_SURFACE_WITH_KNOTS('',2,1,((#6355,#6356),(#6357,#6358),(#6359,
#6360)),.UNSPECIFIED.,.F.,.F.,.U.,(3,3),(2,2),(-1.,0.),(0.,0.200000000000003),
 .UNSPECIFIED.);
#433=B_SPLINE_SURFACE_WITH_KNOTS('',2,1,((#6376,#6377),(#6378,#6379),(#6380,
#6381)),.UNSPECIFIED.,.F.,.F.,.U.,(3,3),(2,2),(-1.,0.),(0.,0.200000000000003),
 .UNSPECIFIED.);
#434=B_SPLINE_SURFACE_WITH_KNOTS('',2,1,((#6391,#6392),(#6393,#6394),(#6395,
#6396)),.UNSPECIFIED.,.F.,.F.,.U.,(3,3),(2,2),(-1.,0.),(0.,0.200000000000003),
 .UNSPECIFIED.);
#435=B_SPLINE_SURFACE_WITH_KNOTS('',2,1,((#6406,#6407),(#6408,#6409),(#6410,
#6411)),.UNSPECIFIED.,.F.,.F.,.U.,(3,3),(2,2),(-1.,0.),(0.,0.200000000000003),
 .UNSPECIFIED.);
#436=B_SPLINE_SURFACE_WITH_KNOTS('',2,1,((#6421,#6422),(#6423,#6424),(#6425,
#6426)),.UNSPECIFIED.,.F.,.F.,.U.,(3,3),(2,2),(-1.,0.),(0.,0.200000000000003),
 .UNSPECIFIED.);
#437=B_SPLINE_SURFACE_WITH_KNOTS('',2,1,((#6436,#6437),(#6438,#6439),(#6440,
#6441)),.UNSPECIFIED.,.F.,.F.,.U.,(3,3),(2,2),(-1.,0.),(0.,0.200000000000003),
 .UNSPECIFIED.);
#438=B_SPLINE_SURFACE_WITH_KNOTS('',2,1,((#6451,#6452),(#6453,#6454),(#6455,
#6456)),.UNSPECIFIED.,.F.,.F.,.U.,(3,3),(2,2),(-1.,0.),(0.,0.200000000000003),
 .UNSPECIFIED.);
#439=B_SPLINE_SURFACE_WITH_KNOTS('',2,1,((#6466,#6467),(#6468,#6469),(#6470,
#6471)),.UNSPECIFIED.,.F.,.F.,.U.,(3,3),(2,2),(-1.,0.),(0.,0.200000000000003),
 .UNSPECIFIED.);
#440=B_SPLINE_SURFACE_WITH_KNOTS('',2,1,((#6481,#6482),(#6483,#6484),(#6485,
#6486)),.UNSPECIFIED.,.F.,.F.,.U.,(3,3),(2,2),(-1.,0.),(0.,0.200000000000003),
 .UNSPECIFIED.);
#441=B_SPLINE_SURFACE_WITH_KNOTS('',2,1,((#6502,#6503),(#6504,#6505),(#6506,
#6507)),.UNSPECIFIED.,.F.,.F.,.U.,(3,3),(2,2),(-1.,0.),(0.,0.200000000000003),
 .UNSPECIFIED.);
#442=B_SPLINE_SURFACE_WITH_KNOTS('',2,1,((#6517,#6518),(#6519,#6520),(#6521,
#6522)),.UNSPECIFIED.,.F.,.F.,.U.,(3,3),(2,2),(-1.,0.),(0.,0.200000000000003),
 .UNSPECIFIED.);
#443=B_SPLINE_SURFACE_WITH_KNOTS('',2,1,((#6532,#6533),(#6534,#6535),(#6536,
#6537)),.UNSPECIFIED.,.F.,.F.,.U.,(3,3),(2,2),(-1.,0.),(0.,0.200000000000003),
 .UNSPECIFIED.);
#444=B_SPLINE_SURFACE_WITH_KNOTS('',2,1,((#6545,#6546),(#6547,#6548),(#6549,
#6550)),.UNSPECIFIED.,.F.,.F.,.U.,(3,3),(2,2),(-1.,0.),(0.,0.200000000000003),
 .UNSPECIFIED.);
#445=B_SPLINE_SURFACE_WITH_KNOTS('',2,1,((#6563,#6564),(#6565,#6566),(#6567,
#6568)),.UNSPECIFIED.,.F.,.F.,.U.,(3,3),(2,2),(-1.,0.),(0.,0.200000000000003),
 .UNSPECIFIED.);
#446=B_SPLINE_SURFACE_WITH_KNOTS('',2,1,((#6578,#6579),(#6580,#6581),(#6582,
#6583)),.UNSPECIFIED.,.F.,.F.,.U.,(3,3),(2,2),(-1.,0.),(0.,0.200000000000003),
 .UNSPECIFIED.);
#447=B_SPLINE_SURFACE_WITH_KNOTS('',2,1,((#6599,#6600),(#6601,#6602),(#6603,
#6604)),.UNSPECIFIED.,.F.,.F.,.U.,(3,3),(2,2),(-1.,0.),(0.,0.200000000000003),
 .UNSPECIFIED.);
#448=B_SPLINE_SURFACE_WITH_KNOTS('',2,1,((#6614,#6615),(#6616,#6617),(#6618,
#6619)),.UNSPECIFIED.,.F.,.F.,.U.,(3,3),(2,2),(-1.,0.),(0.,0.200000000000003),
 .UNSPECIFIED.);
#449=B_SPLINE_SURFACE_WITH_KNOTS('',2,1,((#6629,#6630),(#6631,#6632),(#6633,
#6634)),.UNSPECIFIED.,.F.,.F.,.U.,(3,3),(2,2),(-1.,0.),(0.,0.200000000000003),
 .UNSPECIFIED.);
#450=B_SPLINE_SURFACE_WITH_KNOTS('',2,1,((#6644,#6645),(#6646,#6647),(#6648,
#6649)),.UNSPECIFIED.,.F.,.F.,.U.,(3,3),(2,2),(-1.,0.),(0.,0.200000000000003),
 .UNSPECIFIED.);
#451=B_SPLINE_SURFACE_WITH_KNOTS('',2,1,((#6665,#6666),(#6667,#6668),(#6669,
#6670)),.UNSPECIFIED.,.F.,.F.,.U.,(3,3),(2,2),(-1.,0.),(0.,0.200000000000003),
 .UNSPECIFIED.);
#452=B_SPLINE_SURFACE_WITH_KNOTS('',2,1,((#6680,#6681),(#6682,#6683),(#6684,
#6685)),.UNSPECIFIED.,.F.,.F.,.U.,(3,3),(2,2),(-1.,0.),(0.,0.200000000000003),
 .UNSPECIFIED.);
#453=B_SPLINE_SURFACE_WITH_KNOTS('',2,1,((#6695,#6696),(#6697,#6698),(#6699,
#6700)),.UNSPECIFIED.,.F.,.F.,.U.,(3,3),(2,2),(-1.,0.),(0.,0.200000000000003),
 .UNSPECIFIED.);
#454=B_SPLINE_SURFACE_WITH_KNOTS('',2,1,((#6728,#6729),(#6730,#6731),(#6732,
#6733)),.UNSPECIFIED.,.F.,.F.,.U.,(3,3),(2,2),(-1.,0.),(0.,0.200000000000003),
 .UNSPECIFIED.);
#455=B_SPLINE_SURFACE_WITH_KNOTS('',2,1,((#6740,#6741),(#6742,#6743),(#6744,
#6745)),.UNSPECIFIED.,.F.,.F.,.U.,(3,3),(2,2),(-1.,0.),(0.,0.200000000000003),
 .UNSPECIFIED.);
#456=B_SPLINE_SURFACE_WITH_KNOTS('',2,1,((#6758,#6759),(#6760,#6761),(#6762,
#6763)),.UNSPECIFIED.,.F.,.F.,.U.,(3,3),(2,2),(-1.,0.),(0.,0.200000000000003),
 .UNSPECIFIED.);
#457=B_SPLINE_SURFACE_WITH_KNOTS('',2,1,((#6773,#6774),(#6775,#6776),(#6777,
#6778)),.UNSPECIFIED.,.F.,.F.,.U.,(3,3),(2,2),(-1.,0.),(0.,0.200000000000003),
 .UNSPECIFIED.);
#458=B_SPLINE_SURFACE_WITH_KNOTS('',2,1,((#6788,#6789),(#6790,#6791),(#6792,
#6793)),.UNSPECIFIED.,.F.,.F.,.U.,(3,3),(2,2),(-1.,0.),(0.,0.200000000000003),
 .UNSPECIFIED.);
#459=B_SPLINE_SURFACE_WITH_KNOTS('',2,1,((#6803,#6804),(#6805,#6806),(#6807,
#6808)),.UNSPECIFIED.,.F.,.F.,.U.,(3,3),(2,2),(-1.,0.),(0.,0.200000000000003),
 .UNSPECIFIED.);
#460=B_SPLINE_SURFACE_WITH_KNOTS('',2,1,((#6828,#6829),(#6830,#6831),(#6832,
#6833)),.UNSPECIFIED.,.F.,.F.,.U.,(3,3),(2,2),(-1.,0.),(0.,0.200000000000003),
 .UNSPECIFIED.);
#461=B_SPLINE_SURFACE_WITH_KNOTS('',2,1,((#6876,#6877),(#6878,#6879),(#6880,
#6881)),.UNSPECIFIED.,.F.,.F.,.U.,(3,3),(2,2),(-1.,0.),(0.,0.200000000000003),
 .UNSPECIFIED.);
#462=B_SPLINE_SURFACE_WITH_KNOTS('',2,1,((#6891,#6892),(#6893,#6894),(#6895,
#6896)),.UNSPECIFIED.,.F.,.F.,.U.,(3,3),(2,2),(-1.,0.),(0.,0.200000000000003),
 .UNSPECIFIED.);
#463=B_SPLINE_SURFACE_WITH_KNOTS('',2,1,((#6912,#6913),(#6914,#6915),(#6916,
#6917)),.UNSPECIFIED.,.F.,.F.,.U.,(3,3),(2,2),(-1.,0.),(0.,0.200000000000003),
 .UNSPECIFIED.);
#464=B_SPLINE_SURFACE_WITH_KNOTS('',2,1,((#6925,#6926),(#6927,#6928),(#6929,
#6930)),.UNSPECIFIED.,.F.,.F.,.U.,(3,3),(2,2),(-1.,0.),(0.,0.200000000000003),
 .UNSPECIFIED.);
#465=B_SPLINE_SURFACE_WITH_KNOTS('',2,1,((#6943,#6944),(#6945,#6946),(#6947,
#6948)),.UNSPECIFIED.,.F.,.F.,.U.,(3,3),(2,2),(-1.,0.),(0.,0.200000000000003),
 .UNSPECIFIED.);
#466=B_SPLINE_SURFACE_WITH_KNOTS('',2,1,((#6958,#6959),(#6960,#6961),(#6962,
#6963)),.UNSPECIFIED.,.F.,.F.,.U.,(3,3),(2,2),(-1.,0.),(0.,0.200000000000003),
 .UNSPECIFIED.);
#467=B_SPLINE_SURFACE_WITH_KNOTS('',2,1,((#6973,#6974),(#6975,#6976),(#6977,
#6978)),.UNSPECIFIED.,.F.,.F.,.U.,(3,3),(2,2),(-1.,0.),(0.,0.200000000000003),
 .UNSPECIFIED.);
#468=B_SPLINE_SURFACE_WITH_KNOTS('',2,1,((#7000,#7001),(#7002,#7003),(#7004,
#7005)),.UNSPECIFIED.,.F.,.F.,.U.,(3,3),(2,2),(-1.,0.),(0.,0.200000000000003),
 .UNSPECIFIED.);
#469=B_SPLINE_SURFACE_WITH_KNOTS('',2,1,((#7015,#7016),(#7017,#7018),(#7019,
#7020)),.UNSPECIFIED.,.F.,.F.,.U.,(3,3),(2,2),(-1.,0.),(0.,0.200000000000003),
 .UNSPECIFIED.);
#470=B_SPLINE_SURFACE_WITH_KNOTS('',2,1,((#7030,#7031),(#7032,#7033),(#7034,
#7035)),.UNSPECIFIED.,.F.,.F.,.U.,(3,3),(2,2),(-1.,0.),(0.,0.200000000000003),
 .UNSPECIFIED.);
#471=B_SPLINE_SURFACE_WITH_KNOTS('',2,1,((#7045,#7046),(#7047,#7048),(#7049,
#7050)),.UNSPECIFIED.,.F.,.F.,.U.,(3,3),(2,2),(-1.,0.),(0.,0.200000000000003),
 .UNSPECIFIED.);
#472=B_SPLINE_SURFACE_WITH_KNOTS('',2,1,((#7066,#7067),(#7068,#7069),(#7070,
#7071)),.UNSPECIFIED.,.F.,.F.,.U.,(3,3),(2,2),(-1.,0.),(0.,0.200000000000003),
 .UNSPECIFIED.);
#473=B_SPLINE_SURFACE_WITH_KNOTS('',2,1,((#7081,#7082),(#7083,#7084),(#7085,
#7086)),.UNSPECIFIED.,.F.,.F.,.U.,(3,3),(2,2),(-1.,0.),(0.,0.200000000000003),
 .UNSPECIFIED.);
#474=B_SPLINE_SURFACE_WITH_KNOTS('',2,1,((#7096,#7097),(#7098,#7099),(#7100,
#7101)),.UNSPECIFIED.,.F.,.F.,.U.,(3,3),(2,2),(-1.,0.),(0.,0.200000000000003),
 .UNSPECIFIED.);
#475=B_SPLINE_SURFACE_WITH_KNOTS('',2,1,((#7111,#7112),(#7113,#7114),(#7115,
#7116)),.UNSPECIFIED.,.F.,.F.,.U.,(3,3),(2,2),(-1.,0.),(0.,0.200000000000003),
 .UNSPECIFIED.);
#476=B_SPLINE_SURFACE_WITH_KNOTS('',2,1,((#7123,#7124),(#7125,#7126),(#7127,
#7128)),.UNSPECIFIED.,.F.,.F.,.U.,(3,3),(2,2),(-1.,0.),(0.,0.200000000000003),
 .UNSPECIFIED.);
#477=B_SPLINE_SURFACE_WITH_KNOTS('',2,1,((#7141,#7142),(#7143,#7144),(#7145,
#7146)),.UNSPECIFIED.,.F.,.F.,.U.,(3,3),(2,2),(-1.,0.),(0.,0.200000000000003),
 .UNSPECIFIED.);
#478=B_SPLINE_SURFACE_WITH_KNOTS('',2,1,((#7162,#7163),(#7164,#7165),(#7166,
#7167)),.UNSPECIFIED.,.F.,.F.,.U.,(3,3),(2,2),(-1.,0.),(0.,0.200000000000003),
 .UNSPECIFIED.);
#479=B_SPLINE_SURFACE_WITH_KNOTS('',2,1,((#7177,#7178),(#7179,#7180),(#7181,
#7182)),.UNSPECIFIED.,.F.,.F.,.U.,(3,3),(2,2),(-1.,0.),(0.,0.200000000000003),
 .UNSPECIFIED.);
#480=B_SPLINE_SURFACE_WITH_KNOTS('',3,3,((#7717,#7718,#7719,#7720,#7721,
#7722,#7723,#7724,#7725,#7726),(#7727,#7728,#7729,#7730,#7731,#7732,#7733,
#7734,#7735,#7736),(#7737,#7738,#7739,#7740,#7741,#7742,#7743,#7744,#7745,
#7746),(#7747,#7748,#7749,#7750,#7751,#7752,#7753,#7754,#7755,#7756),(#7757,
#7758,#7759,#7760,#7761,#7762,#7763,#7764,#7765,#7766),(#7767,#7768,#7769,
#7770,#7771,#7772,#7773,#7774,#7775,#7776)),.UNSPECIFIED.,.F.,.F.,.U.,(4,
2,4),(4,2,2,2,4),(0.,0.5,1.),(-0.00514498702427007,0.0509966248708562,0.140823203903058,
0.284545730354582,0.432759585757715),.UNSPECIFIED.);
#481=B_SPLINE_SURFACE_WITH_KNOTS('',3,3,((#7802,#7803,#7804,#7805,#7806,
#7807,#7808,#7809,#7810,#7811),(#7812,#7813,#7814,#7815,#7816,#7817,#7818,
#7819,#7820,#7821),(#7822,#7823,#7824,#7825,#7826,#7827,#7828,#7829,#7830,
#7831),(#7832,#7833,#7834,#7835,#7836,#7837,#7838,#7839,#7840,#7841),(#7842,
#7843,#7844,#7845,#7846,#7847,#7848,#7849,#7850,#7851),(#7852,#7853,#7854,
#7855,#7856,#7857,#7858,#7859,#7860,#7861)),.UNSPECIFIED.,.F.,.F.,.U.,(4,
2,4),(4,2,2,2,4),(0.,0.5,1.),(-0.000874727685511911,0.0552632900048679,
0.145084118309476,0.288797443596848,0.437001810299451),.UNSPECIFIED.);
#482=VERTEX_POINT('',#5231);
#483=VERTEX_POINT('',#5232);
#484=VERTEX_POINT('',#5234);
#485=VERTEX_POINT('',#5236);
#486=VERTEX_POINT('',#5240);
#487=VERTEX_POINT('',#5242);
#488=VERTEX_POINT('',#5246);
#489=VERTEX_POINT('',#5248);
#490=VERTEX_POINT('',#5256);
#491=VERTEX_POINT('',#5257);
#492=VERTEX_POINT('',#5259);
#493=VERTEX_POINT('',#5261);
#494=VERTEX_POINT('',#5265);
#495=VERTEX_POINT('',#5267);
#496=VERTEX_POINT('',#5271);
#497=VERTEX_POINT('',#5273);
#498=VERTEX_POINT('',#5288);
#499=VERTEX_POINT('',#5289);
#500=VERTEX_POINT('',#5291);
#501=VERTEX_POINT('',#5295);
#502=VERTEX_POINT('',#5306);
#503=VERTEX_POINT('',#5308);
#504=VERTEX_POINT('',#5321);
#505=VERTEX_POINT('',#5323);
#506=VERTEX_POINT('',#5329);
#507=VERTEX_POINT('',#5331);
#508=VERTEX_POINT('',#5342);
#509=VERTEX_POINT('',#5344);
#510=VERTEX_POINT('',#5357);
#511=VERTEX_POINT('',#5359);
#512=VERTEX_POINT('',#5372);
#513=VERTEX_POINT('',#5374);
#514=VERTEX_POINT('',#5387);
#515=VERTEX_POINT('',#5389);
#516=VERTEX_POINT('',#5395);
#517=VERTEX_POINT('',#5397);
#518=VERTEX_POINT('',#5408);
#519=VERTEX_POINT('',#5410);
#520=VERTEX_POINT('',#5423);
#521=VERTEX_POINT('',#5425);
#522=VERTEX_POINT('',#5438);
#523=VERTEX_POINT('',#5440);
#524=VERTEX_POINT('',#5446);
#525=VERTEX_POINT('',#5448);
#526=VERTEX_POINT('',#5452);
#527=VERTEX_POINT('',#5454);
#528=VERTEX_POINT('',#5458);
#529=VERTEX_POINT('',#5460);
#530=VERTEX_POINT('',#5483);
#531=VERTEX_POINT('',#5484);
#532=VERTEX_POINT('',#5486);
#533=VERTEX_POINT('',#5490);
#534=VERTEX_POINT('',#5501);
#535=VERTEX_POINT('',#5503);
#536=VERTEX_POINT('',#5516);
#537=VERTEX_POINT('',#5518);
#538=VERTEX_POINT('',#5531);
#539=VERTEX_POINT('',#5533);
#540=VERTEX_POINT('',#5546);
#541=VERTEX_POINT('',#5548);
#542=VERTEX_POINT('',#5554);
#543=VERTEX_POINT('',#5556);
#544=VERTEX_POINT('',#5565);
#545=VERTEX_POINT('',#5566);
#546=VERTEX_POINT('',#5568);
#547=VERTEX_POINT('',#5570);
#548=VERTEX_POINT('',#5581);
#549=VERTEX_POINT('',#5583);
#550=VERTEX_POINT('',#5596);
#551=VERTEX_POINT('',#5598);
#552=VERTEX_POINT('',#5611);
#553=VERTEX_POINT('',#5613);
#554=VERTEX_POINT('',#5619);
#555=VERTEX_POINT('',#5621);
#556=VERTEX_POINT('',#5625);
#557=VERTEX_POINT('',#5627);
#558=VERTEX_POINT('',#5631);
#559=VERTEX_POINT('',#5633);
#560=VERTEX_POINT('',#5644);
#561=VERTEX_POINT('',#5646);
#562=VERTEX_POINT('',#5659);
#563=VERTEX_POINT('',#5661);
#564=VERTEX_POINT('',#5674);
#565=VERTEX_POINT('',#5676);
#566=VERTEX_POINT('',#5682);
#567=VERTEX_POINT('',#5684);
#568=VERTEX_POINT('',#5688);
#569=VERTEX_POINT('',#5690);
#570=VERTEX_POINT('',#5694);
#571=VERTEX_POINT('',#5696);
#572=VERTEX_POINT('',#5700);
#573=VERTEX_POINT('',#5702);
#574=VERTEX_POINT('',#5706);
#575=VERTEX_POINT('',#5708);
#576=VERTEX_POINT('',#5719);
#577=VERTEX_POINT('',#5721);
#578=VERTEX_POINT('',#5734);
#579=VERTEX_POINT('',#5736);
#580=VERTEX_POINT('',#5749);
#581=VERTEX_POINT('',#5751);
#582=VERTEX_POINT('',#5764);
#583=VERTEX_POINT('',#5766);
#584=VERTEX_POINT('',#5779);
#585=VERTEX_POINT('',#5781);
#586=VERTEX_POINT('',#5787);
#587=VERTEX_POINT('',#5789);
#588=VERTEX_POINT('',#5804);
#589=VERTEX_POINT('',#5805);
#590=VERTEX_POINT('',#5807);
#591=VERTEX_POINT('',#5811);
#592=VERTEX_POINT('',#5815);
#593=VERTEX_POINT('',#5817);
#594=VERTEX_POINT('',#5828);
#595=VERTEX_POINT('',#5830);
#596=VERTEX_POINT('',#5843);
#597=VERTEX_POINT('',#5845);
#598=VERTEX_POINT('',#5858);
#599=VERTEX_POINT('',#5860);
#600=VERTEX_POINT('',#5873);
#601=VERTEX_POINT('',#5875);
#602=VERTEX_POINT('',#5888);
#603=VERTEX_POINT('',#5890);
#604=VERTEX_POINT('',#5903);
#605=VERTEX_POINT('',#5905);
#606=VERTEX_POINT('',#5918);
#607=VERTEX_POINT('',#5920);
#608=VERTEX_POINT('',#5933);
#609=VERTEX_POINT('',#5935);
#610=VERTEX_POINT('',#5948);
#611=VERTEX_POINT('',#5950);
#612=VERTEX_POINT('',#5963);
#613=VERTEX_POINT('',#5965);
#614=VERTEX_POINT('',#5978);
#615=VERTEX_POINT('',#5980);
#616=VERTEX_POINT('',#5993);
#617=VERTEX_POINT('',#5995);
#618=VERTEX_POINT('',#6001);
#619=VERTEX_POINT('',#6003);
#620=VERTEX_POINT('',#6014);
#621=VERTEX_POINT('',#6016);
#622=VERTEX_POINT('',#6029);
#623=VERTEX_POINT('',#6031);
#624=VERTEX_POINT('',#6044);
#625=VERTEX_POINT('',#6046);
#626=VERTEX_POINT('',#6059);
#627=VERTEX_POINT('',#6061);
#628=VERTEX_POINT('',#6074);
#629=VERTEX_POINT('',#6076);
#630=VERTEX_POINT('',#6089);
#631=VERTEX_POINT('',#6091);
#632=VERTEX_POINT('',#6104);
#633=VERTEX_POINT('',#6106);
#634=VERTEX_POINT('',#6119);
#635=VERTEX_POINT('',#6121);
#636=VERTEX_POINT('',#6134);
#637=VERTEX_POINT('',#6136);
#638=VERTEX_POINT('',#6149);
#639=VERTEX_POINT('',#6151);
#640=VERTEX_POINT('',#6170);
#641=VERTEX_POINT('',#6171);
#642=VERTEX_POINT('',#6173);
#643=VERTEX_POINT('',#6175);
#644=VERTEX_POINT('',#6179);
#645=VERTEX_POINT('',#6181);
#646=VERTEX_POINT('',#6185);
#647=VERTEX_POINT('',#6187);
#648=VERTEX_POINT('',#6198);
#649=VERTEX_POINT('',#6200);
#650=VERTEX_POINT('',#6213);
#651=VERTEX_POINT('',#6215);
#652=VERTEX_POINT('',#6228);
#653=VERTEX_POINT('',#6230);
#654=VERTEX_POINT('',#6236);
#655=VERTEX_POINT('',#6238);
#656=VERTEX_POINT('',#6242);
#657=VERTEX_POINT('',#6244);
#658=VERTEX_POINT('',#6248);
#659=VERTEX_POINT('',#6250);
#660=VERTEX_POINT('',#6254);
#661=VERTEX_POINT('',#6256);
#662=VERTEX_POINT('',#6260);
#663=VERTEX_POINT('',#6262);
#664=VERTEX_POINT('',#6273);
#665=VERTEX_POINT('',#6275);
#666=VERTEX_POINT('',#6301);
#667=VERTEX_POINT('',#6302);
#668=VERTEX_POINT('',#6304);
#669=VERTEX_POINT('',#6308);
#670=VERTEX_POINT('',#6319);
#671=VERTEX_POINT('',#6321);
#672=VERTEX_POINT('',#6334);
#673=VERTEX_POINT('',#6336);
#674=VERTEX_POINT('',#6349);
#675=VERTEX_POINT('',#6351);
#676=VERTEX_POINT('',#6364);
#677=VERTEX_POINT('',#6366);
#678=VERTEX_POINT('',#6372);
#679=VERTEX_POINT('',#6374);
#680=VERTEX_POINT('',#6385);
#681=VERTEX_POINT('',#6387);
#682=VERTEX_POINT('',#6400);
#683=VERTEX_POINT('',#6402);
#684=VERTEX_POINT('',#6415);
#685=VERTEX_POINT('',#6417);
#686=VERTEX_POINT('',#6430);
#687=VERTEX_POINT('',#6432);
#688=VERTEX_POINT('',#6445);
#689=VERTEX_POINT('',#6447);
#690=VERTEX_POINT('',#6460);
#691=VERTEX_POINT('',#6462);
#692=VERTEX_POINT('',#6475);
#693=VERTEX_POINT('',#6477);
#694=VERTEX_POINT('',#6490);
#695=VERTEX_POINT('',#6492);
#696=VERTEX_POINT('',#6498);
#697=VERTEX_POINT('',#6500);
#698=VERTEX_POINT('',#6511);
#699=VERTEX_POINT('',#6513);
#700=VERTEX_POINT('',#6526);
#701=VERTEX_POINT('',#6528);
#702=VERTEX_POINT('',#6554);
#703=VERTEX_POINT('',#6555);
#704=VERTEX_POINT('',#6557);
#705=VERTEX_POINT('',#6561);
#706=VERTEX_POINT('',#6572);
#707=VERTEX_POINT('',#6574);
#708=VERTEX_POINT('',#6587);
#709=VERTEX_POINT('',#6589);
#710=VERTEX_POINT('',#6595);
#711=VERTEX_POINT('',#6597);
#712=VERTEX_POINT('',#6608);
#713=VERTEX_POINT('',#6610);
#714=VERTEX_POINT('',#6623);
#715=VERTEX_POINT('',#6625);
#716=VERTEX_POINT('',#6638);
#717=VERTEX_POINT('',#6640);
#718=VERTEX_POINT('',#6653);
#719=VERTEX_POINT('',#6655);
#720=VERTEX_POINT('',#6661);
#721=VERTEX_POINT('',#6663);
#722=VERTEX_POINT('',#6674);
#723=VERTEX_POINT('',#6676);
#724=VERTEX_POINT('',#6689);
#725=VERTEX_POINT('',#6691);
#726=VERTEX_POINT('',#6704);
#727=VERTEX_POINT('',#6706);
#728=VERTEX_POINT('',#6712);
#729=VERTEX_POINT('',#6714);
#730=VERTEX_POINT('',#6718);
#731=VERTEX_POINT('',#6720);
#732=VERTEX_POINT('',#6724);
#733=VERTEX_POINT('',#6726);
#734=VERTEX_POINT('',#6749);
#735=VERTEX_POINT('',#6750);
#736=VERTEX_POINT('',#6752);
#737=VERTEX_POINT('',#6756);
#738=VERTEX_POINT('',#6767);
#739=VERTEX_POINT('',#6769);
#740=VERTEX_POINT('',#6782);
#741=VERTEX_POINT('',#6784);
#742=VERTEX_POINT('',#6797);
#743=VERTEX_POINT('',#6799);
#744=VERTEX_POINT('',#6812);
#745=VERTEX_POINT('',#6814);
#746=VERTEX_POINT('',#6820);
#747=VERTEX_POINT('',#6822);
#748=VERTEX_POINT('',#6837);
#749=VERTEX_POINT('',#6838);
#750=VERTEX_POINT('',#6840);
#751=VERTEX_POINT('',#6844);
#752=VERTEX_POINT('',#6848);
#753=VERTEX_POINT('',#6850);
#754=VERTEX_POINT('',#6854);
#755=VERTEX_POINT('',#6856);
#756=VERTEX_POINT('',#6860);
#757=VERTEX_POINT('',#6862);
#758=VERTEX_POINT('',#6866);
#759=VERTEX_POINT('',#6868);
#760=VERTEX_POINT('',#6872);
#761=VERTEX_POINT('',#6874);
#762=VERTEX_POINT('',#6885);
#763=VERTEX_POINT('',#6887);
#764=VERTEX_POINT('',#6900);
#765=VERTEX_POINT('',#6902);
#766=VERTEX_POINT('',#6908);
#767=VERTEX_POINT('',#6910);
#768=VERTEX_POINT('',#6934);
#769=VERTEX_POINT('',#6935);
#770=VERTEX_POINT('',#6937);
#771=VERTEX_POINT('',#6941);
#772=VERTEX_POINT('',#6952);
#773=VERTEX_POINT('',#6954);
#774=VERTEX_POINT('',#6967);
#775=VERTEX_POINT('',#6969);
#776=VERTEX_POINT('',#6982);
#777=VERTEX_POINT('',#6984);
#778=VERTEX_POINT('',#6990);
#779=VERTEX_POINT('',#6992);
#780=VERTEX_POINT('',#6996);
#781=VERTEX_POINT('',#6998);
#782=VERTEX_POINT('',#7009);
#783=VERTEX_POINT('',#7011);
#784=VERTEX_POINT('',#7024);
#785=VERTEX_POINT('',#7026);
#786=VERTEX_POINT('',#7039);
#787=VERTEX_POINT('',#7041);
#788=VERTEX_POINT('',#7054);
#789=VERTEX_POINT('',#7056);
#790=VERTEX_POINT('',#7062);
#791=VERTEX_POINT('',#7064);
#792=VERTEX_POINT('',#7075);
#793=VERTEX_POINT('',#7077);
#794=VERTEX_POINT('',#7090);
#795=VERTEX_POINT('',#7092);
#796=VERTEX_POINT('',#7105);
#797=VERTEX_POINT('',#7107);
#798=VERTEX_POINT('',#7132);
#799=VERTEX_POINT('',#7133);
#800=VERTEX_POINT('',#7135);
#801=VERTEX_POINT('',#7139);
#802=VERTEX_POINT('',#7150);
#803=VERTEX_POINT('',#7152);
#804=VERTEX_POINT('',#7158);
#805=VERTEX_POINT('',#7160);
#806=VERTEX_POINT('',#7171);
#807=VERTEX_POINT('',#7173);
#808=VERTEX_POINT('',#7192);
#809=VERTEX_POINT('',#7193);
#810=VERTEX_POINT('',#7195);
#811=VERTEX_POINT('',#7197);
#812=VERTEX_POINT('',#7201);
#813=VERTEX_POINT('',#7203);
#814=VERTEX_POINT('',#7207);
#815=VERTEX_POINT('',#7209);
#816=VERTEX_POINT('',#7213);
#817=VERTEX_POINT('',#7215);
#818=VERTEX_POINT('',#7219);
#819=VERTEX_POINT('',#7221);
#820=VERTEX_POINT('',#7225);
#821=VERTEX_POINT('',#7227);
#822=VERTEX_POINT('',#7231);
#823=VERTEX_POINT('',#7233);
#824=VERTEX_POINT('',#7237);
#825=VERTEX_POINT('',#7239);
#826=VERTEX_POINT('',#7243);
#827=VERTEX_POINT('',#7245);
#828=VERTEX_POINT('',#7249);
#829=VERTEX_POINT('',#7251);
#830=VERTEX_POINT('',#7255);
#831=VERTEX_POINT('',#7257);
#832=VERTEX_POINT('',#7261);
#833=VERTEX_POINT('',#7263);
#834=VERTEX_POINT('',#7271);
#835=VERTEX_POINT('',#7272);
#836=VERTEX_POINT('',#7274);
#837=VERTEX_POINT('',#7276);
#838=VERTEX_POINT('',#7280);
#839=VERTEX_POINT('',#7282);
#840=VERTEX_POINT('',#7286);
#841=VERTEX_POINT('',#7288);
#842=VERTEX_POINT('',#7292);
#843=VERTEX_POINT('',#7294);
#844=VERTEX_POINT('',#7298);
#845=VERTEX_POINT('',#7300);
#846=VERTEX_POINT('',#7304);
#847=VERTEX_POINT('',#7306);
#848=VERTEX_POINT('',#7310);
#849=VERTEX_POINT('',#7312);
#850=VERTEX_POINT('',#7316);
#851=VERTEX_POINT('',#7318);
#852=VERTEX_POINT('',#7322);
#853=VERTEX_POINT('',#7324);
#854=VERTEX_POINT('',#7328);
#855=VERTEX_POINT('',#7330);
#856=VERTEX_POINT('',#7334);
#857=VERTEX_POINT('',#7336);
#858=VERTEX_POINT('',#7343);
#859=VERTEX_POINT('',#7345);
#860=VERTEX_POINT('',#7349);
#861=VERTEX_POINT('',#7353);
#862=VERTEX_POINT('',#7357);
#863=VERTEX_POINT('',#7361);
#864=VERTEX_POINT('',#7365);
#865=VERTEX_POINT('',#7369);
#866=VERTEX_POINT('',#7370);
#867=VERTEX_POINT('',#7375);
#868=VERTEX_POINT('',#7376);
#869=VERTEX_POINT('',#7381);
#870=VERTEX_POINT('',#7385);
#871=VERTEX_POINT('',#7389);
#872=VERTEX_POINT('',#7391);
#873=VERTEX_POINT('',#7395);
#874=VERTEX_POINT('',#7397);
#875=VERTEX_POINT('',#7401);
#876=VERTEX_POINT('',#7403);
#877=VERTEX_POINT('',#7407);
#878=VERTEX_POINT('',#7409);
#879=VERTEX_POINT('',#7413);
#880=VERTEX_POINT('',#7415);
#881=VERTEX_POINT('',#7421);
#882=VERTEX_POINT('',#7432);
#883=VERTEX_POINT('',#7433);
#884=VERTEX_POINT('',#7435);
#885=VERTEX_POINT('',#7437);
#886=VERTEX_POINT('',#7439);
#887=VERTEX_POINT('',#7441);
#888=VERTEX_POINT('',#7470);
#889=VERTEX_POINT('',#7521);
#890=VERTEX_POINT('',#7523);
#891=VERTEX_POINT('',#7527);
#892=VERTEX_POINT('',#7556);
#893=VERTEX_POINT('',#7558);
#894=VERTEX_POINT('',#7611);
#895=VERTEX_POINT('',#7613);
#896=VERTEX_POINT('',#7615);
#897=VERTEX_POINT('',#7660);
#898=VERTEX_POINT('',#7664);
#899=VERTEX_POINT('',#7668);
#900=VERTEX_POINT('',#7713);
#901=VERTEX_POINT('',#7715);
#902=VERTEX_POINT('',#7778);
#903=VERTEX_POINT('',#7779);
#904=VERTEX_POINT('',#7863);
#905=VERTEX_POINT('',#7864);
#906=VERTEX_POINT('',#7891);
#907=VERTEX_POINT('',#7895);
#908=VERTEX_POINT('',#7899);
#909=VERTEX_POINT('',#7903);
#910=VECTOR('',#4628,1.);
#911=VECTOR('',#4629,1.);
#912=VECTOR('',#4630,1.);
#913=VECTOR('',#4631,1.);
#914=VECTOR('',#4633,1.);
#915=VECTOR('',#4634,1.);
#916=VECTOR('',#4635,1.);
#917=VECTOR('',#4637,1.);
#918=VECTOR('',#4638,1.);
#919=VECTOR('',#4639,1.);
#920=VECTOR('',#4641,1.);
#921=VECTOR('',#4642,1.);
#922=VECTOR('',#4645,1.);
#923=VECTOR('',#4646,1.);
#924=VECTOR('',#4647,1.);
#925=VECTOR('',#4648,1.);
#926=VECTOR('',#4650,1.);
#927=VECTOR('',#4651,1.);
#928=VECTOR('',#4652,1.);
#929=VECTOR('',#4654,1.);
#930=VECTOR('',#4655,1.);
#931=VECTOR('',#4656,1.);
#932=VECTOR('',#4658,1.);
#933=VECTOR('',#4659,1.);
#934=VECTOR('',#4661,1.);
#935=VECTOR('',#4662,1.);
#936=VECTOR('',#4663,1.);
#937=VECTOR('',#4664,1.);
#938=VECTOR('',#4666,1.);
#939=VECTOR('',#4667,1.);
#940=VECTOR('',#4668,1.);
#941=VECTOR('',#4669,1.);
#942=VECTOR('',#4670,1.);
#943=VECTOR('',#4671,1.);
#944=VECTOR('',#4672,1.);
#945=VECTOR('',#4674,1.);
#946=VECTOR('',#4675,1.);
#947=VECTOR('',#4676,1.);
#948=VECTOR('',#4677,1.);
#949=VECTOR('',#4678,1.);
#950=VECTOR('',#4679,1.);
#951=VECTOR('',#4681,1.);
#952=VECTOR('',#4682,1.);
#953=VECTOR('',#4683,1.);
#954=VECTOR('',#4685,1.);
#955=VECTOR('',#4686,1.);
#956=VECTOR('',#4687,1.);
#957=VECTOR('',#4689,1.);
#958=VECTOR('',#4690,1.);
#959=VECTOR('',#4691,1.);
#960=VECTOR('',#4692,1.);
#961=VECTOR('',#4693,1.);
#962=VECTOR('',#4694,1.);
#963=VECTOR('',#4695,1.);
#964=VECTOR('',#4696,1.);
#965=VECTOR('',#4697,1.);
#966=VECTOR('',#4699,1.);
#967=VECTOR('',#4700,1.);
#968=VECTOR('',#4701,1.);
#969=VECTOR('',#4703,1.);
#970=VECTOR('',#4704,1.);
#971=VECTOR('',#4708,1.);
#972=VECTOR('',#4709,1.);
#973=VECTOR('',#4710,1.);
#974=VECTOR('',#4711,1.);
#975=VECTOR('',#4712,1.);
#976=VECTOR('',#4713,1.);
#977=VECTOR('',#4714,1.);
#978=VECTOR('',#4716,1.);
#979=VECTOR('',#4717,1.);
#980=VECTOR('',#4718,1.);
#981=VECTOR('',#4720,1.);
#982=VECTOR('',#4721,1.);
#983=VECTOR('',#4722,1.);
#984=VECTOR('',#4724,1.);
#985=VECTOR('',#4725,1.);
#986=VECTOR('',#4726,1.);
#987=VECTOR('',#4727,1.);
#988=VECTOR('',#4728,1.);
#989=VECTOR('',#4729,1.);
#990=VECTOR('',#4731,1.);
#991=VECTOR('',#4732,1.);
#992=VECTOR('',#4733,1.);
#993=VECTOR('',#4735,1.);
#994=VECTOR('',#4736,1.);
#995=VECTOR('',#4737,1.);
#996=VECTOR('',#4739,1.);
#997=VECTOR('',#4740,1.);
#998=VECTOR('',#4741,1.);
#999=VECTOR('',#4743,1.);
#1000=VECTOR('',#4744,1.);
#1001=VECTOR('',#4745,1.);
#1002=VECTOR('',#4747,1.);
#1003=VECTOR('',#4748,1.);
#1004=VECTOR('',#4749,1.);
#1005=VECTOR('',#4750,1.);
#1006=VECTOR('',#4751,1.);
#1007=VECTOR('',#4752,1.);
#1008=VECTOR('',#4753,1.);
#1009=VECTOR('',#4754,1.);
#1010=VECTOR('',#4756,1.);
#1011=VECTOR('',#4757,1.);
#1012=VECTOR('',#4758,1.);
#1013=VECTOR('',#4760,1.);
#1014=VECTOR('',#4761,1.);
#1015=VECTOR('',#4763,1.);
#1016=VECTOR('',#4764,1.);
#1017=VECTOR('',#4766,1.);
#1018=VECTOR('',#4767,1.);
#1019=VECTOR('',#4768,1.);
#1020=VECTOR('',#4769,1.);
#1021=VECTOR('',#4770,1.);
#1022=VECTOR('',#4771,1.);
#1023=VECTOR('',#4772,1.);
#1024=VECTOR('',#4773,1.);
#1025=VECTOR('',#4774,1.);
#1026=VECTOR('',#4775,1.);
#1027=VECTOR('',#4776,1.);
#1028=VECTOR('',#4777,1.);
#1029=VECTOR('',#4778,1.);
#1030=VECTOR('',#4779,1.);
#1031=VECTOR('',#4780,1.);
#1032=VECTOR('',#4782,1.);
#1033=VECTOR('',#4783,1.);
#1034=VECTOR('',#4784,1.);
#1035=VECTOR('',#4785,1.);
#1036=VECTOR('',#4786,1.);
#1037=VECTOR('',#4787,1.);
#1038=VECTOR('',#4788,1.);
#1039=VECTOR('',#4789,1.);
#1040=VECTOR('',#4790,1.);
#1041=VECTOR('',#4791,1.);
#1042=VECTOR('',#4792,1.);
#1043=VECTOR('',#4793,1.);
#1044=VECTOR('',#4794,1.);
#1045=VECTOR('',#4797,1.);
#1046=VECTOR('',#4798,1.);
#1047=VECTOR('',#4799,1.);
#1048=VECTOR('',#4800,1.);
#1049=VECTOR('',#4802,1.);
#1050=VECTOR('',#4803,1.);
#1051=VECTOR('',#4804,1.);
#1052=VECTOR('',#4806,1.);
#1053=VECTOR('',#4807,1.);
#1054=VECTOR('',#4808,1.);
#1055=VECTOR('',#4809,1.);
#1056=VECTOR('',#4810,1.);
#1057=VECTOR('',#4811,1.);
#1058=VECTOR('',#4813,1.);
#1059=VECTOR('',#4814,1.);
#1060=VECTOR('',#4815,1.);
#1061=VECTOR('',#4817,1.);
#1062=VECTOR('',#4818,1.);
#1063=VECTOR('',#4819,1.);
#1064=VECTOR('',#4821,1.);
#1065=VECTOR('',#4822,1.);
#1066=VECTOR('',#4823,1.);
#1067=VECTOR('',#4825,1.);
#1068=VECTOR('',#4826,1.);
#1069=VECTOR('',#4827,1.);
#1070=VECTOR('',#4829,1.);
#1071=VECTOR('',#4830,1.);
#1072=VECTOR('',#4831,1.);
#1073=VECTOR('',#4832,1.);
#1074=VECTOR('',#4834,1.);
#1075=VECTOR('',#4835,1.);
#1076=VECTOR('',#4836,1.);
#1077=VECTOR('',#4837,1.);
#1078=VECTOR('',#4838,1.);
#1079=VECTOR('',#4839,1.);
#1080=VECTOR('',#4841,1.);
#1081=VECTOR('',#4842,1.);
#1082=VECTOR('',#4843,1.);
#1083=VECTOR('',#4844,1.);
#1084=VECTOR('',#4845,1.);
#1085=VECTOR('',#4846,1.);
#1086=VECTOR('',#4847,1.);
#1087=VECTOR('',#4848,1.);
#1088=VECTOR('',#4849,1.);
#1089=VECTOR('',#4850,1.);
#1090=VECTOR('',#4851,1.);
#1091=VECTOR('',#4853,1.);
#1092=VECTOR('',#4854,1.);
#1093=VECTOR('',#4855,1.);
#1094=VECTOR('',#4856,1.);
#1095=VECTOR('',#4857,1.);
#1096=VECTOR('',#4859,1.);
#1097=VECTOR('',#4860,1.);
#1098=VECTOR('',#4861,1.);
#1099=VECTOR('',#4862,1.);
#1100=VECTOR('',#4864,1.);
#1101=VECTOR('',#4865,1.);
#1102=VECTOR('',#4866,1.);
#1103=VECTOR('',#4867,1.);
#1104=VECTOR('',#4868,1.);
#1105=VECTOR('',#4869,1.);
#1106=VECTOR('',#4870,1.);
#1107=VECTOR('',#4872,1.);
#1108=VECTOR('',#4873,1.);
#1109=VECTOR('',#4874,1.);
#1110=VECTOR('',#4875,1.);
#1111=VECTOR('',#4876,1.);
#1112=VECTOR('',#4877,1.);
#1113=VECTOR('',#4879,1.);
#1114=VECTOR('',#4880,1.);
#1115=VECTOR('',#4881,1.);
#1116=VECTOR('',#4883,1.);
#1117=VECTOR('',#4884,1.);
#1118=VECTOR('',#4885,1.);
#1119=VECTOR('',#4887,1.);
#1120=VECTOR('',#4888,1.);
#1121=VECTOR('',#4889,1.);
#1122=VECTOR('',#4890,1.);
#1123=VECTOR('',#4891,1.);
#1124=VECTOR('',#4892,1.);
#1125=VECTOR('',#4893,1.);
#1126=VECTOR('',#4894,1.);
#1127=VECTOR('',#4895,1.);
#1128=VECTOR('',#4897,1.);
#1129=VECTOR('',#4898,1.);
#1130=VECTOR('',#4899,1.);
#1131=VECTOR('',#4901,1.);
#1132=VECTOR('',#4902,1.);
#1133=VECTOR('',#4904,1.);
#1134=VECTOR('',#4905,1.);
#1135=VECTOR('',#4907,1.);
#1136=VECTOR('',#4908,1.);
#1137=VECTOR('',#4909,1.);
#1138=VECTOR('',#4911,1.);
#1139=VECTOR('',#4912,1.);
#1140=VECTOR('',#4913,1.);
#1141=VECTOR('',#4915,1.);
#1142=VECTOR('',#4916,1.);
#1143=VECTOR('',#4917,1.);
#1144=VECTOR('',#4919,1.);
#1145=VECTOR('',#4920,1.);
#1146=VECTOR('',#4921,1.);
#1147=VECTOR('',#4923,1.);
#1148=VECTOR('',#4924,1.);
#1149=VECTOR('',#4925,1.);
#1150=VECTOR('',#4926,1.);
#1151=VECTOR('',#4927,1.);
#1152=VECTOR('',#4929,1.);
#1153=VECTOR('',#4930,1.);
#1154=VECTOR('',#4931,1.);
#1155=VECTOR('',#4933,1.);
#1156=VECTOR('',#4934,1.);
#1157=VECTOR('',#4935,1.);
#1158=VECTOR('',#4936,1.);
#1159=VECTOR('',#4937,1.);
#1160=VECTOR('',#4939,1.);
#1161=VECTOR('',#4940,1.);
#1162=VECTOR('',#4941,1.);
#1163=VECTOR('',#4943,1.);
#1164=VECTOR('',#4944,1.);
#1165=VECTOR('',#4945,1.);
#1166=VECTOR('',#4946,1.);
#1167=VECTOR('',#4947,1.);
#1168=VECTOR('',#4948,1.);
#1169=VECTOR('',#4949,1.);
#1170=VECTOR('',#4951,1.);
#1171=VECTOR('',#4952,1.);
#1172=VECTOR('',#4953,1.);
#1173=VECTOR('',#4954,1.);
#1174=VECTOR('',#4955,1.);
#1175=VECTOR('',#4956,1.);
#1176=VECTOR('',#4957,1.);
#1177=VECTOR('',#4958,1.);
#1178=VECTOR('',#4959,1.);
#1179=VECTOR('',#4961,1.);
#1180=VECTOR('',#4962,1.);
#1181=VECTOR('',#4963,1.);
#1182=VECTOR('',#4964,1.);
#1183=VECTOR('',#4967,1.);
#1184=VECTOR('',#4968,1.);
#1185=VECTOR('',#4969,1.);
#1186=VECTOR('',#4970,1.);
#1187=VECTOR('',#4972,1.);
#1188=VECTOR('',#4973,1.);
#1189=VECTOR('',#4974,1.);
#1190=VECTOR('',#4976,1.);
#1191=VECTOR('',#4977,1.);
#1192=VECTOR('',#4978,1.);
#1193=VECTOR('',#4980,1.);
#1194=VECTOR('',#4981,1.);
#1195=VECTOR('',#4982,1.);
#1196=VECTOR('',#4984,1.);
#1197=VECTOR('',#4985,1.);
#1198=VECTOR('',#4986,1.);
#1199=VECTOR('',#4988,1.);
#1200=VECTOR('',#4989,1.);
#1201=VECTOR('',#4990,1.);
#1202=VECTOR('',#4992,1.);
#1203=VECTOR('',#4993,1.);
#1204=VECTOR('',#4994,1.);
#1205=VECTOR('',#4996,1.);
#1206=VECTOR('',#4997,1.);
#1207=VECTOR('',#4998,1.);
#1208=VECTOR('',#5000,1.);
#1209=VECTOR('',#5001,1.);
#1210=VECTOR('',#5002,1.);
#1211=VECTOR('',#5004,1.);
#1212=VECTOR('',#5005,1.);
#1213=VECTOR('',#5006,1.);
#1214=VECTOR('',#5008,1.);
#1215=VECTOR('',#5009,1.);
#1216=VECTOR('',#5010,1.);
#1217=VECTOR('',#5012,1.);
#1218=VECTOR('',#5013,1.);
#1219=VECTOR('',#5014,1.);
#1220=VECTOR('',#5016,1.);
#1221=VECTOR('',#5017,1.);
#1222=VECTOR('',#5020,1.);
#1223=VECTOR('',#5021,1.);
#1224=VECTOR('',#5022,1.);
#1225=VECTOR('',#5023,1.);
#1226=VECTOR('',#5025,1.);
#1227=VECTOR('',#5026,1.);
#1228=VECTOR('',#5027,1.);
#1229=VECTOR('',#5029,1.);
#1230=VECTOR('',#5030,1.);
#1231=VECTOR('',#5031,1.);
#1232=VECTOR('',#5033,1.);
#1233=VECTOR('',#5034,1.);
#1234=VECTOR('',#5035,1.);
#1235=VECTOR('',#5037,1.);
#1236=VECTOR('',#5038,1.);
#1237=VECTOR('',#5039,1.);
#1238=VECTOR('',#5041,1.);
#1239=VECTOR('',#5042,1.);
#1240=VECTOR('',#5043,1.);
#1241=VECTOR('',#5045,1.);
#1242=VECTOR('',#5046,1.);
#1243=VECTOR('',#5047,1.);
#1244=VECTOR('',#5049,1.);
#1245=VECTOR('',#5050,1.);
#1246=VECTOR('',#5051,1.);
#1247=VECTOR('',#5053,1.);
#1248=VECTOR('',#5054,1.);
#1249=VECTOR('',#5055,1.);
#1250=VECTOR('',#5057,1.);
#1251=VECTOR('',#5058,1.);
#1252=VECTOR('',#5059,1.);
#1253=VECTOR('',#5061,1.);
#1254=VECTOR('',#5062,1.);
#1255=VECTOR('',#5063,1.);
#1256=VECTOR('',#5065,1.);
#1257=VECTOR('',#5066,1.);
#1258=VECTOR('',#5068,1.);
#1259=VECTOR('',#5069,1.);
#1260=VECTOR('',#5070,1.);
#1261=VECTOR('',#5072,1.);
#1262=VECTOR('',#5073,1.);
#1263=VECTOR('',#5075,1.);
#1264=VECTOR('',#5076,1.);
#1265=VECTOR('',#5078,1.);
#1266=VECTOR('',#5079,1.);
#1267=VECTOR('',#5081,1.);
#1268=VECTOR('',#5082,1.);
#1269=VECTOR('',#5084,1.);
#1270=VECTOR('',#5085,1.);
#1271=VECTOR('',#5087,1.);
#1272=VECTOR('',#5088,1.);
#1273=VECTOR('',#5089,1.);
#1274=VECTOR('',#5091,1.);
#1275=VECTOR('',#5092,1.);
#1276=VECTOR('',#5093,1.);
#1277=VECTOR('',#5095,1.);
#1278=VECTOR('',#5096,1.);
#1279=VECTOR('',#5098,1.);
#1280=VECTOR('',#5099,1.);
#1281=VECTOR('',#5101,1.);
#1282=VECTOR('',#5102,1.);
#1283=VECTOR('',#5103,1.);
#1284=VECTOR('',#5105,1.);
#1285=VECTOR('',#5106,1.);
#1286=VECTOR('',#5107,1.);
#1287=VECTOR('',#5109,1.);
#1288=VECTOR('',#5110,1.);
#1289=VECTOR('',#5111,1.);
#1290=VECTOR('',#5113,1.);
#1291=VECTOR('',#5114,1.);
#1292=VECTOR('',#5115,1.);
#1293=VECTOR('',#5117,1.);
#1294=VECTOR('',#5118,1.);
#1295=VECTOR('',#5119,1.);
#1296=VECTOR('',#5121,1.);
#1297=VECTOR('',#5123,1.);
#1298=VECTOR('',#5124,1.);
#1299=VECTOR('',#5125,1.);
#1300=VECTOR('',#5127,1.);
#1301=VECTOR('',#5129,1.);
#1302=VECTOR('',#5130,1.);
#1303=VECTOR('',#5160,1.);
#1304=VECTOR('',#5163,1.);
#1305=VECTOR('',#5166,1.);
#1306=VECTOR('',#5171,1.);
#1307=VECTOR('',#5176,1.);
#1308=VECTOR('',#5181,1.);
#1309=VECTOR('',#5199,1.);
#1310=VECTOR('',#5204,1.);
#1311=VECTOR('',#5209,1.);
#1312=VECTOR('',#5214,1.);
#1313=VECTOR('',#5222,1.);
#1314=VECTOR('',#5224,1.);
#1315=VECTOR('',#5226,1.);
#1316=LINE('',#5230,#910);
#1317=LINE('',#5233,#911);
#1318=LINE('',#5235,#912);
#1319=LINE('',#5237,#913);
#1320=LINE('',#5239,#914);
#1321=LINE('',#5241,#915);
#1322=LINE('',#5243,#916);
#1323=LINE('',#5245,#917);
#1324=LINE('',#5247,#918);
#1325=LINE('',#5249,#919);
#1326=LINE('',#5251,#920);
#1327=LINE('',#5252,#921);
#1328=LINE('',#5255,#922);
#1329=LINE('',#5258,#923);
#1330=LINE('',#5260,#924);
#1331=LINE('',#5262,#925);
#1332=LINE('',#5264,#926);
#1333=LINE('',#5266,#927);
#1334=LINE('',#5268,#928);
#1335=LINE('',#5270,#929);
#1336=LINE('',#5272,#930);
#1337=LINE('',#5274,#931);
#1338=LINE('',#5276,#932);
#1339=LINE('',#5277,#933);
#1340=LINE('',#5290,#934);
#1341=LINE('',#5296,#935);
#1342=LINE('',#5307,#936);
#1343=LINE('',#5322,#937);
#1344=LINE('',#5328,#938);
#1345=LINE('',#5330,#939);
#1346=LINE('',#5332,#940);
#1347=LINE('',#5343,#941);
#1348=LINE('',#5358,#942);
#1349=LINE('',#5373,#943);
#1350=LINE('',#5388,#944);
#1351=LINE('',#5394,#945);
#1352=LINE('',#5396,#946);
#1353=LINE('',#5398,#947);
#1354=LINE('',#5409,#948);
#1355=LINE('',#5424,#949);
#1356=LINE('',#5439,#950);
#1357=LINE('',#5445,#951);
#1358=LINE('',#5447,#952);
#1359=LINE('',#5449,#953);
#1360=LINE('',#5451,#954);
#1361=LINE('',#5453,#955);
#1362=LINE('',#5455,#956);
#1363=LINE('',#5457,#957);
#1364=LINE('',#5459,#958);
#1365=LINE('',#5461,#959);
#1366=LINE('',#5485,#960);
#1367=LINE('',#5491,#961);
#1368=LINE('',#5502,#962);
#1369=LINE('',#5517,#963);
#1370=LINE('',#5532,#964);
#1371=LINE('',#5547,#965);
#1372=LINE('',#5553,#966);
#1373=LINE('',#5555,#967);
#1374=LINE('',#5557,#968);
#1375=LINE('',#5559,#969);
#1376=LINE('',#5560,#970);
#1377=LINE('',#5564,#971);
#1378=LINE('',#5567,#972);
#1379=LINE('',#5569,#973);
#1380=LINE('',#5571,#974);
#1381=LINE('',#5582,#975);
#1382=LINE('',#5597,#976);
#1383=LINE('',#5612,#977);
#1384=LINE('',#5618,#978);
#1385=LINE('',#5620,#979);
#1386=LINE('',#5622,#980);
#1387=LINE('',#5624,#981);
#1388=LINE('',#5626,#982);
#1389=LINE('',#5628,#983);
#1390=LINE('',#5630,#984);
#1391=LINE('',#5632,#985);
#1392=LINE('',#5634,#986);
#1393=LINE('',#5645,#987);
#1394=LINE('',#5660,#988);
#1395=LINE('',#5675,#989);
#1396=LINE('',#5681,#990);
#1397=LINE('',#5683,#991);
#1398=LINE('',#5685,#992);
#1399=LINE('',#5687,#993);
#1400=LINE('',#5689,#994);
#1401=LINE('',#5691,#995);
#1402=LINE('',#5693,#996);
#1403=LINE('',#5695,#997);
#1404=LINE('',#5697,#998);
#1405=LINE('',#5699,#999);
#1406=LINE('',#5701,#1000);
#1407=LINE('',#5703,#1001);
#1408=LINE('',#5705,#1002);
#1409=LINE('',#5707,#1003);
#1410=LINE('',#5709,#1004);
#1411=LINE('',#5720,#1005);
#1412=LINE('',#5735,#1006);
#1413=LINE('',#5750,#1007);
#1414=LINE('',#5765,#1008);
#1415=LINE('',#5780,#1009);
#1416=LINE('',#5786,#1010);
#1417=LINE('',#5788,#1011);
#1418=LINE('',#5790,#1012);
#1419=LINE('',#5792,#1013);
#1420=LINE('',#5793,#1014);
#1421=LINE('',#5806,#1015);
#1422=LINE('',#5812,#1016);
#1423=LINE('',#5814,#1017);
#1424=LINE('',#5816,#1018);
#1425=LINE('',#5818,#1019);
#1426=LINE('',#5829,#1020);
#1427=LINE('',#5844,#1021);
#1428=LINE('',#5859,#1022);
#1429=LINE('',#5874,#1023);
#1430=LINE('',#5889,#1024);
#1431=LINE('',#5904,#1025);
#1432=LINE('',#5919,#1026);
#1433=LINE('',#5934,#1027);
#1434=LINE('',#5949,#1028);
#1435=LINE('',#5964,#1029);
#1436=LINE('',#5979,#1030);
#1437=LINE('',#5994,#1031);
#1438=LINE('',#6000,#1032);
#1439=LINE('',#6002,#1033);
#1440=LINE('',#6004,#1034);
#1441=LINE('',#6015,#1035);
#1442=LINE('',#6030,#1036);
#1443=LINE('',#6045,#1037);
#1444=LINE('',#6060,#1038);
#1445=LINE('',#6075,#1039);
#1446=LINE('',#6090,#1040);
#1447=LINE('',#6105,#1041);
#1448=LINE('',#6120,#1042);
#1449=LINE('',#6135,#1043);
#1450=LINE('',#6150,#1044);
#1451=LINE('',#6169,#1045);
#1452=LINE('',#6172,#1046);
#1453=LINE('',#6174,#1047);
#1454=LINE('',#6176,#1048);
#1455=LINE('',#6178,#1049);
#1456=LINE('',#6180,#1050);
#1457=LINE('',#6182,#1051);
#1458=LINE('',#6184,#1052);
#1459=LINE('',#6186,#1053);
#1460=LINE('',#6188,#1054);
#1461=LINE('',#6199,#1055);
#1462=LINE('',#6214,#1056);
#1463=LINE('',#6229,#1057);
#1464=LINE('',#6235,#1058);
#1465=LINE('',#6237,#1059);
#1466=LINE('',#6239,#1060);
#1467=LINE('',#6241,#1061);
#1468=LINE('',#6243,#1062);
#1469=LINE('',#6245,#1063);
#1470=LINE('',#6247,#1064);
#1471=LINE('',#6249,#1065);
#1472=LINE('',#6251,#1066);
#1473=LINE('',#6253,#1067);
#1474=LINE('',#6255,#1068);
#1475=LINE('',#6257,#1069);
#1476=LINE('',#6259,#1070);
#1477=LINE('',#6261,#1071);
#1478=LINE('',#6263,#1072);
#1479=LINE('',#6274,#1073);
#1480=LINE('',#6303,#1074);
#1481=LINE('',#6309,#1075);
#1482=LINE('',#6320,#1076);
#1483=LINE('',#6335,#1077);
#1484=LINE('',#6350,#1078);
#1485=LINE('',#6365,#1079);
#1486=LINE('',#6371,#1080);
#1487=LINE('',#6373,#1081);
#1488=LINE('',#6375,#1082);
#1489=LINE('',#6386,#1083);
#1490=LINE('',#6401,#1084);
#1491=LINE('',#6416,#1085);
#1492=LINE('',#6431,#1086);
#1493=LINE('',#6446,#1087);
#1494=LINE('',#6461,#1088);
#1495=LINE('',#6476,#1089);
#1496=LINE('',#6491,#1090);
#1497=LINE('',#6497,#1091);
#1498=LINE('',#6499,#1092);
#1499=LINE('',#6501,#1093);
#1500=LINE('',#6512,#1094);
#1501=LINE('',#6527,#1095);
#1502=LINE('',#6556,#1096);
#1503=LINE('',#6562,#1097);
#1504=LINE('',#6573,#1098);
#1505=LINE('',#6588,#1099);
#1506=LINE('',#6594,#1100);
#1507=LINE('',#6596,#1101);
#1508=LINE('',#6598,#1102);
#1509=LINE('',#6609,#1103);
#1510=LINE('',#6624,#1104);
#1511=LINE('',#6639,#1105);
#1512=LINE('',#6654,#1106);
#1513=LINE('',#6660,#1107);
#1514=LINE('',#6662,#1108);
#1515=LINE('',#6664,#1109);
#1516=LINE('',#6675,#1110);
#1517=LINE('',#6690,#1111);
#1518=LINE('',#6705,#1112);
#1519=LINE('',#6711,#1113);
#1520=LINE('',#6713,#1114);
#1521=LINE('',#6715,#1115);
#1522=LINE('',#6717,#1116);
#1523=LINE('',#6719,#1117);
#1524=LINE('',#6721,#1118);
#1525=LINE('',#6723,#1119);
#1526=LINE('',#6725,#1120);
#1527=LINE('',#6727,#1121);
#1528=LINE('',#6751,#1122);
#1529=LINE('',#6757,#1123);
#1530=LINE('',#6768,#1124);
#1531=LINE('',#6783,#1125);
#1532=LINE('',#6798,#1126);
#1533=LINE('',#6813,#1127);
#1534=LINE('',#6819,#1128);
#1535=LINE('',#6821,#1129);
#1536=LINE('',#6823,#1130);
#1537=LINE('',#6825,#1131);
#1538=LINE('',#6826,#1132);
#1539=LINE('',#6839,#1133);
#1540=LINE('',#6845,#1134);
#1541=LINE('',#6847,#1135);
#1542=LINE('',#6849,#1136);
#1543=LINE('',#6851,#1137);
#1544=LINE('',#6853,#1138);
#1545=LINE('',#6855,#1139);
#1546=LINE('',#6857,#1140);
#1547=LINE('',#6859,#1141);
#1548=LINE('',#6861,#1142);
#1549=LINE('',#6863,#1143);
#1550=LINE('',#6865,#1144);
#1551=LINE('',#6867,#1145);
#1552=LINE('',#6869,#1146);
#1553=LINE('',#6871,#1147);
#1554=LINE('',#6873,#1148);
#1555=LINE('',#6875,#1149);
#1556=LINE('',#6886,#1150);
#1557=LINE('',#6901,#1151);
#1558=LINE('',#6907,#1152);
#1559=LINE('',#6909,#1153);
#1560=LINE('',#6911,#1154);
#1561=LINE('',#6936,#1155);
#1562=LINE('',#6942,#1156);
#1563=LINE('',#6953,#1157);
#1564=LINE('',#6968,#1158);
#1565=LINE('',#6983,#1159);
#1566=LINE('',#6989,#1160);
#1567=LINE('',#6991,#1161);
#1568=LINE('',#6993,#1162);
#1569=LINE('',#6995,#1163);
#1570=LINE('',#6997,#1164);
#1571=LINE('',#6999,#1165);
#1572=LINE('',#7010,#1166);
#1573=LINE('',#7025,#1167);
#1574=LINE('',#7040,#1168);
#1575=LINE('',#7055,#1169);
#1576=LINE('',#7061,#1170);
#1577=LINE('',#7063,#1171);
#1578=LINE('',#7065,#1172);
#1579=LINE('',#7076,#1173);
#1580=LINE('',#7091,#1174);
#1581=LINE('',#7106,#1175);
#1582=LINE('',#7134,#1176);
#1583=LINE('',#7140,#1177);
#1584=LINE('',#7151,#1178);
#1585=LINE('',#7157,#1179);
#1586=LINE('',#7159,#1180);
#1587=LINE('',#7161,#1181);
#1588=LINE('',#7172,#1182);
#1589=LINE('',#7191,#1183);
#1590=LINE('',#7194,#1184);
#1591=LINE('',#7196,#1185);
#1592=LINE('',#7198,#1186);
#1593=LINE('',#7200,#1187);
#1594=LINE('',#7202,#1188);
#1595=LINE('',#7204,#1189);
#1596=LINE('',#7206,#1190);
#1597=LINE('',#7208,#1191);
#1598=LINE('',#7210,#1192);
#1599=LINE('',#7212,#1193);
#1600=LINE('',#7214,#1194);
#1601=LINE('',#7216,#1195);
#1602=LINE('',#7218,#1196);
#1603=LINE('',#7220,#1197);
#1604=LINE('',#7222,#1198);
#1605=LINE('',#7224,#1199);
#1606=LINE('',#7226,#1200);
#1607=LINE('',#7228,#1201);
#1608=LINE('',#7230,#1202);
#1609=LINE('',#7232,#1203);
#1610=LINE('',#7234,#1204);
#1611=LINE('',#7236,#1205);
#1612=LINE('',#7238,#1206);
#1613=LINE('',#7240,#1207);
#1614=LINE('',#7242,#1208);
#1615=LINE('',#7244,#1209);
#1616=LINE('',#7246,#1210);
#1617=LINE('',#7248,#1211);
#1618=LINE('',#7250,#1212);
#1619=LINE('',#7252,#1213);
#1620=LINE('',#7254,#1214);
#1621=LINE('',#7256,#1215);
#1622=LINE('',#7258,#1216);
#1623=LINE('',#7260,#1217);
#1624=LINE('',#7262,#1218);
#1625=LINE('',#7264,#1219);
#1626=LINE('',#7266,#1220);
#1627=LINE('',#7267,#1221);
#1628=LINE('',#7270,#1222);
#1629=LINE('',#7273,#1223);
#1630=LINE('',#7275,#1224);
#1631=LINE('',#7277,#1225);
#1632=LINE('',#7279,#1226);
#1633=LINE('',#7281,#1227);
#1634=LINE('',#7283,#1228);
#1635=LINE('',#7285,#1229);
#1636=LINE('',#7287,#1230);
#1637=LINE('',#7289,#1231);
#1638=LINE('',#7291,#1232);
#1639=LINE('',#7293,#1233);
#1640=LINE('',#7295,#1234);
#1641=LINE('',#7297,#1235);
#1642=LINE('',#7299,#1236);
#1643=LINE('',#7301,#1237);
#1644=LINE('',#7303,#1238);
#1645=LINE('',#7305,#1239);
#1646=LINE('',#7307,#1240);
#1647=LINE('',#7309,#1241);
#1648=LINE('',#7311,#1242);
#1649=LINE('',#7313,#1243);
#1650=LINE('',#7315,#1244);
#1651=LINE('',#7317,#1245);
#1652=LINE('',#7319,#1246);
#1653=LINE('',#7321,#1247);
#1654=LINE('',#7323,#1248);
#1655=LINE('',#7325,#1249);
#1656=LINE('',#7327,#1250);
#1657=LINE('',#7329,#1251);
#1658=LINE('',#7331,#1252);
#1659=LINE('',#7333,#1253);
#1660=LINE('',#7335,#1254);
#1661=LINE('',#7337,#1255);
#1662=LINE('',#7339,#1256);
#1663=LINE('',#7340,#1257);
#1664=LINE('',#7342,#1258);
#1665=LINE('',#7344,#1259);
#1666=LINE('',#7346,#1260);
#1667=LINE('',#7348,#1261);
#1668=LINE('',#7350,#1262);
#1669=LINE('',#7352,#1263);
#1670=LINE('',#7354,#1264);
#1671=LINE('',#7356,#1265);
#1672=LINE('',#7358,#1266);
#1673=LINE('',#7360,#1267);
#1674=LINE('',#7362,#1268);
#1675=LINE('',#7364,#1269);
#1676=LINE('',#7366,#1270);
#1677=LINE('',#7368,#1271);
#1678=LINE('',#7371,#1272);
#1679=LINE('',#7372,#1273);
#1680=LINE('',#7374,#1274);
#1681=LINE('',#7377,#1275);
#1682=LINE('',#7378,#1276);
#1683=LINE('',#7380,#1277);
#1684=LINE('',#7382,#1278);
#1685=LINE('',#7384,#1279);
#1686=LINE('',#7386,#1280);
#1687=LINE('',#7388,#1281);
#1688=LINE('',#7390,#1282);
#1689=LINE('',#7392,#1283);
#1690=LINE('',#7394,#1284);
#1691=LINE('',#7396,#1285);
#1692=LINE('',#7398,#1286);
#1693=LINE('',#7400,#1287);
#1694=LINE('',#7402,#1288);
#1695=LINE('',#7404,#1289);
#1696=LINE('',#7406,#1290);
#1697=LINE('',#7408,#1291);
#1698=LINE('',#7410,#1292);
#1699=LINE('',#7412,#1293);
#1700=LINE('',#7414,#1294);
#1701=LINE('',#7416,#1295);
#1702=LINE('',#7418,#1296);
#1703=LINE('',#7420,#1297);
#1704=LINE('',#7422,#1298);
#1705=LINE('',#7423,#1299);
#1706=LINE('',#7425,#1300);
#1707=LINE('',#7427,#1301);
#1708=LINE('',#7428,#1302);
#1709=LINE('',#7610,#1303);
#1710=LINE('',#7614,#1304);
#1711=LINE('',#7659,#1305);
#1712=LINE('',#7663,#1306);
#1713=LINE('',#7667,#1307);
#1714=LINE('',#7714,#1308);
#1715=LINE('',#7890,#1309);
#1716=LINE('',#7894,#1310);
#1717=LINE('',#7898,#1311);
#1718=LINE('',#7902,#1312);
#1719=LINE('',#7908,#1313);
#1720=LINE('',#7910,#1314);
#1721=LINE('',#7912,#1315);
#1722=EDGE_CURVE('',#482,#483,#1316,.T.);
#1723=EDGE_CURVE('',#484,#483,#1317,.T.);
#1724=EDGE_CURVE('',#485,#484,#1318,.T.);
#1725=EDGE_CURVE('',#485,#482,#1319,.T.);
#1726=EDGE_CURVE('',#483,#486,#1320,.T.);
#1727=EDGE_CURVE('',#487,#486,#1321,.T.);
#1728=EDGE_CURVE('',#484,#487,#1322,.T.);
#1729=EDGE_CURVE('',#486,#488,#1323,.T.);
#1730=EDGE_CURVE('',#489,#488,#1324,.T.);
#1731=EDGE_CURVE('',#487,#489,#1325,.T.);
#1732=EDGE_CURVE('',#488,#482,#1326,.T.);
#1733=EDGE_CURVE('',#489,#485,#1327,.T.);
#1734=EDGE_CURVE('',#490,#491,#1328,.T.);
#1735=EDGE_CURVE('',#492,#491,#1329,.T.);
#1736=EDGE_CURVE('',#493,#492,#1330,.T.);
#1737=EDGE_CURVE('',#493,#490,#1331,.T.);
#1738=EDGE_CURVE('',#491,#494,#1332,.T.);
#1739=EDGE_CURVE('',#495,#494,#1333,.T.);
#1740=EDGE_CURVE('',#492,#495,#1334,.T.);
#1741=EDGE_CURVE('',#494,#496,#1335,.T.);
#1742=EDGE_CURVE('',#497,#496,#1336,.T.);
#1743=EDGE_CURVE('',#495,#497,#1337,.T.);
#1744=EDGE_CURVE('',#496,#490,#1338,.T.);
#1745=EDGE_CURVE('',#497,#493,#1339,.T.);
#1746=EDGE_CURVE('',#498,#499,#146,.T.);
#1747=EDGE_CURVE('',#500,#499,#1340,.T.);
#1748=EDGE_CURVE('',#501,#500,#147,.T.);
#1749=EDGE_CURVE('',#501,#498,#1341,.T.);
#1750=EDGE_CURVE('',#499,#502,#148,.T.);
#1751=EDGE_CURVE('',#503,#502,#1342,.T.);
#1752=EDGE_CURVE('',#500,#503,#149,.T.);
#1753=EDGE_CURVE('',#502,#504,#150,.T.);
#1754=EDGE_CURVE('',#505,#504,#1343,.T.);
#1755=EDGE_CURVE('',#503,#505,#151,.T.);
#1756=EDGE_CURVE('',#504,#506,#1344,.T.);
#1757=EDGE_CURVE('',#507,#506,#1345,.T.);
#1758=EDGE_CURVE('',#505,#507,#1346,.T.);
#1759=EDGE_CURVE('',#506,#508,#152,.T.);
#1760=EDGE_CURVE('',#509,#508,#1347,.T.);
#1761=EDGE_CURVE('',#507,#509,#153,.T.);
#1762=EDGE_CURVE('',#508,#510,#154,.T.);
#1763=EDGE_CURVE('',#511,#510,#1348,.T.);
#1764=EDGE_CURVE('',#509,#511,#155,.T.);
#1765=EDGE_CURVE('',#510,#512,#156,.T.);
#1766=EDGE_CURVE('',#513,#512,#1349,.T.);
#1767=EDGE_CURVE('',#511,#513,#157,.T.);
#1768=EDGE_CURVE('',#512,#514,#158,.T.);
#1769=EDGE_CURVE('',#515,#514,#1350,.T.);
#1770=EDGE_CURVE('',#513,#515,#159,.T.);
#1771=EDGE_CURVE('',#514,#516,#1351,.T.);
#1772=EDGE_CURVE('',#517,#516,#1352,.T.);
#1773=EDGE_CURVE('',#515,#517,#1353,.T.);
#1774=EDGE_CURVE('',#516,#518,#160,.T.);
#1775=EDGE_CURVE('',#519,#518,#1354,.T.);
#1776=EDGE_CURVE('',#517,#519,#161,.T.);
#1777=EDGE_CURVE('',#518,#520,#162,.T.);
#1778=EDGE_CURVE('',#521,#520,#1355,.T.);
#1779=EDGE_CURVE('',#519,#521,#163,.T.);
#1780=EDGE_CURVE('',#520,#522,#164,.T.);
#1781=EDGE_CURVE('',#523,#522,#1356,.T.);
#1782=EDGE_CURVE('',#521,#523,#165,.T.);
#1783=EDGE_CURVE('',#522,#524,#1357,.T.);
#1784=EDGE_CURVE('',#525,#524,#1358,.T.);
#1785=EDGE_CURVE('',#523,#525,#1359,.T.);
#1786=EDGE_CURVE('',#524,#526,#1360,.T.);
#1787=EDGE_CURVE('',#527,#526,#1361,.T.);
#1788=EDGE_CURVE('',#525,#527,#1362,.T.);
#1789=EDGE_CURVE('',#526,#528,#1363,.T.);
#1790=EDGE_CURVE('',#529,#528,#1364,.T.);
#1791=EDGE_CURVE('',#527,#529,#1365,.T.);
#1792=EDGE_CURVE('',#528,#498,#166,.T.);
#1793=EDGE_CURVE('',#529,#501,#167,.T.);
#1794=EDGE_CURVE('',#530,#531,#168,.T.);
#1795=EDGE_CURVE('',#532,#531,#1366,.T.);
#1796=EDGE_CURVE('',#533,#532,#169,.T.);
#1797=EDGE_CURVE('',#533,#530,#1367,.T.);
#1798=EDGE_CURVE('',#531,#534,#170,.T.);
#1799=EDGE_CURVE('',#535,#534,#1368,.T.);
#1800=EDGE_CURVE('',#532,#535,#171,.T.);
#1801=EDGE_CURVE('',#534,#536,#172,.T.);
#1802=EDGE_CURVE('',#537,#536,#1369,.T.);
#1803=EDGE_CURVE('',#535,#537,#173,.T.);
#1804=EDGE_CURVE('',#536,#538,#174,.T.);
#1805=EDGE_CURVE('',#539,#538,#1370,.T.);
#1806=EDGE_CURVE('',#537,#539,#175,.T.);
#1807=EDGE_CURVE('',#538,#540,#176,.T.);
#1808=EDGE_CURVE('',#541,#540,#1371,.T.);
#1809=EDGE_CURVE('',#539,#541,#177,.T.);
#1810=EDGE_CURVE('',#540,#542,#1372,.T.);
#1811=EDGE_CURVE('',#543,#542,#1373,.T.);
#1812=EDGE_CURVE('',#541,#543,#1374,.T.);
#1813=EDGE_CURVE('',#542,#530,#1375,.T.);
#1814=EDGE_CURVE('',#543,#533,#1376,.T.);
#1815=EDGE_CURVE('',#544,#545,#1377,.T.);
#1816=EDGE_CURVE('',#546,#545,#1378,.T.);
#1817=EDGE_CURVE('',#547,#546,#1379,.T.);
#1818=EDGE_CURVE('',#547,#544,#1380,.T.);
#1819=EDGE_CURVE('',#545,#548,#178,.T.);
#1820=EDGE_CURVE('',#549,#548,#1381,.T.);
#1821=EDGE_CURVE('',#546,#549,#179,.T.);
#1822=EDGE_CURVE('',#548,#550,#180,.T.);
#1823=EDGE_CURVE('',#551,#550,#1382,.T.);
#1824=EDGE_CURVE('',#549,#551,#181,.T.);
#1825=EDGE_CURVE('',#550,#552,#182,.T.);
#1826=EDGE_CURVE('',#553,#552,#1383,.T.);
#1827=EDGE_CURVE('',#551,#553,#183,.T.);
#1828=EDGE_CURVE('',#552,#554,#1384,.T.);
#1829=EDGE_CURVE('',#555,#554,#1385,.T.);
#1830=EDGE_CURVE('',#553,#555,#1386,.T.);
#1831=EDGE_CURVE('',#554,#556,#1387,.T.);
#1832=EDGE_CURVE('',#557,#556,#1388,.T.);
#1833=EDGE_CURVE('',#555,#557,#1389,.T.);
#1834=EDGE_CURVE('',#556,#558,#1390,.T.);
#1835=EDGE_CURVE('',#559,#558,#1391,.T.);
#1836=EDGE_CURVE('',#557,#559,#1392,.T.);
#1837=EDGE_CURVE('',#558,#560,#184,.T.);
#1838=EDGE_CURVE('',#561,#560,#1393,.T.);
#1839=EDGE_CURVE('',#559,#561,#185,.T.);
#1840=EDGE_CURVE('',#560,#562,#186,.T.);
#1841=EDGE_CURVE('',#563,#562,#1394,.T.);
#1842=EDGE_CURVE('',#561,#563,#187,.T.);
#1843=EDGE_CURVE('',#562,#564,#188,.T.);
#1844=EDGE_CURVE('',#565,#564,#1395,.T.);
#1845=EDGE_CURVE('',#563,#565,#189,.T.);
#1846=EDGE_CURVE('',#564,#566,#1396,.T.);
#1847=EDGE_CURVE('',#567,#566,#1397,.T.);
#1848=EDGE_CURVE('',#565,#567,#1398,.T.);
#1849=EDGE_CURVE('',#566,#568,#1399,.T.);
#1850=EDGE_CURVE('',#569,#568,#1400,.T.);
#1851=EDGE_CURVE('',#567,#569,#1401,.T.);
#1852=EDGE_CURVE('',#568,#570,#1402,.T.);
#1853=EDGE_CURVE('',#571,#570,#1403,.T.);
#1854=EDGE_CURVE('',#569,#571,#1404,.T.);
#1855=EDGE_CURVE('',#570,#572,#1405,.T.);
#1856=EDGE_CURVE('',#573,#572,#1406,.T.);
#1857=EDGE_CURVE('',#571,#573,#1407,.T.);
#1858=EDGE_CURVE('',#572,#574,#1408,.T.);
#1859=EDGE_CURVE('',#575,#574,#1409,.T.);
#1860=EDGE_CURVE('',#573,#575,#1410,.T.);
#1861=EDGE_CURVE('',#574,#576,#190,.T.);
#1862=EDGE_CURVE('',#577,#576,#1411,.T.);
#1863=EDGE_CURVE('',#575,#577,#191,.T.);
#1864=EDGE_CURVE('',#576,#578,#192,.T.);
#1865=EDGE_CURVE('',#579,#578,#1412,.T.);
#1866=EDGE_CURVE('',#577,#579,#193,.T.);
#1867=EDGE_CURVE('',#578,#580,#194,.T.);
#1868=EDGE_CURVE('',#581,#580,#1413,.T.);
#1869=EDGE_CURVE('',#579,#581,#195,.T.);
#1870=EDGE_CURVE('',#580,#582,#196,.T.);
#1871=EDGE_CURVE('',#583,#582,#1414,.T.);
#1872=EDGE_CURVE('',#581,#583,#197,.T.);
#1873=EDGE_CURVE('',#582,#584,#198,.T.);
#1874=EDGE_CURVE('',#585,#584,#1415,.T.);
#1875=EDGE_CURVE('',#583,#585,#199,.T.);
#1876=EDGE_CURVE('',#584,#586,#1416,.T.);
#1877=EDGE_CURVE('',#587,#586,#1417,.T.);
#1878=EDGE_CURVE('',#585,#587,#1418,.T.);
#1879=EDGE_CURVE('',#586,#544,#1419,.T.);
#1880=EDGE_CURVE('',#587,#547,#1420,.T.);
#1881=EDGE_CURVE('',#588,#589,#200,.T.);
#1882=EDGE_CURVE('',#590,#589,#1421,.T.);
#1883=EDGE_CURVE('',#591,#590,#201,.T.);
#1884=EDGE_CURVE('',#591,#588,#1422,.T.);
#1885=EDGE_CURVE('',#589,#592,#1423,.T.);
#1886=EDGE_CURVE('',#593,#592,#1424,.T.);
#1887=EDGE_CURVE('',#590,#593,#1425,.T.);
#1888=EDGE_CURVE('',#592,#594,#202,.T.);
#1889=EDGE_CURVE('',#595,#594,#1426,.T.);
#1890=EDGE_CURVE('',#593,#595,#203,.T.);
#1891=EDGE_CURVE('',#594,#596,#204,.T.);
#1892=EDGE_CURVE('',#597,#596,#1427,.T.);
#1893=EDGE_CURVE('',#595,#597,#205,.T.);
#1894=EDGE_CURVE('',#596,#598,#206,.T.);
#1895=EDGE_CURVE('',#599,#598,#1428,.T.);
#1896=EDGE_CURVE('',#597,#599,#207,.T.);
#1897=EDGE_CURVE('',#598,#600,#208,.T.);
#1898=EDGE_CURVE('',#601,#600,#1429,.T.);
#1899=EDGE_CURVE('',#599,#601,#209,.T.);
#1900=EDGE_CURVE('',#600,#602,#210,.T.);
#1901=EDGE_CURVE('',#603,#602,#1430,.T.);
#1902=EDGE_CURVE('',#601,#603,#211,.T.);
#1903=EDGE_CURVE('',#602,#604,#212,.T.);
#1904=EDGE_CURVE('',#605,#604,#1431,.T.);
#1905=EDGE_CURVE('',#603,#605,#213,.T.);
#1906=EDGE_CURVE('',#604,#606,#214,.T.);
#1907=EDGE_CURVE('',#607,#606,#1432,.T.);
#1908=EDGE_CURVE('',#605,#607,#215,.T.);
#1909=EDGE_CURVE('',#606,#608,#216,.T.);
#1910=EDGE_CURVE('',#609,#608,#1433,.T.);
#1911=EDGE_CURVE('',#607,#609,#217,.T.);
#1912=EDGE_CURVE('',#608,#610,#218,.T.);
#1913=EDGE_CURVE('',#611,#610,#1434,.T.);
#1914=EDGE_CURVE('',#609,#611,#219,.T.);
#1915=EDGE_CURVE('',#610,#612,#220,.T.);
#1916=EDGE_CURVE('',#613,#612,#1435,.T.);
#1917=EDGE_CURVE('',#611,#613,#221,.T.);
#1918=EDGE_CURVE('',#612,#614,#222,.T.);
#1919=EDGE_CURVE('',#615,#614,#1436,.T.);
#1920=EDGE_CURVE('',#613,#615,#223,.T.);
#1921=EDGE_CURVE('',#614,#616,#224,.T.);
#1922=EDGE_CURVE('',#617,#616,#1437,.T.);
#1923=EDGE_CURVE('',#615,#617,#225,.T.);
#1924=EDGE_CURVE('',#616,#618,#1438,.T.);
#1925=EDGE_CURVE('',#619,#618,#1439,.T.);
#1926=EDGE_CURVE('',#617,#619,#1440,.T.);
#1927=EDGE_CURVE('',#618,#620,#226,.T.);
#1928=EDGE_CURVE('',#621,#620,#1441,.T.);
#1929=EDGE_CURVE('',#619,#621,#227,.T.);
#1930=EDGE_CURVE('',#620,#622,#228,.T.);
#1931=EDGE_CURVE('',#623,#622,#1442,.T.);
#1932=EDGE_CURVE('',#621,#623,#229,.T.);
#1933=EDGE_CURVE('',#622,#624,#230,.T.);
#1934=EDGE_CURVE('',#625,#624,#1443,.T.);
#1935=EDGE_CURVE('',#623,#625,#231,.T.);
#1936=EDGE_CURVE('',#624,#626,#232,.T.);
#1937=EDGE_CURVE('',#627,#626,#1444,.T.);
#1938=EDGE_CURVE('',#625,#627,#233,.T.);
#1939=EDGE_CURVE('',#626,#628,#234,.T.);
#1940=EDGE_CURVE('',#629,#628,#1445,.T.);
#1941=EDGE_CURVE('',#627,#629,#235,.T.);
#1942=EDGE_CURVE('',#628,#630,#236,.T.);
#1943=EDGE_CURVE('',#631,#630,#1446,.T.);
#1944=EDGE_CURVE('',#629,#631,#237,.T.);
#1945=EDGE_CURVE('',#630,#632,#238,.T.);
#1946=EDGE_CURVE('',#633,#632,#1447,.T.);
#1947=EDGE_CURVE('',#631,#633,#239,.T.);
#1948=EDGE_CURVE('',#632,#634,#240,.T.);
#1949=EDGE_CURVE('',#635,#634,#1448,.T.);
#1950=EDGE_CURVE('',#633,#635,#241,.T.);
#1951=EDGE_CURVE('',#634,#636,#242,.T.);
#1952=EDGE_CURVE('',#637,#636,#1449,.T.);
#1953=EDGE_CURVE('',#635,#637,#243,.T.);
#1954=EDGE_CURVE('',#636,#638,#244,.T.);
#1955=EDGE_CURVE('',#639,#638,#1450,.T.);
#1956=EDGE_CURVE('',#637,#639,#245,.T.);
#1957=EDGE_CURVE('',#638,#588,#246,.T.);
#1958=EDGE_CURVE('',#639,#591,#247,.T.);
#1959=EDGE_CURVE('',#640,#641,#1451,.T.);
#1960=EDGE_CURVE('',#642,#641,#1452,.T.);
#1961=EDGE_CURVE('',#643,#642,#1453,.T.);
#1962=EDGE_CURVE('',#643,#640,#1454,.T.);
#1963=EDGE_CURVE('',#641,#644,#1455,.T.);
#1964=EDGE_CURVE('',#645,#644,#1456,.T.);
#1965=EDGE_CURVE('',#642,#645,#1457,.T.);
#1966=EDGE_CURVE('',#644,#646,#1458,.T.);
#1967=EDGE_CURVE('',#647,#646,#1459,.T.);
#1968=EDGE_CURVE('',#645,#647,#1460,.T.);
#1969=EDGE_CURVE('',#646,#648,#248,.T.);
#1970=EDGE_CURVE('',#649,#648,#1461,.T.);
#1971=EDGE_CURVE('',#647,#649,#249,.T.);
#1972=EDGE_CURVE('',#648,#650,#250,.T.);
#1973=EDGE_CURVE('',#651,#650,#1462,.T.);
#1974=EDGE_CURVE('',#649,#651,#251,.T.);
#1975=EDGE_CURVE('',#650,#652,#252,.T.);
#1976=EDGE_CURVE('',#653,#652,#1463,.T.);
#1977=EDGE_CURVE('',#651,#653,#253,.T.);
#1978=EDGE_CURVE('',#652,#654,#1464,.T.);
#1979=EDGE_CURVE('',#655,#654,#1465,.T.);
#1980=EDGE_CURVE('',#653,#655,#1466,.T.);
#1981=EDGE_CURVE('',#654,#656,#1467,.T.);
#1982=EDGE_CURVE('',#657,#656,#1468,.T.);
#1983=EDGE_CURVE('',#655,#657,#1469,.T.);
#1984=EDGE_CURVE('',#656,#658,#1470,.T.);
#1985=EDGE_CURVE('',#659,#658,#1471,.T.);
#1986=EDGE_CURVE('',#657,#659,#1472,.T.);
#1987=EDGE_CURVE('',#658,#660,#1473,.T.);
#1988=EDGE_CURVE('',#661,#660,#1474,.T.);
#1989=EDGE_CURVE('',#659,#661,#1475,.T.);
#1990=EDGE_CURVE('',#660,#662,#1476,.T.);
#1991=EDGE_CURVE('',#663,#662,#1477,.T.);
#1992=EDGE_CURVE('',#661,#663,#1478,.T.);
#1993=EDGE_CURVE('',#662,#664,#254,.T.);
#1994=EDGE_CURVE('',#665,#664,#1479,.T.);
#1995=EDGE_CURVE('',#663,#665,#255,.T.);
#1996=EDGE_CURVE('',#664,#640,#256,.T.);
#1997=EDGE_CURVE('',#665,#643,#257,.T.);
#1998=EDGE_CURVE('',#666,#667,#258,.T.);
#1999=EDGE_CURVE('',#668,#667,#1480,.T.);
#2000=EDGE_CURVE('',#669,#668,#259,.T.);
#2001=EDGE_CURVE('',#669,#666,#1481,.T.);
#2002=EDGE_CURVE('',#667,#670,#260,.T.);
#2003=EDGE_CURVE('',#671,#670,#1482,.T.);
#2004=EDGE_CURVE('',#668,#671,#261,.T.);
#2005=EDGE_CURVE('',#670,#672,#262,.T.);
#2006=EDGE_CURVE('',#673,#672,#1483,.T.);
#2007=EDGE_CURVE('',#671,#673,#263,.T.);
#2008=EDGE_CURVE('',#672,#674,#264,.T.);
#2009=EDGE_CURVE('',#675,#674,#1484,.T.);
#2010=EDGE_CURVE('',#673,#675,#265,.T.);
#2011=EDGE_CURVE('',#674,#676,#266,.T.);
#2012=EDGE_CURVE('',#677,#676,#1485,.T.);
#2013=EDGE_CURVE('',#675,#677,#267,.T.);
#2014=EDGE_CURVE('',#676,#678,#1486,.T.);
#2015=EDGE_CURVE('',#679,#678,#1487,.T.);
#2016=EDGE_CURVE('',#677,#679,#1488,.T.);
#2017=EDGE_CURVE('',#678,#680,#268,.T.);
#2018=EDGE_CURVE('',#681,#680,#1489,.T.);
#2019=EDGE_CURVE('',#679,#681,#269,.T.);
#2020=EDGE_CURVE('',#680,#682,#270,.T.);
#2021=EDGE_CURVE('',#683,#682,#1490,.T.);
#2022=EDGE_CURVE('',#681,#683,#271,.T.);
#2023=EDGE_CURVE('',#682,#684,#272,.T.);
#2024=EDGE_CURVE('',#685,#684,#1491,.T.);
#2025=EDGE_CURVE('',#683,#685,#273,.T.);
#2026=EDGE_CURVE('',#684,#686,#274,.T.);
#2027=EDGE_CURVE('',#687,#686,#1492,.T.);
#2028=EDGE_CURVE('',#685,#687,#275,.T.);
#2029=EDGE_CURVE('',#686,#688,#276,.T.);
#2030=EDGE_CURVE('',#689,#688,#1493,.T.);
#2031=EDGE_CURVE('',#687,#689,#277,.T.);
#2032=EDGE_CURVE('',#688,#690,#278,.T.);
#2033=EDGE_CURVE('',#691,#690,#1494,.T.);
#2034=EDGE_CURVE('',#689,#691,#279,.T.);
#2035=EDGE_CURVE('',#690,#692,#280,.T.);
#2036=EDGE_CURVE('',#693,#692,#1495,.T.);
#2037=EDGE_CURVE('',#691,#693,#281,.T.);
#2038=EDGE_CURVE('',#692,#694,#282,.T.);
#2039=EDGE_CURVE('',#695,#694,#1496,.T.);
#2040=EDGE_CURVE('',#693,#695,#283,.T.);
#2041=EDGE_CURVE('',#694,#696,#1497,.T.);
#2042=EDGE_CURVE('',#697,#696,#1498,.T.);
#2043=EDGE_CURVE('',#695,#697,#1499,.T.);
#2044=EDGE_CURVE('',#696,#698,#284,.T.);
#2045=EDGE_CURVE('',#699,#698,#1500,.T.);
#2046=EDGE_CURVE('',#697,#699,#285,.T.);
#2047=EDGE_CURVE('',#698,#700,#286,.T.);
#2048=EDGE_CURVE('',#701,#700,#1501,.T.);
#2049=EDGE_CURVE('',#699,#701,#287,.T.);
#2050=EDGE_CURVE('',#700,#666,#288,.T.);
#2051=EDGE_CURVE('',#701,#669,#289,.T.);
#2052=EDGE_CURVE('',#702,#703,#290,.T.);
#2053=EDGE_CURVE('',#704,#703,#1502,.T.);
#2054=EDGE_CURVE('',#705,#704,#291,.T.);
#2055=EDGE_CURVE('',#705,#702,#1503,.T.);
#2056=EDGE_CURVE('',#703,#706,#292,.T.);
#2057=EDGE_CURVE('',#707,#706,#1504,.T.);
#2058=EDGE_CURVE('',#704,#707,#293,.T.);
#2059=EDGE_CURVE('',#706,#708,#294,.T.);
#2060=EDGE_CURVE('',#709,#708,#1505,.T.);
#2061=EDGE_CURVE('',#707,#709,#295,.T.);
#2062=EDGE_CURVE('',#708,#710,#1506,.T.);
#2063=EDGE_CURVE('',#711,#710,#1507,.T.);
#2064=EDGE_CURVE('',#709,#711,#1508,.T.);
#2065=EDGE_CURVE('',#710,#712,#296,.T.);
#2066=EDGE_CURVE('',#713,#712,#1509,.T.);
#2067=EDGE_CURVE('',#711,#713,#297,.T.);
#2068=EDGE_CURVE('',#712,#714,#298,.T.);
#2069=EDGE_CURVE('',#715,#714,#1510,.T.);
#2070=EDGE_CURVE('',#713,#715,#299,.T.);
#2071=EDGE_CURVE('',#714,#716,#300,.T.);
#2072=EDGE_CURVE('',#717,#716,#1511,.T.);
#2073=EDGE_CURVE('',#715,#717,#301,.T.);
#2074=EDGE_CURVE('',#716,#718,#302,.T.);
#2075=EDGE_CURVE('',#719,#718,#1512,.T.);
#2076=EDGE_CURVE('',#717,#719,#303,.T.);
#2077=EDGE_CURVE('',#718,#720,#1513,.T.);
#2078=EDGE_CURVE('',#721,#720,#1514,.T.);
#2079=EDGE_CURVE('',#719,#721,#1515,.T.);
#2080=EDGE_CURVE('',#720,#722,#304,.T.);
#2081=EDGE_CURVE('',#723,#722,#1516,.T.);
#2082=EDGE_CURVE('',#721,#723,#305,.T.);
#2083=EDGE_CURVE('',#722,#724,#306,.T.);
#2084=EDGE_CURVE('',#725,#724,#1517,.T.);
#2085=EDGE_CURVE('',#723,#725,#307,.T.);
#2086=EDGE_CURVE('',#724,#726,#308,.T.);
#2087=EDGE_CURVE('',#727,#726,#1518,.T.);
#2088=EDGE_CURVE('',#725,#727,#309,.T.);
#2089=EDGE_CURVE('',#726,#728,#1519,.T.);
#2090=EDGE_CURVE('',#729,#728,#1520,.T.);
#2091=EDGE_CURVE('',#727,#729,#1521,.T.);
#2092=EDGE_CURVE('',#728,#730,#1522,.T.);
#2093=EDGE_CURVE('',#731,#730,#1523,.T.);
#2094=EDGE_CURVE('',#729,#731,#1524,.T.);
#2095=EDGE_CURVE('',#730,#732,#1525,.T.);
#2096=EDGE_CURVE('',#733,#732,#1526,.T.);
#2097=EDGE_CURVE('',#731,#733,#1527,.T.);
#2098=EDGE_CURVE('',#732,#702,#310,.T.);
#2099=EDGE_CURVE('',#733,#705,#311,.T.);
#2100=EDGE_CURVE('',#734,#735,#312,.T.);
#2101=EDGE_CURVE('',#736,#735,#1528,.T.);
#2102=EDGE_CURVE('',#737,#736,#313,.T.);
#2103=EDGE_CURVE('',#737,#734,#1529,.T.);
#2104=EDGE_CURVE('',#735,#738,#314,.T.);
#2105=EDGE_CURVE('',#739,#738,#1530,.T.);
#2106=EDGE_CURVE('',#736,#739,#315,.T.);
#2107=EDGE_CURVE('',#738,#740,#316,.T.);
#2108=EDGE_CURVE('',#741,#740,#1531,.T.);
#2109=EDGE_CURVE('',#739,#741,#317,.T.);
#2110=EDGE_CURVE('',#740,#742,#318,.T.);
#2111=EDGE_CURVE('',#743,#742,#1532,.T.);
#2112=EDGE_CURVE('',#741,#743,#319,.T.);
#2113=EDGE_CURVE('',#742,#744,#320,.T.);
#2114=EDGE_CURVE('',#745,#744,#1533,.T.);
#2115=EDGE_CURVE('',#743,#745,#321,.T.);
#2116=EDGE_CURVE('',#744,#746,#1534,.T.);
#2117=EDGE_CURVE('',#747,#746,#1535,.T.);
#2118=EDGE_CURVE('',#745,#747,#1536,.T.);
#2119=EDGE_CURVE('',#746,#734,#1537,.T.);
#2120=EDGE_CURVE('',#747,#737,#1538,.T.);
#2121=EDGE_CURVE('',#748,#749,#322,.T.);
#2122=EDGE_CURVE('',#750,#749,#1539,.T.);
#2123=EDGE_CURVE('',#751,#750,#323,.T.);
#2124=EDGE_CURVE('',#751,#748,#1540,.T.);
#2125=EDGE_CURVE('',#749,#752,#1541,.T.);
#2126=EDGE_CURVE('',#753,#752,#1542,.T.);
#2127=EDGE_CURVE('',#750,#753,#1543,.T.);
#2128=EDGE_CURVE('',#752,#754,#1544,.T.);
#2129=EDGE_CURVE('',#755,#754,#1545,.T.);
#2130=EDGE_CURVE('',#753,#755,#1546,.T.);
#2131=EDGE_CURVE('',#754,#756,#1547,.T.);
#2132=EDGE_CURVE('',#757,#756,#1548,.T.);
#2133=EDGE_CURVE('',#755,#757,#1549,.T.);
#2134=EDGE_CURVE('',#756,#758,#1550,.T.);
#2135=EDGE_CURVE('',#759,#758,#1551,.T.);
#2136=EDGE_CURVE('',#757,#759,#1552,.T.);
#2137=EDGE_CURVE('',#758,#760,#1553,.T.);
#2138=EDGE_CURVE('',#761,#760,#1554,.T.);
#2139=EDGE_CURVE('',#759,#761,#1555,.T.);
#2140=EDGE_CURVE('',#760,#762,#324,.T.);
#2141=EDGE_CURVE('',#763,#762,#1556,.T.);
#2142=EDGE_CURVE('',#761,#763,#325,.T.);
#2143=EDGE_CURVE('',#762,#764,#326,.T.);
#2144=EDGE_CURVE('',#765,#764,#1557,.T.);
#2145=EDGE_CURVE('',#763,#765,#327,.T.);
#2146=EDGE_CURVE('',#764,#766,#1558,.T.);
#2147=EDGE_CURVE('',#767,#766,#1559,.T.);
#2148=EDGE_CURVE('',#765,#767,#1560,.T.);
#2149=EDGE_CURVE('',#766,#748,#328,.T.);
#2150=EDGE_CURVE('',#767,#751,#329,.T.);
#2151=EDGE_CURVE('',#768,#769,#330,.T.);
#2152=EDGE_CURVE('',#770,#769,#1561,.T.);
#2153=EDGE_CURVE('',#771,#770,#331,.T.);
#2154=EDGE_CURVE('',#771,#768,#1562,.T.);
#2155=EDGE_CURVE('',#769,#772,#332,.T.);
#2156=EDGE_CURVE('',#773,#772,#1563,.T.);
#2157=EDGE_CURVE('',#770,#773,#333,.T.);
#2158=EDGE_CURVE('',#772,#774,#334,.T.);
#2159=EDGE_CURVE('',#775,#774,#1564,.T.);
#2160=EDGE_CURVE('',#773,#775,#335,.T.);
#2161=EDGE_CURVE('',#774,#776,#336,.T.);
#2162=EDGE_CURVE('',#777,#776,#1565,.T.);
#2163=EDGE_CURVE('',#775,#777,#337,.T.);
#2164=EDGE_CURVE('',#776,#778,#1566,.T.);
#2165=EDGE_CURVE('',#779,#778,#1567,.T.);
#2166=EDGE_CURVE('',#777,#779,#1568,.T.);
#2167=EDGE_CURVE('',#778,#780,#1569,.T.);
#2168=EDGE_CURVE('',#781,#780,#1570,.T.);
#2169=EDGE_CURVE('',#779,#781,#1571,.T.);
#2170=EDGE_CURVE('',#780,#782,#338,.T.);
#2171=EDGE_CURVE('',#783,#782,#1572,.T.);
#2172=EDGE_CURVE('',#781,#783,#339,.T.);
#2173=EDGE_CURVE('',#782,#784,#340,.T.);
#2174=EDGE_CURVE('',#785,#784,#1573,.T.);
#2175=EDGE_CURVE('',#783,#785,#341,.T.);
#2176=EDGE_CURVE('',#784,#786,#342,.T.);
#2177=EDGE_CURVE('',#787,#786,#1574,.T.);
#2178=EDGE_CURVE('',#785,#787,#343,.T.);
#2179=EDGE_CURVE('',#786,#788,#344,.T.);
#2180=EDGE_CURVE('',#789,#788,#1575,.T.);
#2181=EDGE_CURVE('',#787,#789,#345,.T.);
#2182=EDGE_CURVE('',#788,#790,#1576,.T.);
#2183=EDGE_CURVE('',#791,#790,#1577,.T.);
#2184=EDGE_CURVE('',#789,#791,#1578,.T.);
#2185=EDGE_CURVE('',#790,#792,#346,.T.);
#2186=EDGE_CURVE('',#793,#792,#1579,.T.);
#2187=EDGE_CURVE('',#791,#793,#347,.T.);
#2188=EDGE_CURVE('',#792,#794,#348,.T.);
#2189=EDGE_CURVE('',#795,#794,#1580,.T.);
#2190=EDGE_CURVE('',#793,#795,#349,.T.);
#2191=EDGE_CURVE('',#794,#796,#350,.T.);
#2192=EDGE_CURVE('',#797,#796,#1581,.T.);
#2193=EDGE_CURVE('',#795,#797,#351,.T.);
#2194=EDGE_CURVE('',#796,#768,#352,.T.);
#2195=EDGE_CURVE('',#797,#771,#353,.T.);
#2196=EDGE_CURVE('',#798,#799,#354,.T.);
#2197=EDGE_CURVE('',#800,#799,#1582,.T.);
#2198=EDGE_CURVE('',#801,#800,#355,.T.);
#2199=EDGE_CURVE('',#801,#798,#1583,.T.);
#2200=EDGE_CURVE('',#799,#802,#356,.T.);
#2201=EDGE_CURVE('',#803,#802,#1584,.T.);
#2202=EDGE_CURVE('',#800,#803,#357,.T.);
#2203=EDGE_CURVE('',#802,#804,#1585,.T.);
#2204=EDGE_CURVE('',#805,#804,#1586,.T.);
#2205=EDGE_CURVE('',#803,#805,#1587,.T.);
#2206=EDGE_CURVE('',#804,#806,#358,.T.);
#2207=EDGE_CURVE('',#807,#806,#1588,.T.);
#2208=EDGE_CURVE('',#805,#807,#359,.T.);
#2209=EDGE_CURVE('',#806,#798,#360,.T.);
#2210=EDGE_CURVE('',#807,#801,#361,.T.);
#2211=EDGE_CURVE('',#808,#809,#1589,.T.);
#2212=EDGE_CURVE('',#810,#809,#1590,.T.);
#2213=EDGE_CURVE('',#811,#810,#1591,.T.);
#2214=EDGE_CURVE('',#811,#808,#1592,.T.);
#2215=EDGE_CURVE('',#809,#812,#1593,.T.);
#2216=EDGE_CURVE('',#813,#812,#1594,.T.);
#2217=EDGE_CURVE('',#810,#813,#1595,.T.);
#2218=EDGE_CURVE('',#812,#814,#1596,.T.);
#2219=EDGE_CURVE('',#815,#814,#1597,.T.);
#2220=EDGE_CURVE('',#813,#815,#1598,.T.);
#2221=EDGE_CURVE('',#814,#816,#1599,.T.);
#2222=EDGE_CURVE('',#817,#816,#1600,.T.);
#2223=EDGE_CURVE('',#815,#817,#1601,.T.);
#2224=EDGE_CURVE('',#816,#818,#1602,.T.);
#2225=EDGE_CURVE('',#819,#818,#1603,.T.);
#2226=EDGE_CURVE('',#817,#819,#1604,.T.);
#2227=EDGE_CURVE('',#818,#820,#1605,.T.);
#2228=EDGE_CURVE('',#821,#820,#1606,.T.);
#2229=EDGE_CURVE('',#819,#821,#1607,.T.);
#2230=EDGE_CURVE('',#820,#822,#1608,.T.);
#2231=EDGE_CURVE('',#823,#822,#1609,.T.);
#2232=EDGE_CURVE('',#821,#823,#1610,.T.);
#2233=EDGE_CURVE('',#822,#824,#1611,.T.);
#2234=EDGE_CURVE('',#825,#824,#1612,.T.);
#2235=EDGE_CURVE('',#823,#825,#1613,.T.);
#2236=EDGE_CURVE('',#824,#826,#1614,.T.);
#2237=EDGE_CURVE('',#827,#826,#1615,.T.);
#2238=EDGE_CURVE('',#825,#827,#1616,.T.);
#2239=EDGE_CURVE('',#826,#828,#1617,.T.);
#2240=EDGE_CURVE('',#829,#828,#1618,.T.);
#2241=EDGE_CURVE('',#827,#829,#1619,.T.);
#2242=EDGE_CURVE('',#828,#830,#1620,.T.);
#2243=EDGE_CURVE('',#831,#830,#1621,.T.);
#2244=EDGE_CURVE('',#829,#831,#1622,.T.);
#2245=EDGE_CURVE('',#830,#832,#1623,.T.);
#2246=EDGE_CURVE('',#833,#832,#1624,.T.);
#2247=EDGE_CURVE('',#831,#833,#1625,.T.);
#2248=EDGE_CURVE('',#832,#808,#1626,.T.);
#2249=EDGE_CURVE('',#833,#811,#1627,.T.);
#2250=EDGE_CURVE('',#834,#835,#1628,.T.);
#2251=EDGE_CURVE('',#835,#836,#1629,.T.);
#2252=EDGE_CURVE('',#836,#837,#1630,.T.);
#2253=EDGE_CURVE('',#834,#837,#1631,.T.);
#2254=EDGE_CURVE('',#835,#838,#1632,.T.);
#2255=EDGE_CURVE('',#838,#839,#1633,.T.);
#2256=EDGE_CURVE('',#839,#836,#1634,.T.);
#2257=EDGE_CURVE('',#838,#840,#1635,.T.);
#2258=EDGE_CURVE('',#840,#841,#1636,.T.);
#2259=EDGE_CURVE('',#841,#839,#1637,.T.);
#2260=EDGE_CURVE('',#840,#842,#1638,.T.);
#2261=EDGE_CURVE('',#842,#843,#1639,.T.);
#2262=EDGE_CURVE('',#843,#841,#1640,.T.);
#2263=EDGE_CURVE('',#842,#844,#1641,.T.);
#2264=EDGE_CURVE('',#844,#845,#1642,.T.);
#2265=EDGE_CURVE('',#845,#843,#1643,.T.);
#2266=EDGE_CURVE('',#844,#846,#1644,.T.);
#2267=EDGE_CURVE('',#846,#847,#1645,.T.);
#2268=EDGE_CURVE('',#847,#845,#1646,.T.);
#2269=EDGE_CURVE('',#846,#848,#1647,.T.);
#2270=EDGE_CURVE('',#848,#849,#1648,.T.);
#2271=EDGE_CURVE('',#849,#847,#1649,.T.);
#2272=EDGE_CURVE('',#848,#850,#1650,.T.);
#2273=EDGE_CURVE('',#850,#851,#1651,.T.);
#2274=EDGE_CURVE('',#851,#849,#1652,.T.);
#2275=EDGE_CURVE('',#850,#852,#1653,.T.);
#2276=EDGE_CURVE('',#852,#853,#1654,.T.);
#2277=EDGE_CURVE('',#853,#851,#1655,.T.);
#2278=EDGE_CURVE('',#852,#854,#1656,.T.);
#2279=EDGE_CURVE('',#854,#855,#1657,.T.);
#2280=EDGE_CURVE('',#855,#853,#1658,.T.);
#2281=EDGE_CURVE('',#854,#856,#1659,.T.);
#2282=EDGE_CURVE('',#856,#857,#1660,.T.);
#2283=EDGE_CURVE('',#857,#855,#1661,.T.);
#2284=EDGE_CURVE('',#856,#834,#1662,.T.);
#2285=EDGE_CURVE('',#837,#857,#1663,.T.);
#2286=EDGE_CURVE('',#858,#851,#1664,.T.);
#2287=EDGE_CURVE('',#859,#858,#1665,.T.);
#2288=EDGE_CURVE('',#859,#849,#1666,.T.);
#2289=EDGE_CURVE('',#860,#853,#1667,.T.);
#2290=EDGE_CURVE('',#858,#860,#1668,.T.);
#2291=EDGE_CURVE('',#861,#855,#1669,.T.);
#2292=EDGE_CURVE('',#860,#861,#1670,.T.);
#2293=EDGE_CURVE('',#862,#857,#1671,.T.);
#2294=EDGE_CURVE('',#861,#862,#1672,.T.);
#2295=EDGE_CURVE('',#863,#837,#1673,.T.);
#2296=EDGE_CURVE('',#862,#863,#1674,.T.);
#2297=EDGE_CURVE('',#864,#836,#1675,.T.);
#2298=EDGE_CURVE('',#863,#864,#1676,.T.);
#2299=EDGE_CURVE('',#865,#866,#1677,.T.);
#2300=EDGE_CURVE('',#866,#862,#1678,.T.);
#2301=EDGE_CURVE('',#865,#863,#1679,.T.);
#2302=EDGE_CURVE('',#867,#868,#1680,.T.);
#2303=EDGE_CURVE('',#868,#860,#1681,.T.);
#2304=EDGE_CURVE('',#861,#867,#1682,.T.);
#2305=EDGE_CURVE('',#868,#869,#1683,.T.);
#2306=EDGE_CURVE('',#869,#858,#1684,.T.);
#2307=EDGE_CURVE('',#869,#870,#1685,.T.);
#2308=EDGE_CURVE('',#870,#859,#1686,.T.);
#2309=EDGE_CURVE('',#870,#871,#1687,.T.);
#2310=EDGE_CURVE('',#871,#872,#1688,.T.);
#2311=EDGE_CURVE('',#872,#859,#1689,.T.);
#2312=EDGE_CURVE('',#871,#873,#1690,.T.);
#2313=EDGE_CURVE('',#873,#874,#1691,.T.);
#2314=EDGE_CURVE('',#874,#872,#1692,.T.);
#2315=EDGE_CURVE('',#873,#875,#1693,.T.);
#2316=EDGE_CURVE('',#875,#876,#1694,.T.);
#2317=EDGE_CURVE('',#876,#874,#1695,.T.);
#2318=EDGE_CURVE('',#875,#877,#1696,.T.);
#2319=EDGE_CURVE('',#877,#878,#1697,.T.);
#2320=EDGE_CURVE('',#878,#876,#1698,.T.);
#2321=EDGE_CURVE('',#877,#879,#1699,.T.);
#2322=EDGE_CURVE('',#879,#880,#1700,.T.);
#2323=EDGE_CURVE('',#880,#878,#1701,.T.);
#2324=EDGE_CURVE('',#866,#867,#1702,.T.);
#2325=EDGE_CURVE('',#879,#881,#1703,.T.);
#2326=EDGE_CURVE('',#881,#864,#1704,.T.);
#2327=EDGE_CURVE('',#864,#880,#1705,.T.);
#2328=EDGE_CURVE('',#881,#865,#1706,.T.);
#2329=EDGE_CURVE('',#878,#841,#1707,.T.);
#2330=EDGE_CURVE('',#880,#839,#1708,.T.);
#2331=EDGE_CURVE('',#882,#883,#120,.T.);
#2332=EDGE_CURVE('',#884,#883,#121,.T.);
#2333=EDGE_CURVE('',#884,#885,#122,.T.);
#2334=EDGE_CURVE('',#886,#885,#123,.T.);
#2335=EDGE_CURVE('',#887,#886,#124,.T.);
#2336=EDGE_CURVE('',#882,#887,#125,.T.);
#2337=EDGE_CURVE('',#885,#888,#362,.F.);
#2338=EDGE_CURVE('',#888,#889,#363,.T.);
#2339=EDGE_CURVE('',#889,#890,#126,.T.);
#2340=EDGE_CURVE('',#890,#886,#127,.T.);
#2341=EDGE_CURVE('',#891,#887,#128,.T.);
#2342=EDGE_CURVE('',#890,#891,#129,.T.);
#2343=EDGE_CURVE('',#882,#892,#364,.T.);
#2344=EDGE_CURVE('',#891,#893,#130,.T.);
#2345=EDGE_CURVE('',#893,#892,#365,.T.);
#2346=EDGE_CURVE('',#893,#894,#1709,.T.);
#2347=EDGE_CURVE('',#894,#895,#131,.T.);
#2348=EDGE_CURVE('',#896,#895,#1710,.T.);
#2349=EDGE_CURVE('',#892,#896,#366,.F.);
#2350=EDGE_CURVE('',#891,#897,#1711,.T.);
#2351=EDGE_CURVE('',#897,#894,#132,.T.);
#2352=EDGE_CURVE('',#890,#898,#1712,.T.);
#2353=EDGE_CURVE('',#898,#897,#133,.T.);
#2354=EDGE_CURVE('',#889,#899,#1713,.T.);
#2355=EDGE_CURVE('',#899,#898,#134,.T.);
#2356=EDGE_CURVE('',#900,#888,#367,.F.);
#2357=EDGE_CURVE('',#900,#901,#1714,.T.);
#2358=EDGE_CURVE('',#901,#899,#135,.T.);
#2359=EDGE_CURVE('',#902,#903,#136,.T.);
#2360=EDGE_CURVE('',#903,#884,#368,.F.);
#2361=EDGE_CURVE('',#884,#902,#369,.T.);
#2362=EDGE_CURVE('',#903,#900,#137,.T.);
#2363=EDGE_CURVE('',#904,#905,#138,.T.);
#2364=EDGE_CURVE('',#905,#883,#370,.F.);
#2365=EDGE_CURVE('',#883,#904,#371,.T.);
#2366=EDGE_CURVE('',#905,#902,#139,.T.);
#2367=EDGE_CURVE('',#896,#904,#140,.T.);
#2368=EDGE_CURVE('',#903,#906,#1715,.T.);
#2369=EDGE_CURVE('',#906,#901,#141,.T.);
#2370=EDGE_CURVE('',#902,#907,#1716,.T.);
#2371=EDGE_CURVE('',#907,#906,#142,.T.);
#2372=EDGE_CURVE('',#905,#908,#1717,.T.);
#2373=EDGE_CURVE('',#908,#907,#143,.T.);
#2374=EDGE_CURVE('',#904,#909,#1718,.T.);
#2375=EDGE_CURVE('',#909,#908,#144,.T.);
#2376=EDGE_CURVE('',#895,#909,#145,.T.);
#2377=EDGE_CURVE('',#872,#847,#1719,.T.);
#2378=EDGE_CURVE('',#874,#845,#1720,.T.);
#2379=EDGE_CURVE('',#876,#843,#1721,.T.);
#2380=ORIENTED_EDGE('',*,*,#1722,.T.);
#2381=ORIENTED_EDGE('',*,*,#1723,.F.);
#2382=ORIENTED_EDGE('',*,*,#1724,.F.);
#2383=ORIENTED_EDGE('',*,*,#1725,.T.);
#2384=ORIENTED_EDGE('',*,*,#1726,.T.);
#2385=ORIENTED_EDGE('',*,*,#1727,.F.);
#2386=ORIENTED_EDGE('',*,*,#1728,.F.);
#2387=ORIENTED_EDGE('',*,*,#1723,.T.);
#2388=ORIENTED_EDGE('',*,*,#1729,.T.);
#2389=ORIENTED_EDGE('',*,*,#1730,.F.);
#2390=ORIENTED_EDGE('',*,*,#1731,.F.);
#2391=ORIENTED_EDGE('',*,*,#1727,.T.);
#2392=ORIENTED_EDGE('',*,*,#1732,.T.);
#2393=ORIENTED_EDGE('',*,*,#1725,.F.);
#2394=ORIENTED_EDGE('',*,*,#1733,.F.);
#2395=ORIENTED_EDGE('',*,*,#1730,.T.);
#2396=ORIENTED_EDGE('',*,*,#1722,.F.);
#2397=ORIENTED_EDGE('',*,*,#1732,.F.);
#2398=ORIENTED_EDGE('',*,*,#1729,.F.);
#2399=ORIENTED_EDGE('',*,*,#1726,.F.);
#2400=ORIENTED_EDGE('',*,*,#1734,.T.);
#2401=ORIENTED_EDGE('',*,*,#1735,.F.);
#2402=ORIENTED_EDGE('',*,*,#1736,.F.);
#2403=ORIENTED_EDGE('',*,*,#1737,.T.);
#2404=ORIENTED_EDGE('',*,*,#1738,.T.);
#2405=ORIENTED_EDGE('',*,*,#1739,.F.);
#2406=ORIENTED_EDGE('',*,*,#1740,.F.);
#2407=ORIENTED_EDGE('',*,*,#1735,.T.);
#2408=ORIENTED_EDGE('',*,*,#1741,.T.);
#2409=ORIENTED_EDGE('',*,*,#1742,.F.);
#2410=ORIENTED_EDGE('',*,*,#1743,.F.);
#2411=ORIENTED_EDGE('',*,*,#1739,.T.);
#2412=ORIENTED_EDGE('',*,*,#1744,.T.);
#2413=ORIENTED_EDGE('',*,*,#1737,.F.);
#2414=ORIENTED_EDGE('',*,*,#1745,.F.);
#2415=ORIENTED_EDGE('',*,*,#1742,.T.);
#2416=ORIENTED_EDGE('',*,*,#1734,.F.);
#2417=ORIENTED_EDGE('',*,*,#1744,.F.);
#2418=ORIENTED_EDGE('',*,*,#1741,.F.);
#2419=ORIENTED_EDGE('',*,*,#1738,.F.);
#2420=ORIENTED_EDGE('',*,*,#1746,.T.);
#2421=ORIENTED_EDGE('',*,*,#1747,.F.);
#2422=ORIENTED_EDGE('',*,*,#1748,.F.);
#2423=ORIENTED_EDGE('',*,*,#1749,.T.);
#2424=ORIENTED_EDGE('',*,*,#1750,.T.);
#2425=ORIENTED_EDGE('',*,*,#1751,.F.);
#2426=ORIENTED_EDGE('',*,*,#1752,.F.);
#2427=ORIENTED_EDGE('',*,*,#1747,.T.);
#2428=ORIENTED_EDGE('',*,*,#1753,.T.);
#2429=ORIENTED_EDGE('',*,*,#1754,.F.);
#2430=ORIENTED_EDGE('',*,*,#1755,.F.);
#2431=ORIENTED_EDGE('',*,*,#1751,.T.);
#2432=ORIENTED_EDGE('',*,*,#1756,.T.);
#2433=ORIENTED_EDGE('',*,*,#1757,.F.);
#2434=ORIENTED_EDGE('',*,*,#1758,.F.);
#2435=ORIENTED_EDGE('',*,*,#1754,.T.);
#2436=ORIENTED_EDGE('',*,*,#1759,.T.);
#2437=ORIENTED_EDGE('',*,*,#1760,.F.);
#2438=ORIENTED_EDGE('',*,*,#1761,.F.);
#2439=ORIENTED_EDGE('',*,*,#1757,.T.);
#2440=ORIENTED_EDGE('',*,*,#1762,.T.);
#2441=ORIENTED_EDGE('',*,*,#1763,.F.);
#2442=ORIENTED_EDGE('',*,*,#1764,.F.);
#2443=ORIENTED_EDGE('',*,*,#1760,.T.);
#2444=ORIENTED_EDGE('',*,*,#1765,.T.);
#2445=ORIENTED_EDGE('',*,*,#1766,.F.);
#2446=ORIENTED_EDGE('',*,*,#1767,.F.);
#2447=ORIENTED_EDGE('',*,*,#1763,.T.);
#2448=ORIENTED_EDGE('',*,*,#1768,.T.);
#2449=ORIENTED_EDGE('',*,*,#1769,.F.);
#2450=ORIENTED_EDGE('',*,*,#1770,.F.);
#2451=ORIENTED_EDGE('',*,*,#1766,.T.);
#2452=ORIENTED_EDGE('',*,*,#1771,.T.);
#2453=ORIENTED_EDGE('',*,*,#1772,.F.);
#2454=ORIENTED_EDGE('',*,*,#1773,.F.);
#2455=ORIENTED_EDGE('',*,*,#1769,.T.);
#2456=ORIENTED_EDGE('',*,*,#1774,.T.);
#2457=ORIENTED_EDGE('',*,*,#1775,.F.);
#2458=ORIENTED_EDGE('',*,*,#1776,.F.);
#2459=ORIENTED_EDGE('',*,*,#1772,.T.);
#2460=ORIENTED_EDGE('',*,*,#1777,.T.);
#2461=ORIENTED_EDGE('',*,*,#1778,.F.);
#2462=ORIENTED_EDGE('',*,*,#1779,.F.);
#2463=ORIENTED_EDGE('',*,*,#1775,.T.);
#2464=ORIENTED_EDGE('',*,*,#1780,.T.);
#2465=ORIENTED_EDGE('',*,*,#1781,.F.);
#2466=ORIENTED_EDGE('',*,*,#1782,.F.);
#2467=ORIENTED_EDGE('',*,*,#1778,.T.);
#2468=ORIENTED_EDGE('',*,*,#1783,.T.);
#2469=ORIENTED_EDGE('',*,*,#1784,.F.);
#2470=ORIENTED_EDGE('',*,*,#1785,.F.);
#2471=ORIENTED_EDGE('',*,*,#1781,.T.);
#2472=ORIENTED_EDGE('',*,*,#1786,.T.);
#2473=ORIENTED_EDGE('',*,*,#1787,.F.);
#2474=ORIENTED_EDGE('',*,*,#1788,.F.);
#2475=ORIENTED_EDGE('',*,*,#1784,.T.);
#2476=ORIENTED_EDGE('',*,*,#1789,.T.);
#2477=ORIENTED_EDGE('',*,*,#1790,.F.);
#2478=ORIENTED_EDGE('',*,*,#1791,.F.);
#2479=ORIENTED_EDGE('',*,*,#1787,.T.);
#2480=ORIENTED_EDGE('',*,*,#1792,.T.);
#2481=ORIENTED_EDGE('',*,*,#1749,.F.);
#2482=ORIENTED_EDGE('',*,*,#1793,.F.);
#2483=ORIENTED_EDGE('',*,*,#1790,.T.);
#2484=ORIENTED_EDGE('',*,*,#1794,.T.);
#2485=ORIENTED_EDGE('',*,*,#1795,.F.);
#2486=ORIENTED_EDGE('',*,*,#1796,.F.);
#2487=ORIENTED_EDGE('',*,*,#1797,.T.);
#2488=ORIENTED_EDGE('',*,*,#1798,.T.);
#2489=ORIENTED_EDGE('',*,*,#1799,.F.);
#2490=ORIENTED_EDGE('',*,*,#1800,.F.);
#2491=ORIENTED_EDGE('',*,*,#1795,.T.);
#2492=ORIENTED_EDGE('',*,*,#1801,.T.);
#2493=ORIENTED_EDGE('',*,*,#1802,.F.);
#2494=ORIENTED_EDGE('',*,*,#1803,.F.);
#2495=ORIENTED_EDGE('',*,*,#1799,.T.);
#2496=ORIENTED_EDGE('',*,*,#1804,.T.);
#2497=ORIENTED_EDGE('',*,*,#1805,.F.);
#2498=ORIENTED_EDGE('',*,*,#1806,.F.);
#2499=ORIENTED_EDGE('',*,*,#1802,.T.);
#2500=ORIENTED_EDGE('',*,*,#1807,.T.);
#2501=ORIENTED_EDGE('',*,*,#1808,.F.);
#2502=ORIENTED_EDGE('',*,*,#1809,.F.);
#2503=ORIENTED_EDGE('',*,*,#1805,.T.);
#2504=ORIENTED_EDGE('',*,*,#1810,.T.);
#2505=ORIENTED_EDGE('',*,*,#1811,.F.);
#2506=ORIENTED_EDGE('',*,*,#1812,.F.);
#2507=ORIENTED_EDGE('',*,*,#1808,.T.);
#2508=ORIENTED_EDGE('',*,*,#1813,.T.);
#2509=ORIENTED_EDGE('',*,*,#1797,.F.);
#2510=ORIENTED_EDGE('',*,*,#1814,.F.);
#2511=ORIENTED_EDGE('',*,*,#1811,.T.);
#2512=ORIENTED_EDGE('',*,*,#1794,.F.);
#2513=ORIENTED_EDGE('',*,*,#1813,.F.);
#2514=ORIENTED_EDGE('',*,*,#1810,.F.);
#2515=ORIENTED_EDGE('',*,*,#1807,.F.);
#2516=ORIENTED_EDGE('',*,*,#1804,.F.);
#2517=ORIENTED_EDGE('',*,*,#1801,.F.);
#2518=ORIENTED_EDGE('',*,*,#1798,.F.);
#2519=ORIENTED_EDGE('',*,*,#1746,.F.);
#2520=ORIENTED_EDGE('',*,*,#1792,.F.);
#2521=ORIENTED_EDGE('',*,*,#1789,.F.);
#2522=ORIENTED_EDGE('',*,*,#1786,.F.);
#2523=ORIENTED_EDGE('',*,*,#1783,.F.);
#2524=ORIENTED_EDGE('',*,*,#1780,.F.);
#2525=ORIENTED_EDGE('',*,*,#1777,.F.);
#2526=ORIENTED_EDGE('',*,*,#1774,.F.);
#2527=ORIENTED_EDGE('',*,*,#1771,.F.);
#2528=ORIENTED_EDGE('',*,*,#1768,.F.);
#2529=ORIENTED_EDGE('',*,*,#1765,.F.);
#2530=ORIENTED_EDGE('',*,*,#1762,.F.);
#2531=ORIENTED_EDGE('',*,*,#1759,.F.);
#2532=ORIENTED_EDGE('',*,*,#1756,.F.);
#2533=ORIENTED_EDGE('',*,*,#1753,.F.);
#2534=ORIENTED_EDGE('',*,*,#1750,.F.);
#2535=ORIENTED_EDGE('',*,*,#1796,.T.);
#2536=ORIENTED_EDGE('',*,*,#1800,.T.);
#2537=ORIENTED_EDGE('',*,*,#1803,.T.);
#2538=ORIENTED_EDGE('',*,*,#1806,.T.);
#2539=ORIENTED_EDGE('',*,*,#1809,.T.);
#2540=ORIENTED_EDGE('',*,*,#1812,.T.);
#2541=ORIENTED_EDGE('',*,*,#1814,.T.);
#2542=ORIENTED_EDGE('',*,*,#1815,.T.);
#2543=ORIENTED_EDGE('',*,*,#1816,.F.);
#2544=ORIENTED_EDGE('',*,*,#1817,.F.);
#2545=ORIENTED_EDGE('',*,*,#1818,.T.);
#2546=ORIENTED_EDGE('',*,*,#1819,.T.);
#2547=ORIENTED_EDGE('',*,*,#1820,.F.);
#2548=ORIENTED_EDGE('',*,*,#1821,.F.);
#2549=ORIENTED_EDGE('',*,*,#1816,.T.);
#2550=ORIENTED_EDGE('',*,*,#1822,.T.);
#2551=ORIENTED_EDGE('',*,*,#1823,.F.);
#2552=ORIENTED_EDGE('',*,*,#1824,.F.);
#2553=ORIENTED_EDGE('',*,*,#1820,.T.);
#2554=ORIENTED_EDGE('',*,*,#1825,.T.);
#2555=ORIENTED_EDGE('',*,*,#1826,.F.);
#2556=ORIENTED_EDGE('',*,*,#1827,.F.);
#2557=ORIENTED_EDGE('',*,*,#1823,.T.);
#2558=ORIENTED_EDGE('',*,*,#1828,.T.);
#2559=ORIENTED_EDGE('',*,*,#1829,.F.);
#2560=ORIENTED_EDGE('',*,*,#1830,.F.);
#2561=ORIENTED_EDGE('',*,*,#1826,.T.);
#2562=ORIENTED_EDGE('',*,*,#1831,.T.);
#2563=ORIENTED_EDGE('',*,*,#1832,.F.);
#2564=ORIENTED_EDGE('',*,*,#1833,.F.);
#2565=ORIENTED_EDGE('',*,*,#1829,.T.);
#2566=ORIENTED_EDGE('',*,*,#1834,.T.);
#2567=ORIENTED_EDGE('',*,*,#1835,.F.);
#2568=ORIENTED_EDGE('',*,*,#1836,.F.);
#2569=ORIENTED_EDGE('',*,*,#1832,.T.);
#2570=ORIENTED_EDGE('',*,*,#1837,.T.);
#2571=ORIENTED_EDGE('',*,*,#1838,.F.);
#2572=ORIENTED_EDGE('',*,*,#1839,.F.);
#2573=ORIENTED_EDGE('',*,*,#1835,.T.);
#2574=ORIENTED_EDGE('',*,*,#1840,.T.);
#2575=ORIENTED_EDGE('',*,*,#1841,.F.);
#2576=ORIENTED_EDGE('',*,*,#1842,.F.);
#2577=ORIENTED_EDGE('',*,*,#1838,.T.);
#2578=ORIENTED_EDGE('',*,*,#1843,.T.);
#2579=ORIENTED_EDGE('',*,*,#1844,.F.);
#2580=ORIENTED_EDGE('',*,*,#1845,.F.);
#2581=ORIENTED_EDGE('',*,*,#1841,.T.);
#2582=ORIENTED_EDGE('',*,*,#1846,.T.);
#2583=ORIENTED_EDGE('',*,*,#1847,.F.);
#2584=ORIENTED_EDGE('',*,*,#1848,.F.);
#2585=ORIENTED_EDGE('',*,*,#1844,.T.);
#2586=ORIENTED_EDGE('',*,*,#1849,.T.);
#2587=ORIENTED_EDGE('',*,*,#1850,.F.);
#2588=ORIENTED_EDGE('',*,*,#1851,.F.);
#2589=ORIENTED_EDGE('',*,*,#1847,.T.);
#2590=ORIENTED_EDGE('',*,*,#1852,.T.);
#2591=ORIENTED_EDGE('',*,*,#1853,.F.);
#2592=ORIENTED_EDGE('',*,*,#1854,.F.);
#2593=ORIENTED_EDGE('',*,*,#1850,.T.);
#2594=ORIENTED_EDGE('',*,*,#1855,.T.);
#2595=ORIENTED_EDGE('',*,*,#1856,.F.);
#2596=ORIENTED_EDGE('',*,*,#1857,.F.);
#2597=ORIENTED_EDGE('',*,*,#1853,.T.);
#2598=ORIENTED_EDGE('',*,*,#1858,.T.);
#2599=ORIENTED_EDGE('',*,*,#1859,.F.);
#2600=ORIENTED_EDGE('',*,*,#1860,.F.);
#2601=ORIENTED_EDGE('',*,*,#1856,.T.);
#2602=ORIENTED_EDGE('',*,*,#1861,.T.);
#2603=ORIENTED_EDGE('',*,*,#1862,.F.);
#2604=ORIENTED_EDGE('',*,*,#1863,.F.);
#2605=ORIENTED_EDGE('',*,*,#1859,.T.);
#2606=ORIENTED_EDGE('',*,*,#1864,.T.);
#2607=ORIENTED_EDGE('',*,*,#1865,.F.);
#2608=ORIENTED_EDGE('',*,*,#1866,.F.);
#2609=ORIENTED_EDGE('',*,*,#1862,.T.);
#2610=ORIENTED_EDGE('',*,*,#1867,.T.);
#2611=ORIENTED_EDGE('',*,*,#1868,.F.);
#2612=ORIENTED_EDGE('',*,*,#1869,.F.);
#2613=ORIENTED_EDGE('',*,*,#1865,.T.);
#2614=ORIENTED_EDGE('',*,*,#1870,.T.);
#2615=ORIENTED_EDGE('',*,*,#1871,.F.);
#2616=ORIENTED_EDGE('',*,*,#1872,.F.);
#2617=ORIENTED_EDGE('',*,*,#1868,.T.);
#2618=ORIENTED_EDGE('',*,*,#1873,.T.);
#2619=ORIENTED_EDGE('',*,*,#1874,.F.);
#2620=ORIENTED_EDGE('',*,*,#1875,.F.);
#2621=ORIENTED_EDGE('',*,*,#1871,.T.);
#2622=ORIENTED_EDGE('',*,*,#1876,.T.);
#2623=ORIENTED_EDGE('',*,*,#1877,.F.);
#2624=ORIENTED_EDGE('',*,*,#1878,.F.);
#2625=ORIENTED_EDGE('',*,*,#1874,.T.);
#2626=ORIENTED_EDGE('',*,*,#1879,.T.);
#2627=ORIENTED_EDGE('',*,*,#1818,.F.);
#2628=ORIENTED_EDGE('',*,*,#1880,.F.);
#2629=ORIENTED_EDGE('',*,*,#1877,.T.);
#2630=ORIENTED_EDGE('',*,*,#1815,.F.);
#2631=ORIENTED_EDGE('',*,*,#1879,.F.);
#2632=ORIENTED_EDGE('',*,*,#1876,.F.);
#2633=ORIENTED_EDGE('',*,*,#1873,.F.);
#2634=ORIENTED_EDGE('',*,*,#1870,.F.);
#2635=ORIENTED_EDGE('',*,*,#1867,.F.);
#2636=ORIENTED_EDGE('',*,*,#1864,.F.);
#2637=ORIENTED_EDGE('',*,*,#1861,.F.);
#2638=ORIENTED_EDGE('',*,*,#1858,.F.);
#2639=ORIENTED_EDGE('',*,*,#1855,.F.);
#2640=ORIENTED_EDGE('',*,*,#1852,.F.);
#2641=ORIENTED_EDGE('',*,*,#1849,.F.);
#2642=ORIENTED_EDGE('',*,*,#1846,.F.);
#2643=ORIENTED_EDGE('',*,*,#1843,.F.);
#2644=ORIENTED_EDGE('',*,*,#1840,.F.);
#2645=ORIENTED_EDGE('',*,*,#1837,.F.);
#2646=ORIENTED_EDGE('',*,*,#1834,.F.);
#2647=ORIENTED_EDGE('',*,*,#1831,.F.);
#2648=ORIENTED_EDGE('',*,*,#1828,.F.);
#2649=ORIENTED_EDGE('',*,*,#1825,.F.);
#2650=ORIENTED_EDGE('',*,*,#1822,.F.);
#2651=ORIENTED_EDGE('',*,*,#1819,.F.);
#2652=ORIENTED_EDGE('',*,*,#1881,.T.);
#2653=ORIENTED_EDGE('',*,*,#1882,.F.);
#2654=ORIENTED_EDGE('',*,*,#1883,.F.);
#2655=ORIENTED_EDGE('',*,*,#1884,.T.);
#2656=ORIENTED_EDGE('',*,*,#1885,.T.);
#2657=ORIENTED_EDGE('',*,*,#1886,.F.);
#2658=ORIENTED_EDGE('',*,*,#1887,.F.);
#2659=ORIENTED_EDGE('',*,*,#1882,.T.);
#2660=ORIENTED_EDGE('',*,*,#1888,.T.);
#2661=ORIENTED_EDGE('',*,*,#1889,.F.);
#2662=ORIENTED_EDGE('',*,*,#1890,.F.);
#2663=ORIENTED_EDGE('',*,*,#1886,.T.);
#2664=ORIENTED_EDGE('',*,*,#1891,.T.);
#2665=ORIENTED_EDGE('',*,*,#1892,.F.);
#2666=ORIENTED_EDGE('',*,*,#1893,.F.);
#2667=ORIENTED_EDGE('',*,*,#1889,.T.);
#2668=ORIENTED_EDGE('',*,*,#1894,.T.);
#2669=ORIENTED_EDGE('',*,*,#1895,.F.);
#2670=ORIENTED_EDGE('',*,*,#1896,.F.);
#2671=ORIENTED_EDGE('',*,*,#1892,.T.);
#2672=ORIENTED_EDGE('',*,*,#1897,.T.);
#2673=ORIENTED_EDGE('',*,*,#1898,.F.);
#2674=ORIENTED_EDGE('',*,*,#1899,.F.);
#2675=ORIENTED_EDGE('',*,*,#1895,.T.);
#2676=ORIENTED_EDGE('',*,*,#1900,.T.);
#2677=ORIENTED_EDGE('',*,*,#1901,.F.);
#2678=ORIENTED_EDGE('',*,*,#1902,.F.);
#2679=ORIENTED_EDGE('',*,*,#1898,.T.);
#2680=ORIENTED_EDGE('',*,*,#1903,.T.);
#2681=ORIENTED_EDGE('',*,*,#1904,.F.);
#2682=ORIENTED_EDGE('',*,*,#1905,.F.);
#2683=ORIENTED_EDGE('',*,*,#1901,.T.);
#2684=ORIENTED_EDGE('',*,*,#1906,.T.);
#2685=ORIENTED_EDGE('',*,*,#1907,.F.);
#2686=ORIENTED_EDGE('',*,*,#1908,.F.);
#2687=ORIENTED_EDGE('',*,*,#1904,.T.);
#2688=ORIENTED_EDGE('',*,*,#1909,.T.);
#2689=ORIENTED_EDGE('',*,*,#1910,.F.);
#2690=ORIENTED_EDGE('',*,*,#1911,.F.);
#2691=ORIENTED_EDGE('',*,*,#1907,.T.);
#2692=ORIENTED_EDGE('',*,*,#1912,.T.);
#2693=ORIENTED_EDGE('',*,*,#1913,.F.);
#2694=ORIENTED_EDGE('',*,*,#1914,.F.);
#2695=ORIENTED_EDGE('',*,*,#1910,.T.);
#2696=ORIENTED_EDGE('',*,*,#1915,.T.);
#2697=ORIENTED_EDGE('',*,*,#1916,.F.);
#2698=ORIENTED_EDGE('',*,*,#1917,.F.);
#2699=ORIENTED_EDGE('',*,*,#1913,.T.);
#2700=ORIENTED_EDGE('',*,*,#1918,.T.);
#2701=ORIENTED_EDGE('',*,*,#1919,.F.);
#2702=ORIENTED_EDGE('',*,*,#1920,.F.);
#2703=ORIENTED_EDGE('',*,*,#1916,.T.);
#2704=ORIENTED_EDGE('',*,*,#1921,.T.);
#2705=ORIENTED_EDGE('',*,*,#1922,.F.);
#2706=ORIENTED_EDGE('',*,*,#1923,.F.);
#2707=ORIENTED_EDGE('',*,*,#1919,.T.);
#2708=ORIENTED_EDGE('',*,*,#1924,.T.);
#2709=ORIENTED_EDGE('',*,*,#1925,.F.);
#2710=ORIENTED_EDGE('',*,*,#1926,.F.);
#2711=ORIENTED_EDGE('',*,*,#1922,.T.);
#2712=ORIENTED_EDGE('',*,*,#1927,.T.);
#2713=ORIENTED_EDGE('',*,*,#1928,.F.);
#2714=ORIENTED_EDGE('',*,*,#1929,.F.);
#2715=ORIENTED_EDGE('',*,*,#1925,.T.);
#2716=ORIENTED_EDGE('',*,*,#1930,.T.);
#2717=ORIENTED_EDGE('',*,*,#1931,.F.);
#2718=ORIENTED_EDGE('',*,*,#1932,.F.);
#2719=ORIENTED_EDGE('',*,*,#1928,.T.);
#2720=ORIENTED_EDGE('',*,*,#1933,.T.);
#2721=ORIENTED_EDGE('',*,*,#1934,.F.);
#2722=ORIENTED_EDGE('',*,*,#1935,.F.);
#2723=ORIENTED_EDGE('',*,*,#1931,.T.);
#2724=ORIENTED_EDGE('',*,*,#1936,.T.);
#2725=ORIENTED_EDGE('',*,*,#1937,.F.);
#2726=ORIENTED_EDGE('',*,*,#1938,.F.);
#2727=ORIENTED_EDGE('',*,*,#1934,.T.);
#2728=ORIENTED_EDGE('',*,*,#1939,.T.);
#2729=ORIENTED_EDGE('',*,*,#1940,.F.);
#2730=ORIENTED_EDGE('',*,*,#1941,.F.);
#2731=ORIENTED_EDGE('',*,*,#1937,.T.);
#2732=ORIENTED_EDGE('',*,*,#1942,.T.);
#2733=ORIENTED_EDGE('',*,*,#1943,.F.);
#2734=ORIENTED_EDGE('',*,*,#1944,.F.);
#2735=ORIENTED_EDGE('',*,*,#1940,.T.);
#2736=ORIENTED_EDGE('',*,*,#1945,.T.);
#2737=ORIENTED_EDGE('',*,*,#1946,.F.);
#2738=ORIENTED_EDGE('',*,*,#1947,.F.);
#2739=ORIENTED_EDGE('',*,*,#1943,.T.);
#2740=ORIENTED_EDGE('',*,*,#1948,.T.);
#2741=ORIENTED_EDGE('',*,*,#1949,.F.);
#2742=ORIENTED_EDGE('',*,*,#1950,.F.);
#2743=ORIENTED_EDGE('',*,*,#1946,.T.);
#2744=ORIENTED_EDGE('',*,*,#1951,.T.);
#2745=ORIENTED_EDGE('',*,*,#1952,.F.);
#2746=ORIENTED_EDGE('',*,*,#1953,.F.);
#2747=ORIENTED_EDGE('',*,*,#1949,.T.);
#2748=ORIENTED_EDGE('',*,*,#1954,.T.);
#2749=ORIENTED_EDGE('',*,*,#1955,.F.);
#2750=ORIENTED_EDGE('',*,*,#1956,.F.);
#2751=ORIENTED_EDGE('',*,*,#1952,.T.);
#2752=ORIENTED_EDGE('',*,*,#1957,.T.);
#2753=ORIENTED_EDGE('',*,*,#1884,.F.);
#2754=ORIENTED_EDGE('',*,*,#1958,.F.);
#2755=ORIENTED_EDGE('',*,*,#1955,.T.);
#2756=ORIENTED_EDGE('',*,*,#1881,.F.);
#2757=ORIENTED_EDGE('',*,*,#1957,.F.);
#2758=ORIENTED_EDGE('',*,*,#1954,.F.);
#2759=ORIENTED_EDGE('',*,*,#1951,.F.);
#2760=ORIENTED_EDGE('',*,*,#1948,.F.);
#2761=ORIENTED_EDGE('',*,*,#1945,.F.);
#2762=ORIENTED_EDGE('',*,*,#1942,.F.);
#2763=ORIENTED_EDGE('',*,*,#1939,.F.);
#2764=ORIENTED_EDGE('',*,*,#1936,.F.);
#2765=ORIENTED_EDGE('',*,*,#1933,.F.);
#2766=ORIENTED_EDGE('',*,*,#1930,.F.);
#2767=ORIENTED_EDGE('',*,*,#1927,.F.);
#2768=ORIENTED_EDGE('',*,*,#1924,.F.);
#2769=ORIENTED_EDGE('',*,*,#1921,.F.);
#2770=ORIENTED_EDGE('',*,*,#1918,.F.);
#2771=ORIENTED_EDGE('',*,*,#1915,.F.);
#2772=ORIENTED_EDGE('',*,*,#1912,.F.);
#2773=ORIENTED_EDGE('',*,*,#1909,.F.);
#2774=ORIENTED_EDGE('',*,*,#1906,.F.);
#2775=ORIENTED_EDGE('',*,*,#1903,.F.);
#2776=ORIENTED_EDGE('',*,*,#1900,.F.);
#2777=ORIENTED_EDGE('',*,*,#1897,.F.);
#2778=ORIENTED_EDGE('',*,*,#1894,.F.);
#2779=ORIENTED_EDGE('',*,*,#1891,.F.);
#2780=ORIENTED_EDGE('',*,*,#1888,.F.);
#2781=ORIENTED_EDGE('',*,*,#1885,.F.);
#2782=ORIENTED_EDGE('',*,*,#1959,.T.);
#2783=ORIENTED_EDGE('',*,*,#1960,.F.);
#2784=ORIENTED_EDGE('',*,*,#1961,.F.);
#2785=ORIENTED_EDGE('',*,*,#1962,.T.);
#2786=ORIENTED_EDGE('',*,*,#1963,.T.);
#2787=ORIENTED_EDGE('',*,*,#1964,.F.);
#2788=ORIENTED_EDGE('',*,*,#1965,.F.);
#2789=ORIENTED_EDGE('',*,*,#1960,.T.);
#2790=ORIENTED_EDGE('',*,*,#1966,.T.);
#2791=ORIENTED_EDGE('',*,*,#1967,.F.);
#2792=ORIENTED_EDGE('',*,*,#1968,.F.);
#2793=ORIENTED_EDGE('',*,*,#1964,.T.);
#2794=ORIENTED_EDGE('',*,*,#1969,.T.);
#2795=ORIENTED_EDGE('',*,*,#1970,.F.);
#2796=ORIENTED_EDGE('',*,*,#1971,.F.);
#2797=ORIENTED_EDGE('',*,*,#1967,.T.);
#2798=ORIENTED_EDGE('',*,*,#1972,.T.);
#2799=ORIENTED_EDGE('',*,*,#1973,.F.);
#2800=ORIENTED_EDGE('',*,*,#1974,.F.);
#2801=ORIENTED_EDGE('',*,*,#1970,.T.);
#2802=ORIENTED_EDGE('',*,*,#1975,.T.);
#2803=ORIENTED_EDGE('',*,*,#1976,.F.);
#2804=ORIENTED_EDGE('',*,*,#1977,.F.);
#2805=ORIENTED_EDGE('',*,*,#1973,.T.);
#2806=ORIENTED_EDGE('',*,*,#1978,.T.);
#2807=ORIENTED_EDGE('',*,*,#1979,.F.);
#2808=ORIENTED_EDGE('',*,*,#1980,.F.);
#2809=ORIENTED_EDGE('',*,*,#1976,.T.);
#2810=ORIENTED_EDGE('',*,*,#1981,.T.);
#2811=ORIENTED_EDGE('',*,*,#1982,.F.);
#2812=ORIENTED_EDGE('',*,*,#1983,.F.);
#2813=ORIENTED_EDGE('',*,*,#1979,.T.);
#2814=ORIENTED_EDGE('',*,*,#1984,.T.);
#2815=ORIENTED_EDGE('',*,*,#1985,.F.);
#2816=ORIENTED_EDGE('',*,*,#1986,.F.);
#2817=ORIENTED_EDGE('',*,*,#1982,.T.);
#2818=ORIENTED_EDGE('',*,*,#1987,.T.);
#2819=ORIENTED_EDGE('',*,*,#1988,.F.);
#2820=ORIENTED_EDGE('',*,*,#1989,.F.);
#2821=ORIENTED_EDGE('',*,*,#1985,.T.);
#2822=ORIENTED_EDGE('',*,*,#1990,.T.);
#2823=ORIENTED_EDGE('',*,*,#1991,.F.);
#2824=ORIENTED_EDGE('',*,*,#1992,.F.);
#2825=ORIENTED_EDGE('',*,*,#1988,.T.);
#2826=ORIENTED_EDGE('',*,*,#1993,.T.);
#2827=ORIENTED_EDGE('',*,*,#1994,.F.);
#2828=ORIENTED_EDGE('',*,*,#1995,.F.);
#2829=ORIENTED_EDGE('',*,*,#1991,.T.);
#2830=ORIENTED_EDGE('',*,*,#1996,.T.);
#2831=ORIENTED_EDGE('',*,*,#1962,.F.);
#2832=ORIENTED_EDGE('',*,*,#1997,.F.);
#2833=ORIENTED_EDGE('',*,*,#1994,.T.);
#2834=ORIENTED_EDGE('',*,*,#1959,.F.);
#2835=ORIENTED_EDGE('',*,*,#1996,.F.);
#2836=ORIENTED_EDGE('',*,*,#1993,.F.);
#2837=ORIENTED_EDGE('',*,*,#1990,.F.);
#2838=ORIENTED_EDGE('',*,*,#1987,.F.);
#2839=ORIENTED_EDGE('',*,*,#1984,.F.);
#2840=ORIENTED_EDGE('',*,*,#1981,.F.);
#2841=ORIENTED_EDGE('',*,*,#1978,.F.);
#2842=ORIENTED_EDGE('',*,*,#1975,.F.);
#2843=ORIENTED_EDGE('',*,*,#1972,.F.);
#2844=ORIENTED_EDGE('',*,*,#1969,.F.);
#2845=ORIENTED_EDGE('',*,*,#1966,.F.);
#2846=ORIENTED_EDGE('',*,*,#1963,.F.);
#2847=ORIENTED_EDGE('',*,*,#1998,.T.);
#2848=ORIENTED_EDGE('',*,*,#1999,.F.);
#2849=ORIENTED_EDGE('',*,*,#2000,.F.);
#2850=ORIENTED_EDGE('',*,*,#2001,.T.);
#2851=ORIENTED_EDGE('',*,*,#2002,.T.);
#2852=ORIENTED_EDGE('',*,*,#2003,.F.);
#2853=ORIENTED_EDGE('',*,*,#2004,.F.);
#2854=ORIENTED_EDGE('',*,*,#1999,.T.);
#2855=ORIENTED_EDGE('',*,*,#2005,.T.);
#2856=ORIENTED_EDGE('',*,*,#2006,.F.);
#2857=ORIENTED_EDGE('',*,*,#2007,.F.);
#2858=ORIENTED_EDGE('',*,*,#2003,.T.);
#2859=ORIENTED_EDGE('',*,*,#2008,.T.);
#2860=ORIENTED_EDGE('',*,*,#2009,.F.);
#2861=ORIENTED_EDGE('',*,*,#2010,.F.);
#2862=ORIENTED_EDGE('',*,*,#2006,.T.);
#2863=ORIENTED_EDGE('',*,*,#2011,.T.);
#2864=ORIENTED_EDGE('',*,*,#2012,.F.);
#2865=ORIENTED_EDGE('',*,*,#2013,.F.);
#2866=ORIENTED_EDGE('',*,*,#2009,.T.);
#2867=ORIENTED_EDGE('',*,*,#2014,.T.);
#2868=ORIENTED_EDGE('',*,*,#2015,.F.);
#2869=ORIENTED_EDGE('',*,*,#2016,.F.);
#2870=ORIENTED_EDGE('',*,*,#2012,.T.);
#2871=ORIENTED_EDGE('',*,*,#2017,.T.);
#2872=ORIENTED_EDGE('',*,*,#2018,.F.);
#2873=ORIENTED_EDGE('',*,*,#2019,.F.);
#2874=ORIENTED_EDGE('',*,*,#2015,.T.);
#2875=ORIENTED_EDGE('',*,*,#2020,.T.);
#2876=ORIENTED_EDGE('',*,*,#2021,.F.);
#2877=ORIENTED_EDGE('',*,*,#2022,.F.);
#2878=ORIENTED_EDGE('',*,*,#2018,.T.);
#2879=ORIENTED_EDGE('',*,*,#2023,.T.);
#2880=ORIENTED_EDGE('',*,*,#2024,.F.);
#2881=ORIENTED_EDGE('',*,*,#2025,.F.);
#2882=ORIENTED_EDGE('',*,*,#2021,.T.);
#2883=ORIENTED_EDGE('',*,*,#2026,.T.);
#2884=ORIENTED_EDGE('',*,*,#2027,.F.);
#2885=ORIENTED_EDGE('',*,*,#2028,.F.);
#2886=ORIENTED_EDGE('',*,*,#2024,.T.);
#2887=ORIENTED_EDGE('',*,*,#2029,.T.);
#2888=ORIENTED_EDGE('',*,*,#2030,.F.);
#2889=ORIENTED_EDGE('',*,*,#2031,.F.);
#2890=ORIENTED_EDGE('',*,*,#2027,.T.);
#2891=ORIENTED_EDGE('',*,*,#2032,.T.);
#2892=ORIENTED_EDGE('',*,*,#2033,.F.);
#2893=ORIENTED_EDGE('',*,*,#2034,.F.);
#2894=ORIENTED_EDGE('',*,*,#2030,.T.);
#2895=ORIENTED_EDGE('',*,*,#2035,.T.);
#2896=ORIENTED_EDGE('',*,*,#2036,.F.);
#2897=ORIENTED_EDGE('',*,*,#2037,.F.);
#2898=ORIENTED_EDGE('',*,*,#2033,.T.);
#2899=ORIENTED_EDGE('',*,*,#2038,.T.);
#2900=ORIENTED_EDGE('',*,*,#2039,.F.);
#2901=ORIENTED_EDGE('',*,*,#2040,.F.);
#2902=ORIENTED_EDGE('',*,*,#2036,.T.);
#2903=ORIENTED_EDGE('',*,*,#2041,.T.);
#2904=ORIENTED_EDGE('',*,*,#2042,.F.);
#2905=ORIENTED_EDGE('',*,*,#2043,.F.);
#2906=ORIENTED_EDGE('',*,*,#2039,.T.);
#2907=ORIENTED_EDGE('',*,*,#2044,.T.);
#2908=ORIENTED_EDGE('',*,*,#2045,.F.);
#2909=ORIENTED_EDGE('',*,*,#2046,.F.);
#2910=ORIENTED_EDGE('',*,*,#2042,.T.);
#2911=ORIENTED_EDGE('',*,*,#2047,.T.);
#2912=ORIENTED_EDGE('',*,*,#2048,.F.);
#2913=ORIENTED_EDGE('',*,*,#2049,.F.);
#2914=ORIENTED_EDGE('',*,*,#2045,.T.);
#2915=ORIENTED_EDGE('',*,*,#2050,.T.);
#2916=ORIENTED_EDGE('',*,*,#2001,.F.);
#2917=ORIENTED_EDGE('',*,*,#2051,.F.);
#2918=ORIENTED_EDGE('',*,*,#2048,.T.);
#2919=ORIENTED_EDGE('',*,*,#1998,.F.);
#2920=ORIENTED_EDGE('',*,*,#2050,.F.);
#2921=ORIENTED_EDGE('',*,*,#2047,.F.);
#2922=ORIENTED_EDGE('',*,*,#2044,.F.);
#2923=ORIENTED_EDGE('',*,*,#2041,.F.);
#2924=ORIENTED_EDGE('',*,*,#2038,.F.);
#2925=ORIENTED_EDGE('',*,*,#2035,.F.);
#2926=ORIENTED_EDGE('',*,*,#2032,.F.);
#2927=ORIENTED_EDGE('',*,*,#2029,.F.);
#2928=ORIENTED_EDGE('',*,*,#2026,.F.);
#2929=ORIENTED_EDGE('',*,*,#2023,.F.);
#2930=ORIENTED_EDGE('',*,*,#2020,.F.);
#2931=ORIENTED_EDGE('',*,*,#2017,.F.);
#2932=ORIENTED_EDGE('',*,*,#2014,.F.);
#2933=ORIENTED_EDGE('',*,*,#2011,.F.);
#2934=ORIENTED_EDGE('',*,*,#2008,.F.);
#2935=ORIENTED_EDGE('',*,*,#2005,.F.);
#2936=ORIENTED_EDGE('',*,*,#2002,.F.);
#2937=ORIENTED_EDGE('',*,*,#2052,.T.);
#2938=ORIENTED_EDGE('',*,*,#2053,.F.);
#2939=ORIENTED_EDGE('',*,*,#2054,.F.);
#2940=ORIENTED_EDGE('',*,*,#2055,.T.);
#2941=ORIENTED_EDGE('',*,*,#2056,.T.);
#2942=ORIENTED_EDGE('',*,*,#2057,.F.);
#2943=ORIENTED_EDGE('',*,*,#2058,.F.);
#2944=ORIENTED_EDGE('',*,*,#2053,.T.);
#2945=ORIENTED_EDGE('',*,*,#2059,.T.);
#2946=ORIENTED_EDGE('',*,*,#2060,.F.);
#2947=ORIENTED_EDGE('',*,*,#2061,.F.);
#2948=ORIENTED_EDGE('',*,*,#2057,.T.);
#2949=ORIENTED_EDGE('',*,*,#2062,.T.);
#2950=ORIENTED_EDGE('',*,*,#2063,.F.);
#2951=ORIENTED_EDGE('',*,*,#2064,.F.);
#2952=ORIENTED_EDGE('',*,*,#2060,.T.);
#2953=ORIENTED_EDGE('',*,*,#2065,.T.);
#2954=ORIENTED_EDGE('',*,*,#2066,.F.);
#2955=ORIENTED_EDGE('',*,*,#2067,.F.);
#2956=ORIENTED_EDGE('',*,*,#2063,.T.);
#2957=ORIENTED_EDGE('',*,*,#2068,.T.);
#2958=ORIENTED_EDGE('',*,*,#2069,.F.);
#2959=ORIENTED_EDGE('',*,*,#2070,.F.);
#2960=ORIENTED_EDGE('',*,*,#2066,.T.);
#2961=ORIENTED_EDGE('',*,*,#2071,.T.);
#2962=ORIENTED_EDGE('',*,*,#2072,.F.);
#2963=ORIENTED_EDGE('',*,*,#2073,.F.);
#2964=ORIENTED_EDGE('',*,*,#2069,.T.);
#2965=ORIENTED_EDGE('',*,*,#2074,.T.);
#2966=ORIENTED_EDGE('',*,*,#2075,.F.);
#2967=ORIENTED_EDGE('',*,*,#2076,.F.);
#2968=ORIENTED_EDGE('',*,*,#2072,.T.);
#2969=ORIENTED_EDGE('',*,*,#2077,.T.);
#2970=ORIENTED_EDGE('',*,*,#2078,.F.);
#2971=ORIENTED_EDGE('',*,*,#2079,.F.);
#2972=ORIENTED_EDGE('',*,*,#2075,.T.);
#2973=ORIENTED_EDGE('',*,*,#2080,.T.);
#2974=ORIENTED_EDGE('',*,*,#2081,.F.);
#2975=ORIENTED_EDGE('',*,*,#2082,.F.);
#2976=ORIENTED_EDGE('',*,*,#2078,.T.);
#2977=ORIENTED_EDGE('',*,*,#2083,.T.);
#2978=ORIENTED_EDGE('',*,*,#2084,.F.);
#2979=ORIENTED_EDGE('',*,*,#2085,.F.);
#2980=ORIENTED_EDGE('',*,*,#2081,.T.);
#2981=ORIENTED_EDGE('',*,*,#2086,.T.);
#2982=ORIENTED_EDGE('',*,*,#2087,.F.);
#2983=ORIENTED_EDGE('',*,*,#2088,.F.);
#2984=ORIENTED_EDGE('',*,*,#2084,.T.);
#2985=ORIENTED_EDGE('',*,*,#2089,.T.);
#2986=ORIENTED_EDGE('',*,*,#2090,.F.);
#2987=ORIENTED_EDGE('',*,*,#2091,.F.);
#2988=ORIENTED_EDGE('',*,*,#2087,.T.);
#2989=ORIENTED_EDGE('',*,*,#2092,.T.);
#2990=ORIENTED_EDGE('',*,*,#2093,.F.);
#2991=ORIENTED_EDGE('',*,*,#2094,.F.);
#2992=ORIENTED_EDGE('',*,*,#2090,.T.);
#2993=ORIENTED_EDGE('',*,*,#2095,.T.);
#2994=ORIENTED_EDGE('',*,*,#2096,.F.);
#2995=ORIENTED_EDGE('',*,*,#2097,.F.);
#2996=ORIENTED_EDGE('',*,*,#2093,.T.);
#2997=ORIENTED_EDGE('',*,*,#2098,.T.);
#2998=ORIENTED_EDGE('',*,*,#2055,.F.);
#2999=ORIENTED_EDGE('',*,*,#2099,.F.);
#3000=ORIENTED_EDGE('',*,*,#2096,.T.);
#3001=ORIENTED_EDGE('',*,*,#2100,.T.);
#3002=ORIENTED_EDGE('',*,*,#2101,.F.);
#3003=ORIENTED_EDGE('',*,*,#2102,.F.);
#3004=ORIENTED_EDGE('',*,*,#2103,.T.);
#3005=ORIENTED_EDGE('',*,*,#2104,.T.);
#3006=ORIENTED_EDGE('',*,*,#2105,.F.);
#3007=ORIENTED_EDGE('',*,*,#2106,.F.);
#3008=ORIENTED_EDGE('',*,*,#2101,.T.);
#3009=ORIENTED_EDGE('',*,*,#2107,.T.);
#3010=ORIENTED_EDGE('',*,*,#2108,.F.);
#3011=ORIENTED_EDGE('',*,*,#2109,.F.);
#3012=ORIENTED_EDGE('',*,*,#2105,.T.);
#3013=ORIENTED_EDGE('',*,*,#2110,.T.);
#3014=ORIENTED_EDGE('',*,*,#2111,.F.);
#3015=ORIENTED_EDGE('',*,*,#2112,.F.);
#3016=ORIENTED_EDGE('',*,*,#2108,.T.);
#3017=ORIENTED_EDGE('',*,*,#2113,.T.);
#3018=ORIENTED_EDGE('',*,*,#2114,.F.);
#3019=ORIENTED_EDGE('',*,*,#2115,.F.);
#3020=ORIENTED_EDGE('',*,*,#2111,.T.);
#3021=ORIENTED_EDGE('',*,*,#2116,.T.);
#3022=ORIENTED_EDGE('',*,*,#2117,.F.);
#3023=ORIENTED_EDGE('',*,*,#2118,.F.);
#3024=ORIENTED_EDGE('',*,*,#2114,.T.);
#3025=ORIENTED_EDGE('',*,*,#2119,.T.);
#3026=ORIENTED_EDGE('',*,*,#2103,.F.);
#3027=ORIENTED_EDGE('',*,*,#2120,.F.);
#3028=ORIENTED_EDGE('',*,*,#2117,.T.);
#3029=ORIENTED_EDGE('',*,*,#2100,.F.);
#3030=ORIENTED_EDGE('',*,*,#2119,.F.);
#3031=ORIENTED_EDGE('',*,*,#2116,.F.);
#3032=ORIENTED_EDGE('',*,*,#2113,.F.);
#3033=ORIENTED_EDGE('',*,*,#2110,.F.);
#3034=ORIENTED_EDGE('',*,*,#2107,.F.);
#3035=ORIENTED_EDGE('',*,*,#2104,.F.);
#3036=ORIENTED_EDGE('',*,*,#2052,.F.);
#3037=ORIENTED_EDGE('',*,*,#2098,.F.);
#3038=ORIENTED_EDGE('',*,*,#2095,.F.);
#3039=ORIENTED_EDGE('',*,*,#2092,.F.);
#3040=ORIENTED_EDGE('',*,*,#2089,.F.);
#3041=ORIENTED_EDGE('',*,*,#2086,.F.);
#3042=ORIENTED_EDGE('',*,*,#2083,.F.);
#3043=ORIENTED_EDGE('',*,*,#2080,.F.);
#3044=ORIENTED_EDGE('',*,*,#2077,.F.);
#3045=ORIENTED_EDGE('',*,*,#2074,.F.);
#3046=ORIENTED_EDGE('',*,*,#2071,.F.);
#3047=ORIENTED_EDGE('',*,*,#2068,.F.);
#3048=ORIENTED_EDGE('',*,*,#2065,.F.);
#3049=ORIENTED_EDGE('',*,*,#2062,.F.);
#3050=ORIENTED_EDGE('',*,*,#2059,.F.);
#3051=ORIENTED_EDGE('',*,*,#2056,.F.);
#3052=ORIENTED_EDGE('',*,*,#2102,.T.);
#3053=ORIENTED_EDGE('',*,*,#2106,.T.);
#3054=ORIENTED_EDGE('',*,*,#2109,.T.);
#3055=ORIENTED_EDGE('',*,*,#2112,.T.);
#3056=ORIENTED_EDGE('',*,*,#2115,.T.);
#3057=ORIENTED_EDGE('',*,*,#2118,.T.);
#3058=ORIENTED_EDGE('',*,*,#2120,.T.);
#3059=ORIENTED_EDGE('',*,*,#2121,.T.);
#3060=ORIENTED_EDGE('',*,*,#2122,.F.);
#3061=ORIENTED_EDGE('',*,*,#2123,.F.);
#3062=ORIENTED_EDGE('',*,*,#2124,.T.);
#3063=ORIENTED_EDGE('',*,*,#2125,.T.);
#3064=ORIENTED_EDGE('',*,*,#2126,.F.);
#3065=ORIENTED_EDGE('',*,*,#2127,.F.);
#3066=ORIENTED_EDGE('',*,*,#2122,.T.);
#3067=ORIENTED_EDGE('',*,*,#2128,.T.);
#3068=ORIENTED_EDGE('',*,*,#2129,.F.);
#3069=ORIENTED_EDGE('',*,*,#2130,.F.);
#3070=ORIENTED_EDGE('',*,*,#2126,.T.);
#3071=ORIENTED_EDGE('',*,*,#2131,.T.);
#3072=ORIENTED_EDGE('',*,*,#2132,.F.);
#3073=ORIENTED_EDGE('',*,*,#2133,.F.);
#3074=ORIENTED_EDGE('',*,*,#2129,.T.);
#3075=ORIENTED_EDGE('',*,*,#2134,.T.);
#3076=ORIENTED_EDGE('',*,*,#2135,.F.);
#3077=ORIENTED_EDGE('',*,*,#2136,.F.);
#3078=ORIENTED_EDGE('',*,*,#2132,.T.);
#3079=ORIENTED_EDGE('',*,*,#2137,.T.);
#3080=ORIENTED_EDGE('',*,*,#2138,.F.);
#3081=ORIENTED_EDGE('',*,*,#2139,.F.);
#3082=ORIENTED_EDGE('',*,*,#2135,.T.);
#3083=ORIENTED_EDGE('',*,*,#2140,.T.);
#3084=ORIENTED_EDGE('',*,*,#2141,.F.);
#3085=ORIENTED_EDGE('',*,*,#2142,.F.);
#3086=ORIENTED_EDGE('',*,*,#2138,.T.);
#3087=ORIENTED_EDGE('',*,*,#2143,.T.);
#3088=ORIENTED_EDGE('',*,*,#2144,.F.);
#3089=ORIENTED_EDGE('',*,*,#2145,.F.);
#3090=ORIENTED_EDGE('',*,*,#2141,.T.);
#3091=ORIENTED_EDGE('',*,*,#2146,.T.);
#3092=ORIENTED_EDGE('',*,*,#2147,.F.);
#3093=ORIENTED_EDGE('',*,*,#2148,.F.);
#3094=ORIENTED_EDGE('',*,*,#2144,.T.);
#3095=ORIENTED_EDGE('',*,*,#2149,.T.);
#3096=ORIENTED_EDGE('',*,*,#2124,.F.);
#3097=ORIENTED_EDGE('',*,*,#2150,.F.);
#3098=ORIENTED_EDGE('',*,*,#2147,.T.);
#3099=ORIENTED_EDGE('',*,*,#2121,.F.);
#3100=ORIENTED_EDGE('',*,*,#2149,.F.);
#3101=ORIENTED_EDGE('',*,*,#2146,.F.);
#3102=ORIENTED_EDGE('',*,*,#2143,.F.);
#3103=ORIENTED_EDGE('',*,*,#2140,.F.);
#3104=ORIENTED_EDGE('',*,*,#2137,.F.);
#3105=ORIENTED_EDGE('',*,*,#2134,.F.);
#3106=ORIENTED_EDGE('',*,*,#2131,.F.);
#3107=ORIENTED_EDGE('',*,*,#2128,.F.);
#3108=ORIENTED_EDGE('',*,*,#2125,.F.);
#3109=ORIENTED_EDGE('',*,*,#2151,.T.);
#3110=ORIENTED_EDGE('',*,*,#2152,.F.);
#3111=ORIENTED_EDGE('',*,*,#2153,.F.);
#3112=ORIENTED_EDGE('',*,*,#2154,.T.);
#3113=ORIENTED_EDGE('',*,*,#2155,.T.);
#3114=ORIENTED_EDGE('',*,*,#2156,.F.);
#3115=ORIENTED_EDGE('',*,*,#2157,.F.);
#3116=ORIENTED_EDGE('',*,*,#2152,.T.);
#3117=ORIENTED_EDGE('',*,*,#2158,.T.);
#3118=ORIENTED_EDGE('',*,*,#2159,.F.);
#3119=ORIENTED_EDGE('',*,*,#2160,.F.);
#3120=ORIENTED_EDGE('',*,*,#2156,.T.);
#3121=ORIENTED_EDGE('',*,*,#2161,.T.);
#3122=ORIENTED_EDGE('',*,*,#2162,.F.);
#3123=ORIENTED_EDGE('',*,*,#2163,.F.);
#3124=ORIENTED_EDGE('',*,*,#2159,.T.);
#3125=ORIENTED_EDGE('',*,*,#2164,.T.);
#3126=ORIENTED_EDGE('',*,*,#2165,.F.);
#3127=ORIENTED_EDGE('',*,*,#2166,.F.);
#3128=ORIENTED_EDGE('',*,*,#2162,.T.);
#3129=ORIENTED_EDGE('',*,*,#2167,.T.);
#3130=ORIENTED_EDGE('',*,*,#2168,.F.);
#3131=ORIENTED_EDGE('',*,*,#2169,.F.);
#3132=ORIENTED_EDGE('',*,*,#2165,.T.);
#3133=ORIENTED_EDGE('',*,*,#2170,.T.);
#3134=ORIENTED_EDGE('',*,*,#2171,.F.);
#3135=ORIENTED_EDGE('',*,*,#2172,.F.);
#3136=ORIENTED_EDGE('',*,*,#2168,.T.);
#3137=ORIENTED_EDGE('',*,*,#2173,.T.);
#3138=ORIENTED_EDGE('',*,*,#2174,.F.);
#3139=ORIENTED_EDGE('',*,*,#2175,.F.);
#3140=ORIENTED_EDGE('',*,*,#2171,.T.);
#3141=ORIENTED_EDGE('',*,*,#2176,.T.);
#3142=ORIENTED_EDGE('',*,*,#2177,.F.);
#3143=ORIENTED_EDGE('',*,*,#2178,.F.);
#3144=ORIENTED_EDGE('',*,*,#2174,.T.);
#3145=ORIENTED_EDGE('',*,*,#2179,.T.);
#3146=ORIENTED_EDGE('',*,*,#2180,.F.);
#3147=ORIENTED_EDGE('',*,*,#2181,.F.);
#3148=ORIENTED_EDGE('',*,*,#2177,.T.);
#3149=ORIENTED_EDGE('',*,*,#2182,.T.);
#3150=ORIENTED_EDGE('',*,*,#2183,.F.);
#3151=ORIENTED_EDGE('',*,*,#2184,.F.);
#3152=ORIENTED_EDGE('',*,*,#2180,.T.);
#3153=ORIENTED_EDGE('',*,*,#2185,.T.);
#3154=ORIENTED_EDGE('',*,*,#2186,.F.);
#3155=ORIENTED_EDGE('',*,*,#2187,.F.);
#3156=ORIENTED_EDGE('',*,*,#2183,.T.);
#3157=ORIENTED_EDGE('',*,*,#2188,.T.);
#3158=ORIENTED_EDGE('',*,*,#2189,.F.);
#3159=ORIENTED_EDGE('',*,*,#2190,.F.);
#3160=ORIENTED_EDGE('',*,*,#2186,.T.);
#3161=ORIENTED_EDGE('',*,*,#2191,.T.);
#3162=ORIENTED_EDGE('',*,*,#2192,.F.);
#3163=ORIENTED_EDGE('',*,*,#2193,.F.);
#3164=ORIENTED_EDGE('',*,*,#2189,.T.);
#3165=ORIENTED_EDGE('',*,*,#2194,.T.);
#3166=ORIENTED_EDGE('',*,*,#2154,.F.);
#3167=ORIENTED_EDGE('',*,*,#2195,.F.);
#3168=ORIENTED_EDGE('',*,*,#2192,.T.);
#3169=ORIENTED_EDGE('',*,*,#2196,.T.);
#3170=ORIENTED_EDGE('',*,*,#2197,.F.);
#3171=ORIENTED_EDGE('',*,*,#2198,.F.);
#3172=ORIENTED_EDGE('',*,*,#2199,.T.);
#3173=ORIENTED_EDGE('',*,*,#2200,.T.);
#3174=ORIENTED_EDGE('',*,*,#2201,.F.);
#3175=ORIENTED_EDGE('',*,*,#2202,.F.);
#3176=ORIENTED_EDGE('',*,*,#2197,.T.);
#3177=ORIENTED_EDGE('',*,*,#2203,.T.);
#3178=ORIENTED_EDGE('',*,*,#2204,.F.);
#3179=ORIENTED_EDGE('',*,*,#2205,.F.);
#3180=ORIENTED_EDGE('',*,*,#2201,.T.);
#3181=ORIENTED_EDGE('',*,*,#2206,.T.);
#3182=ORIENTED_EDGE('',*,*,#2207,.F.);
#3183=ORIENTED_EDGE('',*,*,#2208,.F.);
#3184=ORIENTED_EDGE('',*,*,#2204,.T.);
#3185=ORIENTED_EDGE('',*,*,#2209,.T.);
#3186=ORIENTED_EDGE('',*,*,#2199,.F.);
#3187=ORIENTED_EDGE('',*,*,#2210,.F.);
#3188=ORIENTED_EDGE('',*,*,#2207,.T.);
#3189=ORIENTED_EDGE('',*,*,#2196,.F.);
#3190=ORIENTED_EDGE('',*,*,#2209,.F.);
#3191=ORIENTED_EDGE('',*,*,#2206,.F.);
#3192=ORIENTED_EDGE('',*,*,#2203,.F.);
#3193=ORIENTED_EDGE('',*,*,#2200,.F.);
#3194=ORIENTED_EDGE('',*,*,#2151,.F.);
#3195=ORIENTED_EDGE('',*,*,#2194,.F.);
#3196=ORIENTED_EDGE('',*,*,#2191,.F.);
#3197=ORIENTED_EDGE('',*,*,#2188,.F.);
#3198=ORIENTED_EDGE('',*,*,#2185,.F.);
#3199=ORIENTED_EDGE('',*,*,#2182,.F.);
#3200=ORIENTED_EDGE('',*,*,#2179,.F.);
#3201=ORIENTED_EDGE('',*,*,#2176,.F.);
#3202=ORIENTED_EDGE('',*,*,#2173,.F.);
#3203=ORIENTED_EDGE('',*,*,#2170,.F.);
#3204=ORIENTED_EDGE('',*,*,#2167,.F.);
#3205=ORIENTED_EDGE('',*,*,#2164,.F.);
#3206=ORIENTED_EDGE('',*,*,#2161,.F.);
#3207=ORIENTED_EDGE('',*,*,#2158,.F.);
#3208=ORIENTED_EDGE('',*,*,#2155,.F.);
#3209=ORIENTED_EDGE('',*,*,#2198,.T.);
#3210=ORIENTED_EDGE('',*,*,#2202,.T.);
#3211=ORIENTED_EDGE('',*,*,#2205,.T.);
#3212=ORIENTED_EDGE('',*,*,#2208,.T.);
#3213=ORIENTED_EDGE('',*,*,#2210,.T.);
#3214=ORIENTED_EDGE('',*,*,#2211,.T.);
#3215=ORIENTED_EDGE('',*,*,#2212,.F.);
#3216=ORIENTED_EDGE('',*,*,#2213,.F.);
#3217=ORIENTED_EDGE('',*,*,#2214,.T.);
#3218=ORIENTED_EDGE('',*,*,#2215,.T.);
#3219=ORIENTED_EDGE('',*,*,#2216,.F.);
#3220=ORIENTED_EDGE('',*,*,#2217,.F.);
#3221=ORIENTED_EDGE('',*,*,#2212,.T.);
#3222=ORIENTED_EDGE('',*,*,#2218,.T.);
#3223=ORIENTED_EDGE('',*,*,#2219,.F.);
#3224=ORIENTED_EDGE('',*,*,#2220,.F.);
#3225=ORIENTED_EDGE('',*,*,#2216,.T.);
#3226=ORIENTED_EDGE('',*,*,#2221,.T.);
#3227=ORIENTED_EDGE('',*,*,#2222,.F.);
#3228=ORIENTED_EDGE('',*,*,#2223,.F.);
#3229=ORIENTED_EDGE('',*,*,#2219,.T.);
#3230=ORIENTED_EDGE('',*,*,#2224,.T.);
#3231=ORIENTED_EDGE('',*,*,#2225,.F.);
#3232=ORIENTED_EDGE('',*,*,#2226,.F.);
#3233=ORIENTED_EDGE('',*,*,#2222,.T.);
#3234=ORIENTED_EDGE('',*,*,#2227,.T.);
#3235=ORIENTED_EDGE('',*,*,#2228,.F.);
#3236=ORIENTED_EDGE('',*,*,#2229,.F.);
#3237=ORIENTED_EDGE('',*,*,#2225,.T.);
#3238=ORIENTED_EDGE('',*,*,#2230,.T.);
#3239=ORIENTED_EDGE('',*,*,#2231,.F.);
#3240=ORIENTED_EDGE('',*,*,#2232,.F.);
#3241=ORIENTED_EDGE('',*,*,#2228,.T.);
#3242=ORIENTED_EDGE('',*,*,#2233,.T.);
#3243=ORIENTED_EDGE('',*,*,#2234,.F.);
#3244=ORIENTED_EDGE('',*,*,#2235,.F.);
#3245=ORIENTED_EDGE('',*,*,#2231,.T.);
#3246=ORIENTED_EDGE('',*,*,#2236,.T.);
#3247=ORIENTED_EDGE('',*,*,#2237,.F.);
#3248=ORIENTED_EDGE('',*,*,#2238,.F.);
#3249=ORIENTED_EDGE('',*,*,#2234,.T.);
#3250=ORIENTED_EDGE('',*,*,#2239,.T.);
#3251=ORIENTED_EDGE('',*,*,#2240,.F.);
#3252=ORIENTED_EDGE('',*,*,#2241,.F.);
#3253=ORIENTED_EDGE('',*,*,#2237,.T.);
#3254=ORIENTED_EDGE('',*,*,#2242,.T.);
#3255=ORIENTED_EDGE('',*,*,#2243,.F.);
#3256=ORIENTED_EDGE('',*,*,#2244,.F.);
#3257=ORIENTED_EDGE('',*,*,#2240,.T.);
#3258=ORIENTED_EDGE('',*,*,#2245,.T.);
#3259=ORIENTED_EDGE('',*,*,#2246,.F.);
#3260=ORIENTED_EDGE('',*,*,#2247,.F.);
#3261=ORIENTED_EDGE('',*,*,#2243,.T.);
#3262=ORIENTED_EDGE('',*,*,#2248,.T.);
#3263=ORIENTED_EDGE('',*,*,#2214,.F.);
#3264=ORIENTED_EDGE('',*,*,#2249,.F.);
#3265=ORIENTED_EDGE('',*,*,#2246,.T.);
#3266=ORIENTED_EDGE('',*,*,#2211,.F.);
#3267=ORIENTED_EDGE('',*,*,#2248,.F.);
#3268=ORIENTED_EDGE('',*,*,#2245,.F.);
#3269=ORIENTED_EDGE('',*,*,#2242,.F.);
#3270=ORIENTED_EDGE('',*,*,#2239,.F.);
#3271=ORIENTED_EDGE('',*,*,#2236,.F.);
#3272=ORIENTED_EDGE('',*,*,#2233,.F.);
#3273=ORIENTED_EDGE('',*,*,#2230,.F.);
#3274=ORIENTED_EDGE('',*,*,#2227,.F.);
#3275=ORIENTED_EDGE('',*,*,#2224,.F.);
#3276=ORIENTED_EDGE('',*,*,#2221,.F.);
#3277=ORIENTED_EDGE('',*,*,#2218,.F.);
#3278=ORIENTED_EDGE('',*,*,#2215,.F.);
#3279=ORIENTED_EDGE('',*,*,#2250,.T.);
#3280=ORIENTED_EDGE('',*,*,#2251,.T.);
#3281=ORIENTED_EDGE('',*,*,#2252,.T.);
#3282=ORIENTED_EDGE('',*,*,#2253,.F.);
#3283=ORIENTED_EDGE('',*,*,#2254,.T.);
#3284=ORIENTED_EDGE('',*,*,#2255,.T.);
#3285=ORIENTED_EDGE('',*,*,#2256,.T.);
#3286=ORIENTED_EDGE('',*,*,#2251,.F.);
#3287=ORIENTED_EDGE('',*,*,#2257,.T.);
#3288=ORIENTED_EDGE('',*,*,#2258,.T.);
#3289=ORIENTED_EDGE('',*,*,#2259,.T.);
#3290=ORIENTED_EDGE('',*,*,#2255,.F.);
#3291=ORIENTED_EDGE('',*,*,#2260,.T.);
#3292=ORIENTED_EDGE('',*,*,#2261,.T.);
#3293=ORIENTED_EDGE('',*,*,#2262,.T.);
#3294=ORIENTED_EDGE('',*,*,#2258,.F.);
#3295=ORIENTED_EDGE('',*,*,#2263,.T.);
#3296=ORIENTED_EDGE('',*,*,#2264,.T.);
#3297=ORIENTED_EDGE('',*,*,#2265,.T.);
#3298=ORIENTED_EDGE('',*,*,#2261,.F.);
#3299=ORIENTED_EDGE('',*,*,#2266,.T.);
#3300=ORIENTED_EDGE('',*,*,#2267,.T.);
#3301=ORIENTED_EDGE('',*,*,#2268,.T.);
#3302=ORIENTED_EDGE('',*,*,#2264,.F.);
#3303=ORIENTED_EDGE('',*,*,#2269,.T.);
#3304=ORIENTED_EDGE('',*,*,#2270,.T.);
#3305=ORIENTED_EDGE('',*,*,#2271,.T.);
#3306=ORIENTED_EDGE('',*,*,#2267,.F.);
#3307=ORIENTED_EDGE('',*,*,#2272,.T.);
#3308=ORIENTED_EDGE('',*,*,#2273,.T.);
#3309=ORIENTED_EDGE('',*,*,#2274,.T.);
#3310=ORIENTED_EDGE('',*,*,#2270,.F.);
#3311=ORIENTED_EDGE('',*,*,#2275,.T.);
#3312=ORIENTED_EDGE('',*,*,#2276,.T.);
#3313=ORIENTED_EDGE('',*,*,#2277,.T.);
#3314=ORIENTED_EDGE('',*,*,#2273,.F.);
#3315=ORIENTED_EDGE('',*,*,#2278,.T.);
#3316=ORIENTED_EDGE('',*,*,#2279,.T.);
#3317=ORIENTED_EDGE('',*,*,#2280,.T.);
#3318=ORIENTED_EDGE('',*,*,#2276,.F.);
#3319=ORIENTED_EDGE('',*,*,#2281,.T.);
#3320=ORIENTED_EDGE('',*,*,#2282,.T.);
#3321=ORIENTED_EDGE('',*,*,#2283,.T.);
#3322=ORIENTED_EDGE('',*,*,#2279,.F.);
#3323=ORIENTED_EDGE('',*,*,#2284,.T.);
#3324=ORIENTED_EDGE('',*,*,#2253,.T.);
#3325=ORIENTED_EDGE('',*,*,#2285,.T.);
#3326=ORIENTED_EDGE('',*,*,#2282,.F.);
#3327=ORIENTED_EDGE('',*,*,#2274,.F.);
#3328=ORIENTED_EDGE('',*,*,#2286,.F.);
#3329=ORIENTED_EDGE('',*,*,#2287,.F.);
#3330=ORIENTED_EDGE('',*,*,#2288,.T.);
#3331=ORIENTED_EDGE('',*,*,#2277,.F.);
#3332=ORIENTED_EDGE('',*,*,#2289,.F.);
#3333=ORIENTED_EDGE('',*,*,#2290,.F.);
#3334=ORIENTED_EDGE('',*,*,#2286,.T.);
#3335=ORIENTED_EDGE('',*,*,#2280,.F.);
#3336=ORIENTED_EDGE('',*,*,#2291,.F.);
#3337=ORIENTED_EDGE('',*,*,#2292,.F.);
#3338=ORIENTED_EDGE('',*,*,#2289,.T.);
#3339=ORIENTED_EDGE('',*,*,#2283,.F.);
#3340=ORIENTED_EDGE('',*,*,#2293,.F.);
#3341=ORIENTED_EDGE('',*,*,#2294,.F.);
#3342=ORIENTED_EDGE('',*,*,#2291,.T.);
#3343=ORIENTED_EDGE('',*,*,#2285,.F.);
#3344=ORIENTED_EDGE('',*,*,#2295,.F.);
#3345=ORIENTED_EDGE('',*,*,#2296,.F.);
#3346=ORIENTED_EDGE('',*,*,#2293,.T.);
#3347=ORIENTED_EDGE('',*,*,#2252,.F.);
#3348=ORIENTED_EDGE('',*,*,#2297,.F.);
#3349=ORIENTED_EDGE('',*,*,#2298,.F.);
#3350=ORIENTED_EDGE('',*,*,#2295,.T.);
#3351=ORIENTED_EDGE('',*,*,#1724,.T.);
#3352=ORIENTED_EDGE('',*,*,#1728,.T.);
#3353=ORIENTED_EDGE('',*,*,#1731,.T.);
#3354=ORIENTED_EDGE('',*,*,#1733,.T.);
#3355=ORIENTED_EDGE('',*,*,#1736,.T.);
#3356=ORIENTED_EDGE('',*,*,#1740,.T.);
#3357=ORIENTED_EDGE('',*,*,#1743,.T.);
#3358=ORIENTED_EDGE('',*,*,#1745,.T.);
#3359=ORIENTED_EDGE('',*,*,#1748,.T.);
#3360=ORIENTED_EDGE('',*,*,#1752,.T.);
#3361=ORIENTED_EDGE('',*,*,#1755,.T.);
#3362=ORIENTED_EDGE('',*,*,#1758,.T.);
#3363=ORIENTED_EDGE('',*,*,#1761,.T.);
#3364=ORIENTED_EDGE('',*,*,#1764,.T.);
#3365=ORIENTED_EDGE('',*,*,#1767,.T.);
#3366=ORIENTED_EDGE('',*,*,#1770,.T.);
#3367=ORIENTED_EDGE('',*,*,#1773,.T.);
#3368=ORIENTED_EDGE('',*,*,#1776,.T.);
#3369=ORIENTED_EDGE('',*,*,#1779,.T.);
#3370=ORIENTED_EDGE('',*,*,#1782,.T.);
#3371=ORIENTED_EDGE('',*,*,#1785,.T.);
#3372=ORIENTED_EDGE('',*,*,#1788,.T.);
#3373=ORIENTED_EDGE('',*,*,#1791,.T.);
#3374=ORIENTED_EDGE('',*,*,#1793,.T.);
#3375=ORIENTED_EDGE('',*,*,#1817,.T.);
#3376=ORIENTED_EDGE('',*,*,#1821,.T.);
#3377=ORIENTED_EDGE('',*,*,#1824,.T.);
#3378=ORIENTED_EDGE('',*,*,#1827,.T.);
#3379=ORIENTED_EDGE('',*,*,#1830,.T.);
#3380=ORIENTED_EDGE('',*,*,#1833,.T.);
#3381=ORIENTED_EDGE('',*,*,#1836,.T.);
#3382=ORIENTED_EDGE('',*,*,#1839,.T.);
#3383=ORIENTED_EDGE('',*,*,#1842,.T.);
#3384=ORIENTED_EDGE('',*,*,#1845,.T.);
#3385=ORIENTED_EDGE('',*,*,#1848,.T.);
#3386=ORIENTED_EDGE('',*,*,#1851,.T.);
#3387=ORIENTED_EDGE('',*,*,#1854,.T.);
#3388=ORIENTED_EDGE('',*,*,#1857,.T.);
#3389=ORIENTED_EDGE('',*,*,#1860,.T.);
#3390=ORIENTED_EDGE('',*,*,#1863,.T.);
#3391=ORIENTED_EDGE('',*,*,#1866,.T.);
#3392=ORIENTED_EDGE('',*,*,#1869,.T.);
#3393=ORIENTED_EDGE('',*,*,#1872,.T.);
#3394=ORIENTED_EDGE('',*,*,#1875,.T.);
#3395=ORIENTED_EDGE('',*,*,#1878,.T.);
#3396=ORIENTED_EDGE('',*,*,#1880,.T.);
#3397=ORIENTED_EDGE('',*,*,#1883,.T.);
#3398=ORIENTED_EDGE('',*,*,#1887,.T.);
#3399=ORIENTED_EDGE('',*,*,#1890,.T.);
#3400=ORIENTED_EDGE('',*,*,#1893,.T.);
#3401=ORIENTED_EDGE('',*,*,#1896,.T.);
#3402=ORIENTED_EDGE('',*,*,#1899,.T.);
#3403=ORIENTED_EDGE('',*,*,#1902,.T.);
#3404=ORIENTED_EDGE('',*,*,#1905,.T.);
#3405=ORIENTED_EDGE('',*,*,#1908,.T.);
#3406=ORIENTED_EDGE('',*,*,#1911,.T.);
#3407=ORIENTED_EDGE('',*,*,#1914,.T.);
#3408=ORIENTED_EDGE('',*,*,#1917,.T.);
#3409=ORIENTED_EDGE('',*,*,#1920,.T.);
#3410=ORIENTED_EDGE('',*,*,#1923,.T.);
#3411=ORIENTED_EDGE('',*,*,#1926,.T.);
#3412=ORIENTED_EDGE('',*,*,#1929,.T.);
#3413=ORIENTED_EDGE('',*,*,#1932,.T.);
#3414=ORIENTED_EDGE('',*,*,#1935,.T.);
#3415=ORIENTED_EDGE('',*,*,#1938,.T.);
#3416=ORIENTED_EDGE('',*,*,#1941,.T.);
#3417=ORIENTED_EDGE('',*,*,#1944,.T.);
#3418=ORIENTED_EDGE('',*,*,#1947,.T.);
#3419=ORIENTED_EDGE('',*,*,#1950,.T.);
#3420=ORIENTED_EDGE('',*,*,#1953,.T.);
#3421=ORIENTED_EDGE('',*,*,#1956,.T.);
#3422=ORIENTED_EDGE('',*,*,#1958,.T.);
#3423=ORIENTED_EDGE('',*,*,#1961,.T.);
#3424=ORIENTED_EDGE('',*,*,#1965,.T.);
#3425=ORIENTED_EDGE('',*,*,#1968,.T.);
#3426=ORIENTED_EDGE('',*,*,#1971,.T.);
#3427=ORIENTED_EDGE('',*,*,#1974,.T.);
#3428=ORIENTED_EDGE('',*,*,#1977,.T.);
#3429=ORIENTED_EDGE('',*,*,#1980,.T.);
#3430=ORIENTED_EDGE('',*,*,#1983,.T.);
#3431=ORIENTED_EDGE('',*,*,#1986,.T.);
#3432=ORIENTED_EDGE('',*,*,#1989,.T.);
#3433=ORIENTED_EDGE('',*,*,#1992,.T.);
#3434=ORIENTED_EDGE('',*,*,#1995,.T.);
#3435=ORIENTED_EDGE('',*,*,#1997,.T.);
#3436=ORIENTED_EDGE('',*,*,#2000,.T.);
#3437=ORIENTED_EDGE('',*,*,#2004,.T.);
#3438=ORIENTED_EDGE('',*,*,#2007,.T.);
#3439=ORIENTED_EDGE('',*,*,#2010,.T.);
#3440=ORIENTED_EDGE('',*,*,#2013,.T.);
#3441=ORIENTED_EDGE('',*,*,#2016,.T.);
#3442=ORIENTED_EDGE('',*,*,#2019,.T.);
#3443=ORIENTED_EDGE('',*,*,#2022,.T.);
#3444=ORIENTED_EDGE('',*,*,#2025,.T.);
#3445=ORIENTED_EDGE('',*,*,#2028,.T.);
#3446=ORIENTED_EDGE('',*,*,#2031,.T.);
#3447=ORIENTED_EDGE('',*,*,#2034,.T.);
#3448=ORIENTED_EDGE('',*,*,#2037,.T.);
#3449=ORIENTED_EDGE('',*,*,#2040,.T.);
#3450=ORIENTED_EDGE('',*,*,#2043,.T.);
#3451=ORIENTED_EDGE('',*,*,#2046,.T.);
#3452=ORIENTED_EDGE('',*,*,#2049,.T.);
#3453=ORIENTED_EDGE('',*,*,#2051,.T.);
#3454=ORIENTED_EDGE('',*,*,#2054,.T.);
#3455=ORIENTED_EDGE('',*,*,#2058,.T.);
#3456=ORIENTED_EDGE('',*,*,#2061,.T.);
#3457=ORIENTED_EDGE('',*,*,#2064,.T.);
#3458=ORIENTED_EDGE('',*,*,#2067,.T.);
#3459=ORIENTED_EDGE('',*,*,#2070,.T.);
#3460=ORIENTED_EDGE('',*,*,#2073,.T.);
#3461=ORIENTED_EDGE('',*,*,#2076,.T.);
#3462=ORIENTED_EDGE('',*,*,#2079,.T.);
#3463=ORIENTED_EDGE('',*,*,#2082,.T.);
#3464=ORIENTED_EDGE('',*,*,#2085,.T.);
#3465=ORIENTED_EDGE('',*,*,#2088,.T.);
#3466=ORIENTED_EDGE('',*,*,#2091,.T.);
#3467=ORIENTED_EDGE('',*,*,#2094,.T.);
#3468=ORIENTED_EDGE('',*,*,#2097,.T.);
#3469=ORIENTED_EDGE('',*,*,#2099,.T.);
#3470=ORIENTED_EDGE('',*,*,#2123,.T.);
#3471=ORIENTED_EDGE('',*,*,#2127,.T.);
#3472=ORIENTED_EDGE('',*,*,#2130,.T.);
#3473=ORIENTED_EDGE('',*,*,#2133,.T.);
#3474=ORIENTED_EDGE('',*,*,#2136,.T.);
#3475=ORIENTED_EDGE('',*,*,#2139,.T.);
#3476=ORIENTED_EDGE('',*,*,#2142,.T.);
#3477=ORIENTED_EDGE('',*,*,#2145,.T.);
#3478=ORIENTED_EDGE('',*,*,#2148,.T.);
#3479=ORIENTED_EDGE('',*,*,#2150,.T.);
#3480=ORIENTED_EDGE('',*,*,#2153,.T.);
#3481=ORIENTED_EDGE('',*,*,#2157,.T.);
#3482=ORIENTED_EDGE('',*,*,#2160,.T.);
#3483=ORIENTED_EDGE('',*,*,#2163,.T.);
#3484=ORIENTED_EDGE('',*,*,#2166,.T.);
#3485=ORIENTED_EDGE('',*,*,#2169,.T.);
#3486=ORIENTED_EDGE('',*,*,#2172,.T.);
#3487=ORIENTED_EDGE('',*,*,#2175,.T.);
#3488=ORIENTED_EDGE('',*,*,#2178,.T.);
#3489=ORIENTED_EDGE('',*,*,#2181,.T.);
#3490=ORIENTED_EDGE('',*,*,#2184,.T.);
#3491=ORIENTED_EDGE('',*,*,#2187,.T.);
#3492=ORIENTED_EDGE('',*,*,#2190,.T.);
#3493=ORIENTED_EDGE('',*,*,#2193,.T.);
#3494=ORIENTED_EDGE('',*,*,#2195,.T.);
#3495=ORIENTED_EDGE('',*,*,#2213,.T.);
#3496=ORIENTED_EDGE('',*,*,#2217,.T.);
#3497=ORIENTED_EDGE('',*,*,#2220,.T.);
#3498=ORIENTED_EDGE('',*,*,#2223,.T.);
#3499=ORIENTED_EDGE('',*,*,#2226,.T.);
#3500=ORIENTED_EDGE('',*,*,#2229,.T.);
#3501=ORIENTED_EDGE('',*,*,#2232,.T.);
#3502=ORIENTED_EDGE('',*,*,#2235,.T.);
#3503=ORIENTED_EDGE('',*,*,#2238,.T.);
#3504=ORIENTED_EDGE('',*,*,#2241,.T.);
#3505=ORIENTED_EDGE('',*,*,#2244,.T.);
#3506=ORIENTED_EDGE('',*,*,#2247,.T.);
#3507=ORIENTED_EDGE('',*,*,#2249,.T.);
#3508=ORIENTED_EDGE('',*,*,#2250,.F.);
#3509=ORIENTED_EDGE('',*,*,#2284,.F.);
#3510=ORIENTED_EDGE('',*,*,#2281,.F.);
#3511=ORIENTED_EDGE('',*,*,#2278,.F.);
#3512=ORIENTED_EDGE('',*,*,#2275,.F.);
#3513=ORIENTED_EDGE('',*,*,#2272,.F.);
#3514=ORIENTED_EDGE('',*,*,#2269,.F.);
#3515=ORIENTED_EDGE('',*,*,#2266,.F.);
#3516=ORIENTED_EDGE('',*,*,#2263,.F.);
#3517=ORIENTED_EDGE('',*,*,#2260,.F.);
#3518=ORIENTED_EDGE('',*,*,#2257,.F.);
#3519=ORIENTED_EDGE('',*,*,#2254,.F.);
#3520=ORIENTED_EDGE('',*,*,#2299,.T.);
#3521=ORIENTED_EDGE('',*,*,#2300,.T.);
#3522=ORIENTED_EDGE('',*,*,#2296,.T.);
#3523=ORIENTED_EDGE('',*,*,#2301,.F.);
#3524=ORIENTED_EDGE('',*,*,#2302,.T.);
#3525=ORIENTED_EDGE('',*,*,#2303,.T.);
#3526=ORIENTED_EDGE('',*,*,#2292,.T.);
#3527=ORIENTED_EDGE('',*,*,#2304,.T.);
#3528=ORIENTED_EDGE('',*,*,#2305,.T.);
#3529=ORIENTED_EDGE('',*,*,#2306,.T.);
#3530=ORIENTED_EDGE('',*,*,#2290,.T.);
#3531=ORIENTED_EDGE('',*,*,#2303,.F.);
#3532=ORIENTED_EDGE('',*,*,#2307,.T.);
#3533=ORIENTED_EDGE('',*,*,#2308,.T.);
#3534=ORIENTED_EDGE('',*,*,#2287,.T.);
#3535=ORIENTED_EDGE('',*,*,#2306,.F.);
#3536=ORIENTED_EDGE('',*,*,#2309,.T.);
#3537=ORIENTED_EDGE('',*,*,#2310,.T.);
#3538=ORIENTED_EDGE('',*,*,#2311,.T.);
#3539=ORIENTED_EDGE('',*,*,#2308,.F.);
#3540=ORIENTED_EDGE('',*,*,#2312,.T.);
#3541=ORIENTED_EDGE('',*,*,#2313,.T.);
#3542=ORIENTED_EDGE('',*,*,#2314,.T.);
#3543=ORIENTED_EDGE('',*,*,#2310,.F.);
#3544=ORIENTED_EDGE('',*,*,#2315,.T.);
#3545=ORIENTED_EDGE('',*,*,#2316,.T.);
#3546=ORIENTED_EDGE('',*,*,#2317,.T.);
#3547=ORIENTED_EDGE('',*,*,#2313,.F.);
#3548=ORIENTED_EDGE('',*,*,#2318,.T.);
#3549=ORIENTED_EDGE('',*,*,#2319,.T.);
#3550=ORIENTED_EDGE('',*,*,#2320,.T.);
#3551=ORIENTED_EDGE('',*,*,#2316,.F.);
#3552=ORIENTED_EDGE('',*,*,#2321,.T.);
#3553=ORIENTED_EDGE('',*,*,#2322,.T.);
#3554=ORIENTED_EDGE('',*,*,#2323,.T.);
#3555=ORIENTED_EDGE('',*,*,#2319,.F.);
#3556=ORIENTED_EDGE('',*,*,#2324,.T.);
#3557=ORIENTED_EDGE('',*,*,#2304,.F.);
#3558=ORIENTED_EDGE('',*,*,#2294,.T.);
#3559=ORIENTED_EDGE('',*,*,#2300,.F.);
#3560=ORIENTED_EDGE('',*,*,#2325,.T.);
#3561=ORIENTED_EDGE('',*,*,#2326,.T.);
#3562=ORIENTED_EDGE('',*,*,#2327,.T.);
#3563=ORIENTED_EDGE('',*,*,#2322,.F.);
#3564=ORIENTED_EDGE('',*,*,#2328,.T.);
#3565=ORIENTED_EDGE('',*,*,#2301,.T.);
#3566=ORIENTED_EDGE('',*,*,#2298,.T.);
#3567=ORIENTED_EDGE('',*,*,#2326,.F.);
#3568=ORIENTED_EDGE('',*,*,#2259,.F.);
#3569=ORIENTED_EDGE('',*,*,#2329,.F.);
#3570=ORIENTED_EDGE('',*,*,#2323,.F.);
#3571=ORIENTED_EDGE('',*,*,#2330,.T.);
#3572=ORIENTED_EDGE('',*,*,#2256,.F.);
#3573=ORIENTED_EDGE('',*,*,#2330,.F.);
#3574=ORIENTED_EDGE('',*,*,#2327,.F.);
#3575=ORIENTED_EDGE('',*,*,#2297,.T.);
#3576=ORIENTED_EDGE('',*,*,#2331,.T.);
#3577=ORIENTED_EDGE('',*,*,#2332,.F.);
#3578=ORIENTED_EDGE('',*,*,#2333,.T.);
#3579=ORIENTED_EDGE('',*,*,#2334,.F.);
#3580=ORIENTED_EDGE('',*,*,#2335,.F.);
#3581=ORIENTED_EDGE('',*,*,#2336,.F.);
#3582=ORIENTED_EDGE('',*,*,#2302,.F.);
#3583=ORIENTED_EDGE('',*,*,#2324,.F.);
#3584=ORIENTED_EDGE('',*,*,#2299,.F.);
#3585=ORIENTED_EDGE('',*,*,#2328,.F.);
#3586=ORIENTED_EDGE('',*,*,#2325,.F.);
#3587=ORIENTED_EDGE('',*,*,#2321,.F.);
#3588=ORIENTED_EDGE('',*,*,#2318,.F.);
#3589=ORIENTED_EDGE('',*,*,#2315,.F.);
#3590=ORIENTED_EDGE('',*,*,#2312,.F.);
#3591=ORIENTED_EDGE('',*,*,#2309,.F.);
#3592=ORIENTED_EDGE('',*,*,#2307,.F.);
#3593=ORIENTED_EDGE('',*,*,#2305,.F.);
#3594=ORIENTED_EDGE('',*,*,#2337,.T.);
#3595=ORIENTED_EDGE('',*,*,#2338,.T.);
#3596=ORIENTED_EDGE('',*,*,#2339,.T.);
#3597=ORIENTED_EDGE('',*,*,#2340,.T.);
#3598=ORIENTED_EDGE('',*,*,#2334,.T.);
#3599=ORIENTED_EDGE('',*,*,#2341,.T.);
#3600=ORIENTED_EDGE('',*,*,#2335,.T.);
#3601=ORIENTED_EDGE('',*,*,#2340,.F.);
#3602=ORIENTED_EDGE('',*,*,#2342,.T.);
#3603=ORIENTED_EDGE('',*,*,#2343,.F.);
#3604=ORIENTED_EDGE('',*,*,#2336,.T.);
#3605=ORIENTED_EDGE('',*,*,#2341,.F.);
#3606=ORIENTED_EDGE('',*,*,#2344,.T.);
#3607=ORIENTED_EDGE('',*,*,#2345,.T.);
#3608=ORIENTED_EDGE('',*,*,#2345,.F.);
#3609=ORIENTED_EDGE('',*,*,#2346,.T.);
#3610=ORIENTED_EDGE('',*,*,#2347,.T.);
#3611=ORIENTED_EDGE('',*,*,#2348,.F.);
#3612=ORIENTED_EDGE('',*,*,#2349,.F.);
#3613=ORIENTED_EDGE('',*,*,#2344,.F.);
#3614=ORIENTED_EDGE('',*,*,#2350,.T.);
#3615=ORIENTED_EDGE('',*,*,#2351,.T.);
#3616=ORIENTED_EDGE('',*,*,#2346,.F.);
#3617=ORIENTED_EDGE('',*,*,#2342,.F.);
#3618=ORIENTED_EDGE('',*,*,#2352,.T.);
#3619=ORIENTED_EDGE('',*,*,#2353,.T.);
#3620=ORIENTED_EDGE('',*,*,#2350,.F.);
#3621=ORIENTED_EDGE('',*,*,#2339,.F.);
#3622=ORIENTED_EDGE('',*,*,#2354,.T.);
#3623=ORIENTED_EDGE('',*,*,#2355,.T.);
#3624=ORIENTED_EDGE('',*,*,#2352,.F.);
#3625=ORIENTED_EDGE('',*,*,#2338,.F.);
#3626=ORIENTED_EDGE('',*,*,#2356,.F.);
#3627=ORIENTED_EDGE('',*,*,#2357,.T.);
#3628=ORIENTED_EDGE('',*,*,#2358,.T.);
#3629=ORIENTED_EDGE('',*,*,#2354,.F.);
#3630=ORIENTED_EDGE('',*,*,#2359,.T.);
#3631=ORIENTED_EDGE('',*,*,#2360,.T.);
#3632=ORIENTED_EDGE('',*,*,#2361,.T.);
#3633=ORIENTED_EDGE('',*,*,#2360,.F.);
#3634=ORIENTED_EDGE('',*,*,#2362,.T.);
#3635=ORIENTED_EDGE('',*,*,#2356,.T.);
#3636=ORIENTED_EDGE('',*,*,#2337,.F.);
#3637=ORIENTED_EDGE('',*,*,#2333,.F.);
#3638=ORIENTED_EDGE('',*,*,#2363,.T.);
#3639=ORIENTED_EDGE('',*,*,#2364,.T.);
#3640=ORIENTED_EDGE('',*,*,#2365,.T.);
#3641=ORIENTED_EDGE('',*,*,#2361,.F.);
#3642=ORIENTED_EDGE('',*,*,#2332,.T.);
#3643=ORIENTED_EDGE('',*,*,#2364,.F.);
#3644=ORIENTED_EDGE('',*,*,#2366,.T.);
#3645=ORIENTED_EDGE('',*,*,#2365,.F.);
#3646=ORIENTED_EDGE('',*,*,#2331,.F.);
#3647=ORIENTED_EDGE('',*,*,#2343,.T.);
#3648=ORIENTED_EDGE('',*,*,#2349,.T.);
#3649=ORIENTED_EDGE('',*,*,#2367,.T.);
#3650=ORIENTED_EDGE('',*,*,#2362,.F.);
#3651=ORIENTED_EDGE('',*,*,#2368,.T.);
#3652=ORIENTED_EDGE('',*,*,#2369,.T.);
#3653=ORIENTED_EDGE('',*,*,#2357,.F.);
#3654=ORIENTED_EDGE('',*,*,#2359,.F.);
#3655=ORIENTED_EDGE('',*,*,#2370,.T.);
#3656=ORIENTED_EDGE('',*,*,#2371,.T.);
#3657=ORIENTED_EDGE('',*,*,#2368,.F.);
#3658=ORIENTED_EDGE('',*,*,#2366,.F.);
#3659=ORIENTED_EDGE('',*,*,#2372,.T.);
#3660=ORIENTED_EDGE('',*,*,#2373,.T.);
#3661=ORIENTED_EDGE('',*,*,#2370,.F.);
#3662=ORIENTED_EDGE('',*,*,#2363,.F.);
#3663=ORIENTED_EDGE('',*,*,#2374,.T.);
#3664=ORIENTED_EDGE('',*,*,#2375,.T.);
#3665=ORIENTED_EDGE('',*,*,#2372,.F.);
#3666=ORIENTED_EDGE('',*,*,#2367,.F.);
#3667=ORIENTED_EDGE('',*,*,#2348,.T.);
#3668=ORIENTED_EDGE('',*,*,#2376,.T.);
#3669=ORIENTED_EDGE('',*,*,#2374,.F.);
#3670=ORIENTED_EDGE('',*,*,#2271,.F.);
#3671=ORIENTED_EDGE('',*,*,#2288,.F.);
#3672=ORIENTED_EDGE('',*,*,#2311,.F.);
#3673=ORIENTED_EDGE('',*,*,#2377,.T.);
#3674=ORIENTED_EDGE('',*,*,#2268,.F.);
#3675=ORIENTED_EDGE('',*,*,#2377,.F.);
#3676=ORIENTED_EDGE('',*,*,#2314,.F.);
#3677=ORIENTED_EDGE('',*,*,#2378,.T.);
#3678=ORIENTED_EDGE('',*,*,#2265,.F.);
#3679=ORIENTED_EDGE('',*,*,#2378,.F.);
#3680=ORIENTED_EDGE('',*,*,#2317,.F.);
#3681=ORIENTED_EDGE('',*,*,#2379,.T.);
#3682=ORIENTED_EDGE('',*,*,#2262,.F.);
#3683=ORIENTED_EDGE('',*,*,#2379,.F.);
#3684=ORIENTED_EDGE('',*,*,#2320,.F.);
#3685=ORIENTED_EDGE('',*,*,#2329,.T.);
#3686=ORIENTED_EDGE('',*,*,#2375,.F.);
#3687=ORIENTED_EDGE('',*,*,#2376,.F.);
#3688=ORIENTED_EDGE('',*,*,#2347,.F.);
#3689=ORIENTED_EDGE('',*,*,#2351,.F.);
#3690=ORIENTED_EDGE('',*,*,#2353,.F.);
#3691=ORIENTED_EDGE('',*,*,#2355,.F.);
#3692=ORIENTED_EDGE('',*,*,#2358,.F.);
#3693=ORIENTED_EDGE('',*,*,#2369,.F.);
#3694=ORIENTED_EDGE('',*,*,#2371,.F.);
#3695=ORIENTED_EDGE('',*,*,#2373,.F.);
#3696=EDGE_LOOP('',(#2380,#2381,#2382,#2383));
#3697=EDGE_LOOP('',(#2384,#2385,#2386,#2387));
#3698=EDGE_LOOP('',(#2388,#2389,#2390,#2391));
#3699=EDGE_LOOP('',(#2392,#2393,#2394,#2395));
#3700=EDGE_LOOP('',(#2396,#2397,#2398,#2399));
#3701=EDGE_LOOP('',(#2400,#2401,#2402,#2403));
#3702=EDGE_LOOP('',(#2404,#2405,#2406,#2407));
#3703=EDGE_LOOP('',(#2408,#2409,#2410,#2411));
#3704=EDGE_LOOP('',(#2412,#2413,#2414,#2415));
#3705=EDGE_LOOP('',(#2416,#2417,#2418,#2419));
#3706=EDGE_LOOP('',(#2420,#2421,#2422,#2423));
#3707=EDGE_LOOP('',(#2424,#2425,#2426,#2427));
#3708=EDGE_LOOP('',(#2428,#2429,#2430,#2431));
#3709=EDGE_LOOP('',(#2432,#2433,#2434,#2435));
#3710=EDGE_LOOP('',(#2436,#2437,#2438,#2439));
#3711=EDGE_LOOP('',(#2440,#2441,#2442,#2443));
#3712=EDGE_LOOP('',(#2444,#2445,#2446,#2447));
#3713=EDGE_LOOP('',(#2448,#2449,#2450,#2451));
#3714=EDGE_LOOP('',(#2452,#2453,#2454,#2455));
#3715=EDGE_LOOP('',(#2456,#2457,#2458,#2459));
#3716=EDGE_LOOP('',(#2460,#2461,#2462,#2463));
#3717=EDGE_LOOP('',(#2464,#2465,#2466,#2467));
#3718=EDGE_LOOP('',(#2468,#2469,#2470,#2471));
#3719=EDGE_LOOP('',(#2472,#2473,#2474,#2475));
#3720=EDGE_LOOP('',(#2476,#2477,#2478,#2479));
#3721=EDGE_LOOP('',(#2480,#2481,#2482,#2483));
#3722=EDGE_LOOP('',(#2484,#2485,#2486,#2487));
#3723=EDGE_LOOP('',(#2488,#2489,#2490,#2491));
#3724=EDGE_LOOP('',(#2492,#2493,#2494,#2495));
#3725=EDGE_LOOP('',(#2496,#2497,#2498,#2499));
#3726=EDGE_LOOP('',(#2500,#2501,#2502,#2503));
#3727=EDGE_LOOP('',(#2504,#2505,#2506,#2507));
#3728=EDGE_LOOP('',(#2508,#2509,#2510,#2511));
#3729=EDGE_LOOP('',(#2512,#2513,#2514,#2515,#2516,#2517,#2518));
#3730=EDGE_LOOP('',(#2519,#2520,#2521,#2522,#2523,#2524,#2525,#2526,#2527,
#2528,#2529,#2530,#2531,#2532,#2533,#2534));
#3731=EDGE_LOOP('',(#2535,#2536,#2537,#2538,#2539,#2540,#2541));
#3732=EDGE_LOOP('',(#2542,#2543,#2544,#2545));
#3733=EDGE_LOOP('',(#2546,#2547,#2548,#2549));
#3734=EDGE_LOOP('',(#2550,#2551,#2552,#2553));
#3735=EDGE_LOOP('',(#2554,#2555,#2556,#2557));
#3736=EDGE_LOOP('',(#2558,#2559,#2560,#2561));
#3737=EDGE_LOOP('',(#2562,#2563,#2564,#2565));
#3738=EDGE_LOOP('',(#2566,#2567,#2568,#2569));
#3739=EDGE_LOOP('',(#2570,#2571,#2572,#2573));
#3740=EDGE_LOOP('',(#2574,#2575,#2576,#2577));
#3741=EDGE_LOOP('',(#2578,#2579,#2580,#2581));
#3742=EDGE_LOOP('',(#2582,#2583,#2584,#2585));
#3743=EDGE_LOOP('',(#2586,#2587,#2588,#2589));
#3744=EDGE_LOOP('',(#2590,#2591,#2592,#2593));
#3745=EDGE_LOOP('',(#2594,#2595,#2596,#2597));
#3746=EDGE_LOOP('',(#2598,#2599,#2600,#2601));
#3747=EDGE_LOOP('',(#2602,#2603,#2604,#2605));
#3748=EDGE_LOOP('',(#2606,#2607,#2608,#2609));
#3749=EDGE_LOOP('',(#2610,#2611,#2612,#2613));
#3750=EDGE_LOOP('',(#2614,#2615,#2616,#2617));
#3751=EDGE_LOOP('',(#2618,#2619,#2620,#2621));
#3752=EDGE_LOOP('',(#2622,#2623,#2624,#2625));
#3753=EDGE_LOOP('',(#2626,#2627,#2628,#2629));
#3754=EDGE_LOOP('',(#2630,#2631,#2632,#2633,#2634,#2635,#2636,#2637,#2638,
#2639,#2640,#2641,#2642,#2643,#2644,#2645,#2646,#2647,#2648,#2649,#2650,
#2651));
#3755=EDGE_LOOP('',(#2652,#2653,#2654,#2655));
#3756=EDGE_LOOP('',(#2656,#2657,#2658,#2659));
#3757=EDGE_LOOP('',(#2660,#2661,#2662,#2663));
#3758=EDGE_LOOP('',(#2664,#2665,#2666,#2667));
#3759=EDGE_LOOP('',(#2668,#2669,#2670,#2671));
#3760=EDGE_LOOP('',(#2672,#2673,#2674,#2675));
#3761=EDGE_LOOP('',(#2676,#2677,#2678,#2679));
#3762=EDGE_LOOP('',(#2680,#2681,#2682,#2683));
#3763=EDGE_LOOP('',(#2684,#2685,#2686,#2687));
#3764=EDGE_LOOP('',(#2688,#2689,#2690,#2691));
#3765=EDGE_LOOP('',(#2692,#2693,#2694,#2695));
#3766=EDGE_LOOP('',(#2696,#2697,#2698,#2699));
#3767=EDGE_LOOP('',(#2700,#2701,#2702,#2703));
#3768=EDGE_LOOP('',(#2704,#2705,#2706,#2707));
#3769=EDGE_LOOP('',(#2708,#2709,#2710,#2711));
#3770=EDGE_LOOP('',(#2712,#2713,#2714,#2715));
#3771=EDGE_LOOP('',(#2716,#2717,#2718,#2719));
#3772=EDGE_LOOP('',(#2720,#2721,#2722,#2723));
#3773=EDGE_LOOP('',(#2724,#2725,#2726,#2727));
#3774=EDGE_LOOP('',(#2728,#2729,#2730,#2731));
#3775=EDGE_LOOP('',(#2732,#2733,#2734,#2735));
#3776=EDGE_LOOP('',(#2736,#2737,#2738,#2739));
#3777=EDGE_LOOP('',(#2740,#2741,#2742,#2743));
#3778=EDGE_LOOP('',(#2744,#2745,#2746,#2747));
#3779=EDGE_LOOP('',(#2748,#2749,#2750,#2751));
#3780=EDGE_LOOP('',(#2752,#2753,#2754,#2755));
#3781=EDGE_LOOP('',(#2756,#2757,#2758,#2759,#2760,#2761,#2762,#2763,#2764,
#2765,#2766,#2767,#2768,#2769,#2770,#2771,#2772,#2773,#2774,#2775,#2776,
#2777,#2778,#2779,#2780,#2781));
#3782=EDGE_LOOP('',(#2782,#2783,#2784,#2785));
#3783=EDGE_LOOP('',(#2786,#2787,#2788,#2789));
#3784=EDGE_LOOP('',(#2790,#2791,#2792,#2793));
#3785=EDGE_LOOP('',(#2794,#2795,#2796,#2797));
#3786=EDGE_LOOP('',(#2798,#2799,#2800,#2801));
#3787=EDGE_LOOP('',(#2802,#2803,#2804,#2805));
#3788=EDGE_LOOP('',(#2806,#2807,#2808,#2809));
#3789=EDGE_LOOP('',(#2810,#2811,#2812,#2813));
#3790=EDGE_LOOP('',(#2814,#2815,#2816,#2817));
#3791=EDGE_LOOP('',(#2818,#2819,#2820,#2821));
#3792=EDGE_LOOP('',(#2822,#2823,#2824,#2825));
#3793=EDGE_LOOP('',(#2826,#2827,#2828,#2829));
#3794=EDGE_LOOP('',(#2830,#2831,#2832,#2833));
#3795=EDGE_LOOP('',(#2834,#2835,#2836,#2837,#2838,#2839,#2840,#2841,#2842,
#2843,#2844,#2845,#2846));
#3796=EDGE_LOOP('',(#2847,#2848,#2849,#2850));
#3797=EDGE_LOOP('',(#2851,#2852,#2853,#2854));
#3798=EDGE_LOOP('',(#2855,#2856,#2857,#2858));
#3799=EDGE_LOOP('',(#2859,#2860,#2861,#2862));
#3800=EDGE_LOOP('',(#2863,#2864,#2865,#2866));
#3801=EDGE_LOOP('',(#2867,#2868,#2869,#2870));
#3802=EDGE_LOOP('',(#2871,#2872,#2873,#2874));
#3803=EDGE_LOOP('',(#2875,#2876,#2877,#2878));
#3804=EDGE_LOOP('',(#2879,#2880,#2881,#2882));
#3805=EDGE_LOOP('',(#2883,#2884,#2885,#2886));
#3806=EDGE_LOOP('',(#2887,#2888,#2889,#2890));
#3807=EDGE_LOOP('',(#2891,#2892,#2893,#2894));
#3808=EDGE_LOOP('',(#2895,#2896,#2897,#2898));
#3809=EDGE_LOOP('',(#2899,#2900,#2901,#2902));
#3810=EDGE_LOOP('',(#2903,#2904,#2905,#2906));
#3811=EDGE_LOOP('',(#2907,#2908,#2909,#2910));
#3812=EDGE_LOOP('',(#2911,#2912,#2913,#2914));
#3813=EDGE_LOOP('',(#2915,#2916,#2917,#2918));
#3814=EDGE_LOOP('',(#2919,#2920,#2921,#2922,#2923,#2924,#2925,#2926,#2927,
#2928,#2929,#2930,#2931,#2932,#2933,#2934,#2935,#2936));
#3815=EDGE_LOOP('',(#2937,#2938,#2939,#2940));
#3816=EDGE_LOOP('',(#2941,#2942,#2943,#2944));
#3817=EDGE_LOOP('',(#2945,#2946,#2947,#2948));
#3818=EDGE_LOOP('',(#2949,#2950,#2951,#2952));
#3819=EDGE_LOOP('',(#2953,#2954,#2955,#2956));
#3820=EDGE_LOOP('',(#2957,#2958,#2959,#2960));
#3821=EDGE_LOOP('',(#2961,#2962,#2963,#2964));
#3822=EDGE_LOOP('',(#2965,#2966,#2967,#2968));
#3823=EDGE_LOOP('',(#2969,#2970,#2971,#2972));
#3824=EDGE_LOOP('',(#2973,#2974,#2975,#2976));
#3825=EDGE_LOOP('',(#2977,#2978,#2979,#2980));
#3826=EDGE_LOOP('',(#2981,#2982,#2983,#2984));
#3827=EDGE_LOOP('',(#2985,#2986,#2987,#2988));
#3828=EDGE_LOOP('',(#2989,#2990,#2991,#2992));
#3829=EDGE_LOOP('',(#2993,#2994,#2995,#2996));
#3830=EDGE_LOOP('',(#2997,#2998,#2999,#3000));
#3831=EDGE_LOOP('',(#3001,#3002,#3003,#3004));
#3832=EDGE_LOOP('',(#3005,#3006,#3007,#3008));
#3833=EDGE_LOOP('',(#3009,#3010,#3011,#3012));
#3834=EDGE_LOOP('',(#3013,#3014,#3015,#3016));
#3835=EDGE_LOOP('',(#3017,#3018,#3019,#3020));
#3836=EDGE_LOOP('',(#3021,#3022,#3023,#3024));
#3837=EDGE_LOOP('',(#3025,#3026,#3027,#3028));
#3838=EDGE_LOOP('',(#3029,#3030,#3031,#3032,#3033,#3034,#3035));
#3839=EDGE_LOOP('',(#3036,#3037,#3038,#3039,#3040,#3041,#3042,#3043,#3044,
#3045,#3046,#3047,#3048,#3049,#3050,#3051));
#3840=EDGE_LOOP('',(#3052,#3053,#3054,#3055,#3056,#3057,#3058));
#3841=EDGE_LOOP('',(#3059,#3060,#3061,#3062));
#3842=EDGE_LOOP('',(#3063,#3064,#3065,#3066));
#3843=EDGE_LOOP('',(#3067,#3068,#3069,#3070));
#3844=EDGE_LOOP('',(#3071,#3072,#3073,#3074));
#3845=EDGE_LOOP('',(#3075,#3076,#3077,#3078));
#3846=EDGE_LOOP('',(#3079,#3080,#3081,#3082));
#3847=EDGE_LOOP('',(#3083,#3084,#3085,#3086));
#3848=EDGE_LOOP('',(#3087,#3088,#3089,#3090));
#3849=EDGE_LOOP('',(#3091,#3092,#3093,#3094));
#3850=EDGE_LOOP('',(#3095,#3096,#3097,#3098));
#3851=EDGE_LOOP('',(#3099,#3100,#3101,#3102,#3103,#3104,#3105,#3106,#3107,
#3108));
#3852=EDGE_LOOP('',(#3109,#3110,#3111,#3112));
#3853=EDGE_LOOP('',(#3113,#3114,#3115,#3116));
#3854=EDGE_LOOP('',(#3117,#3118,#3119,#3120));
#3855=EDGE_LOOP('',(#3121,#3122,#3123,#3124));
#3856=EDGE_LOOP('',(#3125,#3126,#3127,#3128));
#3857=EDGE_LOOP('',(#3129,#3130,#3131,#3132));
#3858=EDGE_LOOP('',(#3133,#3134,#3135,#3136));
#3859=EDGE_LOOP('',(#3137,#3138,#3139,#3140));
#3860=EDGE_LOOP('',(#3141,#3142,#3143,#3144));
#3861=EDGE_LOOP('',(#3145,#3146,#3147,#3148));
#3862=EDGE_LOOP('',(#3149,#3150,#3151,#3152));
#3863=EDGE_LOOP('',(#3153,#3154,#3155,#3156));
#3864=EDGE_LOOP('',(#3157,#3158,#3159,#3160));
#3865=EDGE_LOOP('',(#3161,#3162,#3163,#3164));
#3866=EDGE_LOOP('',(#3165,#3166,#3167,#3168));
#3867=EDGE_LOOP('',(#3169,#3170,#3171,#3172));
#3868=EDGE_LOOP('',(#3173,#3174,#3175,#3176));
#3869=EDGE_LOOP('',(#3177,#3178,#3179,#3180));
#3870=EDGE_LOOP('',(#3181,#3182,#3183,#3184));
#3871=EDGE_LOOP('',(#3185,#3186,#3187,#3188));
#3872=EDGE_LOOP('',(#3189,#3190,#3191,#3192,#3193));
#3873=EDGE_LOOP('',(#3194,#3195,#3196,#3197,#3198,#3199,#3200,#3201,#3202,
#3203,#3204,#3205,#3206,#3207,#3208));
#3874=EDGE_LOOP('',(#3209,#3210,#3211,#3212,#3213));
#3875=EDGE_LOOP('',(#3214,#3215,#3216,#3217));
#3876=EDGE_LOOP('',(#3218,#3219,#3220,#3221));
#3877=EDGE_LOOP('',(#3222,#3223,#3224,#3225));
#3878=EDGE_LOOP('',(#3226,#3227,#3228,#3229));
#3879=EDGE_LOOP('',(#3230,#3231,#3232,#3233));
#3880=EDGE_LOOP('',(#3234,#3235,#3236,#3237));
#3881=EDGE_LOOP('',(#3238,#3239,#3240,#3241));
#3882=EDGE_LOOP('',(#3242,#3243,#3244,#3245));
#3883=EDGE_LOOP('',(#3246,#3247,#3248,#3249));
#3884=EDGE_LOOP('',(#3250,#3251,#3252,#3253));
#3885=EDGE_LOOP('',(#3254,#3255,#3256,#3257));
#3886=EDGE_LOOP('',(#3258,#3259,#3260,#3261));
#3887=EDGE_LOOP('',(#3262,#3263,#3264,#3265));
#3888=EDGE_LOOP('',(#3266,#3267,#3268,#3269,#3270,#3271,#3272,#3273,#3274,
#3275,#3276,#3277,#3278));
#3889=EDGE_LOOP('',(#3279,#3280,#3281,#3282));
#3890=EDGE_LOOP('',(#3283,#3284,#3285,#3286));
#3891=EDGE_LOOP('',(#3287,#3288,#3289,#3290));
#3892=EDGE_LOOP('',(#3291,#3292,#3293,#3294));
#3893=EDGE_LOOP('',(#3295,#3296,#3297,#3298));
#3894=EDGE_LOOP('',(#3299,#3300,#3301,#3302));
#3895=EDGE_LOOP('',(#3303,#3304,#3305,#3306));
#3896=EDGE_LOOP('',(#3307,#3308,#3309,#3310));
#3897=EDGE_LOOP('',(#3311,#3312,#3313,#3314));
#3898=EDGE_LOOP('',(#3315,#3316,#3317,#3318));
#3899=EDGE_LOOP('',(#3319,#3320,#3321,#3322));
#3900=EDGE_LOOP('',(#3323,#3324,#3325,#3326));
#3901=EDGE_LOOP('',(#3327,#3328,#3329,#3330));
#3902=EDGE_LOOP('',(#3331,#3332,#3333,#3334));
#3903=EDGE_LOOP('',(#3335,#3336,#3337,#3338));
#3904=EDGE_LOOP('',(#3339,#3340,#3341,#3342));
#3905=EDGE_LOOP('',(#3343,#3344,#3345,#3346));
#3906=EDGE_LOOP('',(#3347,#3348,#3349,#3350));
#3907=EDGE_LOOP('',(#3351,#3352,#3353,#3354));
#3908=EDGE_LOOP('',(#3355,#3356,#3357,#3358));
#3909=EDGE_LOOP('',(#3359,#3360,#3361,#3362,#3363,#3364,#3365,#3366,#3367,
#3368,#3369,#3370,#3371,#3372,#3373,#3374));
#3910=EDGE_LOOP('',(#3375,#3376,#3377,#3378,#3379,#3380,#3381,#3382,#3383,
#3384,#3385,#3386,#3387,#3388,#3389,#3390,#3391,#3392,#3393,#3394,#3395,
#3396));
#3911=EDGE_LOOP('',(#3397,#3398,#3399,#3400,#3401,#3402,#3403,#3404,#3405,
#3406,#3407,#3408,#3409,#3410,#3411,#3412,#3413,#3414,#3415,#3416,#3417,
#3418,#3419,#3420,#3421,#3422));
#3912=EDGE_LOOP('',(#3423,#3424,#3425,#3426,#3427,#3428,#3429,#3430,#3431,
#3432,#3433,#3434,#3435));
#3913=EDGE_LOOP('',(#3436,#3437,#3438,#3439,#3440,#3441,#3442,#3443,#3444,
#3445,#3446,#3447,#3448,#3449,#3450,#3451,#3452,#3453));
#3914=EDGE_LOOP('',(#3454,#3455,#3456,#3457,#3458,#3459,#3460,#3461,#3462,
#3463,#3464,#3465,#3466,#3467,#3468,#3469));
#3915=EDGE_LOOP('',(#3470,#3471,#3472,#3473,#3474,#3475,#3476,#3477,#3478,
#3479));
#3916=EDGE_LOOP('',(#3480,#3481,#3482,#3483,#3484,#3485,#3486,#3487,#3488,
#3489,#3490,#3491,#3492,#3493,#3494));
#3917=EDGE_LOOP('',(#3495,#3496,#3497,#3498,#3499,#3500,#3501,#3502,#3503,
#3504,#3505,#3506,#3507));
#3918=EDGE_LOOP('',(#3508,#3509,#3510,#3511,#3512,#3513,#3514,#3515,#3516,
#3517,#3518,#3519));
#3919=EDGE_LOOP('',(#3520,#3521,#3522,#3523));
#3920=EDGE_LOOP('',(#3524,#3525,#3526,#3527));
#3921=EDGE_LOOP('',(#3528,#3529,#3530,#3531));
#3922=EDGE_LOOP('',(#3532,#3533,#3534,#3535));
#3923=EDGE_LOOP('',(#3536,#3537,#3538,#3539));
#3924=EDGE_LOOP('',(#3540,#3541,#3542,#3543));
#3925=EDGE_LOOP('',(#3544,#3545,#3546,#3547));
#3926=EDGE_LOOP('',(#3548,#3549,#3550,#3551));
#3927=EDGE_LOOP('',(#3552,#3553,#3554,#3555));
#3928=EDGE_LOOP('',(#3556,#3557,#3558,#3559));
#3929=EDGE_LOOP('',(#3560,#3561,#3562,#3563));
#3930=EDGE_LOOP('',(#3564,#3565,#3566,#3567));
#3931=EDGE_LOOP('',(#3568,#3569,#3570,#3571));
#3932=EDGE_LOOP('',(#3572,#3573,#3574,#3575));
#3933=EDGE_LOOP('',(#3576,#3577,#3578,#3579,#3580,#3581));
#3934=EDGE_LOOP('',(#3582,#3583,#3584,#3585,#3586,#3587,#3588,#3589,#3590,
#3591,#3592,#3593));
#3935=EDGE_LOOP('',(#3594,#3595,#3596,#3597,#3598));
#3936=EDGE_LOOP('',(#3599,#3600,#3601,#3602));
#3937=EDGE_LOOP('',(#3603,#3604,#3605,#3606,#3607));
#3938=EDGE_LOOP('',(#3608,#3609,#3610,#3611,#3612));
#3939=EDGE_LOOP('',(#3613,#3614,#3615,#3616));
#3940=EDGE_LOOP('',(#3617,#3618,#3619,#3620));
#3941=EDGE_LOOP('',(#3621,#3622,#3623,#3624));
#3942=EDGE_LOOP('',(#3625,#3626,#3627,#3628,#3629));
#3943=EDGE_LOOP('',(#3630,#3631,#3632));
#3944=EDGE_LOOP('',(#3633,#3634,#3635,#3636,#3637));
#3945=EDGE_LOOP('',(#3638,#3639,#3640));
#3946=EDGE_LOOP('',(#3641,#3642,#3643,#3644));
#3947=EDGE_LOOP('',(#3645,#3646,#3647,#3648,#3649));
#3948=EDGE_LOOP('',(#3650,#3651,#3652,#3653));
#3949=EDGE_LOOP('',(#3654,#3655,#3656,#3657));
#3950=EDGE_LOOP('',(#3658,#3659,#3660,#3661));
#3951=EDGE_LOOP('',(#3662,#3663,#3664,#3665));
#3952=EDGE_LOOP('',(#3666,#3667,#3668,#3669));
#3953=EDGE_LOOP('',(#3670,#3671,#3672,#3673));
#3954=EDGE_LOOP('',(#3674,#3675,#3676,#3677));
#3955=EDGE_LOOP('',(#3678,#3679,#3680,#3681));
#3956=EDGE_LOOP('',(#3682,#3683,#3684,#3685));
#3957=EDGE_LOOP('',(#3686,#3687,#3688,#3689,#3690,#3691,#3692,#3693,#3694,
#3695));
#3958=FACE_BOUND('',#3696,.T.);
#3959=FACE_BOUND('',#3697,.T.);
#3960=FACE_BOUND('',#3698,.T.);
#3961=FACE_BOUND('',#3699,.T.);
#3962=FACE_BOUND('',#3700,.T.);
#3963=FACE_BOUND('',#3701,.T.);
#3964=FACE_BOUND('',#3702,.T.);
#3965=FACE_BOUND('',#3703,.T.);
#3966=FACE_BOUND('',#3704,.T.);
#3967=FACE_BOUND('',#3705,.T.);
#3968=FACE_BOUND('',#3706,.T.);
#3969=FACE_BOUND('',#3707,.T.);
#3970=FACE_BOUND('',#3708,.T.);
#3971=FACE_BOUND('',#3709,.T.);
#3972=FACE_BOUND('',#3710,.T.);
#3973=FACE_BOUND('',#3711,.T.);
#3974=FACE_BOUND('',#3712,.T.);
#3975=FACE_BOUND('',#3713,.T.);
#3976=FACE_BOUND('',#3714,.T.);
#3977=FACE_BOUND('',#3715,.T.);
#3978=FACE_BOUND('',#3716,.T.);
#3979=FACE_BOUND('',#3717,.T.);
#3980=FACE_BOUND('',#3718,.T.);
#3981=FACE_BOUND('',#3719,.T.);
#3982=FACE_BOUND('',#3720,.T.);
#3983=FACE_BOUND('',#3721,.T.);
#3984=FACE_BOUND('',#3722,.T.);
#3985=FACE_BOUND('',#3723,.T.);
#3986=FACE_BOUND('',#3724,.T.);
#3987=FACE_BOUND('',#3725,.T.);
#3988=FACE_BOUND('',#3726,.T.);
#3989=FACE_BOUND('',#3727,.T.);
#3990=FACE_BOUND('',#3728,.T.);
#3991=FACE_BOUND('',#3729,.T.);
#3992=FACE_BOUND('',#3730,.T.);
#3993=FACE_BOUND('',#3731,.T.);
#3994=FACE_BOUND('',#3732,.T.);
#3995=FACE_BOUND('',#3733,.T.);
#3996=FACE_BOUND('',#3734,.T.);
#3997=FACE_BOUND('',#3735,.T.);
#3998=FACE_BOUND('',#3736,.T.);
#3999=FACE_BOUND('',#3737,.T.);
#4000=FACE_BOUND('',#3738,.T.);
#4001=FACE_BOUND('',#3739,.T.);
#4002=FACE_BOUND('',#3740,.T.);
#4003=FACE_BOUND('',#3741,.T.);
#4004=FACE_BOUND('',#3742,.T.);
#4005=FACE_BOUND('',#3743,.T.);
#4006=FACE_BOUND('',#3744,.T.);
#4007=FACE_BOUND('',#3745,.T.);
#4008=FACE_BOUND('',#3746,.T.);
#4009=FACE_BOUND('',#3747,.T.);
#4010=FACE_BOUND('',#3748,.T.);
#4011=FACE_BOUND('',#3749,.T.);
#4012=FACE_BOUND('',#3750,.T.);
#4013=FACE_BOUND('',#3751,.T.);
#4014=FACE_BOUND('',#3752,.T.);
#4015=FACE_BOUND('',#3753,.T.);
#4016=FACE_BOUND('',#3754,.T.);
#4017=FACE_BOUND('',#3755,.T.);
#4018=FACE_BOUND('',#3756,.T.);
#4019=FACE_BOUND('',#3757,.T.);
#4020=FACE_BOUND('',#3758,.T.);
#4021=FACE_BOUND('',#3759,.T.);
#4022=FACE_BOUND('',#3760,.T.);
#4023=FACE_BOUND('',#3761,.T.);
#4024=FACE_BOUND('',#3762,.T.);
#4025=FACE_BOUND('',#3763,.T.);
#4026=FACE_BOUND('',#3764,.T.);
#4027=FACE_BOUND('',#3765,.T.);
#4028=FACE_BOUND('',#3766,.T.);
#4029=FACE_BOUND('',#3767,.T.);
#4030=FACE_BOUND('',#3768,.T.);
#4031=FACE_BOUND('',#3769,.T.);
#4032=FACE_BOUND('',#3770,.T.);
#4033=FACE_BOUND('',#3771,.T.);
#4034=FACE_BOUND('',#3772,.T.);
#4035=FACE_BOUND('',#3773,.T.);
#4036=FACE_BOUND('',#3774,.T.);
#4037=FACE_BOUND('',#3775,.T.);
#4038=FACE_BOUND('',#3776,.T.);
#4039=FACE_BOUND('',#3777,.T.);
#4040=FACE_BOUND('',#3778,.T.);
#4041=FACE_BOUND('',#3779,.T.);
#4042=FACE_BOUND('',#3780,.T.);
#4043=FACE_BOUND('',#3781,.T.);
#4044=FACE_BOUND('',#3782,.T.);
#4045=FACE_BOUND('',#3783,.T.);
#4046=FACE_BOUND('',#3784,.T.);
#4047=FACE_BOUND('',#3785,.T.);
#4048=FACE_BOUND('',#3786,.T.);
#4049=FACE_BOUND('',#3787,.T.);
#4050=FACE_BOUND('',#3788,.T.);
#4051=FACE_BOUND('',#3789,.T.);
#4052=FACE_BOUND('',#3790,.T.);
#4053=FACE_BOUND('',#3791,.T.);
#4054=FACE_BOUND('',#3792,.T.);
#4055=FACE_BOUND('',#3793,.T.);
#4056=FACE_BOUND('',#3794,.T.);
#4057=FACE_BOUND('',#3795,.T.);
#4058=FACE_BOUND('',#3796,.T.);
#4059=FACE_BOUND('',#3797,.T.);
#4060=FACE_BOUND('',#3798,.T.);
#4061=FACE_BOUND('',#3799,.T.);
#4062=FACE_BOUND('',#3800,.T.);
#4063=FACE_BOUND('',#3801,.T.);
#4064=FACE_BOUND('',#3802,.T.);
#4065=FACE_BOUND('',#3803,.T.);
#4066=FACE_BOUND('',#3804,.T.);
#4067=FACE_BOUND('',#3805,.T.);
#4068=FACE_BOUND('',#3806,.T.);
#4069=FACE_BOUND('',#3807,.T.);
#4070=FACE_BOUND('',#3808,.T.);
#4071=FACE_BOUND('',#3809,.T.);
#4072=FACE_BOUND('',#3810,.T.);
#4073=FACE_BOUND('',#3811,.T.);
#4074=FACE_BOUND('',#3812,.T.);
#4075=FACE_BOUND('',#3813,.T.);
#4076=FACE_BOUND('',#3814,.T.);
#4077=FACE_BOUND('',#3815,.T.);
#4078=FACE_BOUND('',#3816,.T.);
#4079=FACE_BOUND('',#3817,.T.);
#4080=FACE_BOUND('',#3818,.T.);
#4081=FACE_BOUND('',#3819,.T.);
#4082=FACE_BOUND('',#3820,.T.);
#4083=FACE_BOUND('',#3821,.T.);
#4084=FACE_BOUND('',#3822,.T.);
#4085=FACE_BOUND('',#3823,.T.);
#4086=FACE_BOUND('',#3824,.T.);
#4087=FACE_BOUND('',#3825,.T.);
#4088=FACE_BOUND('',#3826,.T.);
#4089=FACE_BOUND('',#3827,.T.);
#4090=FACE_BOUND('',#3828,.T.);
#4091=FACE_BOUND('',#3829,.T.);
#4092=FACE_BOUND('',#3830,.T.);
#4093=FACE_BOUND('',#3831,.T.);
#4094=FACE_BOUND('',#3832,.T.);
#4095=FACE_BOUND('',#3833,.T.);
#4096=FACE_BOUND('',#3834,.T.);
#4097=FACE_BOUND('',#3835,.T.);
#4098=FACE_BOUND('',#3836,.T.);
#4099=FACE_BOUND('',#3837,.T.);
#4100=FACE_BOUND('',#3838,.T.);
#4101=FACE_BOUND('',#3839,.T.);
#4102=FACE_BOUND('',#3840,.T.);
#4103=FACE_BOUND('',#3841,.T.);
#4104=FACE_BOUND('',#3842,.T.);
#4105=FACE_BOUND('',#3843,.T.);
#4106=FACE_BOUND('',#3844,.T.);
#4107=FACE_BOUND('',#3845,.T.);
#4108=FACE_BOUND('',#3846,.T.);
#4109=FACE_BOUND('',#3847,.T.);
#4110=FACE_BOUND('',#3848,.T.);
#4111=FACE_BOUND('',#3849,.T.);
#4112=FACE_BOUND('',#3850,.T.);
#4113=FACE_BOUND('',#3851,.T.);
#4114=FACE_BOUND('',#3852,.T.);
#4115=FACE_BOUND('',#3853,.T.);
#4116=FACE_BOUND('',#3854,.T.);
#4117=FACE_BOUND('',#3855,.T.);
#4118=FACE_BOUND('',#3856,.T.);
#4119=FACE_BOUND('',#3857,.T.);
#4120=FACE_BOUND('',#3858,.T.);
#4121=FACE_BOUND('',#3859,.T.);
#4122=FACE_BOUND('',#3860,.T.);
#4123=FACE_BOUND('',#3861,.T.);
#4124=FACE_BOUND('',#3862,.T.);
#4125=FACE_BOUND('',#3863,.T.);
#4126=FACE_BOUND('',#3864,.T.);
#4127=FACE_BOUND('',#3865,.T.);
#4128=FACE_BOUND('',#3866,.T.);
#4129=FACE_BOUND('',#3867,.T.);
#4130=FACE_BOUND('',#3868,.T.);
#4131=FACE_BOUND('',#3869,.T.);
#4132=FACE_BOUND('',#3870,.T.);
#4133=FACE_BOUND('',#3871,.T.);
#4134=FACE_BOUND('',#3872,.T.);
#4135=FACE_BOUND('',#3873,.T.);
#4136=FACE_BOUND('',#3874,.T.);
#4137=FACE_BOUND('',#3875,.T.);
#4138=FACE_BOUND('',#3876,.T.);
#4139=FACE_BOUND('',#3877,.T.);
#4140=FACE_BOUND('',#3878,.T.);
#4141=FACE_BOUND('',#3879,.T.);
#4142=FACE_BOUND('',#3880,.T.);
#4143=FACE_BOUND('',#3881,.T.);
#4144=FACE_BOUND('',#3882,.T.);
#4145=FACE_BOUND('',#3883,.T.);
#4146=FACE_BOUND('',#3884,.T.);
#4147=FACE_BOUND('',#3885,.T.);
#4148=FACE_BOUND('',#3886,.T.);
#4149=FACE_BOUND('',#3887,.T.);
#4150=FACE_BOUND('',#3888,.T.);
#4151=FACE_BOUND('',#3889,.T.);
#4152=FACE_BOUND('',#3890,.T.);
#4153=FACE_BOUND('',#3891,.T.);
#4154=FACE_BOUND('',#3892,.T.);
#4155=FACE_BOUND('',#3893,.T.);
#4156=FACE_BOUND('',#3894,.T.);
#4157=FACE_BOUND('',#3895,.T.);
#4158=FACE_BOUND('',#3896,.T.);
#4159=FACE_BOUND('',#3897,.T.);
#4160=FACE_BOUND('',#3898,.T.);
#4161=FACE_BOUND('',#3899,.T.);
#4162=FACE_BOUND('',#3900,.T.);
#4163=FACE_BOUND('',#3901,.T.);
#4164=FACE_BOUND('',#3902,.T.);
#4165=FACE_BOUND('',#3903,.T.);
#4166=FACE_BOUND('',#3904,.T.);
#4167=FACE_BOUND('',#3905,.T.);
#4168=FACE_BOUND('',#3906,.T.);
#4169=FACE_BOUND('',#3907,.T.);
#4170=FACE_BOUND('',#3908,.T.);
#4171=FACE_BOUND('',#3909,.T.);
#4172=FACE_BOUND('',#3910,.T.);
#4173=FACE_BOUND('',#3911,.T.);
#4174=FACE_BOUND('',#3912,.T.);
#4175=FACE_BOUND('',#3913,.T.);
#4176=FACE_BOUND('',#3914,.T.);
#4177=FACE_BOUND('',#3915,.T.);
#4178=FACE_BOUND('',#3916,.T.);
#4179=FACE_BOUND('',#3917,.T.);
#4180=FACE_BOUND('',#3918,.T.);
#4181=FACE_BOUND('',#3919,.T.);
#4182=FACE_BOUND('',#3920,.T.);
#4183=FACE_BOUND('',#3921,.T.);
#4184=FACE_BOUND('',#3922,.T.);
#4185=FACE_BOUND('',#3923,.T.);
#4186=FACE_BOUND('',#3924,.T.);
#4187=FACE_BOUND('',#3925,.T.);
#4188=FACE_BOUND('',#3926,.T.);
#4189=FACE_BOUND('',#3927,.T.);
#4190=FACE_BOUND('',#3928,.T.);
#4191=FACE_BOUND('',#3929,.T.);
#4192=FACE_BOUND('',#3930,.T.);
#4193=FACE_BOUND('',#3931,.T.);
#4194=FACE_BOUND('',#3932,.T.);
#4195=FACE_BOUND('',#3933,.T.);
#4196=FACE_BOUND('',#3934,.T.);
#4197=FACE_BOUND('',#3935,.T.);
#4198=FACE_BOUND('',#3936,.T.);
#4199=FACE_BOUND('',#3937,.T.);
#4200=FACE_BOUND('',#3938,.T.);
#4201=FACE_BOUND('',#3939,.T.);
#4202=FACE_BOUND('',#3940,.T.);
#4203=FACE_BOUND('',#3941,.T.);
#4204=FACE_BOUND('',#3942,.T.);
#4205=FACE_BOUND('',#3943,.T.);
#4206=FACE_BOUND('',#3944,.T.);
#4207=FACE_BOUND('',#3945,.T.);
#4208=FACE_BOUND('',#3946,.T.);
#4209=FACE_BOUND('',#3947,.T.);
#4210=FACE_BOUND('',#3948,.T.);
#4211=FACE_BOUND('',#3949,.T.);
#4212=FACE_BOUND('',#3950,.T.);
#4213=FACE_BOUND('',#3951,.T.);
#4214=FACE_BOUND('',#3952,.T.);
#4215=FACE_BOUND('',#3953,.T.);
#4216=FACE_BOUND('',#3954,.T.);
#4217=FACE_BOUND('',#3955,.T.);
#4218=FACE_BOUND('',#3956,.T.);
#4219=FACE_BOUND('',#3957,.T.);
#4220=ADVANCED_FACE('',(#3958),#7915,.T.);
#4221=ADVANCED_FACE('',(#3959),#7916,.T.);
#4222=ADVANCED_FACE('',(#3960),#7917,.T.);
#4223=ADVANCED_FACE('',(#3961),#7918,.T.);
#4224=ADVANCED_FACE('',(#3962),#7919,.T.);
#4225=ADVANCED_FACE('',(#3963),#7920,.T.);
#4226=ADVANCED_FACE('',(#3964),#7921,.T.);
#4227=ADVANCED_FACE('',(#3965),#7922,.T.);
#4228=ADVANCED_FACE('',(#3966),#7923,.T.);
#4229=ADVANCED_FACE('',(#3967),#7924,.T.);
#4230=ADVANCED_FACE('',(#3968),#372,.T.);
#4231=ADVANCED_FACE('',(#3969),#373,.T.);
#4232=ADVANCED_FACE('',(#3970),#374,.T.);
#4233=ADVANCED_FACE('',(#3971),#7925,.T.);
#4234=ADVANCED_FACE('',(#3972),#375,.T.);
#4235=ADVANCED_FACE('',(#3973),#376,.T.);
#4236=ADVANCED_FACE('',(#3974),#377,.T.);
#4237=ADVANCED_FACE('',(#3975),#378,.T.);
#4238=ADVANCED_FACE('',(#3976),#7926,.T.);
#4239=ADVANCED_FACE('',(#3977),#379,.T.);
#4240=ADVANCED_FACE('',(#3978),#380,.T.);
#4241=ADVANCED_FACE('',(#3979),#381,.T.);
#4242=ADVANCED_FACE('',(#3980),#7927,.T.);
#4243=ADVANCED_FACE('',(#3981),#7928,.T.);
#4244=ADVANCED_FACE('',(#3982),#7929,.T.);
#4245=ADVANCED_FACE('',(#3983),#382,.T.);
#4246=ADVANCED_FACE('',(#3984),#383,.T.);
#4247=ADVANCED_FACE('',(#3985),#384,.T.);
#4248=ADVANCED_FACE('',(#3986),#385,.T.);
#4249=ADVANCED_FACE('',(#3987),#386,.T.);
#4250=ADVANCED_FACE('',(#3988),#387,.T.);
#4251=ADVANCED_FACE('',(#3989),#7930,.T.);
#4252=ADVANCED_FACE('',(#3990),#7931,.T.);
#4253=ADVANCED_FACE('',(#3991,#3992),#7932,.T.);
#4254=ADVANCED_FACE('',(#3993),#7933,.T.);
#4255=ADVANCED_FACE('',(#3994),#7934,.T.);
#4256=ADVANCED_FACE('',(#3995),#388,.T.);
#4257=ADVANCED_FACE('',(#3996),#389,.T.);
#4258=ADVANCED_FACE('',(#3997),#390,.T.);
#4259=ADVANCED_FACE('',(#3998),#7935,.T.);
#4260=ADVANCED_FACE('',(#3999),#7936,.T.);
#4261=ADVANCED_FACE('',(#4000),#7937,.T.);
#4262=ADVANCED_FACE('',(#4001),#391,.T.);
#4263=ADVANCED_FACE('',(#4002),#392,.T.);
#4264=ADVANCED_FACE('',(#4003),#393,.T.);
#4265=ADVANCED_FACE('',(#4004),#7938,.T.);
#4266=ADVANCED_FACE('',(#4005),#7939,.T.);
#4267=ADVANCED_FACE('',(#4006),#7940,.T.);
#4268=ADVANCED_FACE('',(#4007),#7941,.T.);
#4269=ADVANCED_FACE('',(#4008),#7942,.T.);
#4270=ADVANCED_FACE('',(#4009),#394,.T.);
#4271=ADVANCED_FACE('',(#4010),#395,.T.);
#4272=ADVANCED_FACE('',(#4011),#396,.T.);
#4273=ADVANCED_FACE('',(#4012),#397,.T.);
#4274=ADVANCED_FACE('',(#4013),#398,.T.);
#4275=ADVANCED_FACE('',(#4014),#7943,.T.);
#4276=ADVANCED_FACE('',(#4015),#7944,.T.);
#4277=ADVANCED_FACE('',(#4016),#7945,.T.);
#4278=ADVANCED_FACE('',(#4017),#399,.T.);
#4279=ADVANCED_FACE('',(#4018),#7946,.T.);
#4280=ADVANCED_FACE('',(#4019),#400,.T.);
#4281=ADVANCED_FACE('',(#4020),#401,.T.);
#4282=ADVANCED_FACE('',(#4021),#402,.T.);
#4283=ADVANCED_FACE('',(#4022),#403,.T.);
#4284=ADVANCED_FACE('',(#4023),#404,.T.);
#4285=ADVANCED_FACE('',(#4024),#405,.T.);
#4286=ADVANCED_FACE('',(#4025),#406,.T.);
#4287=ADVANCED_FACE('',(#4026),#407,.T.);
#4288=ADVANCED_FACE('',(#4027),#408,.T.);
#4289=ADVANCED_FACE('',(#4028),#409,.T.);
#4290=ADVANCED_FACE('',(#4029),#410,.T.);
#4291=ADVANCED_FACE('',(#4030),#411,.T.);
#4292=ADVANCED_FACE('',(#4031),#7947,.T.);
#4293=ADVANCED_FACE('',(#4032),#412,.T.);
#4294=ADVANCED_FACE('',(#4033),#413,.T.);
#4295=ADVANCED_FACE('',(#4034),#414,.T.);
#4296=ADVANCED_FACE('',(#4035),#415,.T.);
#4297=ADVANCED_FACE('',(#4036),#416,.T.);
#4298=ADVANCED_FACE('',(#4037),#417,.T.);
#4299=ADVANCED_FACE('',(#4038),#418,.T.);
#4300=ADVANCED_FACE('',(#4039),#419,.T.);
#4301=ADVANCED_FACE('',(#4040),#420,.T.);
#4302=ADVANCED_FACE('',(#4041),#421,.T.);
#4303=ADVANCED_FACE('',(#4042),#422,.T.);
#4304=ADVANCED_FACE('',(#4043),#7948,.T.);
#4305=ADVANCED_FACE('',(#4044),#7949,.T.);
#4306=ADVANCED_FACE('',(#4045),#7950,.T.);
#4307=ADVANCED_FACE('',(#4046),#7951,.T.);
#4308=ADVANCED_FACE('',(#4047),#423,.T.);
#4309=ADVANCED_FACE('',(#4048),#424,.T.);
#4310=ADVANCED_FACE('',(#4049),#425,.T.);
#4311=ADVANCED_FACE('',(#4050),#7952,.T.);
#4312=ADVANCED_FACE('',(#4051),#7953,.T.);
#4313=ADVANCED_FACE('',(#4052),#7954,.T.);
#4314=ADVANCED_FACE('',(#4053),#7955,.T.);
#4315=ADVANCED_FACE('',(#4054),#7956,.T.);
#4316=ADVANCED_FACE('',(#4055),#426,.T.);
#4317=ADVANCED_FACE('',(#4056),#427,.T.);
#4318=ADVANCED_FACE('',(#4057),#7957,.T.);
#4319=ADVANCED_FACE('',(#4058),#428,.T.);
#4320=ADVANCED_FACE('',(#4059),#429,.T.);
#4321=ADVANCED_FACE('',(#4060),#430,.T.);
#4322=ADVANCED_FACE('',(#4061),#431,.T.);
#4323=ADVANCED_FACE('',(#4062),#432,.T.);
#4324=ADVANCED_FACE('',(#4063),#7958,.T.);
#4325=ADVANCED_FACE('',(#4064),#433,.T.);
#4326=ADVANCED_FACE('',(#4065),#434,.T.);
#4327=ADVANCED_FACE('',(#4066),#435,.T.);
#4328=ADVANCED_FACE('',(#4067),#436,.T.);
#4329=ADVANCED_FACE('',(#4068),#437,.T.);
#4330=ADVANCED_FACE('',(#4069),#438,.T.);
#4331=ADVANCED_FACE('',(#4070),#439,.T.);
#4332=ADVANCED_FACE('',(#4071),#440,.T.);
#4333=ADVANCED_FACE('',(#4072),#7959,.T.);
#4334=ADVANCED_FACE('',(#4073),#441,.T.);
#4335=ADVANCED_FACE('',(#4074),#442,.T.);
#4336=ADVANCED_FACE('',(#4075),#443,.T.);
#4337=ADVANCED_FACE('',(#4076),#7960,.T.);
#4338=ADVANCED_FACE('',(#4077),#444,.T.);
#4339=ADVANCED_FACE('',(#4078),#445,.T.);
#4340=ADVANCED_FACE('',(#4079),#446,.T.);
#4341=ADVANCED_FACE('',(#4080),#7961,.T.);
#4342=ADVANCED_FACE('',(#4081),#447,.T.);
#4343=ADVANCED_FACE('',(#4082),#448,.T.);
#4344=ADVANCED_FACE('',(#4083),#449,.T.);
#4345=ADVANCED_FACE('',(#4084),#450,.T.);
#4346=ADVANCED_FACE('',(#4085),#7962,.T.);
#4347=ADVANCED_FACE('',(#4086),#451,.T.);
#4348=ADVANCED_FACE('',(#4087),#452,.T.);
#4349=ADVANCED_FACE('',(#4088),#453,.T.);
#4350=ADVANCED_FACE('',(#4089),#7963,.T.);
#4351=ADVANCED_FACE('',(#4090),#7964,.T.);
#4352=ADVANCED_FACE('',(#4091),#7965,.T.);
#4353=ADVANCED_FACE('',(#4092),#454,.T.);
#4354=ADVANCED_FACE('',(#4093),#455,.T.);
#4355=ADVANCED_FACE('',(#4094),#456,.T.);
#4356=ADVANCED_FACE('',(#4095),#457,.T.);
#4357=ADVANCED_FACE('',(#4096),#458,.T.);
#4358=ADVANCED_FACE('',(#4097),#459,.T.);
#4359=ADVANCED_FACE('',(#4098),#7966,.T.);
#4360=ADVANCED_FACE('',(#4099),#7967,.T.);
#4361=ADVANCED_FACE('',(#4100,#4101),#7968,.T.);
#4362=ADVANCED_FACE('',(#4102),#7933,.T.);
#4363=ADVANCED_FACE('',(#4103),#460,.T.);
#4364=ADVANCED_FACE('',(#4104),#7969,.T.);
#4365=ADVANCED_FACE('',(#4105),#7970,.T.);
#4366=ADVANCED_FACE('',(#4106),#7971,.T.);
#4367=ADVANCED_FACE('',(#4107),#7972,.T.);
#4368=ADVANCED_FACE('',(#4108),#7973,.T.);
#4369=ADVANCED_FACE('',(#4109),#461,.T.);
#4370=ADVANCED_FACE('',(#4110),#462,.T.);
#4371=ADVANCED_FACE('',(#4111),#7974,.T.);
#4372=ADVANCED_FACE('',(#4112),#463,.T.);
#4373=ADVANCED_FACE('',(#4113),#7975,.T.);
#4374=ADVANCED_FACE('',(#4114),#464,.T.);
#4375=ADVANCED_FACE('',(#4115),#465,.T.);
#4376=ADVANCED_FACE('',(#4116),#466,.T.);
#4377=ADVANCED_FACE('',(#4117),#467,.T.);
#4378=ADVANCED_FACE('',(#4118),#7976,.T.);
#4379=ADVANCED_FACE('',(#4119),#7977,.T.);
#4380=ADVANCED_FACE('',(#4120),#468,.T.);
#4381=ADVANCED_FACE('',(#4121),#469,.T.);
#4382=ADVANCED_FACE('',(#4122),#470,.T.);
#4383=ADVANCED_FACE('',(#4123),#471,.T.);
#4384=ADVANCED_FACE('',(#4124),#7978,.T.);
#4385=ADVANCED_FACE('',(#4125),#472,.T.);
#4386=ADVANCED_FACE('',(#4126),#473,.T.);
#4387=ADVANCED_FACE('',(#4127),#474,.T.);
#4388=ADVANCED_FACE('',(#4128),#475,.T.);
#4389=ADVANCED_FACE('',(#4129),#476,.T.);
#4390=ADVANCED_FACE('',(#4130),#477,.T.);
#4391=ADVANCED_FACE('',(#4131),#7979,.T.);
#4392=ADVANCED_FACE('',(#4132),#478,.T.);
#4393=ADVANCED_FACE('',(#4133),#479,.T.);
#4394=ADVANCED_FACE('',(#4134,#4135),#7980,.T.);
#4395=ADVANCED_FACE('',(#4136),#7933,.T.);
#4396=ADVANCED_FACE('',(#4137),#7981,.T.);
#4397=ADVANCED_FACE('',(#4138),#7982,.T.);
#4398=ADVANCED_FACE('',(#4139),#7983,.T.);
#4399=ADVANCED_FACE('',(#4140),#7984,.T.);
#4400=ADVANCED_FACE('',(#4141),#7985,.T.);
#4401=ADVANCED_FACE('',(#4142),#7986,.T.);
#4402=ADVANCED_FACE('',(#4143),#7987,.T.);
#4403=ADVANCED_FACE('',(#4144),#7988,.T.);
#4404=ADVANCED_FACE('',(#4145),#7989,.T.);
#4405=ADVANCED_FACE('',(#4146),#7990,.T.);
#4406=ADVANCED_FACE('',(#4147),#7991,.T.);
#4407=ADVANCED_FACE('',(#4148),#7992,.T.);
#4408=ADVANCED_FACE('',(#4149),#7993,.T.);
#4409=ADVANCED_FACE('',(#4150),#7994,.T.);
#4410=ADVANCED_FACE('',(#4151),#7995,.T.);
#4411=ADVANCED_FACE('',(#4152),#7996,.T.);
#4412=ADVANCED_FACE('',(#4153),#7997,.T.);
#4413=ADVANCED_FACE('',(#4154),#7998,.T.);
#4414=ADVANCED_FACE('',(#4155),#7999,.T.);
#4415=ADVANCED_FACE('',(#4156),#8000,.T.);
#4416=ADVANCED_FACE('',(#4157),#8001,.T.);
#4417=ADVANCED_FACE('',(#4158),#8002,.T.);
#4418=ADVANCED_FACE('',(#4159),#8003,.T.);
#4419=ADVANCED_FACE('',(#4160),#8004,.T.);
#4420=ADVANCED_FACE('',(#4161),#8005,.T.);
#4421=ADVANCED_FACE('',(#4162),#8006,.T.);
#4422=ADVANCED_FACE('',(#4163),#8007,.F.);
#4423=ADVANCED_FACE('',(#4164),#8008,.F.);
#4424=ADVANCED_FACE('',(#4165),#8009,.F.);
#4425=ADVANCED_FACE('',(#4166),#8010,.F.);
#4426=ADVANCED_FACE('',(#4167),#8011,.F.);
#4427=ADVANCED_FACE('',(#4168),#8012,.F.);
#4428=ADVANCED_FACE('',(#4169,#4170,#4171,#4172,#4173,#4174,#4175,#4176,
#4177,#4178,#4179,#4180),#7933,.T.);
#4429=ADVANCED_FACE('',(#4181),#8013,.T.);
#4430=ADVANCED_FACE('',(#4182),#8014,.T.);
#4431=ADVANCED_FACE('',(#4183),#8015,.T.);
#4432=ADVANCED_FACE('',(#4184),#8016,.T.);
#4433=ADVANCED_FACE('',(#4185),#8017,.T.);
#4434=ADVANCED_FACE('',(#4186),#8018,.T.);
#4435=ADVANCED_FACE('',(#4187),#8019,.T.);
#4436=ADVANCED_FACE('',(#4188),#8020,.T.);
#4437=ADVANCED_FACE('',(#4189),#8021,.T.);
#4438=ADVANCED_FACE('',(#4190),#8022,.T.);
#4439=ADVANCED_FACE('',(#4191),#8023,.T.);
#4440=ADVANCED_FACE('',(#4192),#8024,.T.);
#4441=ADVANCED_FACE('',(#4193),#8025,.F.);
#4442=ADVANCED_FACE('',(#4194),#8026,.F.);
#4443=ADVANCED_FACE('',(#4195,#4196),#8027,.T.);
#4444=ADVANCED_FACE('',(#4197),#118,.T.);
#4445=ADVANCED_FACE('',(#4198),#114,.T.);
#4446=ADVANCED_FACE('',(#4199),#119,.T.);
#4447=ADVANCED_FACE('',(#4200),#104,.T.);
#4448=ADVANCED_FACE('',(#4201),#105,.T.);
#4449=ADVANCED_FACE('',(#4202),#106,.F.);
#4450=ADVANCED_FACE('',(#4203),#107,.T.);
#4451=ADVANCED_FACE('',(#4204),#108,.T.);
#4452=ADVANCED_FACE('',(#4205),#480,.F.);
#4453=ADVANCED_FACE('',(#4206),#115,.T.);
#4454=ADVANCED_FACE('',(#4207),#481,.F.);
#4455=ADVANCED_FACE('',(#4208),#116,.T.);
#4456=ADVANCED_FACE('',(#4209),#117,.T.);
#4457=ADVANCED_FACE('',(#4210),#109,.T.);
#4458=ADVANCED_FACE('',(#4211),#110,.T.);
#4459=ADVANCED_FACE('',(#4212),#111,.F.);
#4460=ADVANCED_FACE('',(#4213),#112,.T.);
#4461=ADVANCED_FACE('',(#4214),#113,.T.);
#4462=ADVANCED_FACE('',(#4215),#8028,.F.);
#4463=ADVANCED_FACE('',(#4216),#8029,.F.);
#4464=ADVANCED_FACE('',(#4217),#8030,.F.);
#4465=ADVANCED_FACE('',(#4218),#8031,.F.);
#4466=ADVANCED_FACE('',(#4219),#8032,.F.);
#4467=AXIS2_PLACEMENT_3D('',#5229,#4627,$);
#4468=AXIS2_PLACEMENT_3D('',#5238,#4632,$);
#4469=AXIS2_PLACEMENT_3D('',#5244,#4636,$);
#4470=AXIS2_PLACEMENT_3D('',#5250,#4640,$);
#4471=AXIS2_PLACEMENT_3D('',#5253,#4643,$);
#4472=AXIS2_PLACEMENT_3D('',#5254,#4644,$);
#4473=AXIS2_PLACEMENT_3D('',#5263,#4649,$);
#4474=AXIS2_PLACEMENT_3D('',#5269,#4653,$);
#4475=AXIS2_PLACEMENT_3D('',#5275,#4657,$);
#4476=AXIS2_PLACEMENT_3D('',#5278,#4660,$);
#4477=AXIS2_PLACEMENT_3D('',#5327,#4665,$);
#4478=AXIS2_PLACEMENT_3D('',#5393,#4673,$);
#4479=AXIS2_PLACEMENT_3D('',#5444,#4680,$);
#4480=AXIS2_PLACEMENT_3D('',#5450,#4684,$);
#4481=AXIS2_PLACEMENT_3D('',#5456,#4688,$);
#4482=AXIS2_PLACEMENT_3D('',#5552,#4698,$);
#4483=AXIS2_PLACEMENT_3D('',#5558,#4702,$);
#4484=AXIS2_PLACEMENT_3D('',#5561,#4705,$);
#4485=AXIS2_PLACEMENT_3D('',#5562,#4706,$);
#4486=AXIS2_PLACEMENT_3D('',#5563,#4707,$);
#4487=AXIS2_PLACEMENT_3D('',#5617,#4715,$);
#4488=AXIS2_PLACEMENT_3D('',#5623,#4719,$);
#4489=AXIS2_PLACEMENT_3D('',#5629,#4723,$);
#4490=AXIS2_PLACEMENT_3D('',#5680,#4730,$);
#4491=AXIS2_PLACEMENT_3D('',#5686,#4734,$);
#4492=AXIS2_PLACEMENT_3D('',#5692,#4738,$);
#4493=AXIS2_PLACEMENT_3D('',#5698,#4742,$);
#4494=AXIS2_PLACEMENT_3D('',#5704,#4746,$);
#4495=AXIS2_PLACEMENT_3D('',#5785,#4755,$);
#4496=AXIS2_PLACEMENT_3D('',#5791,#4759,$);
#4497=AXIS2_PLACEMENT_3D('',#5794,#4762,$);
#4498=AXIS2_PLACEMENT_3D('',#5813,#4765,$);
#4499=AXIS2_PLACEMENT_3D('',#5999,#4781,$);
#4500=AXIS2_PLACEMENT_3D('',#6167,#4795,$);
#4501=AXIS2_PLACEMENT_3D('',#6168,#4796,$);
#4502=AXIS2_PLACEMENT_3D('',#6177,#4801,$);
#4503=AXIS2_PLACEMENT_3D('',#6183,#4805,$);
#4504=AXIS2_PLACEMENT_3D('',#6234,#4812,$);
#4505=AXIS2_PLACEMENT_3D('',#6240,#4816,$);
#4506=AXIS2_PLACEMENT_3D('',#6246,#4820,$);
#4507=AXIS2_PLACEMENT_3D('',#6252,#4824,$);
#4508=AXIS2_PLACEMENT_3D('',#6258,#4828,$);
#4509=AXIS2_PLACEMENT_3D('',#6291,#4833,$);
#4510=AXIS2_PLACEMENT_3D('',#6370,#4840,$);
#4511=AXIS2_PLACEMENT_3D('',#6496,#4852,$);
#4512=AXIS2_PLACEMENT_3D('',#6544,#4858,$);
#4513=AXIS2_PLACEMENT_3D('',#6593,#4863,$);
#4514=AXIS2_PLACEMENT_3D('',#6659,#4871,$);
#4515=AXIS2_PLACEMENT_3D('',#6710,#4878,$);
#4516=AXIS2_PLACEMENT_3D('',#6716,#4882,$);
#4517=AXIS2_PLACEMENT_3D('',#6722,#4886,$);
#4518=AXIS2_PLACEMENT_3D('',#6818,#4896,$);
#4519=AXIS2_PLACEMENT_3D('',#6824,#4900,$);
#4520=AXIS2_PLACEMENT_3D('',#6827,#4903,$);
#4521=AXIS2_PLACEMENT_3D('',#6846,#4906,$);
#4522=AXIS2_PLACEMENT_3D('',#6852,#4910,$);
#4523=AXIS2_PLACEMENT_3D('',#6858,#4914,$);
#4524=AXIS2_PLACEMENT_3D('',#6864,#4918,$);
#4525=AXIS2_PLACEMENT_3D('',#6870,#4922,$);
#4526=AXIS2_PLACEMENT_3D('',#6906,#4928,$);
#4527=AXIS2_PLACEMENT_3D('',#6924,#4932,$);
#4528=AXIS2_PLACEMENT_3D('',#6988,#4938,$);
#4529=AXIS2_PLACEMENT_3D('',#6994,#4942,$);
#4530=AXIS2_PLACEMENT_3D('',#7060,#4950,$);
#4531=AXIS2_PLACEMENT_3D('',#7156,#4960,$);
#4532=AXIS2_PLACEMENT_3D('',#7189,#4965,$);
#4533=AXIS2_PLACEMENT_3D('',#7190,#4966,$);
#4534=AXIS2_PLACEMENT_3D('',#7199,#4971,$);
#4535=AXIS2_PLACEMENT_3D('',#7205,#4975,$);
#4536=AXIS2_PLACEMENT_3D('',#7211,#4979,$);
#4537=AXIS2_PLACEMENT_3D('',#7217,#4983,$);
#4538=AXIS2_PLACEMENT_3D('',#7223,#4987,$);
#4539=AXIS2_PLACEMENT_3D('',#7229,#4991,$);
#4540=AXIS2_PLACEMENT_3D('',#7235,#4995,$);
#4541=AXIS2_PLACEMENT_3D('',#7241,#4999,$);
#4542=AXIS2_PLACEMENT_3D('',#7247,#5003,$);
#4543=AXIS2_PLACEMENT_3D('',#7253,#5007,$);
#4544=AXIS2_PLACEMENT_3D('',#7259,#5011,$);
#4545=AXIS2_PLACEMENT_3D('',#7265,#5015,$);
#4546=AXIS2_PLACEMENT_3D('',#7268,#5018,$);
#4547=AXIS2_PLACEMENT_3D('',#7269,#5019,$);
#4548=AXIS2_PLACEMENT_3D('',#7278,#5024,$);
#4549=AXIS2_PLACEMENT_3D('',#7284,#5028,$);
#4550=AXIS2_PLACEMENT_3D('',#7290,#5032,$);
#4551=AXIS2_PLACEMENT_3D('',#7296,#5036,$);
#4552=AXIS2_PLACEMENT_3D('',#7302,#5040,$);
#4553=AXIS2_PLACEMENT_3D('',#7308,#5044,$);
#4554=AXIS2_PLACEMENT_3D('',#7314,#5048,$);
#4555=AXIS2_PLACEMENT_3D('',#7320,#5052,$);
#4556=AXIS2_PLACEMENT_3D('',#7326,#5056,$);
#4557=AXIS2_PLACEMENT_3D('',#7332,#5060,$);
#4558=AXIS2_PLACEMENT_3D('',#7338,#5064,$);
#4559=AXIS2_PLACEMENT_3D('',#7341,#5067,$);
#4560=AXIS2_PLACEMENT_3D('',#7347,#5071,$);
#4561=AXIS2_PLACEMENT_3D('',#7351,#5074,$);
#4562=AXIS2_PLACEMENT_3D('',#7355,#5077,$);
#4563=AXIS2_PLACEMENT_3D('',#7359,#5080,$);
#4564=AXIS2_PLACEMENT_3D('',#7363,#5083,$);
#4565=AXIS2_PLACEMENT_3D('',#7367,#5086,$);
#4566=AXIS2_PLACEMENT_3D('',#7373,#5090,$);
#4567=AXIS2_PLACEMENT_3D('',#7379,#5094,$);
#4568=AXIS2_PLACEMENT_3D('',#7383,#5097,$);
#4569=AXIS2_PLACEMENT_3D('',#7387,#5100,$);
#4570=AXIS2_PLACEMENT_3D('',#7393,#5104,$);
#4571=AXIS2_PLACEMENT_3D('',#7399,#5108,$);
#4572=AXIS2_PLACEMENT_3D('',#7405,#5112,$);
#4573=AXIS2_PLACEMENT_3D('',#7411,#5116,$);
#4574=AXIS2_PLACEMENT_3D('',#7417,#5120,$);
#4575=AXIS2_PLACEMENT_3D('',#7419,#5122,$);
#4576=AXIS2_PLACEMENT_3D('',#7424,#5126,$);
#4577=AXIS2_PLACEMENT_3D('',#7426,#5128,$);
#4578=AXIS2_PLACEMENT_3D('',#7429,#5131,$);
#4579=AXIS2_PLACEMENT_3D('',#7430,#5132,$);
#4580=AXIS2_PLACEMENT_3D('',#7431,#5133,#5134);
#4581=AXIS2_PLACEMENT_3D('',#7434,#5135,#5136);
#4582=AXIS2_PLACEMENT_3D('',#7436,#5137,#5138);
#4583=AXIS2_PLACEMENT_3D('',#7438,#5139,#5140);
#4584=AXIS2_PLACEMENT_3D('',#7440,#5141,#5142);
#4585=AXIS2_PLACEMENT_3D('',#7442,#5143,#5144);
#4586=AXIS2_PLACEMENT_3D('',#7443,#5145,$);
#4587=AXIS2_PLACEMENT_3D('',#7522,#5146,#5147);
#4588=AXIS2_PLACEMENT_3D('',#7524,#5148,#5149);
#4589=AXIS2_PLACEMENT_3D('',#7525,#5150,$);
#4590=AXIS2_PLACEMENT_3D('',#7526,#5151,#5152);
#4591=AXIS2_PLACEMENT_3D('',#7528,#5153,#5154);
#4592=AXIS2_PLACEMENT_3D('',#7529,#5155,$);
#4593=AXIS2_PLACEMENT_3D('',#7557,#5156,#5157);
#4594=AXIS2_PLACEMENT_3D('',#7609,#5158,#5159);
#4595=AXIS2_PLACEMENT_3D('',#7612,#5161,#5162);
#4596=AXIS2_PLACEMENT_3D('',#7658,#5164,#5165);
#4597=AXIS2_PLACEMENT_3D('',#7661,#5167,#5168);
#4598=AXIS2_PLACEMENT_3D('',#7662,#5169,#5170);
#4599=AXIS2_PLACEMENT_3D('',#7665,#5172,#5173);
#4600=AXIS2_PLACEMENT_3D('',#7666,#5174,#5175);
#4601=AXIS2_PLACEMENT_3D('',#7669,#5177,#5178);
#4602=AXIS2_PLACEMENT_3D('',#7670,#5179,#5180);
#4603=AXIS2_PLACEMENT_3D('',#7716,#5182,#5183);
#4604=AXIS2_PLACEMENT_3D('',#7777,#5184,#5185);
#4605=AXIS2_PLACEMENT_3D('',#7800,#5186,$);
#4606=AXIS2_PLACEMENT_3D('',#7801,#5187,#5188);
#4607=AXIS2_PLACEMENT_3D('',#7862,#5189,#5190);
#4608=AXIS2_PLACEMENT_3D('',#7885,#5191,$);
#4609=AXIS2_PLACEMENT_3D('',#7886,#5192,#5193);
#4610=AXIS2_PLACEMENT_3D('',#7887,#5194,$);
#4611=AXIS2_PLACEMENT_3D('',#7888,#5195,#5196);
#4612=AXIS2_PLACEMENT_3D('',#7889,#5197,#5198);
#4613=AXIS2_PLACEMENT_3D('',#7892,#5200,#5201);
#4614=AXIS2_PLACEMENT_3D('',#7893,#5202,#5203);
#4615=AXIS2_PLACEMENT_3D('',#7896,#5205,#5206);
#4616=AXIS2_PLACEMENT_3D('',#7897,#5207,#5208);
#4617=AXIS2_PLACEMENT_3D('',#7900,#5210,#5211);
#4618=AXIS2_PLACEMENT_3D('',#7901,#5212,#5213);
#4619=AXIS2_PLACEMENT_3D('',#7904,#5215,#5216);
#4620=AXIS2_PLACEMENT_3D('',#7905,#5217,#5218);
#4621=AXIS2_PLACEMENT_3D('',#7906,#5219,#5220);
#4622=AXIS2_PLACEMENT_3D('',#7907,#5221,$);
#4623=AXIS2_PLACEMENT_3D('',#7909,#5223,$);
#4624=AXIS2_PLACEMENT_3D('',#7911,#5225,$);
#4625=AXIS2_PLACEMENT_3D('',#7913,#5227,$);
#4626=AXIS2_PLACEMENT_3D('',#7914,#5228,$);
#4627=DIRECTION('',(-1.,0.,0.));
#4628=DIRECTION('',(0.,0.,-1.));
#4629=DIRECTION('',(0.,1.,0.));
#4630=DIRECTION('',(0.,0.,-1.));
#4631=DIRECTION('',(0.,1.,0.));
#4632=DIRECTION('',(0.,0.,-1.));
#4633=DIRECTION('',(1.,0.,0.));
#4634=DIRECTION('',(0.,1.,0.));
#4635=DIRECTION('',(1.,0.,0.));
#4636=DIRECTION('',(1.,0.,0.));
#4637=DIRECTION('',(0.,0.,1.));
#4638=DIRECTION('',(0.,1.,0.));
#4639=DIRECTION('',(0.,0.,1.));
#4640=DIRECTION('',(0.,0.,1.));
#4641=DIRECTION('',(-1.,0.,0.));
#4642=DIRECTION('',(-1.,0.,0.));
#4643=DIRECTION('',(-4.87064112000888E-28,1.,4.90466946559615E-31));
#4644=DIRECTION('',(-1.,0.,0.));
#4645=DIRECTION('',(0.,0.,-1.));
#4646=DIRECTION('',(0.,1.,0.));
#4647=DIRECTION('',(0.,0.,-1.));
#4648=DIRECTION('',(0.,1.,0.));
#4649=DIRECTION('',(0.,0.,-1.));
#4650=DIRECTION('',(1.,0.,0.));
#4651=DIRECTION('',(0.,1.,0.));
#4652=DIRECTION('',(1.,0.,0.));
#4653=DIRECTION('',(1.,0.,0.));
#4654=DIRECTION('',(0.,0.,1.));
#4655=DIRECTION('',(0.,1.,0.));
#4656=DIRECTION('',(0.,0.,1.));
#4657=DIRECTION('',(0.,0.,1.));
#4658=DIRECTION('',(-1.,0.,0.));
#4659=DIRECTION('',(-1.,0.,0.));
#4660=DIRECTION('',(6.93697371637629E-28,1.,4.90466946559612E-31));
#4661=DIRECTION('',(0.,1.,0.));
#4662=DIRECTION('',(0.,1.,0.));
#4663=DIRECTION('',(0.,1.,0.));
#4664=DIRECTION('',(0.,1.,0.));
#4665=DIRECTION('',(0.,0.,-1.));
#4666=DIRECTION('',(1.,0.,0.));
#4667=DIRECTION('',(0.,1.,0.));
#4668=DIRECTION('',(1.,0.,0.));
#4669=DIRECTION('',(0.,1.,0.));
#4670=DIRECTION('',(0.,1.,0.));
#4671=DIRECTION('',(0.,1.,0.));
#4672=DIRECTION('',(0.,1.,0.));
#4673=DIRECTION('',(0.,0.,1.));
#4674=DIRECTION('',(-1.,0.,0.));
#4675=DIRECTION('',(0.,1.,0.));
#4676=DIRECTION('',(-1.,0.,0.));
#4677=DIRECTION('',(0.,1.,0.));
#4678=DIRECTION('',(0.,1.,0.));
#4679=DIRECTION('',(0.,1.,0.));
#4680=DIRECTION('',(1.,0.,0.));
#4681=DIRECTION('',(0.,0.,1.));
#4682=DIRECTION('',(0.,1.,0.));
#4683=DIRECTION('',(0.,0.,1.));
#4684=DIRECTION('',(0.,0.,1.));
#4685=DIRECTION('',(-1.,0.,0.));
#4686=DIRECTION('',(0.,1.,0.));
#4687=DIRECTION('',(-1.,0.,0.));
#4688=DIRECTION('',(-1.,0.,0.));
#4689=DIRECTION('',(0.,0.,-1.));
#4690=DIRECTION('',(0.,1.,0.));
#4691=DIRECTION('',(0.,0.,-1.));
#4692=DIRECTION('',(0.,1.,0.));
#4693=DIRECTION('',(0.,1.,0.));
#4694=DIRECTION('',(0.,1.,0.));
#4695=DIRECTION('',(0.,1.,0.));
#4696=DIRECTION('',(0.,1.,0.));
#4697=DIRECTION('',(0.,1.,0.));
#4698=DIRECTION('',(-1.,0.,0.));
#4699=DIRECTION('',(0.,0.,-1.));
#4700=DIRECTION('',(0.,1.,0.));
#4701=DIRECTION('',(0.,0.,-1.));
#4702=DIRECTION('',(0.,0.,1.));
#4703=DIRECTION('',(-1.,0.,0.));
#4704=DIRECTION('',(-1.,0.,0.));
#4705=DIRECTION('',(-1.12733881813932E-28,1.,9.91151890235134E-30));
#4706=DIRECTION('',(0.,1.,0.));
#4707=DIRECTION('',(-1.,0.,0.));
#4708=DIRECTION('',(0.,0.,-1.));
#4709=DIRECTION('',(0.,1.,0.));
#4710=DIRECTION('',(0.,0.,-1.));
#4711=DIRECTION('',(0.,1.,0.));
#4712=DIRECTION('',(0.,1.,0.));
#4713=DIRECTION('',(0.,1.,0.));
#4714=DIRECTION('',(0.,1.,0.));
#4715=DIRECTION('',(1.,0.,0.));
#4716=DIRECTION('',(0.,0.,1.));
#4717=DIRECTION('',(0.,1.,0.));
#4718=DIRECTION('',(0.,0.,1.));
#4719=DIRECTION('',(0.,0.,1.));
#4720=DIRECTION('',(-1.,0.,0.));
#4721=DIRECTION('',(0.,1.,0.));
#4722=DIRECTION('',(-1.,0.,0.));
#4723=DIRECTION('',(-1.,0.,0.));
#4724=DIRECTION('',(0.,0.,-1.));
#4725=DIRECTION('',(0.,1.,0.));
#4726=DIRECTION('',(0.,0.,-1.));
#4727=DIRECTION('',(0.,1.,0.));
#4728=DIRECTION('',(0.,1.,0.));
#4729=DIRECTION('',(0.,1.,0.));
#4730=DIRECTION('',(1.,0.,0.));
#4731=DIRECTION('',(0.,0.,1.));
#4732=DIRECTION('',(0.,1.,0.));
#4733=DIRECTION('',(0.,0.,1.));
#4734=DIRECTION('',(0.,0.,1.));
#4735=DIRECTION('',(-1.,0.,0.));
#4736=DIRECTION('',(0.,1.,0.));
#4737=DIRECTION('',(-1.,0.,0.));
#4738=DIRECTION('',(-1.,0.,0.));
#4739=DIRECTION('',(0.,0.,-1.));
#4740=DIRECTION('',(0.,1.,0.));
#4741=DIRECTION('',(0.,0.,-1.));
#4742=DIRECTION('',(0.,0.,-1.));
#4743=DIRECTION('',(1.,0.,0.));
#4744=DIRECTION('',(0.,1.,0.));
#4745=DIRECTION('',(1.,0.,0.));
#4746=DIRECTION('',(1.,0.,0.));
#4747=DIRECTION('',(0.,0.,1.));
#4748=DIRECTION('',(0.,1.,0.));
#4749=DIRECTION('',(0.,0.,1.));
#4750=DIRECTION('',(0.,1.,0.));
#4751=DIRECTION('',(0.,1.,0.));
#4752=DIRECTION('',(0.,1.,0.));
#4753=DIRECTION('',(0.,1.,0.));
#4754=DIRECTION('',(0.,1.,0.));
#4755=DIRECTION('',(1.,0.,0.));
#4756=DIRECTION('',(0.,0.,1.));
#4757=DIRECTION('',(0.,1.,0.));
#4758=DIRECTION('',(0.,0.,1.));
#4759=DIRECTION('',(0.,0.,1.));
#4760=DIRECTION('',(-1.,0.,0.));
#4761=DIRECTION('',(-1.,0.,0.));
#4762=DIRECTION('',(1.42232163353803E-30,1.,1.41474682129132E-28));
#4763=DIRECTION('',(0.,1.,0.));
#4764=DIRECTION('',(0.,1.,0.));
#4765=DIRECTION('',(0.,0.,-1.));
#4766=DIRECTION('',(1.,0.,0.));
#4767=DIRECTION('',(0.,1.,0.));
#4768=DIRECTION('',(1.,0.,0.));
#4769=DIRECTION('',(0.,1.,0.));
#4770=DIRECTION('',(0.,1.,0.));
#4771=DIRECTION('',(0.,1.,0.));
#4772=DIRECTION('',(0.,1.,0.));
#4773=DIRECTION('',(0.,1.,0.));
#4774=DIRECTION('',(0.,1.,0.));
#4775=DIRECTION('',(0.,1.,0.));
#4776=DIRECTION('',(0.,1.,0.));
#4777=DIRECTION('',(0.,1.,0.));
#4778=DIRECTION('',(0.,1.,0.));
#4779=DIRECTION('',(0.,1.,0.));
#4780=DIRECTION('',(0.,1.,0.));
#4781=DIRECTION('',(0.,0.,1.));
#4782=DIRECTION('',(-1.,0.,0.));
#4783=DIRECTION('',(0.,1.,0.));
#4784=DIRECTION('',(-1.,0.,0.));
#4785=DIRECTION('',(0.,1.,0.));
#4786=DIRECTION('',(0.,1.,0.));
#4787=DIRECTION('',(0.,1.,0.));
#4788=DIRECTION('',(0.,1.,0.));
#4789=DIRECTION('',(0.,1.,0.));
#4790=DIRECTION('',(0.,1.,0.));
#4791=DIRECTION('',(0.,1.,0.));
#4792=DIRECTION('',(0.,1.,0.));
#4793=DIRECTION('',(0.,1.,0.));
#4794=DIRECTION('',(0.,1.,0.));
#4795=DIRECTION('',(2.13753513460358E-28,1.,-3.36789092571793E-29));
#4796=DIRECTION('',(1.,0.,0.));
#4797=DIRECTION('',(0.,0.,1.));
#4798=DIRECTION('',(0.,1.,0.));
#4799=DIRECTION('',(0.,0.,1.));
#4800=DIRECTION('',(0.,1.,0.));
#4801=DIRECTION('',(0.,0.,1.));
#4802=DIRECTION('',(-1.,0.,0.));
#4803=DIRECTION('',(0.,1.,0.));
#4804=DIRECTION('',(-1.,0.,0.));
#4805=DIRECTION('',(-1.,0.,0.));
#4806=DIRECTION('',(0.,0.,-1.));
#4807=DIRECTION('',(0.,1.,0.));
#4808=DIRECTION('',(0.,0.,-1.));
#4809=DIRECTION('',(0.,1.,0.));
#4810=DIRECTION('',(0.,1.,0.));
#4811=DIRECTION('',(0.,1.,0.));
#4812=DIRECTION('',(1.,0.,0.));
#4813=DIRECTION('',(0.,0.,1.));
#4814=DIRECTION('',(0.,1.,0.));
#4815=DIRECTION('',(0.,0.,1.));
#4816=DIRECTION('',(0.,0.,1.));
#4817=DIRECTION('',(-1.,0.,0.));
#4818=DIRECTION('',(0.,1.,0.));
#4819=DIRECTION('',(-1.,0.,0.));
#4820=DIRECTION('',(-1.,0.,0.));
#4821=DIRECTION('',(0.,0.,-1.));
#4822=DIRECTION('',(0.,1.,0.));
#4823=DIRECTION('',(0.,0.,-1.));
#4824=DIRECTION('',(0.,0.,-1.));
#4825=DIRECTION('',(1.,0.,0.));
#4826=DIRECTION('',(0.,1.,0.));
#4827=DIRECTION('',(1.,0.,0.));
#4828=DIRECTION('',(1.,0.,0.));
#4829=DIRECTION('',(0.,0.,1.));
#4830=DIRECTION('',(0.,1.,0.));
#4831=DIRECTION('',(0.,0.,1.));
#4832=DIRECTION('',(0.,1.,0.));
#4833=DIRECTION('',(1.85973670724914E-28,1.,-1.89125438139191E-29));
#4834=DIRECTION('',(0.,1.,0.));
#4835=DIRECTION('',(0.,1.,0.));
#4836=DIRECTION('',(0.,1.,0.));
#4837=DIRECTION('',(0.,1.,0.));
#4838=DIRECTION('',(0.,1.,0.));
#4839=DIRECTION('',(0.,1.,0.));
#4840=DIRECTION('',(0.,0.,1.));
#4841=DIRECTION('',(-1.,0.,0.));
#4842=DIRECTION('',(0.,1.,0.));
#4843=DIRECTION('',(-1.,0.,0.));
#4844=DIRECTION('',(0.,1.,0.));
#4845=DIRECTION('',(0.,1.,0.));
#4846=DIRECTION('',(0.,1.,0.));
#4847=DIRECTION('',(0.,1.,0.));
#4848=DIRECTION('',(0.,1.,0.));
#4849=DIRECTION('',(0.,1.,0.));
#4850=DIRECTION('',(0.,1.,0.));
#4851=DIRECTION('',(0.,1.,0.));
#4852=DIRECTION('',(0.,0.,-1.));
#4853=DIRECTION('',(1.,0.,0.));
#4854=DIRECTION('',(0.,1.,0.));
#4855=DIRECTION('',(1.,0.,0.));
#4856=DIRECTION('',(0.,1.,0.));
#4857=DIRECTION('',(0.,1.,0.));
#4858=DIRECTION('',(-5.81575774383042E-30,1.,-7.74929014762931E-30));
#4859=DIRECTION('',(0.,1.,0.));
#4860=DIRECTION('',(0.,1.,0.));
#4861=DIRECTION('',(0.,1.,0.));
#4862=DIRECTION('',(0.,1.,0.));
#4863=DIRECTION('',(0.,0.,-1.));
#4864=DIRECTION('',(1.,0.,0.));
#4865=DIRECTION('',(0.,1.,0.));
#4866=DIRECTION('',(1.,0.,0.));
#4867=DIRECTION('',(0.,1.,0.));
#4868=DIRECTION('',(0.,1.,0.));
#4869=DIRECTION('',(0.,1.,0.));
#4870=DIRECTION('',(0.,1.,0.));
#4871=DIRECTION('',(0.,0.,1.));
#4872=DIRECTION('',(-1.,0.,0.));
#4873=DIRECTION('',(0.,1.,0.));
#4874=DIRECTION('',(-1.,0.,0.));
#4875=DIRECTION('',(0.,1.,0.));
#4876=DIRECTION('',(0.,1.,0.));
#4877=DIRECTION('',(0.,1.,0.));
#4878=DIRECTION('',(1.,0.,0.));
#4879=DIRECTION('',(0.,0.,1.));
#4880=DIRECTION('',(0.,1.,0.));
#4881=DIRECTION('',(0.,0.,1.));
#4882=DIRECTION('',(0.,0.,1.));
#4883=DIRECTION('',(-1.,0.,0.));
#4884=DIRECTION('',(0.,1.,0.));
#4885=DIRECTION('',(-1.,0.,0.));
#4886=DIRECTION('',(-1.,0.,0.));
#4887=DIRECTION('',(0.,0.,-1.));
#4888=DIRECTION('',(0.,1.,0.));
#4889=DIRECTION('',(0.,0.,-1.));
#4890=DIRECTION('',(0.,1.,0.));
#4891=DIRECTION('',(0.,1.,0.));
#4892=DIRECTION('',(0.,1.,0.));
#4893=DIRECTION('',(0.,1.,0.));
#4894=DIRECTION('',(0.,1.,0.));
#4895=DIRECTION('',(0.,1.,0.));
#4896=DIRECTION('',(-1.,0.,0.));
#4897=DIRECTION('',(0.,0.,-1.));
#4898=DIRECTION('',(0.,1.,0.));
#4899=DIRECTION('',(0.,0.,-1.));
#4900=DIRECTION('',(0.,0.,1.));
#4901=DIRECTION('',(-1.,0.,0.));
#4902=DIRECTION('',(-1.,0.,0.));
#4903=DIRECTION('',(-5.9447318469111E-29,1.,-3.39847630235309E-29));
#4904=DIRECTION('',(0.,1.,0.));
#4905=DIRECTION('',(0.,1.,0.));
#4906=DIRECTION('',(1.,0.,0.));
#4907=DIRECTION('',(0.,0.,1.));
#4908=DIRECTION('',(0.,1.,0.));
#4909=DIRECTION('',(0.,0.,1.));
#4910=DIRECTION('',(0.,0.,1.));
#4911=DIRECTION('',(-1.,0.,0.));
#4912=DIRECTION('',(0.,1.,0.));
#4913=DIRECTION('',(-1.,0.,0.));
#4914=DIRECTION('',(-1.,0.,0.));
#4915=DIRECTION('',(0.,0.,-1.));
#4916=DIRECTION('',(0.,1.,0.));
#4917=DIRECTION('',(0.,0.,-1.));
#4918=DIRECTION('',(0.,0.,-1.));
#4919=DIRECTION('',(1.,0.,0.));
#4920=DIRECTION('',(0.,1.,0.));
#4921=DIRECTION('',(1.,0.,0.));
#4922=DIRECTION('',(1.,0.,0.));
#4923=DIRECTION('',(0.,0.,1.));
#4924=DIRECTION('',(0.,1.,0.));
#4925=DIRECTION('',(0.,0.,1.));
#4926=DIRECTION('',(0.,1.,0.));
#4927=DIRECTION('',(0.,1.,0.));
#4928=DIRECTION('',(1.,0.,0.));
#4929=DIRECTION('',(0.,0.,1.));
#4930=DIRECTION('',(0.,1.,0.));
#4931=DIRECTION('',(0.,0.,1.));
#4932=DIRECTION('',(-1.10914714450081E-28,1.,-2.63737106077004E-29));
#4933=DIRECTION('',(0.,1.,0.));
#4934=DIRECTION('',(0.,1.,0.));
#4935=DIRECTION('',(0.,1.,0.));
#4936=DIRECTION('',(0.,1.,0.));
#4937=DIRECTION('',(0.,1.,0.));
#4938=DIRECTION('',(1.,0.,0.));
#4939=DIRECTION('',(0.,0.,1.));
#4940=DIRECTION('',(0.,1.,0.));
#4941=DIRECTION('',(0.,0.,1.));
#4942=DIRECTION('',(0.,0.,1.));
#4943=DIRECTION('',(-1.,0.,0.));
#4944=DIRECTION('',(0.,1.,0.));
#4945=DIRECTION('',(-1.,0.,0.));
#4946=DIRECTION('',(0.,1.,0.));
#4947=DIRECTION('',(0.,1.,0.));
#4948=DIRECTION('',(0.,1.,0.));
#4949=DIRECTION('',(0.,1.,0.));
#4950=DIRECTION('',(0.,0.,-1.));
#4951=DIRECTION('',(1.,0.,0.));
#4952=DIRECTION('',(0.,1.,0.));
#4953=DIRECTION('',(1.,0.,0.));
#4954=DIRECTION('',(0.,1.,0.));
#4955=DIRECTION('',(0.,1.,0.));
#4956=DIRECTION('',(0.,1.,0.));
#4957=DIRECTION('',(0.,1.,0.));
#4958=DIRECTION('',(0.,1.,0.));
#4959=DIRECTION('',(0.,1.,0.));
#4960=DIRECTION('',(0.,0.,-1.));
#4961=DIRECTION('',(1.,0.,0.));
#4962=DIRECTION('',(0.,1.,0.));
#4963=DIRECTION('',(1.,0.,0.));
#4964=DIRECTION('',(0.,1.,0.));
#4965=DIRECTION('',(-2.19758084511748E-29,1.,6.30204376472089E-30));
#4966=DIRECTION('',(0.948054337233547,0.,0.318108430653229));
#4967=DIRECTION('',(-0.318108430653229,0.,0.948054337233547));
#4968=DIRECTION('',(0.,1.,0.));
#4969=DIRECTION('',(-0.318108430653229,0.,0.948054337233547));
#4970=DIRECTION('',(0.,1.,0.));
#4971=DIRECTION('',(0.,0.,1.));
#4972=DIRECTION('',(-1.,0.,0.));
#4973=DIRECTION('',(0.,1.,0.));
#4974=DIRECTION('',(-1.,0.,0.));
#4975=DIRECTION('',(-0.948226158973987,0.,0.317595893294354));
#4976=DIRECTION('',(-0.317595893294354,0.,-0.948226158973987));
#4977=DIRECTION('',(0.,1.,0.));
#4978=DIRECTION('',(-0.317595893294354,0.,-0.948226158973987));
#4979=DIRECTION('',(1.,0.,0.));
#4980=DIRECTION('',(0.,0.,1.));
#4981=DIRECTION('',(0.,1.,0.));
#4982=DIRECTION('',(0.,0.,1.));
#4983=DIRECTION('',(0.,0.,1.));
#4984=DIRECTION('',(-1.,0.,0.));
#4985=DIRECTION('',(0.,1.,0.));
#4986=DIRECTION('',(-1.,0.,0.));
#4987=DIRECTION('',(-1.,0.,0.));
#4988=DIRECTION('',(0.,0.,-1.));
#4989=DIRECTION('',(0.,1.,0.));
#4990=DIRECTION('',(0.,0.,-1.));
#4991=DIRECTION('',(0.,0.,-1.));
#4992=DIRECTION('',(1.,0.,0.));
#4993=DIRECTION('',(0.,1.,0.));
#4994=DIRECTION('',(1.,0.,0.));
#4995=DIRECTION('',(0.951162634622352,0.,-0.308690204733266));
#4996=DIRECTION('',(0.308690204733266,0.,0.951162634622352));
#4997=DIRECTION('',(0.,1.,0.));
#4998=DIRECTION('',(0.308690204733266,0.,0.951162634622352));
#4999=DIRECTION('',(-0.950647592298495,0.,-0.310272711106012));
#5000=DIRECTION('',(0.310272711106012,0.,-0.950647592298495));
#5001=DIRECTION('',(0.,1.,0.));
#5002=DIRECTION('',(0.310272711106012,0.,-0.950647592298495));
#5003=DIRECTION('',(0.,0.,-1.));
#5004=DIRECTION('',(1.,0.,0.));
#5005=DIRECTION('',(0.,1.,0.));
#5006=DIRECTION('',(1.,0.,0.));
#5007=DIRECTION('',(1.,0.,0.));
#5008=DIRECTION('',(0.,0.,1.));
#5009=DIRECTION('',(0.,1.,0.));
#5010=DIRECTION('',(0.,0.,1.));
#5011=DIRECTION('',(0.,0.,1.));
#5012=DIRECTION('',(-1.,0.,0.));
#5013=DIRECTION('',(0.,1.,0.));
#5014=DIRECTION('',(-1.,0.,0.));
#5015=DIRECTION('',(-1.,0.,0.));
#5016=DIRECTION('',(0.,0.,-1.));
#5017=DIRECTION('',(0.,0.,-1.));
#5018=DIRECTION('',(3.8254189736424E-29,1.,5.48181928143646E-30));
#5019=DIRECTION('',(0.612372435695794,0.707106781186548,0.353553390593274));
#5020=DIRECTION('',(0.500000000000001,0.,-0.866025403784438));
#5021=DIRECTION('',(-0.508589802709484,0.694746590606866,-0.508589802709477));
#5022=DIRECTION('',(-0.500000000000001,0.,0.866025403784438));
#5023=DIRECTION('',(-0.694746590606865,0.694746590606865,-0.186156787897389));
#5024=DIRECTION('',(0.353553390593276,0.707106781186547,0.612372435695794));
#5025=DIRECTION('',(0.866025403784437,0.,-0.500000000000003));
#5026=DIRECTION('',(-0.186156787897384,0.694746590606866,-0.694746590606866));
#5027=DIRECTION('',(-0.866025403784437,0.,0.500000000000003));
#5028=DIRECTION('',(0.,0.707106781186548,0.707106781186548));
#5029=DIRECTION('',(1.,0.,0.));
#5030=DIRECTION('',(0.186156787897385,0.694746590606866,-0.694746590606866));
#5031=DIRECTION('',(-1.,0.,0.));
#5032=DIRECTION('',(-0.353553390593274,0.707106781186548,0.612372435695794));
#5033=DIRECTION('',(0.866025403784438,0.,0.500000000000001));
#5034=DIRECTION('',(0.508589802709479,0.694746590606866,-0.508589802709481));
#5035=DIRECTION('',(-0.866025403784438,0.,-0.500000000000001));
#5036=DIRECTION('',(-0.612372435695793,0.707106781186547,0.353553390593276));
#5037=DIRECTION('',(0.500000000000003,0.,0.866025403784437));
#5038=DIRECTION('',(0.694746590606866,0.694746590606866,-0.186156787897384));
#5039=DIRECTION('',(-0.500000000000003,0.,-0.866025403784437));
#5040=DIRECTION('',(-0.707106781186548,0.707106781186548,0.));
#5041=DIRECTION('',(0.,0.,1.));
#5042=DIRECTION('',(0.694746590606865,0.694746590606865,0.186156787897389));
#5043=DIRECTION('',(0.,0.,-1.));
#5044=DIRECTION('',(-0.612372435695794,0.707106781186548,-0.353553390593274));
#5045=DIRECTION('',(-0.500000000000001,0.,0.866025403784438));
#5046=DIRECTION('',(0.508589802709482,0.694746590606866,0.508589802709477));
#5047=DIRECTION('',(0.500000000000001,0.,-0.866025403784438));
#5048=DIRECTION('',(-0.353553390593275,0.707106781186547,-0.612372435695794));
#5049=DIRECTION('',(-0.866025403784437,0.,0.500000000000002));
#5050=DIRECTION('',(0.186156787897382,0.694746590606866,0.694746590606866));
#5051=DIRECTION('',(0.866025403784437,0.,-0.500000000000002));
#5052=DIRECTION('',(0.,0.707106781186548,-0.707106781186548));
#5053=DIRECTION('',(-1.,0.,0.));
#5054=DIRECTION('',(-0.186156787897388,0.694746590606865,0.694746590606865));
#5055=DIRECTION('',(1.,0.,0.));
#5056=DIRECTION('',(0.353553390593275,0.707106781186548,-0.612372435695793));
#5057=DIRECTION('',(-0.866025403784438,0.,-0.500000000000002));
#5058=DIRECTION('',(-0.50858980270948,0.694746590606866,0.50858980270948));
#5059=DIRECTION('',(0.866025403784438,0.,0.500000000000002));
#5060=DIRECTION('',(0.612372435695793,0.707106781186548,-0.353553390593275));
#5061=DIRECTION('',(-0.500000000000002,0.,-0.866025403784438));
#5062=DIRECTION('',(-0.694746590606865,0.694746590606865,0.186156787897388));
#5063=DIRECTION('',(0.500000000000002,0.,0.866025403784438));
#5064=DIRECTION('',(0.707106781186548,0.707106781186548,0.));
#5065=DIRECTION('',(0.,0.,-1.));
#5066=DIRECTION('',(0.,0.,1.));
#5067=DIRECTION('',(0.500000000000002,0.,0.866025403784437));
#5068=DIRECTION('',(0.,-1.,0.));
#5069=DIRECTION('',(-0.866025403784437,0.,0.500000000000002));
#5070=DIRECTION('',(0.,-1.,0.));
#5071=DIRECTION('',(0.,0.,1.));
#5072=DIRECTION('',(0.,-1.,0.));
#5073=DIRECTION('',(-1.,0.,0.));
#5074=DIRECTION('',(-0.500000000000002,0.,0.866025403784438));
#5075=DIRECTION('',(0.,-1.,0.));
#5076=DIRECTION('',(-0.866025403784438,0.,-0.500000000000002));
#5077=DIRECTION('',(-0.866025403784438,0.,0.500000000000002));
#5078=DIRECTION('',(0.,-1.,0.));
#5079=DIRECTION('',(-0.500000000000002,0.,-0.866025403784438));
#5080=DIRECTION('',(-1.,0.,0.));
#5081=DIRECTION('',(0.,-1.,0.));
#5082=DIRECTION('',(0.,0.,-1.));
#5083=DIRECTION('',(-0.866025403784438,0.,-0.500000000000001));
#5084=DIRECTION('',(0.,-1.,0.));
#5085=DIRECTION('',(0.500000000000001,0.,-0.866025403784438));
#5086=DIRECTION('',(0.707106781186547,0.707106781186547,0.));
#5087=DIRECTION('',(0.,0.,1.));
#5088=DIRECTION('',(0.694746590606866,-0.694746590606866,-0.186156787897386));
#5089=DIRECTION('',(0.694746590606866,-0.694746590606866,0.186156787897386));
#5090=DIRECTION('',(0.353553390593275,0.707106781186547,-0.612372435695794));
#5091=DIRECTION('',(0.866025403784438,0.,0.500000000000002));
#5092=DIRECTION('',(0.186156787897384,-0.694746590606866,-0.694746590606866));
#5093=DIRECTION('',(-0.508589802709481,0.694746590606866,0.508589802709479));
#5094=DIRECTION('',(0.,0.707106781186547,-0.707106781186547));
#5095=DIRECTION('',(1.,0.,0.));
#5096=DIRECTION('',(-0.186156787897387,-0.694746590606865,-0.694746590606866));
#5097=DIRECTION('',(-0.353553390593275,0.707106781186548,-0.612372435695794));
#5098=DIRECTION('',(0.866025403784437,0.,-0.500000000000002));
#5099=DIRECTION('',(-0.50858980270948,-0.694746590606865,-0.508589802709481));
#5100=DIRECTION('',(-0.612372435695794,0.707106781186548,-0.353553390593274));
#5101=DIRECTION('',(0.500000000000001,0.,-0.866025403784438));
#5102=DIRECTION('',(-0.694746590606866,-0.694746590606865,-0.186156787897387));
#5103=DIRECTION('',(-0.500000000000001,0.,0.866025403784438));
#5104=DIRECTION('',(-0.707106781186547,0.707106781186547,0.));
#5105=DIRECTION('',(0.,0.,-1.));
#5106=DIRECTION('',(-0.694746590606866,-0.694746590606866,0.186156787897385));
#5107=DIRECTION('',(0.,0.,1.));
#5108=DIRECTION('',(-0.612372435695794,0.707106781186547,0.353553390593276));
#5109=DIRECTION('',(-0.500000000000003,0.,-0.866025403784437));
#5110=DIRECTION('',(-0.508589802709476,-0.694746590606866,0.508589802709484));
#5111=DIRECTION('',(0.500000000000003,0.,0.866025403784437));
#5112=DIRECTION('',(-0.353553390593274,0.707106781186548,0.612372435695794));
#5113=DIRECTION('',(-0.866025403784438,0.,-0.500000000000001));
#5114=DIRECTION('',(-0.186156787897388,-0.694746590606865,0.694746590606865));
#5115=DIRECTION('',(0.866025403784438,0.,0.500000000000001));
#5116=DIRECTION('',(0.,0.707106781186547,0.707106781186547));
#5117=DIRECTION('',(-1.,0.,0.));
#5118=DIRECTION('',(0.186156787897386,-0.694746590606866,0.694746590606866));
#5119=DIRECTION('',(1.,0.,0.));
#5120=DIRECTION('',(0.612372435695794,0.707106781186547,-0.353553390593275));
#5121=DIRECTION('',(0.500000000000002,0.,0.866025403784438));
#5122=DIRECTION('',(0.353553390593276,0.707106781186547,0.612372435695794));
#5123=DIRECTION('',(-0.866025403784437,0.,0.500000000000003));
#5124=DIRECTION('',(0.508589802709482,-0.694746590606866,0.508589802709478));
#5125=DIRECTION('',(0.866025403784437,0.,-0.500000000000003));
#5126=DIRECTION('',(0.612372435695794,0.707106781186548,0.353553390593274));
#5127=DIRECTION('',(-0.500000000000001,0.,0.866025403784438));
#5128=DIRECTION('',(0.,0.,-1.));
#5129=DIRECTION('',(0.,-1.,0.));
#5130=DIRECTION('',(0.,-1.,0.));
#5131=DIRECTION('',(-0.500000000000003,0.,-0.866025403784437));
#5132=DIRECTION('',(0.,1.,0.));
#5133=DIRECTION('',(0.,1.,0.));
#5134=DIRECTION('',(-33.7535549166905,0.,0.173339222213399));
#5135=DIRECTION('',(0.,1.,0.));
#5136=DIRECTION('',(0.000203996299068232,0.,-2.24599999073595));
#5137=DIRECTION('',(0.,1.,0.));
#5138=DIRECTION('',(33.7535228722074,0.,0.179470653238588));
#5139=DIRECTION('',(0.,-1.,0.));
#5140=DIRECTION('',(-0.13554915784156,0.,-0.214807881159958));
#5141=DIRECTION('',(0.,1.,0.));
#5142=DIRECTION('',(-0.000203996299072431,0.,2.2459999907358));
#5143=DIRECTION('',(0.,-1.,0.));
#5144=DIRECTION('',(0.135588176097166,0.,-0.214783254707173));
#5145=DIRECTION('',(0.,-1.,0.));
#5146=DIRECTION('',(0.,1.,0.));
#5147=DIRECTION('',(-0.533658101738466,0.,-0.845700319527458));
#5148=DIRECTION('',(0.430336076438114,0.,-0.902668743956414));
#5149=DIRECTION('',(-0.673390882991485,0.,-0.321030713022829));
#5150=DIRECTION('',(0.,-1.,0.));
#5151=DIRECTION('',(0.430172096869494,0.,0.902746900894654));
#5152=DIRECTION('',(0.673449188067374,0.,-0.320908384264627));
#5153=DIRECTION('',(0.,-1.,0.));
#5154=DIRECTION('',(-0.000136239736691292,0.,1.49999999381285));
#5155=DIRECTION('',(0.,-1.,0.));
#5156=DIRECTION('',(0.,1.,0.));
#5157=DIRECTION('',(0.533811716918093,0.,-0.845603364989053));
#5158=DIRECTION('',(0.,-1.,0.));
#5159=DIRECTION('',(1.00000000000002,0.,0.));
#5160=DIRECTION('',(0.,-1.,0.));
#5161=DIRECTION('',(0.,1.,0.));
#5162=DIRECTION('',(1.00000000000002,0.,0.));
#5163=DIRECTION('',(0.,-1.,0.));
#5164=DIRECTION('',(0.,-1.,0.));
#5165=DIRECTION('',(0.999999999999926,0.,0.));
#5166=DIRECTION('',(0.,-1.,0.));
#5167=DIRECTION('',(0.,1.,0.));
#5168=DIRECTION('',(0.999999999999926,0.,0.));
#5169=DIRECTION('',(0.,-1.,0.));
#5170=DIRECTION('',(1.49999999999994,0.,0.));
#5171=DIRECTION('',(0.,-1.,0.));
#5172=DIRECTION('',(0.,-1.,0.));
#5173=DIRECTION('',(1.49999999999994,0.,0.));
#5174=DIRECTION('',(0.,-1.,0.));
#5175=DIRECTION('',(0.999999999999974,0.,0.));
#5176=DIRECTION('',(0.,-1.,0.));
#5177=DIRECTION('',(0.,1.,0.));
#5178=DIRECTION('',(0.999999999999974,0.,0.));
#5179=DIRECTION('',(0.,-1.,0.));
#5180=DIRECTION('',(1.00000000000003,0.,0.));
#5181=DIRECTION('',(0.,-1.,0.));
#5182=DIRECTION('',(0.,1.,0.));
#5183=DIRECTION('',(1.00000000000003,0.,0.));
#5184=DIRECTION('',(2.26065966151077E-16,1.,-1.28711685625796E-17));
#5185=DIRECTION('',(-0.483951057394901,1.11022302462516E-16,0.125663734014367));
#5186=DIRECTION('',(0.,-1.,0.));
#5187=DIRECTION('',(0.,1.,0.));
#5188=DIRECTION('',(34.4995123271658,0.,0.183437149278049));
#5189=DIRECTION('',(-2.26063624335135E-16,1.,-1.29122339069825E-17));
#5190=DIRECTION('',(-0.0285123772182303,0.,0.49918638237169));
#5191=DIRECTION('',(0.,-1.,0.));
#5192=DIRECTION('',(0.,-1.,0.));
#5193=DIRECTION('',(0.000136239736688492,0.,-1.499999993813));
#5194=DIRECTION('',(0.,-1.,0.));
#5195=DIRECTION('',(0.,1.,0.));
#5196=DIRECTION('',(-34.4995450798668,0.,0.177170206978796));
#5197=DIRECTION('',(0.,-1.,0.));
#5198=DIRECTION('',(34.5,0.,0.));
#5199=DIRECTION('',(0.,-1.,0.));
#5200=DIRECTION('',(0.,1.,0.));
#5201=DIRECTION('',(34.5,0.,0.));
#5202=DIRECTION('',(0.,-1.,0.));
#5203=DIRECTION('',(0.500000000000077,0.,0.));
#5204=DIRECTION('',(0.,-1.,0.));
#5205=DIRECTION('',(0.,1.,0.));
#5206=DIRECTION('',(0.500000000000077,0.,0.));
#5207=DIRECTION('',(0.,-1.,0.));
#5208=DIRECTION('',(1.50000000000009,0.,0.));
#5209=DIRECTION('',(0.,-1.,0.));
#5210=DIRECTION('',(0.,-1.,0.));
#5211=DIRECTION('',(1.50000000000004,0.,0.));
#5212=DIRECTION('',(0.,-1.,0.));
#5213=DIRECTION('',(0.499999999999977,0.,0.));
#5214=DIRECTION('',(0.,-1.,0.));
#5215=DIRECTION('',(0.,1.,0.));
#5216=DIRECTION('',(0.499999999999977,0.,0.));
#5217=DIRECTION('',(0.,-1.,0.));
#5218=DIRECTION('',(34.5,0.,0.));
#5219=DIRECTION('',(0.,1.,0.));
#5220=DIRECTION('',(34.5,0.,0.));
#5221=DIRECTION('',(0.866025403784438,0.,0.500000000000001));
#5222=DIRECTION('',(0.,-1.,0.));
#5223=DIRECTION('',(1.,0.,0.));
#5224=DIRECTION('',(0.,-1.,0.));
#5225=DIRECTION('',(0.866025403784437,0.,-0.500000000000003));
#5226=DIRECTION('',(0.,-1.,0.));
#5227=DIRECTION('',(0.500000000000001,0.,-0.866025403784438));
#5228=DIRECTION('',(0.,1.,0.));
#5229=CARTESIAN_POINT('',(10.169673828125,-34.6,4.00670117187505));
#5230=CARTESIAN_POINT('',(10.169673828125,-34.4,7.40122265625005));
#5231=CARTESIAN_POINT('',(10.169673828125,-34.4,7.40122265625005));
#5232=CARTESIAN_POINT('',(10.169673828125,-34.4,0.612179687500048));
#5233=CARTESIAN_POINT('',(10.169673828125,-34.6,0.612179687500048));
#5234=CARTESIAN_POINT('',(10.169673828125,-34.6,0.612179687500048));
#5235=CARTESIAN_POINT('',(10.169673828125,-34.6,2.00335058593752));
#5236=CARTESIAN_POINT('',(10.169673828125,-34.6,7.40122265625005));
#5237=CARTESIAN_POINT('',(10.169673828125,-34.6,7.40122265625005));
#5238=CARTESIAN_POINT('',(10.607228515625,-34.6,0.612179687500049));
#5239=CARTESIAN_POINT('',(10.169673828125,-34.4,0.612179687500049));
#5240=CARTESIAN_POINT('',(11.044783203125,-34.4,0.612179687500049));
#5241=CARTESIAN_POINT('',(11.044783203125,-34.6,0.612179687500049));
#5242=CARTESIAN_POINT('',(11.044783203125,-34.6,0.612179687500049));
#5243=CARTESIAN_POINT('',(5.3036142578125,-34.6,0.612179687500049));
#5244=CARTESIAN_POINT('',(11.044783203125,-34.6,4.00670117187505));
#5245=CARTESIAN_POINT('',(11.044783203125,-34.4,0.612179687500049));
#5246=CARTESIAN_POINT('',(11.044783203125,-34.4,7.40122265625005));
#5247=CARTESIAN_POINT('',(11.044783203125,-34.6,7.40122265625005));
#5248=CARTESIAN_POINT('',(11.044783203125,-34.6,7.40122265625005));
#5249=CARTESIAN_POINT('',(11.044783203125,-34.6,2.00335058593752));
#5250=CARTESIAN_POINT('',(10.607228515625,-34.6,7.40122265625005));
#5251=CARTESIAN_POINT('',(11.044783203125,-34.4,7.40122265625005));
#5252=CARTESIAN_POINT('',(5.3036142578125,-34.6,7.40122265625005));
#5253=CARTESIAN_POINT('',(10.607228515625,-34.4,4.00670117187505));
#5254=CARTESIAN_POINT('',(8.006208984375,-34.6,4.00670117187505));
#5255=CARTESIAN_POINT('',(8.006208984375,-34.4,7.40122265625005));
#5256=CARTESIAN_POINT('',(8.006208984375,-34.4,7.40122265625005));
#5257=CARTESIAN_POINT('',(8.006208984375,-34.4,0.612179687500048));
#5258=CARTESIAN_POINT('',(8.006208984375,-34.6,0.612179687500048));
#5259=CARTESIAN_POINT('',(8.006208984375,-34.6,0.612179687500048));
#5260=CARTESIAN_POINT('',(8.006208984375,-34.6,2.00335058593752));
#5261=CARTESIAN_POINT('',(8.006208984375,-34.6,7.40122265625005));
#5262=CARTESIAN_POINT('',(8.006208984375,-34.6,7.40122265625005));
#5263=CARTESIAN_POINT('',(8.443763671875,-34.6,0.612179687500049));
#5264=CARTESIAN_POINT('',(8.006208984375,-34.4,0.612179687500049));
#5265=CARTESIAN_POINT('',(8.881318359375,-34.4,0.612179687500049));
#5266=CARTESIAN_POINT('',(8.881318359375,-34.6,0.612179687500049));
#5267=CARTESIAN_POINT('',(8.881318359375,-34.6,0.612179687500049));
#5268=CARTESIAN_POINT('',(4.2218818359375,-34.6,0.612179687500049));
#5269=CARTESIAN_POINT('',(8.881318359375,-34.6,4.00670117187505));
#5270=CARTESIAN_POINT('',(8.881318359375,-34.4,0.612179687500049));
#5271=CARTESIAN_POINT('',(8.881318359375,-34.4,7.40122265625005));
#5272=CARTESIAN_POINT('',(8.881318359375,-34.6,7.40122265625005));
#5273=CARTESIAN_POINT('',(8.881318359375,-34.6,7.40122265625005));
#5274=CARTESIAN_POINT('',(8.881318359375,-34.6,2.00335058593752));
#5275=CARTESIAN_POINT('',(8.443763671875,-34.6,7.40122265625005));
#5276=CARTESIAN_POINT('',(8.881318359375,-34.4,7.40122265625005));
#5277=CARTESIAN_POINT('',(4.2218818359375,-34.6,7.40122265625005));
#5278=CARTESIAN_POINT('',(8.443763671875,-34.4,4.00670117187505));
#5279=CARTESIAN_POINT('',(2.922240234375,-34.6,7.11993750000005));
#5280=CARTESIAN_POINT('',(2.922240234375,-34.4,7.11993750000005));
#5281=CARTESIAN_POINT('',(3.394521484375,-34.6,7.51582031250005));
#5282=CARTESIAN_POINT('',(3.394521484375,-34.4,7.51582031250005));
#5283=CARTESIAN_POINT('',(4.127251953125,-34.6,7.51582031250005));
#5284=CARTESIAN_POINT('',(4.127251953125,-34.4,7.51582031250005));
#5285=CARTESIAN_POINT('',(4.127251953125,-34.4,7.51582031250005));
#5286=CARTESIAN_POINT('',(3.394521484375,-34.4,7.51582031250005));
#5287=CARTESIAN_POINT('',(2.922240234375,-34.4,7.11993750000005));
#5288=CARTESIAN_POINT('',(4.127251953125,-34.4,7.51582031250005));
#5289=CARTESIAN_POINT('',(2.922240234375,-34.4,7.11993750000005));
#5290=CARTESIAN_POINT('',(2.922240234375,-34.6,7.11993750000005));
#5291=CARTESIAN_POINT('',(2.922240234375,-34.6,7.11993750000005));
#5292=CARTESIAN_POINT('',(4.127251953125,-34.6,7.51582031250005));
#5293=CARTESIAN_POINT('',(3.394521484375,-34.6,7.51582031250005));
#5294=CARTESIAN_POINT('',(2.922240234375,-34.6,7.11993750000005));
#5295=CARTESIAN_POINT('',(4.127251953125,-34.6,7.51582031250005));
#5296=CARTESIAN_POINT('',(4.127251953125,-34.6,7.51582031250005));
#5297=CARTESIAN_POINT('',(2.449958984375,-34.6,6.09897656250005));
#5298=CARTESIAN_POINT('',(2.449958984375,-34.4,6.09897656250005));
#5299=CARTESIAN_POINT('',(2.449958984375,-34.6,6.72405468750005));
#5300=CARTESIAN_POINT('',(2.449958984375,-34.4,6.72405468750005));
#5301=CARTESIAN_POINT('',(2.922240234375,-34.6,7.11993750000005));
#5302=CARTESIAN_POINT('',(2.922240234375,-34.4,7.11993750000005));
#5303=CARTESIAN_POINT('',(2.922240234375,-34.4,7.11993750000005));
#5304=CARTESIAN_POINT('',(2.449958984375,-34.4,6.72405468750005));
#5305=CARTESIAN_POINT('',(2.449958984375,-34.4,6.09897656250005));
#5306=CARTESIAN_POINT('',(2.449958984375,-34.4,6.09897656250005));
#5307=CARTESIAN_POINT('',(2.449958984375,-34.6,6.09897656250005));
#5308=CARTESIAN_POINT('',(2.449958984375,-34.6,6.09897656250005));
#5309=CARTESIAN_POINT('',(2.922240234375,-34.6,7.11993750000005));
#5310=CARTESIAN_POINT('',(2.449958984375,-34.6,6.72405468750005));
#5311=CARTESIAN_POINT('',(2.449958984375,-34.6,6.09897656250005));
#5312=CARTESIAN_POINT('',(5.419080078125,-34.6,4.37653906250005));
#5313=CARTESIAN_POINT('',(5.419080078125,-34.4,4.37653906250005));
#5314=CARTESIAN_POINT('',(2.449958984375,-34.6,4.37653906250005));
#5315=CARTESIAN_POINT('',(2.449958984375,-34.4,4.37653906250005));
#5316=CARTESIAN_POINT('',(2.449958984375,-34.6,6.09897656250005));
#5317=CARTESIAN_POINT('',(2.449958984375,-34.4,6.09897656250005));
#5318=CARTESIAN_POINT('',(2.449958984375,-34.4,6.09897656250005));
#5319=CARTESIAN_POINT('',(2.449958984375,-34.4,4.37653906250005));
#5320=CARTESIAN_POINT('',(5.419080078125,-34.4,4.37653906250005));
#5321=CARTESIAN_POINT('',(5.419080078125,-34.4,4.37653906250005));
#5322=CARTESIAN_POINT('',(5.419080078125,-34.6,4.37653906250005));
#5323=CARTESIAN_POINT('',(5.419080078125,-34.6,4.37653906250005));
#5324=CARTESIAN_POINT('',(2.449958984375,-34.6,6.09897656250005));
#5325=CARTESIAN_POINT('',(2.449958984375,-34.6,4.37653906250005));
#5326=CARTESIAN_POINT('',(5.419080078125,-34.6,4.37653906250005));
#5327=CARTESIAN_POINT('',(5.630912109375,-34.6,4.37653906250005));
#5328=CARTESIAN_POINT('',(5.419080078125,-34.4,4.37653906250005));
#5329=CARTESIAN_POINT('',(5.842744140625,-34.4,4.37653906250005));
#5330=CARTESIAN_POINT('',(5.842744140625,-34.6,4.37653906250005));
#5331=CARTESIAN_POINT('',(5.842744140625,-34.6,4.37653906250005));
#5332=CARTESIAN_POINT('',(2.8154560546875,-34.6,4.37653906250005));
#5333=CARTESIAN_POINT('',(5.787181640625,-34.6,3.61081835937505));
#5334=CARTESIAN_POINT('',(5.787181640625,-34.4,3.61081835937505));
#5335=CARTESIAN_POINT('',(5.842744140625,-34.6,3.84869531250005));
#5336=CARTESIAN_POINT('',(5.842744140625,-34.4,3.84869531250005));
#5337=CARTESIAN_POINT('',(5.842744140625,-34.6,4.37653906250005));
#5338=CARTESIAN_POINT('',(5.842744140625,-34.4,4.37653906250005));
#5339=CARTESIAN_POINT('',(5.842744140625,-34.4,4.37653906250005));
#5340=CARTESIAN_POINT('',(5.842744140625,-34.4,3.84869531250005));
#5341=CARTESIAN_POINT('',(5.787181640625,-34.4,3.61081835937505));
#5342=CARTESIAN_POINT('',(5.787181640625,-34.4,3.61081835937505));
#5343=CARTESIAN_POINT('',(5.787181640625,-34.6,3.61081835937505));
#5344=CARTESIAN_POINT('',(5.787181640625,-34.6,3.61081835937505));
#5345=CARTESIAN_POINT('',(5.842744140625,-34.6,4.37653906250005));
#5346=CARTESIAN_POINT('',(5.842744140625,-34.6,3.84869531250005));
#5347=CARTESIAN_POINT('',(5.787181640625,-34.6,3.61081835937505));
#5348=CARTESIAN_POINT('',(5.478115234375,-34.6,3.21493554687505));
#5349=CARTESIAN_POINT('',(5.478115234375,-34.4,3.21493554687505));
#5350=CARTESIAN_POINT('',(5.731619140625,-34.6,3.37294140625005));
#5351=CARTESIAN_POINT('',(5.731619140625,-34.4,3.37294140625005));
#5352=CARTESIAN_POINT('',(5.787181640625,-34.6,3.61081835937505));
#5353=CARTESIAN_POINT('',(5.787181640625,-34.4,3.61081835937505));
#5354=CARTESIAN_POINT('',(5.787181640625,-34.4,3.61081835937505));
#5355=CARTESIAN_POINT('',(5.731619140625,-34.4,3.37294140625005));
#5356=CARTESIAN_POINT('',(5.478115234375,-34.4,3.21493554687505));
#5357=CARTESIAN_POINT('',(5.478115234375,-34.4,3.21493554687505));
#5358=CARTESIAN_POINT('',(5.478115234375,-34.6,3.21493554687505));
#5359=CARTESIAN_POINT('',(5.478115234375,-34.6,3.21493554687505));
#5360=CARTESIAN_POINT('',(5.787181640625,-34.6,3.61081835937505));
#5361=CARTESIAN_POINT('',(5.731619140625,-34.6,3.37294140625005));
#5362=CARTESIAN_POINT('',(5.478115234375,-34.6,3.21493554687505));
#5363=CARTESIAN_POINT('',(4.668986328125,-34.6,3.05692968750005));
#5364=CARTESIAN_POINT('',(4.668986328125,-34.4,3.05692968750005));
#5365=CARTESIAN_POINT('',(5.224611328125,-34.6,3.05692968750005));
#5366=CARTESIAN_POINT('',(5.224611328125,-34.4,3.05692968750005));
#5367=CARTESIAN_POINT('',(5.478115234375,-34.6,3.21493554687505));
#5368=CARTESIAN_POINT('',(5.478115234375,-34.4,3.21493554687505));
#5369=CARTESIAN_POINT('',(5.478115234375,-34.4,3.21493554687505));
#5370=CARTESIAN_POINT('',(5.224611328125,-34.4,3.05692968750005));
#5371=CARTESIAN_POINT('',(4.668986328125,-34.4,3.05692968750005));
#5372=CARTESIAN_POINT('',(4.668986328125,-34.4,3.05692968750005));
#5373=CARTESIAN_POINT('',(4.668986328125,-34.6,3.05692968750005));
#5374=CARTESIAN_POINT('',(4.668986328125,-34.6,3.05692968750005));
#5375=CARTESIAN_POINT('',(5.478115234375,-34.6,3.21493554687505));
#5376=CARTESIAN_POINT('',(5.224611328125,-34.6,3.05692968750005));
#5377=CARTESIAN_POINT('',(4.668986328125,-34.6,3.05692968750005));
#5378=CARTESIAN_POINT('',(3.463974609375,-34.6,3.89036718750005));
#5379=CARTESIAN_POINT('',(3.463974609375,-34.4,3.89036718750005));
#5380=CARTESIAN_POINT('',(3.502173828125,-34.6,3.05692968750005));
#5381=CARTESIAN_POINT('',(3.502173828125,-34.4,3.05692968750005));
#5382=CARTESIAN_POINT('',(4.668986328125,-34.6,3.05692968750005));
#5383=CARTESIAN_POINT('',(4.668986328125,-34.4,3.05692968750005));
#5384=CARTESIAN_POINT('',(4.668986328125,-34.4,3.05692968750005));
#5385=CARTESIAN_POINT('',(3.502173828125,-34.4,3.05692968750005));
#5386=CARTESIAN_POINT('',(3.463974609375,-34.4,3.89036718750005));
#5387=CARTESIAN_POINT('',(3.463974609375,-34.4,3.89036718750005));
#5388=CARTESIAN_POINT('',(3.463974609375,-34.6,3.89036718750005));
#5389=CARTESIAN_POINT('',(3.463974609375,-34.6,3.89036718750005));
#5390=CARTESIAN_POINT('',(4.668986328125,-34.6,3.05692968750005));
#5391=CARTESIAN_POINT('',(3.502173828125,-34.6,3.05692968750005));
#5392=CARTESIAN_POINT('',(3.463974609375,-34.6,3.89036718750005));
#5393=CARTESIAN_POINT('',(3.02815625,-34.6,3.89036718750005));
#5394=CARTESIAN_POINT('',(3.463974609375,-34.4,3.89036718750005));
#5395=CARTESIAN_POINT('',(2.592337890625,-34.4,3.89036718750005));
#5396=CARTESIAN_POINT('',(2.592337890625,-34.6,3.89036718750005));
#5397=CARTESIAN_POINT('',(2.592337890625,-34.6,3.89036718750005));
#5398=CARTESIAN_POINT('',(1.514078125,-34.6,3.89036718750005));
#5399=CARTESIAN_POINT('',(4.714130859375,-34.6,2.37628906250005));
#5400=CARTESIAN_POINT('',(4.714130859375,-34.4,2.37628906250005));
#5401=CARTESIAN_POINT('',(2.689572265625,-34.6,2.37628906250005));
#5402=CARTESIAN_POINT('',(2.689572265625,-34.4,2.37628906250005));
#5403=CARTESIAN_POINT('',(2.592337890625,-34.6,3.89036718750005));
#5404=CARTESIAN_POINT('',(2.592337890625,-34.4,3.89036718750005));
#5405=CARTESIAN_POINT('',(2.592337890625,-34.4,3.89036718750005));
#5406=CARTESIAN_POINT('',(2.689572265625,-34.4,2.37628906250005));
#5407=CARTESIAN_POINT('',(4.714130859375,-34.4,2.37628906250005));
#5408=CARTESIAN_POINT('',(4.714130859375,-34.4,2.37628906250005));
#5409=CARTESIAN_POINT('',(4.714130859375,-34.6,2.37628906250005));
#5410=CARTESIAN_POINT('',(4.714130859375,-34.6,2.37628906250005));
#5411=CARTESIAN_POINT('',(2.592337890625,-34.6,3.89036718750005));
#5412=CARTESIAN_POINT('',(2.689572265625,-34.6,2.37628906250005));
#5413=CARTESIAN_POINT('',(4.714130859375,-34.6,2.37628906250005));
#5414=CARTESIAN_POINT('',(6.186537109375,-34.6,2.75133593750005));
#5415=CARTESIAN_POINT('',(6.186537109375,-34.4,2.75133593750005));
#5416=CARTESIAN_POINT('',(5.658693359375,-34.6,2.37628906250005));
#5417=CARTESIAN_POINT('',(5.658693359375,-34.4,2.37628906250005));
#5418=CARTESIAN_POINT('',(4.714130859375,-34.6,2.37628906250005));
#5419=CARTESIAN_POINT('',(4.714130859375,-34.4,2.37628906250005));
#5420=CARTESIAN_POINT('',(4.714130859375,-34.4,2.37628906250005));
#5421=CARTESIAN_POINT('',(5.658693359375,-34.4,2.37628906250005));
#5422=CARTESIAN_POINT('',(6.186537109375,-34.4,2.75133593750005));
#5423=CARTESIAN_POINT('',(6.186537109375,-34.4,2.75133593750005));
#5424=CARTESIAN_POINT('',(6.186537109375,-34.6,2.75133593750005));
#5425=CARTESIAN_POINT('',(6.186537109375,-34.6,2.75133593750005));
#5426=CARTESIAN_POINT('',(4.714130859375,-34.6,2.37628906250005));
#5427=CARTESIAN_POINT('',(5.658693359375,-34.6,2.37628906250005));
#5428=CARTESIAN_POINT('',(6.186537109375,-34.6,2.75133593750005));
#5429=CARTESIAN_POINT('',(6.714380859375,-34.6,4.22374218750005));
#5430=CARTESIAN_POINT('',(6.714380859375,-34.4,4.22374218750005));
#5431=CARTESIAN_POINT('',(6.714380859375,-34.6,3.12638281250005));
#5432=CARTESIAN_POINT('',(6.714380859375,-34.4,3.12638281250005));
#5433=CARTESIAN_POINT('',(6.186537109375,-34.6,2.75133593750005));
#5434=CARTESIAN_POINT('',(6.186537109375,-34.4,2.75133593750005));
#5435=CARTESIAN_POINT('',(6.186537109375,-34.4,2.75133593750005));
#5436=CARTESIAN_POINT('',(6.714380859375,-34.4,3.12638281250005));
#5437=CARTESIAN_POINT('',(6.714380859375,-34.4,4.22374218750005));
#5438=CARTESIAN_POINT('',(6.714380859375,-34.4,4.22374218750005));
#5439=CARTESIAN_POINT('',(6.714380859375,-34.6,4.22374218750005));
#5440=CARTESIAN_POINT('',(6.714380859375,-34.6,4.22374218750005));
#5441=CARTESIAN_POINT('',(6.186537109375,-34.6,2.75133593750005));
#5442=CARTESIAN_POINT('',(6.714380859375,-34.6,3.12638281250005));
#5443=CARTESIAN_POINT('',(6.714380859375,-34.6,4.22374218750005));
#5444=CARTESIAN_POINT('',(6.714380859375,-34.6,5.81248242187505));
#5445=CARTESIAN_POINT('',(6.714380859375,-34.4,4.22374218750005));
#5446=CARTESIAN_POINT('',(6.714380859375,-34.4,7.40122265625005));
#5447=CARTESIAN_POINT('',(6.714380859375,-34.6,7.40122265625005));
#5448=CARTESIAN_POINT('',(6.714380859375,-34.6,7.40122265625005));
#5449=CARTESIAN_POINT('',(6.714380859375,-34.6,2.90624121093752));
#5450=CARTESIAN_POINT('',(6.2785625,-34.6,7.40122265625005));
#5451=CARTESIAN_POINT('',(6.714380859375,-34.4,7.40122265625005));
#5452=CARTESIAN_POINT('',(5.842744140625,-34.4,7.40122265625005));
#5453=CARTESIAN_POINT('',(5.842744140625,-34.6,7.40122265625005));
#5454=CARTESIAN_POINT('',(5.842744140625,-34.6,7.40122265625005));
#5455=CARTESIAN_POINT('',(3.13928125,-34.6,7.40122265625005));
#5456=CARTESIAN_POINT('',(5.842744140625,-34.6,7.14945507812505));
#5457=CARTESIAN_POINT('',(5.842744140625,-34.4,7.40122265625005));
#5458=CARTESIAN_POINT('',(5.842744140625,-34.4,6.89768750000005));
#5459=CARTESIAN_POINT('',(5.842744140625,-34.6,6.89768750000005));
#5460=CARTESIAN_POINT('',(5.842744140625,-34.6,6.89768750000005));
#5461=CARTESIAN_POINT('',(5.842744140625,-34.6,3.57472753906252));
#5462=CARTESIAN_POINT('',(4.127251953125,-34.6,7.51582031250005));
#5463=CARTESIAN_POINT('',(4.127251953125,-34.4,7.51582031250005));
#5464=CARTESIAN_POINT('',(5.175994140625,-34.6,7.51582031250005));
#5465=CARTESIAN_POINT('',(5.175994140625,-34.4,7.51582031250005));
#5466=CARTESIAN_POINT('',(5.842744140625,-34.6,6.89768750000005));
#5467=CARTESIAN_POINT('',(5.842744140625,-34.4,6.89768750000005));
#5468=CARTESIAN_POINT('',(5.842744140625,-34.4,6.89768750000005));
#5469=CARTESIAN_POINT('',(5.175994140625,-34.4,7.51582031250005));
#5470=CARTESIAN_POINT('',(4.127251953125,-34.4,7.51582031250005));
#5471=CARTESIAN_POINT('',(5.842744140625,-34.6,6.89768750000005));
#5472=CARTESIAN_POINT('',(5.175994140625,-34.6,7.51582031250005));
#5473=CARTESIAN_POINT('',(4.127251953125,-34.6,7.51582031250005));
#5474=CARTESIAN_POINT('',(3.349376953125,-34.6,6.05383203125005));
#5475=CARTESIAN_POINT('',(3.349376953125,-34.4,6.05383203125005));
#5476=CARTESIAN_POINT('',(3.349376953125,-34.6,5.02245312500005));
#5477=CARTESIAN_POINT('',(3.349376953125,-34.4,5.02245312500005));
#5478=CARTESIAN_POINT('',(5.245447265625,-34.6,5.02245312500005));
#5479=CARTESIAN_POINT('',(5.245447265625,-34.4,5.02245312500005));
#5480=CARTESIAN_POINT('',(5.245447265625,-34.4,5.02245312500005));
#5481=CARTESIAN_POINT('',(3.349376953125,-34.4,5.02245312500005));
#5482=CARTESIAN_POINT('',(3.349376953125,-34.4,6.05383203125005));
#5483=CARTESIAN_POINT('',(5.245447265625,-34.4,5.02245312500005));
#5484=CARTESIAN_POINT('',(3.349376953125,-34.4,6.05383203125005));
#5485=CARTESIAN_POINT('',(3.349376953125,-34.6,6.05383203125005));
#5486=CARTESIAN_POINT('',(3.349376953125,-34.6,6.05383203125005));
#5487=CARTESIAN_POINT('',(5.245447265625,-34.6,5.02245312500005));
#5488=CARTESIAN_POINT('',(3.349376953125,-34.6,5.02245312500005));
#5489=CARTESIAN_POINT('',(3.349376953125,-34.6,6.05383203125005));
#5490=CARTESIAN_POINT('',(5.245447265625,-34.6,5.02245312500005));
#5491=CARTESIAN_POINT('',(5.245447265625,-34.6,5.02245312500005));
#5492=CARTESIAN_POINT('',(3.627189453125,-34.6,6.63029296875005));
#5493=CARTESIAN_POINT('',(3.627189453125,-34.4,6.63029296875005));
#5494=CARTESIAN_POINT('',(3.349376953125,-34.6,6.42887890625005));
#5495=CARTESIAN_POINT('',(3.349376953125,-34.4,6.42887890625005));
#5496=CARTESIAN_POINT('',(3.349376953125,-34.6,6.05383203125005));
#5497=CARTESIAN_POINT('',(3.349376953125,-34.4,6.05383203125005));
#5498=CARTESIAN_POINT('',(3.349376953125,-34.4,6.05383203125005));
#5499=CARTESIAN_POINT('',(3.349376953125,-34.4,6.42887890625005));
#5500=CARTESIAN_POINT('',(3.627189453125,-34.4,6.63029296875005));
#5501=CARTESIAN_POINT('',(3.627189453125,-34.4,6.63029296875005));
#5502=CARTESIAN_POINT('',(3.627189453125,-34.6,6.63029296875005));
#5503=CARTESIAN_POINT('',(3.627189453125,-34.6,6.63029296875005));
#5504=CARTESIAN_POINT('',(3.349376953125,-34.6,6.05383203125005));
#5505=CARTESIAN_POINT('',(3.349376953125,-34.6,6.42887890625005));
#5506=CARTESIAN_POINT('',(3.627189453125,-34.6,6.63029296875005));
#5507=CARTESIAN_POINT('',(4.377283203125,-34.6,6.83170703125005));
#5508=CARTESIAN_POINT('',(4.377283203125,-34.4,6.83170703125005));
#5509=CARTESIAN_POINT('',(3.905001953125,-34.6,6.83170703125005));
#5510=CARTESIAN_POINT('',(3.905001953125,-34.4,6.83170703125005));
#5511=CARTESIAN_POINT('',(3.627189453125,-34.6,6.63029296875005));
#5512=CARTESIAN_POINT('',(3.627189453125,-34.4,6.63029296875005));
#5513=CARTESIAN_POINT('',(3.627189453125,-34.4,6.63029296875005));
#5514=CARTESIAN_POINT('',(3.905001953125,-34.4,6.83170703125005));
#5515=CARTESIAN_POINT('',(4.377283203125,-34.4,6.83170703125005));
#5516=CARTESIAN_POINT('',(4.377283203125,-34.4,6.83170703125005));
#5517=CARTESIAN_POINT('',(4.377283203125,-34.6,6.83170703125005));
#5518=CARTESIAN_POINT('',(4.377283203125,-34.6,6.83170703125005));
#5519=CARTESIAN_POINT('',(3.627189453125,-34.6,6.63029296875005));
#5520=CARTESIAN_POINT('',(3.905001953125,-34.6,6.83170703125005));
#5521=CARTESIAN_POINT('',(4.377283203125,-34.6,6.83170703125005));
#5522=CARTESIAN_POINT('',(5.210720703125,-34.6,6.63723828125005));
#5523=CARTESIAN_POINT('',(5.210720703125,-34.4,6.63723828125005));
#5524=CARTESIAN_POINT('',(4.807892578125,-34.6,6.83170703125005));
#5525=CARTESIAN_POINT('',(4.807892578125,-34.4,6.83170703125005));
#5526=CARTESIAN_POINT('',(4.377283203125,-34.6,6.83170703125005));
#5527=CARTESIAN_POINT('',(4.377283203125,-34.4,6.83170703125005));
#5528=CARTESIAN_POINT('',(4.377283203125,-34.4,6.83170703125005));
#5529=CARTESIAN_POINT('',(4.807892578125,-34.4,6.83170703125005));
#5530=CARTESIAN_POINT('',(5.210720703125,-34.4,6.63723828125005));
#5531=CARTESIAN_POINT('',(5.210720703125,-34.4,6.63723828125005));
#5532=CARTESIAN_POINT('',(5.210720703125,-34.6,6.63723828125005));
#5533=CARTESIAN_POINT('',(5.210720703125,-34.6,6.63723828125005));
#5534=CARTESIAN_POINT('',(4.377283203125,-34.6,6.83170703125005));
#5535=CARTESIAN_POINT('',(4.807892578125,-34.6,6.83170703125005));
#5536=CARTESIAN_POINT('',(5.210720703125,-34.6,6.63723828125005));
#5537=CARTESIAN_POINT('',(5.842744140625,-34.6,6.10939453125005));
#5538=CARTESIAN_POINT('',(5.842744140625,-34.4,6.10939453125005));
#5539=CARTESIAN_POINT('',(5.613548828125,-34.6,6.44276953125005));
#5540=CARTESIAN_POINT('',(5.613548828125,-34.4,6.44276953125005));
#5541=CARTESIAN_POINT('',(5.210720703125,-34.6,6.63723828125005));
#5542=CARTESIAN_POINT('',(5.210720703125,-34.4,6.63723828125005));
#5543=CARTESIAN_POINT('',(5.210720703125,-34.4,6.63723828125005));
#5544=CARTESIAN_POINT('',(5.613548828125,-34.4,6.44276953125005));
#5545=CARTESIAN_POINT('',(5.842744140625,-34.4,6.10939453125005));
#5546=CARTESIAN_POINT('',(5.842744140625,-34.4,6.10939453125005));
#5547=CARTESIAN_POINT('',(5.842744140625,-34.6,6.10939453125005));
#5548=CARTESIAN_POINT('',(5.842744140625,-34.6,6.10939453125005));
#5549=CARTESIAN_POINT('',(5.210720703125,-34.6,6.63723828125005));
#5550=CARTESIAN_POINT('',(5.613548828125,-34.6,6.44276953125005));
#5551=CARTESIAN_POINT('',(5.842744140625,-34.6,6.10939453125005));
#5552=CARTESIAN_POINT('',(5.842744140625,-34.6,5.56592382812505));
#5553=CARTESIAN_POINT('',(5.842744140625,-34.4,6.10939453125005));
#5554=CARTESIAN_POINT('',(5.842744140625,-34.4,5.02245312500005));
#5555=CARTESIAN_POINT('',(5.842744140625,-34.6,5.02245312500005));
#5556=CARTESIAN_POINT('',(5.842744140625,-34.6,5.02245312500005));
#5557=CARTESIAN_POINT('',(5.842744140625,-34.6,2.78296191406252));
#5558=CARTESIAN_POINT('',(5.544095703125,-34.6,5.02245312500005));
#5559=CARTESIAN_POINT('',(5.842744140625,-34.4,5.02245312500005));
#5560=CARTESIAN_POINT('',(2.7720478515625,-34.6,5.02245312500005));
#5561=CARTESIAN_POINT('',(4.69760088102403,-34.4,4.7983969297382));
#5562=CARTESIAN_POINT('',(4.44089209850063E-16,-34.6,-4.17174712283393E-16));
#5563=CARTESIAN_POINT('',(0.599033203125001,-34.6,5.81248242187505));
#5564=CARTESIAN_POINT('',(0.599033203125001,-34.4,7.40122265625005));
#5565=CARTESIAN_POINT('',(0.599033203125001,-34.4,7.40122265625005));
#5566=CARTESIAN_POINT('',(0.599033203125001,-34.4,4.22374218750005));
#5567=CARTESIAN_POINT('',(0.599033203125001,-34.6,4.22374218750005));
#5568=CARTESIAN_POINT('',(0.599033203125001,-34.6,4.22374218750005));
#5569=CARTESIAN_POINT('',(0.599033203125001,-34.6,2.90624121093752));
#5570=CARTESIAN_POINT('',(0.599033203125001,-34.6,7.40122265625005));
#5571=CARTESIAN_POINT('',(0.599033203125001,-34.6,7.40122265625005));
#5572=CARTESIAN_POINT('',(0.421927734375001,-34.6,3.35384179687505));
#5573=CARTESIAN_POINT('',(0.421927734375001,-34.4,3.35384179687505));
#5574=CARTESIAN_POINT('',(0.599033203125001,-34.6,3.61255468750005));
#5575=CARTESIAN_POINT('',(0.599033203125001,-34.4,3.61255468750005));
#5576=CARTESIAN_POINT('',(0.599033203125001,-34.6,4.22374218750005));
#5577=CARTESIAN_POINT('',(0.599033203125001,-34.4,4.22374218750005));
#5578=CARTESIAN_POINT('',(0.599033203125001,-34.4,4.22374218750005));
#5579=CARTESIAN_POINT('',(0.599033203125001,-34.4,3.61255468750005));
#5580=CARTESIAN_POINT('',(0.421927734375001,-34.4,3.35384179687505));
#5581=CARTESIAN_POINT('',(0.421927734375001,-34.4,3.35384179687505));
#5582=CARTESIAN_POINT('',(0.421927734375001,-34.6,3.35384179687505));
#5583=CARTESIAN_POINT('',(0.421927734375001,-34.6,3.35384179687505));
#5584=CARTESIAN_POINT('',(0.599033203125001,-34.6,4.22374218750005));
#5585=CARTESIAN_POINT('',(0.599033203125001,-34.6,3.61255468750005));
#5586=CARTESIAN_POINT('',(0.421927734375001,-34.6,3.35384179687505));
#5587=CARTESIAN_POINT('',(-0.164951171874999,-34.6,3.09512890625005));
#5588=CARTESIAN_POINT('',(-0.164951171874999,-34.4,3.09512890625005));
#5589=CARTESIAN_POINT('',(0.244822265625001,-34.6,3.09512890625005));
#5590=CARTESIAN_POINT('',(0.244822265625001,-34.4,3.09512890625005));
#5591=CARTESIAN_POINT('',(0.421927734375001,-34.6,3.35384179687505));
#5592=CARTESIAN_POINT('',(0.421927734375001,-34.4,3.35384179687505));
#5593=CARTESIAN_POINT('',(0.421927734375001,-34.4,3.35384179687505));
#5594=CARTESIAN_POINT('',(0.244822265625001,-34.4,3.09512890625005));
#5595=CARTESIAN_POINT('',(-0.164951171874999,-34.4,3.09512890625005));
#5596=CARTESIAN_POINT('',(-0.164951171874999,-34.4,3.09512890625005));
#5597=CARTESIAN_POINT('',(-0.164951171874999,-34.6,3.09512890625005));
#5598=CARTESIAN_POINT('',(-0.164951171874999,-34.6,3.09512890625005));
#5599=CARTESIAN_POINT('',(0.421927734375001,-34.6,3.35384179687505));
#5600=CARTESIAN_POINT('',(0.244822265625001,-34.6,3.09512890625005));
#5601=CARTESIAN_POINT('',(-0.164951171874999,-34.6,3.09512890625005));
#5602=CARTESIAN_POINT('',(-1.411634765625,-34.6,3.88342187500005));
#5603=CARTESIAN_POINT('',(-1.411634765625,-34.4,3.88342187500005));
#5604=CARTESIAN_POINT('',(-0.800447265624999,-34.6,3.09512890625005));
#5605=CARTESIAN_POINT('',(-0.800447265624999,-34.4,3.09512890625005));
#5606=CARTESIAN_POINT('',(-0.164951171874999,-34.6,3.09512890625005));
#5607=CARTESIAN_POINT('',(-0.164951171874999,-34.4,3.09512890625005));
#5608=CARTESIAN_POINT('',(-0.164951171874999,-34.4,3.09512890625005));
#5609=CARTESIAN_POINT('',(-0.800447265624999,-34.4,3.09512890625005));
#5610=CARTESIAN_POINT('',(-1.411634765625,-34.4,3.88342187500005));
#5611=CARTESIAN_POINT('',(-1.411634765625,-34.4,3.88342187500005));
#5612=CARTESIAN_POINT('',(-1.411634765625,-34.6,3.88342187500005));
#5613=CARTESIAN_POINT('',(-1.411634765625,-34.6,3.88342187500005));
#5614=CARTESIAN_POINT('',(-0.164951171874999,-34.6,3.09512890625005));
#5615=CARTESIAN_POINT('',(-0.800447265624999,-34.6,3.09512890625005));
#5616=CARTESIAN_POINT('',(-1.411634765625,-34.6,3.88342187500005));
#5617=CARTESIAN_POINT('',(-1.411634765625,-34.6,5.64232226562505));
#5618=CARTESIAN_POINT('',(-1.411634765625,-34.4,3.88342187500005));
#5619=CARTESIAN_POINT('',(-1.411634765625,-34.4,7.40122265625005));
#5620=CARTESIAN_POINT('',(-1.411634765625,-34.6,7.40122265625005));
#5621=CARTESIAN_POINT('',(-1.411634765625,-34.6,7.40122265625005));
#5622=CARTESIAN_POINT('',(-1.411634765625,-34.6,2.82116113281252));
#5623=CARTESIAN_POINT('',(-1.847453125,-34.6,7.40122265625005));
#5624=CARTESIAN_POINT('',(-1.411634765625,-34.4,7.40122265625005));
#5625=CARTESIAN_POINT('',(-2.283271484375,-34.4,7.40122265625005));
#5626=CARTESIAN_POINT('',(-2.283271484375,-34.6,7.40122265625005));
#5627=CARTESIAN_POINT('',(-2.283271484375,-34.6,7.40122265625005));
#5628=CARTESIAN_POINT('',(-0.923726562499999,-34.6,7.40122265625005));
#5629=CARTESIAN_POINT('',(-2.283271484375,-34.6,5.81248242187505));
#5630=CARTESIAN_POINT('',(-2.283271484375,-34.4,7.40122265625005));
#5631=CARTESIAN_POINT('',(-2.283271484375,-34.4,4.22374218750005));
#5632=CARTESIAN_POINT('',(-2.283271484375,-34.6,4.22374218750005));
#5633=CARTESIAN_POINT('',(-2.283271484375,-34.6,4.22374218750005));
#5634=CARTESIAN_POINT('',(-2.283271484375,-34.6,2.90624121093752));
#5635=CARTESIAN_POINT('',(-2.458640625,-34.6,3.35384179687505));
#5636=CARTESIAN_POINT('',(-2.458640625,-34.4,3.35384179687505));
#5637=CARTESIAN_POINT('',(-2.283271484375,-34.6,3.61255468750005));
#5638=CARTESIAN_POINT('',(-2.283271484375,-34.4,3.61255468750005));
#5639=CARTESIAN_POINT('',(-2.283271484375,-34.6,4.22374218750005));
#5640=CARTESIAN_POINT('',(-2.283271484375,-34.4,4.22374218750005));
#5641=CARTESIAN_POINT('',(-2.283271484375,-34.4,4.22374218750005));
#5642=CARTESIAN_POINT('',(-2.283271484375,-34.4,3.61255468750005));
#5643=CARTESIAN_POINT('',(-2.458640625,-34.4,3.35384179687505));
#5644=CARTESIAN_POINT('',(-2.458640625,-34.4,3.35384179687505));
#5645=CARTESIAN_POINT('',(-2.458640625,-34.6,3.35384179687505));
#5646=CARTESIAN_POINT('',(-2.458640625,-34.6,3.35384179687505));
#5647=CARTESIAN_POINT('',(-2.283271484375,-34.6,4.22374218750005));
#5648=CARTESIAN_POINT('',(-2.283271484375,-34.6,3.61255468750005));
#5649=CARTESIAN_POINT('',(-2.458640625,-34.6,3.35384179687505));
#5650=CARTESIAN_POINT('',(-3.050728515625,-34.6,3.09512890625005));
#5651=CARTESIAN_POINT('',(-3.050728515625,-34.4,3.09512890625005));
#5652=CARTESIAN_POINT('',(-2.634009765625,-34.6,3.09512890625005));
#5653=CARTESIAN_POINT('',(-2.634009765625,-34.4,3.09512890625005));
#5654=CARTESIAN_POINT('',(-2.458640625,-34.6,3.35384179687505));
#5655=CARTESIAN_POINT('',(-2.458640625,-34.4,3.35384179687505));
#5656=CARTESIAN_POINT('',(-2.458640625,-34.4,3.35384179687505));
#5657=CARTESIAN_POINT('',(-2.634009765625,-34.4,3.09512890625005));
#5658=CARTESIAN_POINT('',(-3.050728515625,-34.4,3.09512890625005));
#5659=CARTESIAN_POINT('',(-3.050728515625,-34.4,3.09512890625005));
#5660=CARTESIAN_POINT('',(-3.050728515625,-34.6,3.09512890625005));
#5661=CARTESIAN_POINT('',(-3.050728515625,-34.6,3.09512890625005));
#5662=CARTESIAN_POINT('',(-2.458640625,-34.6,3.35384179687505));
#5663=CARTESIAN_POINT('',(-2.634009765625,-34.6,3.09512890625005));
#5664=CARTESIAN_POINT('',(-3.050728515625,-34.6,3.09512890625005));
#5665=CARTESIAN_POINT('',(-4.293939453125,-34.6,3.88342187500005));
#5666=CARTESIAN_POINT('',(-4.293939453125,-34.4,3.88342187500005));
#5667=CARTESIAN_POINT('',(-3.686224609375,-34.6,3.09512890625005));
#5668=CARTESIAN_POINT('',(-3.686224609375,-34.4,3.09512890625005));
#5669=CARTESIAN_POINT('',(-3.050728515625,-34.6,3.09512890625005));
#5670=CARTESIAN_POINT('',(-3.050728515625,-34.4,3.09512890625005));
#5671=CARTESIAN_POINT('',(-3.050728515625,-34.4,3.09512890625005));
#5672=CARTESIAN_POINT('',(-3.686224609375,-34.4,3.09512890625005));
#5673=CARTESIAN_POINT('',(-4.293939453125,-34.4,3.88342187500005));
#5674=CARTESIAN_POINT('',(-4.293939453125,-34.4,3.88342187500005));
#5675=CARTESIAN_POINT('',(-4.293939453125,-34.6,3.88342187500005));
#5676=CARTESIAN_POINT('',(-4.293939453125,-34.6,3.88342187500005));
#5677=CARTESIAN_POINT('',(-3.050728515625,-34.6,3.09512890625005));
#5678=CARTESIAN_POINT('',(-3.686224609375,-34.6,3.09512890625005));
#5679=CARTESIAN_POINT('',(-4.293939453125,-34.6,3.88342187500005));
#5680=CARTESIAN_POINT('',(-4.293939453125,-34.6,5.64232226562505));
#5681=CARTESIAN_POINT('',(-4.293939453125,-34.4,3.88342187500005));
#5682=CARTESIAN_POINT('',(-4.293939453125,-34.4,7.40122265625005));
#5683=CARTESIAN_POINT('',(-4.293939453125,-34.6,7.40122265625005));
#5684=CARTESIAN_POINT('',(-4.293939453125,-34.6,7.40122265625005));
#5685=CARTESIAN_POINT('',(-4.293939453125,-34.6,2.82116113281252));
#5686=CARTESIAN_POINT('',(-4.731494140625,-34.6,7.40122265625005));
#5687=CARTESIAN_POINT('',(-4.293939453125,-34.4,7.40122265625005));
#5688=CARTESIAN_POINT('',(-5.169048828125,-34.4,7.40122265625005));
#5689=CARTESIAN_POINT('',(-5.169048828125,-34.6,7.40122265625005));
#5690=CARTESIAN_POINT('',(-5.169048828125,-34.6,7.40122265625005));
#5691=CARTESIAN_POINT('',(-2.3657470703125,-34.6,7.40122265625005));
#5692=CARTESIAN_POINT('',(-5.169048828125,-34.6,4.94431835937505));
#5693=CARTESIAN_POINT('',(-5.169048828125,-34.4,7.40122265625005));
#5694=CARTESIAN_POINT('',(-5.169048828125,-34.4,2.48741406250005));
#5695=CARTESIAN_POINT('',(-5.169048828125,-34.6,2.48741406250005));
#5696=CARTESIAN_POINT('',(-5.169048828125,-34.6,2.48741406250005));
#5697=CARTESIAN_POINT('',(-5.169048828125,-34.6,2.47215917968752));
#5698=CARTESIAN_POINT('',(-4.731494140625,-34.6,2.48741406250005));
#5699=CARTESIAN_POINT('',(-5.169048828125,-34.4,2.48741406250005));
#5700=CARTESIAN_POINT('',(-4.293939453125,-34.4,2.48741406250005));
#5701=CARTESIAN_POINT('',(-4.293939453125,-34.6,2.48741406250005));
#5702=CARTESIAN_POINT('',(-4.293939453125,-34.6,2.48741406250005));
#5703=CARTESIAN_POINT('',(-2.3657470703125,-34.6,2.48741406250005));
#5704=CARTESIAN_POINT('',(-4.293939453125,-34.6,2.79995312500005));
#5705=CARTESIAN_POINT('',(-4.293939453125,-34.4,2.48741406250005));
#5706=CARTESIAN_POINT('',(-4.293939453125,-34.4,3.11249218750005));
#5707=CARTESIAN_POINT('',(-4.293939453125,-34.6,3.11249218750005));
#5708=CARTESIAN_POINT('',(-4.293939453125,-34.6,3.11249218750005));
#5709=CARTESIAN_POINT('',(-4.293939453125,-34.6,1.39997656250002));
#5710=CARTESIAN_POINT('',(-2.918767578125,-34.6,2.37628906250005));
#5711=CARTESIAN_POINT('',(-2.918767578125,-34.4,2.37628906250005));
#5712=CARTESIAN_POINT('',(-3.672333984375,-34.6,2.37628906250005));
#5713=CARTESIAN_POINT('',(-3.672333984375,-34.4,2.37628906250005));
#5714=CARTESIAN_POINT('',(-4.293939453125,-34.6,3.11249218750005));
#5715=CARTESIAN_POINT('',(-4.293939453125,-34.4,3.11249218750005));
#5716=CARTESIAN_POINT('',(-4.293939453125,-34.4,3.11249218750005));
#5717=CARTESIAN_POINT('',(-3.672333984375,-34.4,2.37628906250005));
#5718=CARTESIAN_POINT('',(-2.918767578125,-34.4,2.37628906250005));
#5719=CARTESIAN_POINT('',(-2.918767578125,-34.4,2.37628906250005));
#5720=CARTESIAN_POINT('',(-2.918767578125,-34.6,2.37628906250005));
#5721=CARTESIAN_POINT('',(-2.918767578125,-34.6,2.37628906250005));
#5722=CARTESIAN_POINT('',(-4.293939453125,-34.6,3.11249218750005));
#5723=CARTESIAN_POINT('',(-3.672333984375,-34.6,2.37628906250005));
#5724=CARTESIAN_POINT('',(-2.918767578125,-34.6,2.37628906250005));
#5725=CARTESIAN_POINT('',(-1.543595703125,-34.6,3.26528906250005));
#5726=CARTESIAN_POINT('',(-1.543595703125,-34.4,3.26528906250005));
#5727=CARTESIAN_POINT('',(-1.838771484375,-34.6,2.37628906250005));
#5728=CARTESIAN_POINT('',(-1.838771484375,-34.4,2.37628906250005));
#5729=CARTESIAN_POINT('',(-2.918767578125,-34.6,2.37628906250005));
#5730=CARTESIAN_POINT('',(-2.918767578125,-34.4,2.37628906250005));
#5731=CARTESIAN_POINT('',(-2.918767578125,-34.4,2.37628906250005));
#5732=CARTESIAN_POINT('',(-1.838771484375,-34.4,2.37628906250005));
#5733=CARTESIAN_POINT('',(-1.543595703125,-34.4,3.26528906250005));
#5734=CARTESIAN_POINT('',(-1.543595703125,-34.4,3.26528906250005));
#5735=CARTESIAN_POINT('',(-1.543595703125,-34.6,3.26528906250005));
#5736=CARTESIAN_POINT('',(-1.543595703125,-34.6,3.26528906250005));
#5737=CARTESIAN_POINT('',(-2.918767578125,-34.6,2.37628906250005));
#5738=CARTESIAN_POINT('',(-1.838771484375,-34.6,2.37628906250005));
#5739=CARTESIAN_POINT('',(-1.543595703125,-34.6,3.26528906250005));
#5740=CARTESIAN_POINT('',(-0.708421874999999,-34.6,2.53082226562505));
#5741=CARTESIAN_POINT('',(-0.708421874999999,-34.4,2.53082226562505));
#5742=CARTESIAN_POINT('',(-1.050478515625,-34.6,2.68535546875005));
#5743=CARTESIAN_POINT('',(-1.050478515625,-34.4,2.68535546875005));
#5744=CARTESIAN_POINT('',(-1.543595703125,-34.6,3.26528906250005));
#5745=CARTESIAN_POINT('',(-1.543595703125,-34.4,3.26528906250005));
#5746=CARTESIAN_POINT('',(-1.543595703125,-34.4,3.26528906250005));
#5747=CARTESIAN_POINT('',(-1.050478515625,-34.4,2.68535546875005));
#5748=CARTESIAN_POINT('',(-0.708421874999999,-34.4,2.53082226562505));
#5749=CARTESIAN_POINT('',(-0.708421874999999,-34.4,2.53082226562505));
#5750=CARTESIAN_POINT('',(-0.708421874999999,-34.6,2.53082226562505));
#5751=CARTESIAN_POINT('',(-0.708421874999999,-34.6,2.53082226562505));
#5752=CARTESIAN_POINT('',(-1.543595703125,-34.6,3.26528906250005));
#5753=CARTESIAN_POINT('',(-1.050478515625,-34.6,2.68535546875005));
#5754=CARTESIAN_POINT('',(-0.708421874999999,-34.6,2.53082226562505));
#5755=CARTESIAN_POINT('',(-0.0364628906249993,-34.6,2.37628906250005));
#5756=CARTESIAN_POINT('',(-0.0364628906249993,-34.4,2.37628906250005));
#5757=CARTESIAN_POINT('',(-0.366365234374999,-34.6,2.37628906250005));
#5758=CARTESIAN_POINT('',(-0.366365234374999,-34.4,2.37628906250005));
#5759=CARTESIAN_POINT('',(-0.708421874999999,-34.6,2.53082226562505));
#5760=CARTESIAN_POINT('',(-0.708421874999999,-34.4,2.53082226562505));
#5761=CARTESIAN_POINT('',(-0.708421874999999,-34.4,2.53082226562505));
#5762=CARTESIAN_POINT('',(-0.366365234374999,-34.4,2.37628906250005));
#5763=CARTESIAN_POINT('',(-0.0364628906249993,-34.4,2.37628906250005));
#5764=CARTESIAN_POINT('',(-0.0364628906249993,-34.4,2.37628906250005));
#5765=CARTESIAN_POINT('',(-0.0364628906249993,-34.6,2.37628906250005));
#5766=CARTESIAN_POINT('',(-0.0364628906249993,-34.6,2.37628906250005));
#5767=CARTESIAN_POINT('',(-0.708421874999999,-34.6,2.53082226562505));
#5768=CARTESIAN_POINT('',(-0.366365234374999,-34.6,2.37628906250005));
#5769=CARTESIAN_POINT('',(-0.0364628906249993,-34.6,2.37628906250005));
#5770=CARTESIAN_POINT('',(1.474142578125,-34.6,4.18901562500005));
#5771=CARTESIAN_POINT('',(1.474142578125,-34.4,4.18901562500005));
#5772=CARTESIAN_POINT('',(1.474142578125,-34.6,2.37628906250005));
#5773=CARTESIAN_POINT('',(1.474142578125,-34.4,2.37628906250005));
#5774=CARTESIAN_POINT('',(-0.0364628906249993,-34.6,2.37628906250005));
#5775=CARTESIAN_POINT('',(-0.0364628906249993,-34.4,2.37628906250005));
#5776=CARTESIAN_POINT('',(-0.0364628906249993,-34.4,2.37628906250005));
#5777=CARTESIAN_POINT('',(1.474142578125,-34.4,2.37628906250005));
#5778=CARTESIAN_POINT('',(1.474142578125,-34.4,4.18901562500005));
#5779=CARTESIAN_POINT('',(1.474142578125,-34.4,4.18901562500005));
#5780=CARTESIAN_POINT('',(1.474142578125,-34.6,4.18901562500005));
#5781=CARTESIAN_POINT('',(1.474142578125,-34.6,4.18901562500005));
#5782=CARTESIAN_POINT('',(-0.0364628906249993,-34.6,2.37628906250005));
#5783=CARTESIAN_POINT('',(1.474142578125,-34.6,2.37628906250005));
#5784=CARTESIAN_POINT('',(1.474142578125,-34.6,4.18901562500005));
#5785=CARTESIAN_POINT('',(1.474142578125,-34.6,5.79511914062505));
#5786=CARTESIAN_POINT('',(1.474142578125,-34.4,4.18901562500005));
#5787=CARTESIAN_POINT('',(1.474142578125,-34.4,7.40122265625005));
#5788=CARTESIAN_POINT('',(1.474142578125,-34.6,7.40122265625005));
#5789=CARTESIAN_POINT('',(1.474142578125,-34.6,7.40122265625005));
#5790=CARTESIAN_POINT('',(1.474142578125,-34.6,2.89755957031252));
#5791=CARTESIAN_POINT('',(1.036587890625,-34.6,7.40122265625005));
#5792=CARTESIAN_POINT('',(1.474142578125,-34.4,7.40122265625005));
#5793=CARTESIAN_POINT('',(0.518293945312501,-34.6,7.40122265625005));
#5794=CARTESIAN_POINT('',(-1.92408100240986,-34.4,4.68561997535476));
#5795=CARTESIAN_POINT('',(-11.711533203125,-34.6,5.22039453125005));
#5796=CARTESIAN_POINT('',(-11.711533203125,-34.4,5.22039453125005));
#5797=CARTESIAN_POINT('',(-11.676806640625,-34.6,6.23093750000005));
#5798=CARTESIAN_POINT('',(-11.676806640625,-34.4,6.23093750000005));
#5799=CARTESIAN_POINT('',(-10.964912109375,-34.6,6.87337890625005));
#5800=CARTESIAN_POINT('',(-10.964912109375,-34.4,6.87337890625005));
#5801=CARTESIAN_POINT('',(-10.964912109375,-34.4,6.87337890625005));
#5802=CARTESIAN_POINT('',(-11.676806640625,-34.4,6.23093750000005));
#5803=CARTESIAN_POINT('',(-11.711533203125,-34.4,5.22039453125005));
#5804=CARTESIAN_POINT('',(-10.964912109375,-34.4,6.87337890625005));
#5805=CARTESIAN_POINT('',(-11.711533203125,-34.4,5.22039453125005));
#5806=CARTESIAN_POINT('',(-11.711533203125,-34.6,5.22039453125005));
#5807=CARTESIAN_POINT('',(-11.711533203125,-34.6,5.22039453125005));
#5808=CARTESIAN_POINT('',(-10.964912109375,-34.6,6.87337890625005));
#5809=CARTESIAN_POINT('',(-11.676806640625,-34.6,6.23093750000005));
#5810=CARTESIAN_POINT('',(-11.711533203125,-34.6,5.22039453125005));
#5811=CARTESIAN_POINT('',(-10.964912109375,-34.6,6.87337890625005));
#5812=CARTESIAN_POINT('',(-10.964912109375,-34.6,6.87337890625005));
#5813=CARTESIAN_POINT('',(-11.2791875,-34.6,5.22039453125005));
#5814=CARTESIAN_POINT('',(-11.711533203125,-34.4,5.22039453125005));
#5815=CARTESIAN_POINT('',(-10.846841796875,-34.4,5.22039453125005));
#5816=CARTESIAN_POINT('',(-10.846841796875,-34.6,5.22039453125005));
#5817=CARTESIAN_POINT('',(-10.846841796875,-34.6,5.22039453125005));
#5818=CARTESIAN_POINT('',(-5.63959375,-34.6,5.22039453125005));
#5819=CARTESIAN_POINT('',(-10.214818359375,-34.6,6.34379882812505));
#5820=CARTESIAN_POINT('',(-10.214818359375,-34.4,6.34379882812505));
#5821=CARTESIAN_POINT('',(-10.777388671875,-34.6,5.98090625000005));
#5822=CARTESIAN_POINT('',(-10.777388671875,-34.4,5.98090625000005));
#5823=CARTESIAN_POINT('',(-10.846841796875,-34.6,5.22039453125005));
#5824=CARTESIAN_POINT('',(-10.846841796875,-34.4,5.22039453125005));
#5825=CARTESIAN_POINT('',(-10.846841796875,-34.4,5.22039453125005));
#5826=CARTESIAN_POINT('',(-10.777388671875,-34.4,5.98090625000005));
#5827=CARTESIAN_POINT('',(-10.214818359375,-34.4,6.34379882812505));
#5828=CARTESIAN_POINT('',(-10.214818359375,-34.4,6.34379882812505));
#5829=CARTESIAN_POINT('',(-10.214818359375,-34.6,6.34379882812505));
#5830=CARTESIAN_POINT('',(-10.214818359375,-34.6,6.34379882812505));
#5831=CARTESIAN_POINT('',(-10.846841796875,-34.6,5.22039453125005));
#5832=CARTESIAN_POINT('',(-10.777388671875,-34.6,5.98090625000005));
#5833=CARTESIAN_POINT('',(-10.214818359375,-34.6,6.34379882812505));
#5834=CARTESIAN_POINT('',(-8.857009765625,-34.6,6.70669140625005));
#5835=CARTESIAN_POINT('',(-8.857009765625,-34.4,6.70669140625005));
#5836=CARTESIAN_POINT('',(-9.652248046875,-34.6,6.70669140625005));
#5837=CARTESIAN_POINT('',(-9.652248046875,-34.4,6.70669140625005));
#5838=CARTESIAN_POINT('',(-10.214818359375,-34.6,6.34379882812505));
#5839=CARTESIAN_POINT('',(-10.214818359375,-34.4,6.34379882812505));
#5840=CARTESIAN_POINT('',(-10.214818359375,-34.4,6.34379882812505));
#5841=CARTESIAN_POINT('',(-9.652248046875,-34.4,6.70669140625005));
#5842=CARTESIAN_POINT('',(-8.857009765625,-34.4,6.70669140625005));
#5843=CARTESIAN_POINT('',(-8.857009765625,-34.4,6.70669140625005));
#5844=CARTESIAN_POINT('',(-8.857009765625,-34.6,6.70669140625005));
#5845=CARTESIAN_POINT('',(-8.857009765625,-34.6,6.70669140625005));
#5846=CARTESIAN_POINT('',(-10.214818359375,-34.6,6.34379882812505));
#5847=CARTESIAN_POINT('',(-9.652248046875,-34.6,6.70669140625005));
#5848=CARTESIAN_POINT('',(-8.857009765625,-34.6,6.70669140625005));
#5849=CARTESIAN_POINT('',(-7.63984375,-34.6,6.39588867187505));
#5850=CARTESIAN_POINT('',(-7.63984375,-34.4,6.39588867187505));
#5851=CARTESIAN_POINT('',(-8.099970703125,-34.6,6.70669140625005));
#5852=CARTESIAN_POINT('',(-8.099970703125,-34.4,6.70669140625005));
#5853=CARTESIAN_POINT('',(-8.857009765625,-34.6,6.70669140625005));
#5854=CARTESIAN_POINT('',(-8.857009765625,-34.4,6.70669140625005));
#5855=CARTESIAN_POINT('',(-8.857009765625,-34.4,6.70669140625005));
#5856=CARTESIAN_POINT('',(-8.099970703125,-34.4,6.70669140625005));
#5857=CARTESIAN_POINT('',(-7.63984375,-34.4,6.39588867187505));
#5858=CARTESIAN_POINT('',(-7.63984375,-34.4,6.39588867187505));
#5859=CARTESIAN_POINT('',(-7.63984375,-34.6,6.39588867187505));
#5860=CARTESIAN_POINT('',(-7.63984375,-34.6,6.39588867187505));
#5861=CARTESIAN_POINT('',(-8.857009765625,-34.6,6.70669140625005));
#5862=CARTESIAN_POINT('',(-8.099970703125,-34.6,6.70669140625005));
#5863=CARTESIAN_POINT('',(-7.63984375,-34.6,6.39588867187505));
#5864=CARTESIAN_POINT('',(-7.179716796875,-34.6,5.55376953125005));
#5865=CARTESIAN_POINT('',(-7.179716796875,-34.4,5.55376953125005));
#5866=CARTESIAN_POINT('',(-7.179716796875,-34.6,6.08508593750005));
#5867=CARTESIAN_POINT('',(-7.179716796875,-34.4,6.08508593750005));
#5868=CARTESIAN_POINT('',(-7.63984375,-34.6,6.39588867187505));
#5869=CARTESIAN_POINT('',(-7.63984375,-34.4,6.39588867187505));
#5870=CARTESIAN_POINT('',(-7.63984375,-34.4,6.39588867187505));
#5871=CARTESIAN_POINT('',(-7.179716796875,-34.4,6.08508593750005));
#5872=CARTESIAN_POINT('',(-7.179716796875,-34.4,5.55376953125005));
#5873=CARTESIAN_POINT('',(-7.179716796875,-34.4,5.55376953125005));
#5874=CARTESIAN_POINT('',(-7.179716796875,-34.6,5.55376953125005));
#5875=CARTESIAN_POINT('',(-7.179716796875,-34.6,5.55376953125005));
#5876=CARTESIAN_POINT('',(-7.63984375,-34.6,6.39588867187505));
#5877=CARTESIAN_POINT('',(-7.179716796875,-34.6,6.08508593750005));
#5878=CARTESIAN_POINT('',(-7.179716796875,-34.6,5.55376953125005));
#5879=CARTESIAN_POINT('',(-7.65720703125,-34.6,4.73943164062505));
#5880=CARTESIAN_POINT('',(-7.65720703125,-34.4,4.73943164062505));
#5881=CARTESIAN_POINT('',(-7.179716796875,-34.6,4.99467187500005));
#5882=CARTESIAN_POINT('',(-7.179716796875,-34.4,4.99467187500005));
#5883=CARTESIAN_POINT('',(-7.179716796875,-34.6,5.55376953125005));
#5884=CARTESIAN_POINT('',(-7.179716796875,-34.4,5.55376953125005));
#5885=CARTESIAN_POINT('',(-7.179716796875,-34.4,5.55376953125005));
#5886=CARTESIAN_POINT('',(-7.179716796875,-34.4,4.99467187500005));
#5887=CARTESIAN_POINT('',(-7.65720703125,-34.4,4.73943164062505));
#5888=CARTESIAN_POINT('',(-7.65720703125,-34.4,4.73943164062505));
#5889=CARTESIAN_POINT('',(-7.65720703125,-34.6,4.73943164062505));
#5890=CARTESIAN_POINT('',(-7.65720703125,-34.6,4.73943164062505));
#5891=CARTESIAN_POINT('',(-7.179716796875,-34.6,5.55376953125005));
#5892=CARTESIAN_POINT('',(-7.179716796875,-34.6,4.99467187500005));
#5893=CARTESIAN_POINT('',(-7.65720703125,-34.6,4.73943164062505));
#5894=CARTESIAN_POINT('',(-9.298037109375,-34.6,4.23589648437505));
#5895=CARTESIAN_POINT('',(-9.298037109375,-34.4,4.23589648437505));
#5896=CARTESIAN_POINT('',(-8.134697265625,-34.6,4.48419140625005));
#5897=CARTESIAN_POINT('',(-8.134697265625,-34.4,4.48419140625005));
#5898=CARTESIAN_POINT('',(-7.65720703125,-34.6,4.73943164062505));
#5899=CARTESIAN_POINT('',(-7.65720703125,-34.4,4.73943164062505));
#5900=CARTESIAN_POINT('',(-7.65720703125,-34.4,4.73943164062505));
#5901=CARTESIAN_POINT('',(-8.134697265625,-34.4,4.48419140625005));
#5902=CARTESIAN_POINT('',(-9.298037109375,-34.4,4.23589648437505));
#5903=CARTESIAN_POINT('',(-9.298037109375,-34.4,4.23589648437505));
#5904=CARTESIAN_POINT('',(-9.298037109375,-34.6,4.23589648437505));
#5905=CARTESIAN_POINT('',(-9.298037109375,-34.6,4.23589648437505));
#5906=CARTESIAN_POINT('',(-7.65720703125,-34.6,4.73943164062505));
#5907=CARTESIAN_POINT('',(-8.134697265625,-34.6,4.48419140625005));
#5908=CARTESIAN_POINT('',(-9.298037109375,-34.6,4.23589648437505));
#5909=CARTESIAN_POINT('',(-10.968384765625,-34.6,3.54831054687505));
#5910=CARTESIAN_POINT('',(-10.968384765625,-34.4,3.54831054687505));
#5911=CARTESIAN_POINT('',(-10.461376953125,-34.6,3.98760156250005));
#5912=CARTESIAN_POINT('',(-10.461376953125,-34.4,3.98760156250005));
#5913=CARTESIAN_POINT('',(-9.298037109375,-34.6,4.23589648437505));
#5914=CARTESIAN_POINT('',(-9.298037109375,-34.4,4.23589648437505));
#5915=CARTESIAN_POINT('',(-9.298037109375,-34.4,4.23589648437505));
#5916=CARTESIAN_POINT('',(-10.461376953125,-34.4,3.98760156250005));
#5917=CARTESIAN_POINT('',(-10.968384765625,-34.4,3.54831054687505));
#5918=CARTESIAN_POINT('',(-10.968384765625,-34.4,3.54831054687505));
#5919=CARTESIAN_POINT('',(-10.968384765625,-34.6,3.54831054687505));
#5920=CARTESIAN_POINT('',(-10.968384765625,-34.6,3.54831054687505));
#5921=CARTESIAN_POINT('',(-9.298037109375,-34.6,4.23589648437505));
#5922=CARTESIAN_POINT('',(-10.461376953125,-34.6,3.98760156250005));
#5923=CARTESIAN_POINT('',(-10.968384765625,-34.6,3.54831054687505));
#5924=CARTESIAN_POINT('',(-11.475392578125,-34.6,2.37628906250005));
#5925=CARTESIAN_POINT('',(-11.475392578125,-34.4,2.37628906250005));
#5926=CARTESIAN_POINT('',(-11.475392578125,-34.6,3.10901953125005));
#5927=CARTESIAN_POINT('',(-11.475392578125,-34.4,3.10901953125005));
#5928=CARTESIAN_POINT('',(-10.968384765625,-34.6,3.54831054687505));
#5929=CARTESIAN_POINT('',(-10.968384765625,-34.4,3.54831054687505));
#5930=CARTESIAN_POINT('',(-10.968384765625,-34.4,3.54831054687505));
#5931=CARTESIAN_POINT('',(-11.475392578125,-34.4,3.10901953125005));
#5932=CARTESIAN_POINT('',(-11.475392578125,-34.4,2.37628906250005));
#5933=CARTESIAN_POINT('',(-11.475392578125,-34.4,2.37628906250005));
#5934=CARTESIAN_POINT('',(-11.475392578125,-34.6,2.37628906250005));
#5935=CARTESIAN_POINT('',(-11.475392578125,-34.6,2.37628906250005));
#5936=CARTESIAN_POINT('',(-10.968384765625,-34.6,3.54831054687505));
#5937=CARTESIAN_POINT('',(-11.475392578125,-34.6,3.10901953125005));
#5938=CARTESIAN_POINT('',(-11.475392578125,-34.6,2.37628906250005));
#5939=CARTESIAN_POINT('',(-10.815587890625,-34.6,1.02542578125005));
#5940=CARTESIAN_POINT('',(-10.815587890625,-34.4,1.02542578125005));
#5941=CARTESIAN_POINT('',(-11.475392578125,-34.6,1.55326953125005));
#5942=CARTESIAN_POINT('',(-11.475392578125,-34.4,1.55326953125005));
#5943=CARTESIAN_POINT('',(-11.475392578125,-34.6,2.37628906250005));
#5944=CARTESIAN_POINT('',(-11.475392578125,-34.4,2.37628906250005));
#5945=CARTESIAN_POINT('',(-11.475392578125,-34.4,2.37628906250005));
#5946=CARTESIAN_POINT('',(-11.475392578125,-34.4,1.55326953125005));
#5947=CARTESIAN_POINT('',(-10.815587890625,-34.4,1.02542578125005));
#5948=CARTESIAN_POINT('',(-10.815587890625,-34.4,1.02542578125005));
#5949=CARTESIAN_POINT('',(-10.815587890625,-34.6,1.02542578125005));
#5950=CARTESIAN_POINT('',(-10.815587890625,-34.6,1.02542578125005));
#5951=CARTESIAN_POINT('',(-11.475392578125,-34.6,2.37628906250005));
#5952=CARTESIAN_POINT('',(-11.475392578125,-34.6,1.55326953125005));
#5953=CARTESIAN_POINT('',(-10.815587890625,-34.6,1.02542578125005));
#5954=CARTESIAN_POINT('',(-9.065369140625,-34.6,0.497582031250048));
#5955=CARTESIAN_POINT('',(-9.065369140625,-34.4,0.497582031250048));
#5956=CARTESIAN_POINT('',(-10.155783203125,-34.6,0.497582031250048));
#5957=CARTESIAN_POINT('',(-10.155783203125,-34.4,0.497582031250048));
#5958=CARTESIAN_POINT('',(-10.815587890625,-34.6,1.02542578125005));
#5959=CARTESIAN_POINT('',(-10.815587890625,-34.4,1.02542578125005));
#5960=CARTESIAN_POINT('',(-10.815587890625,-34.4,1.02542578125005));
#5961=CARTESIAN_POINT('',(-10.155783203125,-34.4,0.497582031250049));
#5962=CARTESIAN_POINT('',(-9.065369140625,-34.4,0.497582031250049));
#5963=CARTESIAN_POINT('',(-9.065369140625,-34.4,0.497582031250049));
#5964=CARTESIAN_POINT('',(-9.065369140625,-34.6,0.497582031250049));
#5965=CARTESIAN_POINT('',(-9.065369140625,-34.6,0.497582031250049));
#5966=CARTESIAN_POINT('',(-10.815587890625,-34.6,1.02542578125005));
#5967=CARTESIAN_POINT('',(-10.155783203125,-34.6,0.497582031250049));
#5968=CARTESIAN_POINT('',(-9.065369140625,-34.6,0.497582031250049));
#5969=CARTESIAN_POINT('',(-7.210970703125,-34.6,1.02889843750005));
#5970=CARTESIAN_POINT('',(-7.210970703125,-34.4,1.02889843750005));
#5971=CARTESIAN_POINT('',(-7.915919921875,-34.6,0.497582031250048));
#5972=CARTESIAN_POINT('',(-7.915919921875,-34.4,0.497582031250048));
#5973=CARTESIAN_POINT('',(-9.065369140625,-34.6,0.497582031250048));
#5974=CARTESIAN_POINT('',(-9.065369140625,-34.4,0.497582031250048));
#5975=CARTESIAN_POINT('',(-9.065369140625,-34.4,0.497582031250049));
#5976=CARTESIAN_POINT('',(-7.915919921875,-34.4,0.497582031250049));
#5977=CARTESIAN_POINT('',(-7.210970703125,-34.4,1.02889843750005));
#5978=CARTESIAN_POINT('',(-7.210970703125,-34.4,1.02889843750005));
#5979=CARTESIAN_POINT('',(-7.210970703125,-34.6,1.02889843750005));
#5980=CARTESIAN_POINT('',(-7.210970703125,-34.6,1.02889843750005));
#5981=CARTESIAN_POINT('',(-9.065369140625,-34.6,0.497582031250049));
#5982=CARTESIAN_POINT('',(-7.915919921875,-34.6,0.497582031250049));
#5983=CARTESIAN_POINT('',(-7.210970703125,-34.6,1.02889843750005));
#5984=CARTESIAN_POINT('',(-6.464349609375,-34.6,2.53255859375005));
#5985=CARTESIAN_POINT('',(-6.464349609375,-34.4,2.53255859375005));
#5986=CARTESIAN_POINT('',(-6.506021484375,-34.6,1.56021484375005));
#5987=CARTESIAN_POINT('',(-6.506021484375,-34.4,1.56021484375005));
#5988=CARTESIAN_POINT('',(-7.210970703125,-34.6,1.02889843750005));
#5989=CARTESIAN_POINT('',(-7.210970703125,-34.4,1.02889843750005));
#5990=CARTESIAN_POINT('',(-7.210970703125,-34.4,1.02889843750005));
#5991=CARTESIAN_POINT('',(-6.506021484375,-34.4,1.56021484375005));
#5992=CARTESIAN_POINT('',(-6.464349609375,-34.4,2.53255859375005));
#5993=CARTESIAN_POINT('',(-6.464349609375,-34.4,2.53255859375005));
#5994=CARTESIAN_POINT('',(-6.464349609375,-34.6,2.53255859375005));
#5995=CARTESIAN_POINT('',(-6.464349609375,-34.6,2.53255859375005));
#5996=CARTESIAN_POINT('',(-7.210970703125,-34.6,1.02889843750005));
#5997=CARTESIAN_POINT('',(-6.506021484375,-34.6,1.56021484375005));
#5998=CARTESIAN_POINT('',(-6.464349609375,-34.6,2.53255859375005));
#5999=CARTESIAN_POINT('',(-6.901904296875,-34.6,2.53255859375005));
#6000=CARTESIAN_POINT('',(-6.464349609375,-34.4,2.53255859375005));
#6001=CARTESIAN_POINT('',(-7.339458984375,-34.4,2.53255859375005));
#6002=CARTESIAN_POINT('',(-7.339458984375,-34.6,2.53255859375005));
#6003=CARTESIAN_POINT('',(-7.339458984375,-34.6,2.53255859375005));
#6004=CARTESIAN_POINT('',(-3.4509521484375,-34.6,2.53255859375005));
#6005=CARTESIAN_POINT('',(-9.027169921875,-34.6,1.30323828125005));
#6006=CARTESIAN_POINT('',(-9.027169921875,-34.4,1.30323828125005));
#6007=CARTESIAN_POINT('',(-7.474892578125,-34.6,1.30323828125005));
#6008=CARTESIAN_POINT('',(-7.474892578125,-34.4,1.30323828125005));
#6009=CARTESIAN_POINT('',(-7.339458984375,-34.6,2.53255859375005));
#6010=CARTESIAN_POINT('',(-7.339458984375,-34.4,2.53255859375005));
#6011=CARTESIAN_POINT('',(-7.339458984375,-34.4,2.53255859375005));
#6012=CARTESIAN_POINT('',(-7.474892578125,-34.4,1.30323828125005));
#6013=CARTESIAN_POINT('',(-9.027169921875,-34.4,1.30323828125005));
#6014=CARTESIAN_POINT('',(-9.027169921875,-34.4,1.30323828125005));
#6015=CARTESIAN_POINT('',(-9.027169921875,-34.6,1.30323828125005));
#6016=CARTESIAN_POINT('',(-9.027169921875,-34.6,1.30323828125005));
#6017=CARTESIAN_POINT('',(-7.339458984375,-34.6,2.53255859375005));
#6018=CARTESIAN_POINT('',(-7.474892578125,-34.6,1.30323828125005));
#6019=CARTESIAN_POINT('',(-9.027169921875,-34.6,1.30323828125005));
#6020=CARTESIAN_POINT('',(-10.1887734375,-34.6,1.58452343750005));
#6021=CARTESIAN_POINT('',(-10.1887734375,-34.4,1.58452343750005));
#6022=CARTESIAN_POINT('',(-9.777263671875,-34.6,1.30323828125005));
#6023=CARTESIAN_POINT('',(-9.777263671875,-34.4,1.30323828125005));
#6024=CARTESIAN_POINT('',(-9.027169921875,-34.6,1.30323828125005));
#6025=CARTESIAN_POINT('',(-9.027169921875,-34.4,1.30323828125005));
#6026=CARTESIAN_POINT('',(-9.027169921875,-34.4,1.30323828125005));
#6027=CARTESIAN_POINT('',(-9.777263671875,-34.4,1.30323828125005));
#6028=CARTESIAN_POINT('',(-10.1887734375,-34.4,1.58452343750005));
#6029=CARTESIAN_POINT('',(-10.1887734375,-34.4,1.58452343750005));
#6030=CARTESIAN_POINT('',(-10.1887734375,-34.6,1.58452343750005));
#6031=CARTESIAN_POINT('',(-10.1887734375,-34.6,1.58452343750005));
#6032=CARTESIAN_POINT('',(-9.027169921875,-34.6,1.30323828125005));
#6033=CARTESIAN_POINT('',(-9.777263671875,-34.6,1.30323828125005));
#6034=CARTESIAN_POINT('',(-10.1887734375,-34.6,1.58452343750005));
#6035=CARTESIAN_POINT('',(-10.600283203125,-34.6,2.33461718750005));
#6036=CARTESIAN_POINT('',(-10.600283203125,-34.4,2.33461718750005));
#6037=CARTESIAN_POINT('',(-10.600283203125,-34.6,1.86580859375005));
#6038=CARTESIAN_POINT('',(-10.600283203125,-34.4,1.86580859375005));
#6039=CARTESIAN_POINT('',(-10.1887734375,-34.6,1.58452343750005));
#6040=CARTESIAN_POINT('',(-10.1887734375,-34.4,1.58452343750005));
#6041=CARTESIAN_POINT('',(-10.1887734375,-34.4,1.58452343750005));
#6042=CARTESIAN_POINT('',(-10.600283203125,-34.4,1.86580859375005));
#6043=CARTESIAN_POINT('',(-10.600283203125,-34.4,2.33461718750005));
#6044=CARTESIAN_POINT('',(-10.600283203125,-34.4,2.33461718750005));
#6045=CARTESIAN_POINT('',(-10.600283203125,-34.6,2.33461718750005));
#6046=CARTESIAN_POINT('',(-10.600283203125,-34.6,2.33461718750005));
#6047=CARTESIAN_POINT('',(-10.1887734375,-34.6,1.58452343750005));
#6048=CARTESIAN_POINT('',(-10.600283203125,-34.6,1.86580859375005));
#6049=CARTESIAN_POINT('',(-10.600283203125,-34.6,2.33461718750005));
#6050=CARTESIAN_POINT('',(-10.270380859375,-34.6,2.97532226562505));
#6051=CARTESIAN_POINT('',(-10.270380859375,-34.4,2.97532226562505));
#6052=CARTESIAN_POINT('',(-10.600283203125,-34.6,2.76175390625005));
#6053=CARTESIAN_POINT('',(-10.600283203125,-34.4,2.76175390625005));
#6054=CARTESIAN_POINT('',(-10.600283203125,-34.6,2.33461718750005));
#6055=CARTESIAN_POINT('',(-10.600283203125,-34.4,2.33461718750005));
#6056=CARTESIAN_POINT('',(-10.600283203125,-34.4,2.33461718750005));
#6057=CARTESIAN_POINT('',(-10.600283203125,-34.4,2.76175390625005));
#6058=CARTESIAN_POINT('',(-10.270380859375,-34.4,2.97532226562505));
#6059=CARTESIAN_POINT('',(-10.270380859375,-34.4,2.97532226562505));
#6060=CARTESIAN_POINT('',(-10.270380859375,-34.6,2.97532226562505));
#6061=CARTESIAN_POINT('',(-10.270380859375,-34.6,2.97532226562505));
#6062=CARTESIAN_POINT('',(-10.600283203125,-34.6,2.33461718750005));
#6063=CARTESIAN_POINT('',(-10.600283203125,-34.6,2.76175390625005));
#6064=CARTESIAN_POINT('',(-10.270380859375,-34.6,2.97532226562505));
#6065=CARTESIAN_POINT('',(-9.034115234375,-34.6,3.38683203125005));
#6066=CARTESIAN_POINT('',(-9.034115234375,-34.4,3.38683203125005));
#6067=CARTESIAN_POINT('',(-9.940478515625,-34.6,3.18889062500005));
#6068=CARTESIAN_POINT('',(-9.940478515625,-34.4,3.18889062500005));
#6069=CARTESIAN_POINT('',(-10.270380859375,-34.6,2.97532226562505));
#6070=CARTESIAN_POINT('',(-10.270380859375,-34.4,2.97532226562505));
#6071=CARTESIAN_POINT('',(-10.270380859375,-34.4,2.97532226562505));
#6072=CARTESIAN_POINT('',(-9.940478515625,-34.4,3.18889062500005));
#6073=CARTESIAN_POINT('',(-9.034115234375,-34.4,3.38683203125005));
#6074=CARTESIAN_POINT('',(-9.034115234375,-34.4,3.38683203125005));
#6075=CARTESIAN_POINT('',(-9.034115234375,-34.6,3.38683203125005));
#6076=CARTESIAN_POINT('',(-9.034115234375,-34.6,3.38683203125005));
#6077=CARTESIAN_POINT('',(-10.270380859375,-34.6,2.97532226562505));
#6078=CARTESIAN_POINT('',(-9.940478515625,-34.6,3.18889062500005));
#6079=CARTESIAN_POINT('',(-9.034115234375,-34.6,3.38683203125005));
#6080=CARTESIAN_POINT('',(-7.59469921875,-34.6,3.77924218750005));
#6081=CARTESIAN_POINT('',(-7.59469921875,-34.4,3.77924218750005));
#6082=CARTESIAN_POINT('',(-8.127751953125,-34.6,3.58477343750005));
#6083=CARTESIAN_POINT('',(-8.127751953125,-34.4,3.58477343750005));
#6084=CARTESIAN_POINT('',(-9.034115234375,-34.6,3.38683203125005));
#6085=CARTESIAN_POINT('',(-9.034115234375,-34.4,3.38683203125005));
#6086=CARTESIAN_POINT('',(-9.034115234375,-34.4,3.38683203125005));
#6087=CARTESIAN_POINT('',(-8.127751953125,-34.4,3.58477343750005));
#6088=CARTESIAN_POINT('',(-7.59469921875,-34.4,3.77924218750005));
#6089=CARTESIAN_POINT('',(-7.59469921875,-34.4,3.77924218750005));
#6090=CARTESIAN_POINT('',(-7.59469921875,-34.6,3.77924218750005));
#6091=CARTESIAN_POINT('',(-7.59469921875,-34.6,3.77924218750005));
#6092=CARTESIAN_POINT('',(-9.034115234375,-34.6,3.38683203125005));
#6093=CARTESIAN_POINT('',(-8.127751953125,-34.6,3.58477343750005));
#6094=CARTESIAN_POINT('',(-7.59469921875,-34.6,3.77924218750005));
#6095=CARTESIAN_POINT('',(-6.683126953125,-34.6,4.38348437500005));
#6096=CARTESIAN_POINT('',(-6.683126953125,-34.4,4.38348437500005));
#6097=CARTESIAN_POINT('',(-7.061646484375,-34.6,3.97371093750005));
#6098=CARTESIAN_POINT('',(-7.061646484375,-34.4,3.97371093750005));
#6099=CARTESIAN_POINT('',(-7.59469921875,-34.6,3.77924218750005));
#6100=CARTESIAN_POINT('',(-7.59469921875,-34.4,3.77924218750005));
#6101=CARTESIAN_POINT('',(-7.59469921875,-34.4,3.77924218750005));
#6102=CARTESIAN_POINT('',(-7.061646484375,-34.4,3.97371093750005));
#6103=CARTESIAN_POINT('',(-6.683126953125,-34.4,4.38348437500005));
#6104=CARTESIAN_POINT('',(-6.683126953125,-34.4,4.38348437500005));
#6105=CARTESIAN_POINT('',(-6.683126953125,-34.6,4.38348437500005));
#6106=CARTESIAN_POINT('',(-6.683126953125,-34.6,4.38348437500005));
#6107=CARTESIAN_POINT('',(-7.59469921875,-34.6,3.77924218750005));
#6108=CARTESIAN_POINT('',(-7.061646484375,-34.6,3.97371093750005));
#6109=CARTESIAN_POINT('',(-6.683126953125,-34.6,4.38348437500005));
#6110=CARTESIAN_POINT('',(-6.304607421875,-34.6,5.48431640625005));
#6111=CARTESIAN_POINT('',(-6.304607421875,-34.4,5.48431640625005));
#6112=CARTESIAN_POINT('',(-6.304607421875,-34.6,4.79325781250005));
#6113=CARTESIAN_POINT('',(-6.304607421875,-34.4,4.79325781250005));
#6114=CARTESIAN_POINT('',(-6.683126953125,-34.6,4.38348437500005));
#6115=CARTESIAN_POINT('',(-6.683126953125,-34.4,4.38348437500005));
#6116=CARTESIAN_POINT('',(-6.683126953125,-34.4,4.38348437500005));
#6117=CARTESIAN_POINT('',(-6.304607421875,-34.4,4.79325781250005));
#6118=CARTESIAN_POINT('',(-6.304607421875,-34.4,5.48431640625005));
#6119=CARTESIAN_POINT('',(-6.304607421875,-34.4,5.48431640625005));
#6120=CARTESIAN_POINT('',(-6.304607421875,-34.6,5.48431640625005));
#6121=CARTESIAN_POINT('',(-6.304607421875,-34.6,5.48431640625005));
#6122=CARTESIAN_POINT('',(-6.683126953125,-34.6,4.38348437500005));
#6123=CARTESIAN_POINT('',(-6.304607421875,-34.6,4.79325781250005));
#6124=CARTESIAN_POINT('',(-6.304607421875,-34.6,5.48431640625005));
#6125=CARTESIAN_POINT('',(-7.000875,-34.6,6.93762304687505));
#6126=CARTESIAN_POINT('',(-7.000875,-34.4,6.93762304687505));
#6127=CARTESIAN_POINT('',(-6.304607421875,-34.6,6.35942578125005));
#6128=CARTESIAN_POINT('',(-6.304607421875,-34.4,6.35942578125005));
#6129=CARTESIAN_POINT('',(-6.304607421875,-34.6,5.48431640625005));
#6130=CARTESIAN_POINT('',(-6.304607421875,-34.4,5.48431640625005));
#6131=CARTESIAN_POINT('',(-6.304607421875,-34.4,5.48431640625005));
#6132=CARTESIAN_POINT('',(-6.304607421875,-34.4,6.35942578125005));
#6133=CARTESIAN_POINT('',(-7.000875,-34.4,6.93762304687505));
#6134=CARTESIAN_POINT('',(-7.000875,-34.4,6.93762304687505));
#6135=CARTESIAN_POINT('',(-7.000875,-34.6,6.93762304687505));
#6136=CARTESIAN_POINT('',(-7.000875,-34.6,6.93762304687505));
#6137=CARTESIAN_POINT('',(-6.304607421875,-34.6,5.48431640625005));
#6138=CARTESIAN_POINT('',(-6.304607421875,-34.6,6.35942578125005));
#6139=CARTESIAN_POINT('',(-7.000875,-34.6,6.93762304687505));
#6140=CARTESIAN_POINT('',(-8.818810546875,-34.6,7.51582031250005));
#6141=CARTESIAN_POINT('',(-8.818810546875,-34.4,7.51582031250005));
#6142=CARTESIAN_POINT('',(-7.697142578125,-34.6,7.51582031250005));
#6143=CARTESIAN_POINT('',(-7.697142578125,-34.4,7.51582031250005));
#6144=CARTESIAN_POINT('',(-7.000875,-34.6,6.93762304687505));
#6145=CARTESIAN_POINT('',(-7.000875,-34.4,6.93762304687505));
#6146=CARTESIAN_POINT('',(-7.000875,-34.4,6.93762304687505));
#6147=CARTESIAN_POINT('',(-7.697142578125,-34.4,7.51582031250005));
#6148=CARTESIAN_POINT('',(-8.818810546875,-34.4,7.51582031250005));
#6149=CARTESIAN_POINT('',(-8.818810546875,-34.4,7.51582031250005));
#6150=CARTESIAN_POINT('',(-8.818810546875,-34.6,7.51582031250005));
#6151=CARTESIAN_POINT('',(-8.818810546875,-34.6,7.51582031250005));
#6152=CARTESIAN_POINT('',(-7.000875,-34.6,6.93762304687505));
#6153=CARTESIAN_POINT('',(-7.697142578125,-34.6,7.51582031250005));
#6154=CARTESIAN_POINT('',(-8.818810546875,-34.6,7.51582031250005));
#6155=CARTESIAN_POINT('',(-10.964912109375,-34.6,6.87337890625005));
#6156=CARTESIAN_POINT('',(-10.964912109375,-34.4,6.87337890625005));
#6157=CARTESIAN_POINT('',(-10.253017578125,-34.6,7.51582031250005));
#6158=CARTESIAN_POINT('',(-10.253017578125,-34.4,7.51582031250005));
#6159=CARTESIAN_POINT('',(-8.818810546875,-34.6,7.51582031250005));
#6160=CARTESIAN_POINT('',(-8.818810546875,-34.4,7.51582031250005));
#6161=CARTESIAN_POINT('',(-8.818810546875,-34.4,7.51582031250005));
#6162=CARTESIAN_POINT('',(-10.253017578125,-34.4,7.51582031250005));
#6163=CARTESIAN_POINT('',(-10.964912109375,-34.4,6.87337890625005));
#6164=CARTESIAN_POINT('',(-8.818810546875,-34.6,7.51582031250005));
#6165=CARTESIAN_POINT('',(-10.253017578125,-34.6,7.51582031250005));
#6166=CARTESIAN_POINT('',(-10.964912109375,-34.6,6.87337890625005));
#6167=CARTESIAN_POINT('',(-8.96393454145677,-34.4,4.03228385104929));
#6168=CARTESIAN_POINT('',(15.1199453125,-34.6,-2.33288085937495));
#6169=CARTESIAN_POINT('',(15.1199453125,-34.4,-3.93898437499995));
#6170=CARTESIAN_POINT('',(15.1199453125,-34.4,-3.93898437499995));
#6171=CARTESIAN_POINT('',(15.1199453125,-34.4,-0.726777343749951));
#6172=CARTESIAN_POINT('',(15.1199453125,-34.6,-0.726777343749951));
#6173=CARTESIAN_POINT('',(15.1199453125,-34.6,-0.726777343749951));
#6174=CARTESIAN_POINT('',(15.1199453125,-34.6,-1.16644042968748));
#6175=CARTESIAN_POINT('',(15.1199453125,-34.6,-3.93898437499995));
#6176=CARTESIAN_POINT('',(15.1199453125,-34.6,-3.93898437499995));
#6177=CARTESIAN_POINT('',(14.682390625,-34.6,-0.726777343749951));
#6178=CARTESIAN_POINT('',(15.1199453125,-34.4,-0.726777343749951));
#6179=CARTESIAN_POINT('',(14.2448359375,-34.4,-0.726777343749951));
#6180=CARTESIAN_POINT('',(14.2448359375,-34.6,-0.726777343749951));
#6181=CARTESIAN_POINT('',(14.2448359375,-34.6,-0.726777343749951));
#6182=CARTESIAN_POINT('',(7.3411953125,-34.6,-0.726777343749951));
#6183=CARTESIAN_POINT('',(14.2448359375,-34.6,-2.31551757812495));
#6184=CARTESIAN_POINT('',(14.2448359375,-34.4,-0.726777343749951));
#6185=CARTESIAN_POINT('',(14.2448359375,-34.4,-3.90425781249995));
#6186=CARTESIAN_POINT('',(14.2448359375,-34.6,-3.90425781249995));
#6187=CARTESIAN_POINT('',(14.2448359375,-34.6,-3.90425781249995));
#6188=CARTESIAN_POINT('',(14.2448359375,-34.6,-1.15775878906248));
#6189=CARTESIAN_POINT('',(14.02953125,-34.6,-4.76894921874995));
#6190=CARTESIAN_POINT('',(14.02953125,-34.4,-4.76894921874995));
#6191=CARTESIAN_POINT('',(14.2448359375,-34.6,-4.50502734374995));
#6192=CARTESIAN_POINT('',(14.2448359375,-34.4,-4.50502734374995));
#6193=CARTESIAN_POINT('',(14.2448359375,-34.6,-3.90425781249995));
#6194=CARTESIAN_POINT('',(14.2448359375,-34.4,-3.90425781249995));
#6195=CARTESIAN_POINT('',(14.2448359375,-34.4,-3.90425781249995));
#6196=CARTESIAN_POINT('',(14.2448359375,-34.4,-4.50502734374995));
#6197=CARTESIAN_POINT('',(14.02953125,-34.4,-4.76894921874995));
#6198=CARTESIAN_POINT('',(14.02953125,-34.4,-4.76894921874995));
#6199=CARTESIAN_POINT('',(14.02953125,-34.6,-4.76894921874995));
#6200=CARTESIAN_POINT('',(14.02953125,-34.6,-4.76894921874995));
#6201=CARTESIAN_POINT('',(14.2448359375,-34.6,-3.90425781249995));
#6202=CARTESIAN_POINT('',(14.2448359375,-34.6,-4.50502734374995));
#6203=CARTESIAN_POINT('',(14.02953125,-34.6,-4.76894921874995));
#6204=CARTESIAN_POINT('',(13.321109375,-34.6,-5.03287109374995));
#6205=CARTESIAN_POINT('',(13.321109375,-34.4,-5.03287109374995));
#6206=CARTESIAN_POINT('',(13.8142265625,-34.6,-5.03287109374995));
#6207=CARTESIAN_POINT('',(13.8142265625,-34.4,-5.03287109374995));
#6208=CARTESIAN_POINT('',(14.02953125,-34.6,-4.76894921874995));
#6209=CARTESIAN_POINT('',(14.02953125,-34.4,-4.76894921874995));
#6210=CARTESIAN_POINT('',(14.02953125,-34.4,-4.76894921874995));
#6211=CARTESIAN_POINT('',(13.8142265625,-34.4,-5.03287109374995));
#6212=CARTESIAN_POINT('',(13.321109375,-34.4,-5.03287109374995));
#6213=CARTESIAN_POINT('',(13.321109375,-34.4,-5.03287109374995));
#6214=CARTESIAN_POINT('',(13.321109375,-34.6,-5.03287109374995));
#6215=CARTESIAN_POINT('',(13.321109375,-34.6,-5.03287109374995));
#6216=CARTESIAN_POINT('',(14.02953125,-34.6,-4.76894921874995));
#6217=CARTESIAN_POINT('',(13.8142265625,-34.6,-5.03287109374995));
#6218=CARTESIAN_POINT('',(13.321109375,-34.6,-5.03287109374995));
#6219=CARTESIAN_POINT('',(11.987609375,-34.6,-4.24457812499995));
#6220=CARTESIAN_POINT('',(11.987609375,-34.4,-4.24457812499995));
#6221=CARTESIAN_POINT('',(12.654359375,-34.6,-5.03287109374995));
#6222=CARTESIAN_POINT('',(12.654359375,-34.4,-5.03287109374995));
#6223=CARTESIAN_POINT('',(13.321109375,-34.6,-5.03287109374995));
#6224=CARTESIAN_POINT('',(13.321109375,-34.4,-5.03287109374995));
#6225=CARTESIAN_POINT('',(13.321109375,-34.4,-5.03287109374995));
#6226=CARTESIAN_POINT('',(12.654359375,-34.4,-5.03287109374995));
#6227=CARTESIAN_POINT('',(11.987609375,-34.4,-4.24457812499995));
#6228=CARTESIAN_POINT('',(11.987609375,-34.4,-4.24457812499995));
#6229=CARTESIAN_POINT('',(11.987609375,-34.6,-4.24457812499995));
#6230=CARTESIAN_POINT('',(11.987609375,-34.6,-4.24457812499995));
#6231=CARTESIAN_POINT('',(13.321109375,-34.6,-5.03287109374995));
#6232=CARTESIAN_POINT('',(12.654359375,-34.6,-5.03287109374995));
#6233=CARTESIAN_POINT('',(11.987609375,-34.6,-4.24457812499995));
#6234=CARTESIAN_POINT('',(11.987609375,-34.6,-2.48567773437495));
#6235=CARTESIAN_POINT('',(11.987609375,-34.4,-4.24457812499995));
#6236=CARTESIAN_POINT('',(11.987609375,-34.4,-0.726777343749951));
#6237=CARTESIAN_POINT('',(11.987609375,-34.6,-0.726777343749951));
#6238=CARTESIAN_POINT('',(11.987609375,-34.6,-0.726777343749951));
#6239=CARTESIAN_POINT('',(11.987609375,-34.6,-1.24283886718748));
#6240=CARTESIAN_POINT('',(11.5500546875,-34.6,-0.726777343749951));
#6241=CARTESIAN_POINT('',(11.987609375,-34.4,-0.726777343749951));
#6242=CARTESIAN_POINT('',(11.1125,-34.4,-0.726777343749951));
#6243=CARTESIAN_POINT('',(11.1125,-34.6,-0.726777343749951));
#6244=CARTESIAN_POINT('',(11.1125,-34.6,-0.726777343749951));
#6245=CARTESIAN_POINT('',(5.77502734375,-34.6,-0.726777343749951));
#6246=CARTESIAN_POINT('',(11.1125,-34.6,-4.12129882812495));
#6247=CARTESIAN_POINT('',(11.1125,-34.4,-0.726777343749951));
#6248=CARTESIAN_POINT('',(11.1125,-34.4,-7.51582031249995));
#6249=CARTESIAN_POINT('',(11.1125,-34.6,-7.51582031249995));
#6250=CARTESIAN_POINT('',(11.1125,-34.6,-7.51582031249995));
#6251=CARTESIAN_POINT('',(11.1125,-34.6,-2.06064941406248));
#6252=CARTESIAN_POINT('',(11.5500546875,-34.6,-7.51582031249995));
#6253=CARTESIAN_POINT('',(11.1125,-34.4,-7.51582031249995));
#6254=CARTESIAN_POINT('',(11.987609375,-34.4,-7.51582031249995));
#6255=CARTESIAN_POINT('',(11.987609375,-34.6,-7.51582031249995));
#6256=CARTESIAN_POINT('',(11.987609375,-34.6,-7.51582031249995));
#6257=CARTESIAN_POINT('',(5.77502734375,-34.6,-7.51582031249995));
#6258=CARTESIAN_POINT('',(11.987609375,-34.6,-6.26566406249995));
#6259=CARTESIAN_POINT('',(11.987609375,-34.4,-7.51582031249995));
#6260=CARTESIAN_POINT('',(11.987609375,-34.4,-5.01550781249995));
#6261=CARTESIAN_POINT('',(11.987609375,-34.6,-5.01550781249995));
#6262=CARTESIAN_POINT('',(11.987609375,-34.6,-5.01550781249995));
#6263=CARTESIAN_POINT('',(11.987609375,-34.6,-3.13283203124998));
#6264=CARTESIAN_POINT('',(13.45654296875,-34.6,-5.75171093749995));
#6265=CARTESIAN_POINT('',(13.45654296875,-34.4,-5.75171093749995));
#6266=CARTESIAN_POINT('',(12.64046875,-34.6,-5.75171093749995));
#6267=CARTESIAN_POINT('',(12.64046875,-34.4,-5.75171093749995));
#6268=CARTESIAN_POINT('',(11.987609375,-34.6,-5.01550781249995));
#6269=CARTESIAN_POINT('',(11.987609375,-34.4,-5.01550781249995));
#6270=CARTESIAN_POINT('',(11.987609375,-34.4,-5.01550781249995));
#6271=CARTESIAN_POINT('',(12.64046875,-34.4,-5.75171093749995));
#6272=CARTESIAN_POINT('',(13.45654296875,-34.4,-5.75171093749995));
#6273=CARTESIAN_POINT('',(13.45654296875,-34.4,-5.75171093749995));
#6274=CARTESIAN_POINT('',(13.45654296875,-34.6,-5.75171093749995));
#6275=CARTESIAN_POINT('',(13.45654296875,-34.6,-5.75171093749995));
#6276=CARTESIAN_POINT('',(11.987609375,-34.6,-5.01550781249995));
#6277=CARTESIAN_POINT('',(12.64046875,-34.6,-5.75171093749995));
#6278=CARTESIAN_POINT('',(13.45654296875,-34.6,-5.75171093749995));
#6279=CARTESIAN_POINT('',(15.1199453125,-34.6,-3.93898437499995));
#6280=CARTESIAN_POINT('',(15.1199453125,-34.4,-3.93898437499995));
#6281=CARTESIAN_POINT('',(15.1199453125,-34.6,-5.75171093749995));
#6282=CARTESIAN_POINT('',(15.1199453125,-34.4,-5.75171093749995));
#6283=CARTESIAN_POINT('',(13.45654296875,-34.6,-5.75171093749995));
#6284=CARTESIAN_POINT('',(13.45654296875,-34.4,-5.75171093749995));
#6285=CARTESIAN_POINT('',(13.45654296875,-34.4,-5.75171093749995));
#6286=CARTESIAN_POINT('',(15.1199453125,-34.4,-5.75171093749995));
#6287=CARTESIAN_POINT('',(15.1199453125,-34.4,-3.93898437499995));
#6288=CARTESIAN_POINT('',(13.45654296875,-34.6,-5.75171093749995));
#6289=CARTESIAN_POINT('',(15.1199453125,-34.6,-5.75171093749995));
#6290=CARTESIAN_POINT('',(15.1199453125,-34.6,-3.93898437499995));
#6291=CARTESIAN_POINT('',(12.8545028586161,-34.4,-3.85778057655293));
#6292=CARTESIAN_POINT('',(6.05978515625,-34.6,-3.18194531249995));
#6293=CARTESIAN_POINT('',(6.05978515625,-34.4,-3.18194531249995));
#6294=CARTESIAN_POINT('',(6.05978515625,-34.6,-1.95957031249995));
#6295=CARTESIAN_POINT('',(6.05978515625,-34.4,-1.95957031249995));
#6296=CARTESIAN_POINT('',(6.686599609375,-34.6,-1.28587499999995));
#6297=CARTESIAN_POINT('',(6.686599609375,-34.4,-1.28587499999995));
#6298=CARTESIAN_POINT('',(6.686599609375,-34.4,-1.28587499999995));
#6299=CARTESIAN_POINT('',(6.05978515625,-34.4,-1.95957031249995));
#6300=CARTESIAN_POINT('',(6.05978515625,-34.4,-3.18194531249995));
#6301=CARTESIAN_POINT('',(6.686599609375,-34.4,-1.28587499999995));
#6302=CARTESIAN_POINT('',(6.05978515625,-34.4,-3.18194531249995));
#6303=CARTESIAN_POINT('',(6.05978515625,-34.6,-3.18194531249995));
#6304=CARTESIAN_POINT('',(6.05978515625,-34.6,-3.18194531249995));
#6305=CARTESIAN_POINT('',(6.686599609375,-34.6,-1.28587499999995));
#6306=CARTESIAN_POINT('',(6.05978515625,-34.6,-1.95957031249995));
#6307=CARTESIAN_POINT('',(6.05978515625,-34.6,-3.18194531249995));
#6308=CARTESIAN_POINT('',(6.686599609375,-34.6,-1.28587499999995));
#6309=CARTESIAN_POINT('',(6.686599609375,-34.6,-1.28587499999995));
#6310=CARTESIAN_POINT('',(6.686599609375,-34.6,-5.07975195312495));
#6311=CARTESIAN_POINT('',(6.686599609375,-34.4,-5.07975195312495));
#6312=CARTESIAN_POINT('',(6.05978515625,-34.6,-4.40779296874995));
#6313=CARTESIAN_POINT('',(6.05978515625,-34.4,-4.40779296874995));
#6314=CARTESIAN_POINT('',(6.05978515625,-34.6,-3.18194531249995));
#6315=CARTESIAN_POINT('',(6.05978515625,-34.4,-3.18194531249995));
#6316=CARTESIAN_POINT('',(6.05978515625,-34.4,-3.18194531249995));
#6317=CARTESIAN_POINT('',(6.05978515625,-34.4,-4.40779296874995));
#6318=CARTESIAN_POINT('',(6.686599609375,-34.4,-5.07975195312495));
#6319=CARTESIAN_POINT('',(6.686599609375,-34.4,-5.07975195312495));
#6320=CARTESIAN_POINT('',(6.686599609375,-34.6,-5.07975195312495));
#6321=CARTESIAN_POINT('',(6.686599609375,-34.6,-5.07975195312495));
#6322=CARTESIAN_POINT('',(6.05978515625,-34.6,-3.18194531249995));
#6323=CARTESIAN_POINT('',(6.05978515625,-34.6,-4.40779296874995));
#6324=CARTESIAN_POINT('',(6.686599609375,-34.6,-5.07975195312495));
#6325=CARTESIAN_POINT('',(8.36215625,-34.6,-5.75171093749995));
#6326=CARTESIAN_POINT('',(8.36215625,-34.4,-5.75171093749995));
#6327=CARTESIAN_POINT('',(7.3134140625,-34.6,-5.75171093749995));
#6328=CARTESIAN_POINT('',(7.3134140625,-34.4,-5.75171093749995));
#6329=CARTESIAN_POINT('',(6.686599609375,-34.6,-5.07975195312495));
#6330=CARTESIAN_POINT('',(6.686599609375,-34.4,-5.07975195312495));
#6331=CARTESIAN_POINT('',(6.686599609375,-34.4,-5.07975195312495));
#6332=CARTESIAN_POINT('',(7.3134140625,-34.4,-5.75171093749995));
#6333=CARTESIAN_POINT('',(8.36215625,-34.4,-5.75171093749995));
#6334=CARTESIAN_POINT('',(8.36215625,-34.4,-5.75171093749995));
#6335=CARTESIAN_POINT('',(8.36215625,-34.6,-5.75171093749995));
#6336=CARTESIAN_POINT('',(8.36215625,-34.6,-5.75171093749995));
#6337=CARTESIAN_POINT('',(6.686599609375,-34.6,-5.07975195312495));
#6338=CARTESIAN_POINT('',(7.3134140625,-34.6,-5.75171093749995));
#6339=CARTESIAN_POINT('',(8.36215625,-34.6,-5.75171093749995));
#6340=CARTESIAN_POINT('',(9.707810546875,-34.6,-5.34367382812495));
#6341=CARTESIAN_POINT('',(9.707810546875,-34.4,-5.34367382812495));
#6342=CARTESIAN_POINT('',(9.1678125,-34.6,-5.75171093749995));
#6343=CARTESIAN_POINT('',(9.1678125,-34.4,-5.75171093749995));
#6344=CARTESIAN_POINT('',(8.36215625,-34.6,-5.75171093749995));
#6345=CARTESIAN_POINT('',(8.36215625,-34.4,-5.75171093749995));
#6346=CARTESIAN_POINT('',(8.36215625,-34.4,-5.75171093749995));
#6347=CARTESIAN_POINT('',(9.1678125,-34.4,-5.75171093749995));
#6348=CARTESIAN_POINT('',(9.707810546875,-34.4,-5.34367382812495));
#6349=CARTESIAN_POINT('',(9.707810546875,-34.4,-5.34367382812495));
#6350=CARTESIAN_POINT('',(9.707810546875,-34.6,-5.34367382812495));
#6351=CARTESIAN_POINT('',(9.707810546875,-34.6,-5.34367382812495));
#6352=CARTESIAN_POINT('',(8.36215625,-34.6,-5.75171093749995));
#6353=CARTESIAN_POINT('',(9.1678125,-34.6,-5.75171093749995));
#6354=CARTESIAN_POINT('',(9.707810546875,-34.6,-5.34367382812495));
#6355=CARTESIAN_POINT('',(10.34504296875,-34.6,-4.16817968749995));
#6356=CARTESIAN_POINT('',(10.34504296875,-34.4,-4.16817968749995));
#6357=CARTESIAN_POINT('',(10.24780859375,-34.6,-4.93563671874995));
#6358=CARTESIAN_POINT('',(10.24780859375,-34.4,-4.93563671874995));
#6359=CARTESIAN_POINT('',(9.707810546875,-34.6,-5.34367382812495));
#6360=CARTESIAN_POINT('',(9.707810546875,-34.4,-5.34367382812495));
#6361=CARTESIAN_POINT('',(9.707810546875,-34.4,-5.34367382812495));
#6362=CARTESIAN_POINT('',(10.24780859375,-34.4,-4.93563671874995));
#6363=CARTESIAN_POINT('',(10.34504296875,-34.4,-4.16817968749995));
#6364=CARTESIAN_POINT('',(10.34504296875,-34.4,-4.16817968749995));
#6365=CARTESIAN_POINT('',(10.34504296875,-34.6,-4.16817968749995));
#6366=CARTESIAN_POINT('',(10.34504296875,-34.6,-4.16817968749995));
#6367=CARTESIAN_POINT('',(9.707810546875,-34.6,-5.34367382812495));
#6368=CARTESIAN_POINT('',(10.24780859375,-34.6,-4.93563671874995));
#6369=CARTESIAN_POINT('',(10.34504296875,-34.6,-4.16817968749995));
#6370=CARTESIAN_POINT('',(9.895333984375,-34.6,-4.16817968749995));
#6371=CARTESIAN_POINT('',(10.34504296875,-34.4,-4.16817968749995));
#6372=CARTESIAN_POINT('',(9.445625,-34.4,-4.16817968749995));
#6373=CARTESIAN_POINT('',(9.445625,-34.6,-4.16817968749995));
#6374=CARTESIAN_POINT('',(9.445625,-34.6,-4.16817968749995));
#6375=CARTESIAN_POINT('',(4.9476669921875,-34.6,-4.16817968749995));
#6376=CARTESIAN_POINT('',(9.11225,-34.6,-4.83840234374995));
#6377=CARTESIAN_POINT('',(9.11225,-34.4,-4.83840234374995));
#6378=CARTESIAN_POINT('',(9.4247890625,-34.6,-4.60573437499995));
#6379=CARTESIAN_POINT('',(9.4247890625,-34.4,-4.60573437499995));
#6380=CARTESIAN_POINT('',(9.445625,-34.6,-4.16817968749995));
#6381=CARTESIAN_POINT('',(9.445625,-34.4,-4.16817968749995));
#6382=CARTESIAN_POINT('',(9.445625,-34.4,-4.16817968749995));
#6383=CARTESIAN_POINT('',(9.4247890625,-34.4,-4.60573437499995));
#6384=CARTESIAN_POINT('',(9.11225,-34.4,-4.83840234374995));
#6385=CARTESIAN_POINT('',(9.11225,-34.4,-4.83840234374995));
#6386=CARTESIAN_POINT('',(9.11225,-34.6,-4.83840234374995));
#6387=CARTESIAN_POINT('',(9.11225,-34.6,-4.83840234374995));
#6388=CARTESIAN_POINT('',(9.445625,-34.6,-4.16817968749995));
#6389=CARTESIAN_POINT('',(9.4247890625,-34.6,-4.60573437499995));
#6390=CARTESIAN_POINT('',(9.11225,-34.6,-4.83840234374995));
#6391=CARTESIAN_POINT('',(8.36215625,-34.6,-5.07107031249995));
#6392=CARTESIAN_POINT('',(8.36215625,-34.4,-5.07107031249995));
#6393=CARTESIAN_POINT('',(8.7997109375,-34.6,-5.07107031249995));
#6394=CARTESIAN_POINT('',(8.7997109375,-34.4,-5.07107031249995));
#6395=CARTESIAN_POINT('',(9.11225,-34.6,-4.83840234374995));
#6396=CARTESIAN_POINT('',(9.11225,-34.4,-4.83840234374995));
#6397=CARTESIAN_POINT('',(9.11225,-34.4,-4.83840234374995));
#6398=CARTESIAN_POINT('',(8.7997109375,-34.4,-5.07107031249995));
#6399=CARTESIAN_POINT('',(8.36215625,-34.4,-5.07107031249995));
#6400=CARTESIAN_POINT('',(8.36215625,-34.4,-5.07107031249995));
#6401=CARTESIAN_POINT('',(8.36215625,-34.6,-5.07107031249995));
#6402=CARTESIAN_POINT('',(8.36215625,-34.6,-5.07107031249995));
#6403=CARTESIAN_POINT('',(9.11225,-34.6,-4.83840234374995));
#6404=CARTESIAN_POINT('',(8.7997109375,-34.6,-5.07107031249995));
#6405=CARTESIAN_POINT('',(8.36215625,-34.6,-5.07107031249995));
#6406=CARTESIAN_POINT('',(7.348140625,-34.6,-4.59531640624995));
#6407=CARTESIAN_POINT('',(7.348140625,-34.4,-4.59531640624995));
#6408=CARTESIAN_POINT('',(7.737078125,-34.6,-5.07107031249995));
#6409=CARTESIAN_POINT('',(7.737078125,-34.4,-5.07107031249995));
#6410=CARTESIAN_POINT('',(8.36215625,-34.6,-5.07107031249995));
#6411=CARTESIAN_POINT('',(8.36215625,-34.4,-5.07107031249995));
#6412=CARTESIAN_POINT('',(8.36215625,-34.4,-5.07107031249995));
#6413=CARTESIAN_POINT('',(7.737078125,-34.4,-5.07107031249995));
#6414=CARTESIAN_POINT('',(7.348140625,-34.4,-4.59531640624995));
#6415=CARTESIAN_POINT('',(7.348140625,-34.4,-4.59531640624995));
#6416=CARTESIAN_POINT('',(7.348140625,-34.6,-4.59531640624995));
#6417=CARTESIAN_POINT('',(7.348140625,-34.6,-4.59531640624995));
#6418=CARTESIAN_POINT('',(8.36215625,-34.6,-5.07107031249995));
#6419=CARTESIAN_POINT('',(7.737078125,-34.6,-5.07107031249995));
#6420=CARTESIAN_POINT('',(7.348140625,-34.6,-4.59531640624995));
#6421=CARTESIAN_POINT('',(6.959203125,-34.6,-3.18194531249995));
#6422=CARTESIAN_POINT('',(6.959203125,-34.4,-3.18194531249995));
#6423=CARTESIAN_POINT('',(6.959203125,-34.6,-4.11956249999995));
#6424=CARTESIAN_POINT('',(6.959203125,-34.4,-4.11956249999995));
#6425=CARTESIAN_POINT('',(7.348140625,-34.6,-4.59531640624995));
#6426=CARTESIAN_POINT('',(7.348140625,-34.4,-4.59531640624995));
#6427=CARTESIAN_POINT('',(7.348140625,-34.4,-4.59531640624995));
#6428=CARTESIAN_POINT('',(6.959203125,-34.4,-4.11956249999995));
#6429=CARTESIAN_POINT('',(6.959203125,-34.4,-3.18194531249995));
#6430=CARTESIAN_POINT('',(6.959203125,-34.4,-3.18194531249995));
#6431=CARTESIAN_POINT('',(6.959203125,-34.6,-3.18194531249995));
#6432=CARTESIAN_POINT('',(6.959203125,-34.6,-3.18194531249995));
#6433=CARTESIAN_POINT('',(7.348140625,-34.6,-4.59531640624995));
#6434=CARTESIAN_POINT('',(6.959203125,-34.6,-4.11956249999995));
#6435=CARTESIAN_POINT('',(6.959203125,-34.6,-3.18194531249995));
#6436=CARTESIAN_POINT('',(7.348140625,-34.6,-1.77031054687495));
#6437=CARTESIAN_POINT('',(7.348140625,-34.4,-1.77031054687495));
#6438=CARTESIAN_POINT('',(6.959203125,-34.6,-2.24432812499995));
#6439=CARTESIAN_POINT('',(6.959203125,-34.4,-2.24432812499995));
#6440=CARTESIAN_POINT('',(6.959203125,-34.6,-3.18194531249995));
#6441=CARTESIAN_POINT('',(6.959203125,-34.4,-3.18194531249995));
#6442=CARTESIAN_POINT('',(6.959203125,-34.4,-3.18194531249995));
#6443=CARTESIAN_POINT('',(6.959203125,-34.4,-2.24432812499995));
#6444=CARTESIAN_POINT('',(7.348140625,-34.4,-1.77031054687495));
#6445=CARTESIAN_POINT('',(7.348140625,-34.4,-1.77031054687495));
#6446=CARTESIAN_POINT('',(7.348140625,-34.6,-1.77031054687495));
#6447=CARTESIAN_POINT('',(7.348140625,-34.6,-1.77031054687495));
#6448=CARTESIAN_POINT('',(6.959203125,-34.6,-3.18194531249995));
#6449=CARTESIAN_POINT('',(6.959203125,-34.6,-2.24432812499995));
#6450=CARTESIAN_POINT('',(7.348140625,-34.6,-1.77031054687495));
#6451=CARTESIAN_POINT('',(8.36215625,-34.6,-1.29629296874995));
#6452=CARTESIAN_POINT('',(8.36215625,-34.4,-1.29629296874995));
#6453=CARTESIAN_POINT('',(7.737078125,-34.6,-1.29629296874995));
#6454=CARTESIAN_POINT('',(7.737078125,-34.4,-1.29629296874995));
#6455=CARTESIAN_POINT('',(7.348140625,-34.6,-1.77031054687495));
#6456=CARTESIAN_POINT('',(7.348140625,-34.4,-1.77031054687495));
#6457=CARTESIAN_POINT('',(7.348140625,-34.4,-1.77031054687495));
#6458=CARTESIAN_POINT('',(7.737078125,-34.4,-1.29629296874995));
#6459=CARTESIAN_POINT('',(8.36215625,-34.4,-1.29629296874995));
#6460=CARTESIAN_POINT('',(8.36215625,-34.4,-1.29629296874995));
#6461=CARTESIAN_POINT('',(8.36215625,-34.6,-1.29629296874995));
#6462=CARTESIAN_POINT('',(8.36215625,-34.6,-1.29629296874995));
#6463=CARTESIAN_POINT('',(7.348140625,-34.6,-1.77031054687495));
#6464=CARTESIAN_POINT('',(7.737078125,-34.6,-1.29629296874995));
#6465=CARTESIAN_POINT('',(8.36215625,-34.6,-1.29629296874995));
#6466=CARTESIAN_POINT('',(9.11225,-34.6,-1.52722460937495));
#6467=CARTESIAN_POINT('',(9.11225,-34.4,-1.52722460937495));
#6468=CARTESIAN_POINT('',(8.7997109375,-34.6,-1.29629296874995));
#6469=CARTESIAN_POINT('',(8.7997109375,-34.4,-1.29629296874995));
#6470=CARTESIAN_POINT('',(8.36215625,-34.6,-1.29629296874995));
#6471=CARTESIAN_POINT('',(8.36215625,-34.4,-1.29629296874995));
#6472=CARTESIAN_POINT('',(8.36215625,-34.4,-1.29629296874995));
#6473=CARTESIAN_POINT('',(8.7997109375,-34.4,-1.29629296874995));
#6474=CARTESIAN_POINT('',(9.11225,-34.4,-1.52722460937495));
#6475=CARTESIAN_POINT('',(9.11225,-34.4,-1.52722460937495));
#6476=CARTESIAN_POINT('',(9.11225,-34.6,-1.52722460937495));
#6477=CARTESIAN_POINT('',(9.11225,-34.6,-1.52722460937495));
#6478=CARTESIAN_POINT('',(8.36215625,-34.6,-1.29629296874995));
#6479=CARTESIAN_POINT('',(8.7997109375,-34.6,-1.29629296874995));
#6480=CARTESIAN_POINT('',(9.11225,-34.6,-1.52722460937495));
#6481=CARTESIAN_POINT('',(9.445625,-34.6,-2.19571093749995));
#6482=CARTESIAN_POINT('',(9.445625,-34.4,-2.19571093749995));
#6483=CARTESIAN_POINT('',(9.4247890625,-34.6,-1.75815624999995));
#6484=CARTESIAN_POINT('',(9.4247890625,-34.4,-1.75815624999995));
#6485=CARTESIAN_POINT('',(9.11225,-34.6,-1.52722460937495));
#6486=CARTESIAN_POINT('',(9.11225,-34.4,-1.52722460937495));
#6487=CARTESIAN_POINT('',(9.11225,-34.4,-1.52722460937495));
#6488=CARTESIAN_POINT('',(9.4247890625,-34.4,-1.75815624999995));
#6489=CARTESIAN_POINT('',(9.445625,-34.4,-2.19571093749995));
#6490=CARTESIAN_POINT('',(9.445625,-34.4,-2.19571093749995));
#6491=CARTESIAN_POINT('',(9.445625,-34.6,-2.19571093749995));
#6492=CARTESIAN_POINT('',(9.445625,-34.6,-2.19571093749995));
#6493=CARTESIAN_POINT('',(9.11225,-34.6,-1.52722460937495));
#6494=CARTESIAN_POINT('',(9.4247890625,-34.6,-1.75815624999995));
#6495=CARTESIAN_POINT('',(9.445625,-34.6,-2.19571093749995));
#6496=CARTESIAN_POINT('',(9.895333984375,-34.6,-2.19571093749995));
#6497=CARTESIAN_POINT('',(9.445625,-34.4,-2.19571093749995));
#6498=CARTESIAN_POINT('',(10.34504296875,-34.4,-2.19571093749995));
#6499=CARTESIAN_POINT('',(10.34504296875,-34.6,-2.19571093749995));
#6500=CARTESIAN_POINT('',(10.34504296875,-34.6,-2.19571093749995));
#6501=CARTESIAN_POINT('',(4.9476669921875,-34.6,-2.19571093749995));
#6502=CARTESIAN_POINT('',(9.707810546875,-34.6,-1.01848046874995));
#6503=CARTESIAN_POINT('',(9.707810546875,-34.4,-1.01848046874995));
#6504=CARTESIAN_POINT('',(10.24780859375,-34.6,-1.42478124999995));
#6505=CARTESIAN_POINT('',(10.24780859375,-34.4,-1.42478124999995));
#6506=CARTESIAN_POINT('',(10.34504296875,-34.6,-2.19571093749995));
#6507=CARTESIAN_POINT('',(10.34504296875,-34.4,-2.19571093749995));
#6508=CARTESIAN_POINT('',(10.34504296875,-34.4,-2.19571093749995));
#6509=CARTESIAN_POINT('',(10.24780859375,-34.4,-1.42478124999995));
#6510=CARTESIAN_POINT('',(9.707810546875,-34.4,-1.01848046874995));
#6511=CARTESIAN_POINT('',(9.707810546875,-34.4,-1.01848046874995));
#6512=CARTESIAN_POINT('',(9.707810546875,-34.6,-1.01848046874995));
#6513=CARTESIAN_POINT('',(9.707810546875,-34.6,-1.01848046874995));
#6514=CARTESIAN_POINT('',(10.34504296875,-34.6,-2.19571093749995));
#6515=CARTESIAN_POINT('',(10.24780859375,-34.6,-1.42478124999995));
#6516=CARTESIAN_POINT('',(9.707810546875,-34.6,-1.01848046874995));
#6517=CARTESIAN_POINT('',(8.36215625,-34.6,-0.612179687499951));
#6518=CARTESIAN_POINT('',(8.36215625,-34.4,-0.612179687499951));
#6519=CARTESIAN_POINT('',(9.1678125,-34.6,-0.612179687499951));
#6520=CARTESIAN_POINT('',(9.1678125,-34.4,-0.612179687499951));
#6521=CARTESIAN_POINT('',(9.707810546875,-34.6,-1.01848046874995));
#6522=CARTESIAN_POINT('',(9.707810546875,-34.4,-1.01848046874995));
#6523=CARTESIAN_POINT('',(9.707810546875,-34.4,-1.01848046874995));
#6524=CARTESIAN_POINT('',(9.1678125,-34.4,-0.612179687499951));
#6525=CARTESIAN_POINT('',(8.36215625,-34.4,-0.612179687499951));
#6526=CARTESIAN_POINT('',(8.36215625,-34.4,-0.612179687499951));
#6527=CARTESIAN_POINT('',(8.36215625,-34.6,-0.612179687499951));
#6528=CARTESIAN_POINT('',(8.36215625,-34.6,-0.612179687499951));
#6529=CARTESIAN_POINT('',(9.707810546875,-34.6,-1.01848046874995));
#6530=CARTESIAN_POINT('',(9.1678125,-34.6,-0.612179687499951));
#6531=CARTESIAN_POINT('',(8.36215625,-34.6,-0.612179687499951));
#6532=CARTESIAN_POINT('',(6.686599609375,-34.6,-1.28587499999995));
#6533=CARTESIAN_POINT('',(6.686599609375,-34.4,-1.28587499999995));
#6534=CARTESIAN_POINT('',(7.3134140625,-34.6,-0.612179687499951));
#6535=CARTESIAN_POINT('',(7.3134140625,-34.4,-0.612179687499951));
#6536=CARTESIAN_POINT('',(8.36215625,-34.6,-0.612179687499951));
#6537=CARTESIAN_POINT('',(8.36215625,-34.4,-0.612179687499951));
#6538=CARTESIAN_POINT('',(8.36215625,-34.4,-0.612179687499951));
#6539=CARTESIAN_POINT('',(7.3134140625,-34.4,-0.612179687499951));
#6540=CARTESIAN_POINT('',(6.686599609375,-34.4,-1.28587499999995));
#6541=CARTESIAN_POINT('',(8.36215625,-34.6,-0.612179687499951));
#6542=CARTESIAN_POINT('',(7.3134140625,-34.6,-0.612179687499951));
#6543=CARTESIAN_POINT('',(6.686599609375,-34.6,-1.28587499999995));
#6544=CARTESIAN_POINT('',(8.14079574005676,-34.4,-3.18248929077193));
#6545=CARTESIAN_POINT('',(1.2848828125,-34.6,-1.00806249999995));
#6546=CARTESIAN_POINT('',(1.2848828125,-34.4,-1.00806249999995));
#6547=CARTESIAN_POINT('',(1.7571640625,-34.6,-0.612179687499951));
#6548=CARTESIAN_POINT('',(1.7571640625,-34.4,-0.612179687499951));
#6549=CARTESIAN_POINT('',(2.48989453125,-34.6,-0.612179687499951));
#6550=CARTESIAN_POINT('',(2.48989453125,-34.4,-0.612179687499951));
#6551=CARTESIAN_POINT('',(2.48989453125,-34.4,-0.612179687499951));
#6552=CARTESIAN_POINT('',(1.7571640625,-34.4,-0.612179687499951));
#6553=CARTESIAN_POINT('',(1.2848828125,-34.4,-1.00806249999995));
#6554=CARTESIAN_POINT('',(2.48989453125,-34.4,-0.612179687499951));
#6555=CARTESIAN_POINT('',(1.2848828125,-34.4,-1.00806249999995));
#6556=CARTESIAN_POINT('',(1.2848828125,-34.6,-1.00806249999995));
#6557=CARTESIAN_POINT('',(1.2848828125,-34.6,-1.00806249999995));
#6558=CARTESIAN_POINT('',(2.48989453125,-34.6,-0.612179687499951));
#6559=CARTESIAN_POINT('',(1.7571640625,-34.6,-0.612179687499951));
#6560=CARTESIAN_POINT('',(1.2848828125,-34.6,-1.00806249999995));
#6561=CARTESIAN_POINT('',(2.48989453125,-34.6,-0.612179687499951));
#6562=CARTESIAN_POINT('',(2.48989453125,-34.6,-0.612179687499951));
#6563=CARTESIAN_POINT('',(0.812601562499999,-34.6,-2.02902343749995));
#6564=CARTESIAN_POINT('',(0.812601562499999,-34.4,-2.02902343749995));
#6565=CARTESIAN_POINT('',(0.812601562499999,-34.6,-1.40394531249995));
#6566=CARTESIAN_POINT('',(0.812601562499999,-34.4,-1.40394531249995));
#6567=CARTESIAN_POINT('',(1.2848828125,-34.6,-1.00806249999995));
#6568=CARTESIAN_POINT('',(1.2848828125,-34.4,-1.00806249999995));
#6569=CARTESIAN_POINT('',(1.2848828125,-34.4,-1.00806249999995));
#6570=CARTESIAN_POINT('',(0.812601562499999,-34.4,-1.40394531249995));
#6571=CARTESIAN_POINT('',(0.812601562499999,-34.4,-2.02902343749995));
#6572=CARTESIAN_POINT('',(0.812601562499999,-34.4,-2.02902343749995));
#6573=CARTESIAN_POINT('',(0.812601562499999,-34.6,-2.02902343749995));
#6574=CARTESIAN_POINT('',(0.812601562499999,-34.6,-2.02902343749995));
#6575=CARTESIAN_POINT('',(1.2848828125,-34.6,-1.00806249999995));
#6576=CARTESIAN_POINT('',(0.812601562499999,-34.6,-1.40394531249995));
#6577=CARTESIAN_POINT('',(0.812601562499999,-34.6,-2.02902343749995));
#6578=CARTESIAN_POINT('',(3.78172265625,-34.6,-3.75146093749995));
#6579=CARTESIAN_POINT('',(3.78172265625,-34.4,-3.75146093749995));
#6580=CARTESIAN_POINT('',(0.812601562499999,-34.6,-3.75146093749995));
#6581=CARTESIAN_POINT('',(0.812601562499999,-34.4,-3.75146093749995));
#6582=CARTESIAN_POINT('',(0.812601562499999,-34.6,-2.02902343749995));
#6583=CARTESIAN_POINT('',(0.812601562499999,-34.4,-2.02902343749995));
#6584=CARTESIAN_POINT('',(0.812601562499999,-34.4,-2.02902343749995));
#6585=CARTESIAN_POINT('',(0.812601562499999,-34.4,-3.75146093749995));
#6586=CARTESIAN_POINT('',(3.78172265625,-34.4,-3.75146093749995));
#6587=CARTESIAN_POINT('',(3.78172265625,-34.4,-3.75146093749995));
#6588=CARTESIAN_POINT('',(3.78172265625,-34.6,-3.75146093749995));
#6589=CARTESIAN_POINT('',(3.78172265625,-34.6,-3.75146093749995));
#6590=CARTESIAN_POINT('',(0.812601562499999,-34.6,-2.02902343749995));
#6591=CARTESIAN_POINT('',(0.812601562499999,-34.6,-3.75146093749995));
#6592=CARTESIAN_POINT('',(3.78172265625,-34.6,-3.75146093749995));
#6593=CARTESIAN_POINT('',(3.9935546875,-34.6,-3.75146093749995));
#6594=CARTESIAN_POINT('',(3.78172265625,-34.4,-3.75146093749995));
#6595=CARTESIAN_POINT('',(4.20538671875,-34.4,-3.75146093749995));
#6596=CARTESIAN_POINT('',(4.20538671875,-34.6,-3.75146093749995));
#6597=CARTESIAN_POINT('',(4.20538671875,-34.6,-3.75146093749995));
#6598=CARTESIAN_POINT('',(1.99677734375,-34.6,-3.75146093749995));
#6599=CARTESIAN_POINT('',(4.14982421875,-34.6,-4.51718164062495));
#6600=CARTESIAN_POINT('',(4.14982421875,-34.4,-4.51718164062495));
#6601=CARTESIAN_POINT('',(4.20538671875,-34.6,-4.27930468749995));
#6602=CARTESIAN_POINT('',(4.20538671875,-34.4,-4.27930468749995));
#6603=CARTESIAN_POINT('',(4.20538671875,-34.6,-3.75146093749995));
#6604=CARTESIAN_POINT('',(4.20538671875,-34.4,-3.75146093749995));
#6605=CARTESIAN_POINT('',(4.20538671875,-34.4,-3.75146093749995));
#6606=CARTESIAN_POINT('',(4.20538671875,-34.4,-4.27930468749995));
#6607=CARTESIAN_POINT('',(4.14982421875,-34.4,-4.51718164062495));
#6608=CARTESIAN_POINT('',(4.14982421875,-34.4,-4.51718164062495));
#6609=CARTESIAN_POINT('',(4.14982421875,-34.6,-4.51718164062495));
#6610=CARTESIAN_POINT('',(4.14982421875,-34.6,-4.51718164062495));
#6611=CARTESIAN_POINT('',(4.20538671875,-34.6,-3.75146093749995));
#6612=CARTESIAN_POINT('',(4.20538671875,-34.6,-4.27930468749995));
#6613=CARTESIAN_POINT('',(4.14982421875,-34.6,-4.51718164062495));
#6614=CARTESIAN_POINT('',(3.8407578125,-34.6,-4.91306445312495));
#6615=CARTESIAN_POINT('',(3.8407578125,-34.4,-4.91306445312495));
#6616=CARTESIAN_POINT('',(4.09426171875,-34.6,-4.75505859374995));
#6617=CARTESIAN_POINT('',(4.09426171875,-34.4,-4.75505859374995));
#6618=CARTESIAN_POINT('',(4.14982421875,-34.6,-4.51718164062495));
#6619=CARTESIAN_POINT('',(4.14982421875,-34.4,-4.51718164062495));
#6620=CARTESIAN_POINT('',(4.14982421875,-34.4,-4.51718164062495));
#6621=CARTESIAN_POINT('',(4.09426171875,-34.4,-4.75505859374995));
#6622=CARTESIAN_POINT('',(3.8407578125,-34.4,-4.91306445312495));
#6623=CARTESIAN_POINT('',(3.8407578125,-34.4,-4.91306445312495));
#6624=CARTESIAN_POINT('',(3.8407578125,-34.6,-4.91306445312495));
#6625=CARTESIAN_POINT('',(3.8407578125,-34.6,-4.91306445312495));
#6626=CARTESIAN_POINT('',(4.14982421875,-34.6,-4.51718164062495));
#6627=CARTESIAN_POINT('',(4.09426171875,-34.6,-4.75505859374995));
#6628=CARTESIAN_POINT('',(3.8407578125,-34.6,-4.91306445312495));
#6629=CARTESIAN_POINT('',(3.03162890625,-34.6,-5.07107031249995));
#6630=CARTESIAN_POINT('',(3.03162890625,-34.4,-5.07107031249995));
#6631=CARTESIAN_POINT('',(3.58725390625,-34.6,-5.07107031249995));
#6632=CARTESIAN_POINT('',(3.58725390625,-34.4,-5.07107031249995));
#6633=CARTESIAN_POINT('',(3.8407578125,-34.6,-4.91306445312495));
#6634=CARTESIAN_POINT('',(3.8407578125,-34.4,-4.91306445312495));
#6635=CARTESIAN_POINT('',(3.8407578125,-34.4,-4.91306445312495));
#6636=CARTESIAN_POINT('',(3.58725390625,-34.4,-5.07107031249995));
#6637=CARTESIAN_POINT('',(3.03162890625,-34.4,-5.07107031249995));
#6638=CARTESIAN_POINT('',(3.03162890625,-34.4,-5.07107031249995));
#6639=CARTESIAN_POINT('',(3.03162890625,-34.6,-5.07107031249995));
#6640=CARTESIAN_POINT('',(3.03162890625,-34.6,-5.07107031249995));
#6641=CARTESIAN_POINT('',(3.8407578125,-34.6,-4.91306445312495));
#6642=CARTESIAN_POINT('',(3.58725390625,-34.6,-5.07107031249995));
#6643=CARTESIAN_POINT('',(3.03162890625,-34.6,-5.07107031249995));
#6644=CARTESIAN_POINT('',(1.8266171875,-34.6,-4.23763281249995));
#6645=CARTESIAN_POINT('',(1.8266171875,-34.4,-4.23763281249995));
#6646=CARTESIAN_POINT('',(1.86481640625,-34.6,-5.07107031249995));
#6647=CARTESIAN_POINT('',(1.86481640625,-34.4,-5.07107031249995));
#6648=CARTESIAN_POINT('',(3.03162890625,-34.6,-5.07107031249995));
#6649=CARTESIAN_POINT('',(3.03162890625,-34.4,-5.07107031249995));
#6650=CARTESIAN_POINT('',(3.03162890625,-34.4,-5.07107031249995));
#6651=CARTESIAN_POINT('',(1.86481640625,-34.4,-5.07107031249995));
#6652=CARTESIAN_POINT('',(1.8266171875,-34.4,-4.23763281249995));
#6653=CARTESIAN_POINT('',(1.8266171875,-34.4,-4.23763281249995));
#6654=CARTESIAN_POINT('',(1.8266171875,-34.6,-4.23763281249995));
#6655=CARTESIAN_POINT('',(1.8266171875,-34.6,-4.23763281249995));
#6656=CARTESIAN_POINT('',(3.03162890625,-34.6,-5.07107031249995));
#6657=CARTESIAN_POINT('',(1.86481640625,-34.6,-5.07107031249995));
#6658=CARTESIAN_POINT('',(1.8266171875,-34.6,-4.23763281249995));
#6659=CARTESIAN_POINT('',(1.390798828125,-34.6,-4.23763281249995));
#6660=CARTESIAN_POINT('',(1.8266171875,-34.4,-4.23763281249995));
#6661=CARTESIAN_POINT('',(0.954980468749999,-34.4,-4.23763281249995));
#6662=CARTESIAN_POINT('',(0.954980468749999,-34.6,-4.23763281249995));
#6663=CARTESIAN_POINT('',(0.954980468749999,-34.6,-4.23763281249995));
#6664=CARTESIAN_POINT('',(0.6953994140625,-34.6,-4.23763281249995));
#6665=CARTESIAN_POINT('',(3.0767734375,-34.6,-5.75171093749995));
#6666=CARTESIAN_POINT('',(3.0767734375,-34.4,-5.75171093749995));
#6667=CARTESIAN_POINT('',(1.05221484375,-34.6,-5.75171093749995));
#6668=CARTESIAN_POINT('',(1.05221484375,-34.4,-5.75171093749995));
#6669=CARTESIAN_POINT('',(0.95498046875,-34.6,-4.23763281249995));
#6670=CARTESIAN_POINT('',(0.95498046875,-34.4,-4.23763281249995));
#6671=CARTESIAN_POINT('',(0.954980468749999,-34.4,-4.23763281249995));
#6672=CARTESIAN_POINT('',(1.05221484375,-34.4,-5.75171093749995));
#6673=CARTESIAN_POINT('',(3.0767734375,-34.4,-5.75171093749995));
#6674=CARTESIAN_POINT('',(3.0767734375,-34.4,-5.75171093749995));
#6675=CARTESIAN_POINT('',(3.0767734375,-34.6,-5.75171093749995));
#6676=CARTESIAN_POINT('',(3.0767734375,-34.6,-5.75171093749995));
#6677=CARTESIAN_POINT('',(0.954980468749999,-34.6,-4.23763281249995));
#6678=CARTESIAN_POINT('',(1.05221484375,-34.6,-5.75171093749995));
#6679=CARTESIAN_POINT('',(3.0767734375,-34.6,-5.75171093749995));
#6680=CARTESIAN_POINT('',(4.5491796875,-34.6,-5.37666406249995));
#6681=CARTESIAN_POINT('',(4.5491796875,-34.4,-5.37666406249995));
#6682=CARTESIAN_POINT('',(4.0213359375,-34.6,-5.75171093749995));
#6683=CARTESIAN_POINT('',(4.0213359375,-34.4,-5.75171093749995));
#6684=CARTESIAN_POINT('',(3.0767734375,-34.6,-5.75171093749995));
#6685=CARTESIAN_POINT('',(3.0767734375,-34.4,-5.75171093749995));
#6686=CARTESIAN_POINT('',(3.0767734375,-34.4,-5.75171093749995));
#6687=CARTESIAN_POINT('',(4.0213359375,-34.4,-5.75171093749995));
#6688=CARTESIAN_POINT('',(4.5491796875,-34.4,-5.37666406249995));
#6689=CARTESIAN_POINT('',(4.5491796875,-34.4,-5.37666406249995));
#6690=CARTESIAN_POINT('',(4.5491796875,-34.6,-5.37666406249995));
#6691=CARTESIAN_POINT('',(4.5491796875,-34.6,-5.37666406249995));
#6692=CARTESIAN_POINT('',(3.0767734375,-34.6,-5.75171093749995));
#6693=CARTESIAN_POINT('',(4.0213359375,-34.6,-5.75171093749995));
#6694=CARTESIAN_POINT('',(4.5491796875,-34.6,-5.37666406249995));
#6695=CARTESIAN_POINT('',(5.0770234375,-34.6,-3.90425781249995));
#6696=CARTESIAN_POINT('',(5.0770234375,-34.4,-3.90425781249995));
#6697=CARTESIAN_POINT('',(5.0770234375,-34.6,-5.00161718749995));
#6698=CARTESIAN_POINT('',(5.0770234375,-34.4,-5.00161718749995));
#6699=CARTESIAN_POINT('',(4.5491796875,-34.6,-5.37666406249995));
#6700=CARTESIAN_POINT('',(4.5491796875,-34.4,-5.37666406249995));
#6701=CARTESIAN_POINT('',(4.5491796875,-34.4,-5.37666406249995));
#6702=CARTESIAN_POINT('',(5.0770234375,-34.4,-5.00161718749995));
#6703=CARTESIAN_POINT('',(5.0770234375,-34.4,-3.90425781249995));
#6704=CARTESIAN_POINT('',(5.0770234375,-34.4,-3.90425781249995));
#6705=CARTESIAN_POINT('',(5.0770234375,-34.6,-3.90425781249995));
#6706=CARTESIAN_POINT('',(5.0770234375,-34.6,-3.90425781249995));
#6707=CARTESIAN_POINT('',(4.5491796875,-34.6,-5.37666406249995));
#6708=CARTESIAN_POINT('',(5.0770234375,-34.6,-5.00161718749995));
#6709=CARTESIAN_POINT('',(5.0770234375,-34.6,-3.90425781249995));
#6710=CARTESIAN_POINT('',(5.0770234375,-34.6,-2.31551757812495));
#6711=CARTESIAN_POINT('',(5.0770234375,-34.4,-3.90425781249995));
#6712=CARTESIAN_POINT('',(5.0770234375,-34.4,-0.726777343749951));
#6713=CARTESIAN_POINT('',(5.0770234375,-34.6,-0.726777343749951));
#6714=CARTESIAN_POINT('',(5.0770234375,-34.6,-0.726777343749951));
#6715=CARTESIAN_POINT('',(5.0770234375,-34.6,-1.15775878906248));
#6716=CARTESIAN_POINT('',(4.641205078125,-34.6,-0.726777343749951));
#6717=CARTESIAN_POINT('',(5.0770234375,-34.4,-0.726777343749951));
#6718=CARTESIAN_POINT('',(4.20538671875,-34.4,-0.726777343749951));
#6719=CARTESIAN_POINT('',(4.20538671875,-34.6,-0.726777343749951));
#6720=CARTESIAN_POINT('',(4.20538671875,-34.6,-0.726777343749951));
#6721=CARTESIAN_POINT('',(2.3206025390625,-34.6,-0.726777343749951));
#6722=CARTESIAN_POINT('',(4.20538671875,-34.6,-0.978544921874951));
#6723=CARTESIAN_POINT('',(4.20538671875,-34.4,-0.726777343749951));
#6724=CARTESIAN_POINT('',(4.20538671875,-34.4,-1.23031249999995));
#6725=CARTESIAN_POINT('',(4.20538671875,-34.6,-1.23031249999995));
#6726=CARTESIAN_POINT('',(4.20538671875,-34.6,-1.23031249999995));
#6727=CARTESIAN_POINT('',(4.20538671875,-34.6,-0.489272460937476));
#6728=CARTESIAN_POINT('',(2.48989453125,-34.6,-0.612179687499951));
#6729=CARTESIAN_POINT('',(2.48989453125,-34.4,-0.612179687499951));
#6730=CARTESIAN_POINT('',(3.53863671875,-34.6,-0.612179687499951));
#6731=CARTESIAN_POINT('',(3.53863671875,-34.4,-0.612179687499951));
#6732=CARTESIAN_POINT('',(4.20538671875,-34.6,-1.23031249999995));
#6733=CARTESIAN_POINT('',(4.20538671875,-34.4,-1.23031249999995));
#6734=CARTESIAN_POINT('',(4.20538671875,-34.4,-1.23031249999995));
#6735=CARTESIAN_POINT('',(3.53863671875,-34.4,-0.612179687499951));
#6736=CARTESIAN_POINT('',(2.48989453125,-34.4,-0.612179687499951));
#6737=CARTESIAN_POINT('',(4.20538671875,-34.6,-1.23031249999995));
#6738=CARTESIAN_POINT('',(3.53863671875,-34.6,-0.612179687499951));
#6739=CARTESIAN_POINT('',(2.48989453125,-34.6,-0.612179687499951));
#6740=CARTESIAN_POINT('',(1.71201953125,-34.6,-2.07416796874995));
#6741=CARTESIAN_POINT('',(1.71201953125,-34.4,-2.07416796874995));
#6742=CARTESIAN_POINT('',(1.71201953125,-34.6,-3.10554687499995));
#6743=CARTESIAN_POINT('',(1.71201953125,-34.4,-3.10554687499995));
#6744=CARTESIAN_POINT('',(3.60808984375,-34.6,-3.10554687499995));
#6745=CARTESIAN_POINT('',(3.60808984375,-34.4,-3.10554687499995));
#6746=CARTESIAN_POINT('',(3.60808984375,-34.4,-3.10554687499995));
#6747=CARTESIAN_POINT('',(1.71201953125,-34.4,-3.10554687499995));
#6748=CARTESIAN_POINT('',(1.71201953125,-34.4,-2.07416796874995));
#6749=CARTESIAN_POINT('',(3.60808984375,-34.4,-3.10554687499995));
#6750=CARTESIAN_POINT('',(1.71201953125,-34.4,-2.07416796874995));
#6751=CARTESIAN_POINT('',(1.71201953125,-34.6,-2.07416796874995));
#6752=CARTESIAN_POINT('',(1.71201953125,-34.6,-2.07416796874995));
#6753=CARTESIAN_POINT('',(3.60808984375,-34.6,-3.10554687499995));
#6754=CARTESIAN_POINT('',(1.71201953125,-34.6,-3.10554687499995));
#6755=CARTESIAN_POINT('',(1.71201953125,-34.6,-2.07416796874995));
#6756=CARTESIAN_POINT('',(3.60808984375,-34.6,-3.10554687499995));
#6757=CARTESIAN_POINT('',(3.60808984375,-34.6,-3.10554687499995));
#6758=CARTESIAN_POINT('',(1.98983203125,-34.6,-1.49770703124995));
#6759=CARTESIAN_POINT('',(1.98983203125,-34.4,-1.49770703124995));
#6760=CARTESIAN_POINT('',(1.71201953125,-34.6,-1.69912109374995));
#6761=CARTESIAN_POINT('',(1.71201953125,-34.4,-1.69912109374995));
#6762=CARTESIAN_POINT('',(1.71201953125,-34.6,-2.07416796874995));
#6763=CARTESIAN_POINT('',(1.71201953125,-34.4,-2.07416796874995));
#6764=CARTESIAN_POINT('',(1.71201953125,-34.4,-2.07416796874995));
#6765=CARTESIAN_POINT('',(1.71201953125,-34.4,-1.69912109374995));
#6766=CARTESIAN_POINT('',(1.98983203125,-34.4,-1.49770703124995));
#6767=CARTESIAN_POINT('',(1.98983203125,-34.4,-1.49770703124995));
#6768=CARTESIAN_POINT('',(1.98983203125,-34.6,-1.49770703124995));
#6769=CARTESIAN_POINT('',(1.98983203125,-34.6,-1.49770703124995));
#6770=CARTESIAN_POINT('',(1.71201953125,-34.6,-2.07416796874995));
#6771=CARTESIAN_POINT('',(1.71201953125,-34.6,-1.69912109374995));
#6772=CARTESIAN_POINT('',(1.98983203125,-34.6,-1.49770703124995));
#6773=CARTESIAN_POINT('',(2.73992578125,-34.6,-1.29629296874995));
#6774=CARTESIAN_POINT('',(2.73992578125,-34.4,-1.29629296874995));
#6775=CARTESIAN_POINT('',(2.26764453125,-34.6,-1.29629296874995));
#6776=CARTESIAN_POINT('',(2.26764453125,-34.4,-1.29629296874995));
#6777=CARTESIAN_POINT('',(1.98983203125,-34.6,-1.49770703124995));
#6778=CARTESIAN_POINT('',(1.98983203125,-34.4,-1.49770703124995));
#6779=CARTESIAN_POINT('',(1.98983203125,-34.4,-1.49770703124995));
#6780=CARTESIAN_POINT('',(2.26764453125,-34.4,-1.29629296874995));
#6781=CARTESIAN_POINT('',(2.73992578125,-34.4,-1.29629296874995));
#6782=CARTESIAN_POINT('',(2.73992578125,-34.4,-1.29629296874995));
#6783=CARTESIAN_POINT('',(2.73992578125,-34.6,-1.29629296874995));
#6784=CARTESIAN_POINT('',(2.73992578125,-34.6,-1.29629296874995));
#6785=CARTESIAN_POINT('',(1.98983203125,-34.6,-1.49770703124995));
#6786=CARTESIAN_POINT('',(2.26764453125,-34.6,-1.29629296874995));
#6787=CARTESIAN_POINT('',(2.73992578125,-34.6,-1.29629296874995));
#6788=CARTESIAN_POINT('',(3.57336328125,-34.6,-1.49076171874995));
#6789=CARTESIAN_POINT('',(3.57336328125,-34.4,-1.49076171874995));
#6790=CARTESIAN_POINT('',(3.17053515625,-34.6,-1.29629296874995));
#6791=CARTESIAN_POINT('',(3.17053515625,-34.4,-1.29629296874995));
#6792=CARTESIAN_POINT('',(2.73992578125,-34.6,-1.29629296874995));
#6793=CARTESIAN_POINT('',(2.73992578125,-34.4,-1.29629296874995));
#6794=CARTESIAN_POINT('',(2.73992578125,-34.4,-1.29629296874995));
#6795=CARTESIAN_POINT('',(3.17053515625,-34.4,-1.29629296874995));
#6796=CARTESIAN_POINT('',(3.57336328125,-34.4,-1.49076171874995));
#6797=CARTESIAN_POINT('',(3.57336328125,-34.4,-1.49076171874995));
#6798=CARTESIAN_POINT('',(3.57336328125,-34.6,-1.49076171874995));
#6799=CARTESIAN_POINT('',(3.57336328125,-34.6,-1.49076171874995));
#6800=CARTESIAN_POINT('',(2.73992578125,-34.6,-1.29629296874995));
#6801=CARTESIAN_POINT('',(3.17053515625,-34.6,-1.29629296874995));
#6802=CARTESIAN_POINT('',(3.57336328125,-34.6,-1.49076171874995));
#6803=CARTESIAN_POINT('',(4.20538671875,-34.6,-2.01860546874995));
#6804=CARTESIAN_POINT('',(4.20538671875,-34.4,-2.01860546874995));
#6805=CARTESIAN_POINT('',(3.97619140625,-34.6,-1.68523046874995));
#6806=CARTESIAN_POINT('',(3.97619140625,-34.4,-1.68523046874995));
#6807=CARTESIAN_POINT('',(3.57336328125,-34.6,-1.49076171874995));
#6808=CARTESIAN_POINT('',(3.57336328125,-34.4,-1.49076171874995));
#6809=CARTESIAN_POINT('',(3.57336328125,-34.4,-1.49076171874995));
#6810=CARTESIAN_POINT('',(3.97619140625,-34.4,-1.68523046874995));
#6811=CARTESIAN_POINT('',(4.20538671875,-34.4,-2.01860546874995));
#6812=CARTESIAN_POINT('',(4.20538671875,-34.4,-2.01860546874995));
#6813=CARTESIAN_POINT('',(4.20538671875,-34.6,-2.01860546874995));
#6814=CARTESIAN_POINT('',(4.20538671875,-34.6,-2.01860546874995));
#6815=CARTESIAN_POINT('',(3.57336328125,-34.6,-1.49076171874995));
#6816=CARTESIAN_POINT('',(3.97619140625,-34.6,-1.68523046874995));
#6817=CARTESIAN_POINT('',(4.20538671875,-34.6,-2.01860546874995));
#6818=CARTESIAN_POINT('',(4.20538671875,-34.6,-2.56207617187495));
#6819=CARTESIAN_POINT('',(4.20538671875,-34.4,-2.01860546874995));
#6820=CARTESIAN_POINT('',(4.20538671875,-34.4,-3.10554687499995));
#6821=CARTESIAN_POINT('',(4.20538671875,-34.6,-3.10554687499995));
#6822=CARTESIAN_POINT('',(4.20538671875,-34.6,-3.10554687499995));
#6823=CARTESIAN_POINT('',(4.20538671875,-34.6,-1.28103808593748));
#6824=CARTESIAN_POINT('',(3.90673828125,-34.6,-3.10554687499995));
#6825=CARTESIAN_POINT('',(4.20538671875,-34.4,-3.10554687499995));
#6826=CARTESIAN_POINT('',(1.953369140625,-34.6,-3.10554687499995));
#6827=CARTESIAN_POINT('',(3.06024345914903,-34.4,-3.3296030702618));
#6828=CARTESIAN_POINT('',(-1.1876484375,-34.6,-4.19943359374995));
#6829=CARTESIAN_POINT('',(-1.1876484375,-34.4,-4.19943359374995));
#6830=CARTESIAN_POINT('',(-0.708421874999999,-34.6,-4.89743749999995));
#6831=CARTESIAN_POINT('',(-0.708421874999999,-34.4,-4.89743749999995));
#6832=CARTESIAN_POINT('',(-0.0416718749999991,-34.6,-4.89743749999995));
#6833=CARTESIAN_POINT('',(-0.0416718749999991,-34.4,-4.89743749999995));
#6834=CARTESIAN_POINT('',(-0.0416718749999991,-34.4,-4.89743749999995));
#6835=CARTESIAN_POINT('',(-0.708421874999999,-34.4,-4.89743749999995));
#6836=CARTESIAN_POINT('',(-1.1876484375,-34.4,-4.19943359374995));
#6837=CARTESIAN_POINT('',(-0.0416718749999991,-34.4,-4.89743749999995));
#6838=CARTESIAN_POINT('',(-1.1876484375,-34.4,-4.19943359374995));
#6839=CARTESIAN_POINT('',(-1.1876484375,-34.6,-4.19943359374995));
#6840=CARTESIAN_POINT('',(-1.1876484375,-34.6,-4.19943359374995));
#6841=CARTESIAN_POINT('',(-0.0416718749999991,-34.6,-4.89743749999995));
#6842=CARTESIAN_POINT('',(-0.708421874999999,-34.6,-4.89743749999995));
#6843=CARTESIAN_POINT('',(-1.1876484375,-34.6,-4.19943359374995));
#6844=CARTESIAN_POINT('',(-0.0416718749999991,-34.6,-4.89743749999995));
#6845=CARTESIAN_POINT('',(-0.0416718749999991,-34.6,-4.89743749999995));
#6846=CARTESIAN_POINT('',(-1.1876484375,-34.6,-2.46310546874995));
#6847=CARTESIAN_POINT('',(-1.1876484375,-34.4,-4.19943359374995));
#6848=CARTESIAN_POINT('',(-1.1876484375,-34.4,-0.726777343749951));
#6849=CARTESIAN_POINT('',(-1.1876484375,-34.6,-0.726777343749951));
#6850=CARTESIAN_POINT('',(-1.1876484375,-34.6,-0.726777343749951));
#6851=CARTESIAN_POINT('',(-1.1876484375,-34.6,-1.23155273437498));
#6852=CARTESIAN_POINT('',(-1.625203125,-34.6,-0.726777343749951));
#6853=CARTESIAN_POINT('',(-1.1876484375,-34.4,-0.726777343749951));
#6854=CARTESIAN_POINT('',(-2.0627578125,-34.4,-0.726777343749951));
#6855=CARTESIAN_POINT('',(-2.0627578125,-34.6,-0.726777343749951));
#6856=CARTESIAN_POINT('',(-2.0627578125,-34.6,-0.726777343749951));
#6857=CARTESIAN_POINT('',(-0.812601562499999,-34.6,-0.726777343749951));
#6858=CARTESIAN_POINT('',(-2.0627578125,-34.6,-3.18368164062495));
#6859=CARTESIAN_POINT('',(-2.0627578125,-34.4,-0.726777343749951));
#6860=CARTESIAN_POINT('',(-2.0627578125,-34.4,-5.64058593749995));
#6861=CARTESIAN_POINT('',(-2.0627578125,-34.6,-5.64058593749995));
#6862=CARTESIAN_POINT('',(-2.0627578125,-34.6,-5.64058593749995));
#6863=CARTESIAN_POINT('',(-2.0627578125,-34.6,-1.59184082031248));
#6864=CARTESIAN_POINT('',(-1.625203125,-34.6,-5.64058593749995));
#6865=CARTESIAN_POINT('',(-2.0627578125,-34.4,-5.64058593749995));
#6866=CARTESIAN_POINT('',(-1.1876484375,-34.4,-5.64058593749995));
#6867=CARTESIAN_POINT('',(-1.1876484375,-34.6,-5.64058593749995));
#6868=CARTESIAN_POINT('',(-1.1876484375,-34.6,-5.64058593749995));
#6869=CARTESIAN_POINT('',(-0.812601562499999,-34.6,-5.64058593749995));
#6870=CARTESIAN_POINT('',(-1.1876484375,-34.6,-5.29679296874995));
#6871=CARTESIAN_POINT('',(-1.1876484375,-34.4,-5.64058593749995));
#6872=CARTESIAN_POINT('',(-1.1876484375,-34.4,-4.95299999999995));
#6873=CARTESIAN_POINT('',(-1.1876484375,-34.6,-4.95299999999995));
#6874=CARTESIAN_POINT('',(-1.1876484375,-34.6,-4.95299999999995));
#6875=CARTESIAN_POINT('',(-1.1876484375,-34.6,-2.64839648437498));
#6876=CARTESIAN_POINT('',(0.0902890625000006,-34.6,-5.75171093749995));
#6877=CARTESIAN_POINT('',(0.0902890625000006,-34.4,-5.75171093749995));
#6878=CARTESIAN_POINT('',(-0.635496093749999,-34.6,-5.75171093749995));
#6879=CARTESIAN_POINT('',(-0.635496093749999,-34.4,-5.75171093749995));
#6880=CARTESIAN_POINT('',(-1.1876484375,-34.6,-4.95299999999995));
#6881=CARTESIAN_POINT('',(-1.1876484375,-34.4,-4.95299999999995));
#6882=CARTESIAN_POINT('',(-1.1876484375,-34.4,-4.95299999999995));
#6883=CARTESIAN_POINT('',(-0.635496093749999,-34.4,-5.75171093749995));
#6884=CARTESIAN_POINT('',(0.0902890625000006,-34.4,-5.75171093749995));
#6885=CARTESIAN_POINT('',(0.0902890625000006,-34.4,-5.75171093749995));
#6886=CARTESIAN_POINT('',(0.0902890625000006,-34.6,-5.75171093749995));
#6887=CARTESIAN_POINT('',(0.0902890625000006,-34.6,-5.75171093749995));
#6888=CARTESIAN_POINT('',(-1.1876484375,-34.6,-4.95299999999995));
#6889=CARTESIAN_POINT('',(-0.635496093749999,-34.6,-5.75171093749995));
#6890=CARTESIAN_POINT('',(0.0902890625000006,-34.6,-5.75171093749995));
#6891=CARTESIAN_POINT('',(0.489644531250001,-34.6,-5.71351171874995));
#6892=CARTESIAN_POINT('',(0.489644531250001,-34.4,-5.71351171874995));
#6893=CARTESIAN_POINT('',(0.277812500000001,-34.6,-5.75171093749995));
#6894=CARTESIAN_POINT('',(0.277812500000001,-34.4,-5.75171093749995));
#6895=CARTESIAN_POINT('',(0.0902890625000006,-34.6,-5.75171093749995));
#6896=CARTESIAN_POINT('',(0.0902890625000006,-34.4,-5.75171093749995));
#6897=CARTESIAN_POINT('',(0.0902890625000006,-34.4,-5.75171093749995));
#6898=CARTESIAN_POINT('',(0.277812500000001,-34.4,-5.75171093749995));
#6899=CARTESIAN_POINT('',(0.489644531250001,-34.4,-5.71351171874995));
#6900=CARTESIAN_POINT('',(0.489644531250001,-34.4,-5.71351171874995));
#6901=CARTESIAN_POINT('',(0.489644531250001,-34.6,-5.71351171874995));
#6902=CARTESIAN_POINT('',(0.489644531250001,-34.6,-5.71351171874995));
#6903=CARTESIAN_POINT('',(0.0902890625000006,-34.6,-5.75171093749995));
#6904=CARTESIAN_POINT('',(0.277812500000001,-34.6,-5.75171093749995));
#6905=CARTESIAN_POINT('',(0.489644531250001,-34.6,-5.71351171874995));
#6906=CARTESIAN_POINT('',(0.489644531250001,-34.6,-5.27769335937495));
#6907=CARTESIAN_POINT('',(0.489644531250001,-34.4,-5.71351171874995));
#6908=CARTESIAN_POINT('',(0.489644531250001,-34.4,-4.84187499999995));
#6909=CARTESIAN_POINT('',(0.489644531250001,-34.6,-4.84187499999995));
#6910=CARTESIAN_POINT('',(0.489644531250001,-34.6,-4.84187499999995));
#6911=CARTESIAN_POINT('',(0.489644531250001,-34.6,-2.63884667968748));
#6912=CARTESIAN_POINT('',(-0.0416718749999991,-34.6,-4.89743749999995));
#6913=CARTESIAN_POINT('',(-0.0416718749999991,-34.4,-4.89743749999995));
#6914=CARTESIAN_POINT('',(0.305593750000001,-34.6,-4.89743749999995));
#6915=CARTESIAN_POINT('',(0.305593750000001,-34.4,-4.89743749999995));
#6916=CARTESIAN_POINT('',(0.489644531250001,-34.6,-4.84187499999995));
#6917=CARTESIAN_POINT('',(0.489644531250001,-34.4,-4.84187499999995));
#6918=CARTESIAN_POINT('',(0.489644531250001,-34.4,-4.84187499999995));
#6919=CARTESIAN_POINT('',(0.305593750000001,-34.4,-4.89743749999995));
#6920=CARTESIAN_POINT('',(-0.0416718749999991,-34.4,-4.89743749999995));
#6921=CARTESIAN_POINT('',(0.489644531250001,-34.6,-4.84187499999995));
#6922=CARTESIAN_POINT('',(0.305593750000001,-34.6,-4.89743749999995));
#6923=CARTESIAN_POINT('',(-0.0416718749999991,-34.6,-4.89743749999995));
#6924=CARTESIAN_POINT('',(-1.22073893917466,-34.4,-3.7196055166256));
#6925=CARTESIAN_POINT('',(-7.009556640625,-34.6,-5.06759765624995));
#6926=CARTESIAN_POINT('',(-7.009556640625,-34.4,-5.06759765624995));
#6927=CARTESIAN_POINT('',(-7.6467890625,-34.6,-4.38348437499995));
#6928=CARTESIAN_POINT('',(-7.6467890625,-34.4,-4.38348437499995));
#6929=CARTESIAN_POINT('',(-7.6467890625,-34.6,-3.18194531249995));
#6930=CARTESIAN_POINT('',(-7.6467890625,-34.4,-3.18194531249995));
#6931=CARTESIAN_POINT('',(-7.6467890625,-34.4,-3.18194531249995));
#6932=CARTESIAN_POINT('',(-7.6467890625,-34.4,-4.38348437499995));
#6933=CARTESIAN_POINT('',(-7.009556640625,-34.4,-5.06759765624995));
#6934=CARTESIAN_POINT('',(-7.6467890625,-34.4,-3.18194531249995));
#6935=CARTESIAN_POINT('',(-7.009556640625,-34.4,-5.06759765624995));
#6936=CARTESIAN_POINT('',(-7.009556640625,-34.6,-5.06759765624995));
#6937=CARTESIAN_POINT('',(-7.009556640625,-34.6,-5.06759765624995));
#6938=CARTESIAN_POINT('',(-7.6467890625,-34.6,-3.18194531249995));
#6939=CARTESIAN_POINT('',(-7.6467890625,-34.6,-4.38348437499995));
#6940=CARTESIAN_POINT('',(-7.009556640625,-34.6,-5.06759765624995));
#6941=CARTESIAN_POINT('',(-7.6467890625,-34.6,-3.18194531249995));
#6942=CARTESIAN_POINT('',(-7.6467890625,-34.6,-3.18194531249995));
#6943=CARTESIAN_POINT('',(-5.34441796875,-34.6,-5.75171093749995));
#6944=CARTESIAN_POINT('',(-5.34441796875,-34.4,-5.75171093749995));
#6945=CARTESIAN_POINT('',(-6.37232421875,-34.6,-5.75171093749995));
#6946=CARTESIAN_POINT('',(-6.37232421875,-34.4,-5.75171093749995));
#6947=CARTESIAN_POINT('',(-7.009556640625,-34.6,-5.06759765624995));
#6948=CARTESIAN_POINT('',(-7.009556640625,-34.4,-5.06759765624995));
#6949=CARTESIAN_POINT('',(-7.009556640625,-34.4,-5.06759765624995));
#6950=CARTESIAN_POINT('',(-6.37232421875,-34.4,-5.75171093749995));
#6951=CARTESIAN_POINT('',(-5.34441796875,-34.4,-5.75171093749995));
#6952=CARTESIAN_POINT('',(-5.34441796875,-34.4,-5.75171093749995));
#6953=CARTESIAN_POINT('',(-5.34441796875,-34.6,-5.75171093749995));
#6954=CARTESIAN_POINT('',(-5.34441796875,-34.6,-5.75171093749995));
#6955=CARTESIAN_POINT('',(-7.009556640625,-34.6,-5.06759765624995));
#6956=CARTESIAN_POINT('',(-6.37232421875,-34.6,-5.75171093749995));
#6957=CARTESIAN_POINT('',(-5.34441796875,-34.6,-5.75171093749995));
#6958=CARTESIAN_POINT('',(-3.667125,-34.6,-5.07975195312495));
#6959=CARTESIAN_POINT('',(-3.667125,-34.4,-5.07975195312495));
#6960=CARTESIAN_POINT('',(-4.29567578125,-34.6,-5.75171093749995));
#6961=CARTESIAN_POINT('',(-4.29567578125,-34.4,-5.75171093749995));
#6962=CARTESIAN_POINT('',(-5.34441796875,-34.6,-5.75171093749995));
#6963=CARTESIAN_POINT('',(-5.34441796875,-34.4,-5.75171093749995));
#6964=CARTESIAN_POINT('',(-5.34441796875,-34.4,-5.75171093749995));
#6965=CARTESIAN_POINT('',(-4.29567578125,-34.4,-5.75171093749995));
#6966=CARTESIAN_POINT('',(-3.667125,-34.4,-5.07975195312495));
#6967=CARTESIAN_POINT('',(-3.667125,-34.4,-5.07975195312495));
#6968=CARTESIAN_POINT('',(-3.667125,-34.6,-5.07975195312495));
#6969=CARTESIAN_POINT('',(-3.667125,-34.6,-5.07975195312495));
#6970=CARTESIAN_POINT('',(-5.34441796875,-34.6,-5.75171093749995));
#6971=CARTESIAN_POINT('',(-4.29567578125,-34.6,-5.75171093749995));
#6972=CARTESIAN_POINT('',(-3.667125,-34.6,-5.07975195312495));
#6973=CARTESIAN_POINT('',(-3.03857421875,-34.6,-3.18194531249995));
#6974=CARTESIAN_POINT('',(-3.03857421875,-34.4,-3.18194531249995));
#6975=CARTESIAN_POINT('',(-3.03857421875,-34.6,-4.40779296874995));
#6976=CARTESIAN_POINT('',(-3.03857421875,-34.4,-4.40779296874995));
#6977=CARTESIAN_POINT('',(-3.667125,-34.6,-5.07975195312495));
#6978=CARTESIAN_POINT('',(-3.667125,-34.4,-5.07975195312495));
#6979=CARTESIAN_POINT('',(-3.667125,-34.4,-5.07975195312495));
#6980=CARTESIAN_POINT('',(-3.03857421875,-34.4,-4.40779296874995));
#6981=CARTESIAN_POINT('',(-3.03857421875,-34.4,-3.18194531249995));
#6982=CARTESIAN_POINT('',(-3.03857421875,-34.4,-3.18194531249995));
#6983=CARTESIAN_POINT('',(-3.03857421875,-34.6,-3.18194531249995));
#6984=CARTESIAN_POINT('',(-3.03857421875,-34.6,-3.18194531249995));
#6985=CARTESIAN_POINT('',(-3.667125,-34.6,-5.07975195312495));
#6986=CARTESIAN_POINT('',(-3.03857421875,-34.6,-4.40779296874995));
#6987=CARTESIAN_POINT('',(-3.03857421875,-34.6,-3.18194531249995));
#6988=CARTESIAN_POINT('',(-3.03857421875,-34.6,-3.07776562499995));
#6989=CARTESIAN_POINT('',(-3.03857421875,-34.4,-3.18194531249995));
#6990=CARTESIAN_POINT('',(-3.03857421875,-34.4,-2.97358593749995));
#6991=CARTESIAN_POINT('',(-3.03857421875,-34.6,-2.97358593749995));
#6992=CARTESIAN_POINT('',(-3.03857421875,-34.6,-2.97358593749995));
#6993=CARTESIAN_POINT('',(-3.03857421875,-34.6,-1.53888281249998));
#6994=CARTESIAN_POINT('',(-4.8895,-34.6,-2.97358593749995));
#6995=CARTESIAN_POINT('',(-3.03857421875,-34.4,-2.97358593749995));
#6996=CARTESIAN_POINT('',(-6.74042578125,-34.4,-2.97358593749995));
#6997=CARTESIAN_POINT('',(-6.74042578125,-34.6,-2.97358593749995));
#6998=CARTESIAN_POINT('',(-6.74042578125,-34.6,-2.97358593749995));
#6999=CARTESIAN_POINT('',(-2.44475,-34.6,-2.97358593749995));
#7000=CARTESIAN_POINT('',(-6.269880859375,-34.6,-1.70780273437495));
#7001=CARTESIAN_POINT('',(-6.269880859375,-34.4,-1.70780273437495));
#7002=CARTESIAN_POINT('',(-6.68486328125,-34.6,-2.11931249999995));
#7003=CARTESIAN_POINT('',(-6.68486328125,-34.4,-2.11931249999995));
#7004=CARTESIAN_POINT('',(-6.74042578125,-34.6,-2.97358593749995));
#7005=CARTESIAN_POINT('',(-6.74042578125,-34.4,-2.97358593749995));
#7006=CARTESIAN_POINT('',(-6.74042578125,-34.4,-2.97358593749995));
#7007=CARTESIAN_POINT('',(-6.68486328125,-34.4,-2.11931249999995));
#7008=CARTESIAN_POINT('',(-6.269880859375,-34.4,-1.70780273437495));
#7009=CARTESIAN_POINT('',(-6.269880859375,-34.4,-1.70780273437495));
#7010=CARTESIAN_POINT('',(-6.269880859375,-34.6,-1.70780273437495));
#7011=CARTESIAN_POINT('',(-6.269880859375,-34.6,-1.70780273437495));
#7012=CARTESIAN_POINT('',(-6.74042578125,-34.6,-2.97358593749995));
#7013=CARTESIAN_POINT('',(-6.68486328125,-34.6,-2.11931249999995));
#7014=CARTESIAN_POINT('',(-6.269880859375,-34.6,-1.70780273437495));
#7015=CARTESIAN_POINT('',(-5.24718359375,-34.6,-1.29629296874995));
#7016=CARTESIAN_POINT('',(-5.24718359375,-34.4,-1.29629296874995));
#7017=CARTESIAN_POINT('',(-5.8548984375,-34.6,-1.29629296874995));
#7018=CARTESIAN_POINT('',(-5.8548984375,-34.4,-1.29629296874995));
#7019=CARTESIAN_POINT('',(-6.269880859375,-34.6,-1.70780273437495));
#7020=CARTESIAN_POINT('',(-6.269880859375,-34.4,-1.70780273437495));
#7021=CARTESIAN_POINT('',(-6.269880859375,-34.4,-1.70780273437495));
#7022=CARTESIAN_POINT('',(-5.8548984375,-34.4,-1.29629296874995));
#7023=CARTESIAN_POINT('',(-5.24718359375,-34.4,-1.29629296874995));
#7024=CARTESIAN_POINT('',(-5.24718359375,-34.4,-1.29629296874995));
#7025=CARTESIAN_POINT('',(-5.24718359375,-34.6,-1.29629296874995));
#7026=CARTESIAN_POINT('',(-5.24718359375,-34.6,-1.29629296874995));
#7027=CARTESIAN_POINT('',(-6.269880859375,-34.6,-1.70780273437495));
#7028=CARTESIAN_POINT('',(-5.8548984375,-34.6,-1.29629296874995));
#7029=CARTESIAN_POINT('',(-5.24718359375,-34.6,-1.29629296874995));
#7030=CARTESIAN_POINT('',(-4.42069140625,-34.6,-1.53069726562495));
#7031=CARTESIAN_POINT('',(-4.42069140625,-34.4,-1.53069726562495));
#7032=CARTESIAN_POINT('',(-4.78879296875,-34.6,-1.29629296874995));
#7033=CARTESIAN_POINT('',(-4.78879296875,-34.4,-1.29629296874995));
#7034=CARTESIAN_POINT('',(-5.24718359375,-34.6,-1.29629296874995));
#7035=CARTESIAN_POINT('',(-5.24718359375,-34.4,-1.29629296874995));
#7036=CARTESIAN_POINT('',(-5.24718359375,-34.4,-1.29629296874995));
#7037=CARTESIAN_POINT('',(-4.78879296875,-34.4,-1.29629296874995));
#7038=CARTESIAN_POINT('',(-4.42069140625,-34.4,-1.53069726562495));
#7039=CARTESIAN_POINT('',(-4.42069140625,-34.4,-1.53069726562495));
#7040=CARTESIAN_POINT('',(-4.42069140625,-34.6,-1.53069726562495));
#7041=CARTESIAN_POINT('',(-4.42069140625,-34.6,-1.53069726562495));
#7042=CARTESIAN_POINT('',(-5.24718359375,-34.6,-1.29629296874995));
#7043=CARTESIAN_POINT('',(-4.78879296875,-34.6,-1.29629296874995));
#7044=CARTESIAN_POINT('',(-4.42069140625,-34.6,-1.53069726562495));
#7045=CARTESIAN_POINT('',(-4.0352265625,-34.6,-2.19571093749995));
#7046=CARTESIAN_POINT('',(-4.0352265625,-34.4,-2.19571093749995));
#7047=CARTESIAN_POINT('',(-4.05258984375,-34.6,-1.76510156249995));
#7048=CARTESIAN_POINT('',(-4.05258984375,-34.4,-1.76510156249995));
#7049=CARTESIAN_POINT('',(-4.42069140625,-34.6,-1.53069726562495));
#7050=CARTESIAN_POINT('',(-4.42069140625,-34.4,-1.53069726562495));
#7051=CARTESIAN_POINT('',(-4.42069140625,-34.4,-1.53069726562495));
#7052=CARTESIAN_POINT('',(-4.05258984375,-34.4,-1.76510156249995));
#7053=CARTESIAN_POINT('',(-4.0352265625,-34.4,-2.19571093749995));
#7054=CARTESIAN_POINT('',(-4.0352265625,-34.4,-2.19571093749995));
#7055=CARTESIAN_POINT('',(-4.0352265625,-34.6,-2.19571093749995));
#7056=CARTESIAN_POINT('',(-4.0352265625,-34.6,-2.19571093749995));
#7057=CARTESIAN_POINT('',(-4.42069140625,-34.6,-1.53069726562495));
#7058=CARTESIAN_POINT('',(-4.05258984375,-34.6,-1.76510156249995));
#7059=CARTESIAN_POINT('',(-4.0352265625,-34.6,-2.19571093749995));
#7060=CARTESIAN_POINT('',(-3.58378125,-34.6,-2.19571093749995));
#7061=CARTESIAN_POINT('',(-4.0352265625,-34.4,-2.19571093749995));
#7062=CARTESIAN_POINT('',(-3.1323359375,-34.4,-2.19571093749995));
#7063=CARTESIAN_POINT('',(-3.1323359375,-34.6,-2.19571093749995));
#7064=CARTESIAN_POINT('',(-3.1323359375,-34.6,-2.19571093749995));
#7065=CARTESIAN_POINT('',(-1.791890625,-34.6,-2.19571093749995));
#7066=CARTESIAN_POINT('',(-3.819921875,-34.6,-1.02368945312495));
#7067=CARTESIAN_POINT('',(-3.819921875,-34.4,-1.02368945312495));
#7068=CARTESIAN_POINT('',(-3.23304296875,-34.6,-1.43519921874995));
#7069=CARTESIAN_POINT('',(-3.23304296875,-34.4,-1.43519921874995));
#7070=CARTESIAN_POINT('',(-3.1323359375,-34.6,-2.19571093749995));
#7071=CARTESIAN_POINT('',(-3.1323359375,-34.4,-2.19571093749995));
#7072=CARTESIAN_POINT('',(-3.1323359375,-34.4,-2.19571093749995));
#7073=CARTESIAN_POINT('',(-3.23304296875,-34.4,-1.43519921874995));
#7074=CARTESIAN_POINT('',(-3.819921875,-34.4,-1.02368945312495));
#7075=CARTESIAN_POINT('',(-3.819921875,-34.4,-1.02368945312495));
#7076=CARTESIAN_POINT('',(-3.819921875,-34.6,-1.02368945312495));
#7077=CARTESIAN_POINT('',(-3.819921875,-34.6,-1.02368945312495));
#7078=CARTESIAN_POINT('',(-3.1323359375,-34.6,-2.19571093749995));
#7079=CARTESIAN_POINT('',(-3.23304296875,-34.6,-1.43519921874995));
#7080=CARTESIAN_POINT('',(-3.819921875,-34.6,-1.02368945312495));
#7081=CARTESIAN_POINT('',(-5.24718359375,-34.6,-0.612179687499951));
#7082=CARTESIAN_POINT('',(-5.24718359375,-34.4,-0.612179687499951));
#7083=CARTESIAN_POINT('',(-4.40680078125,-34.6,-0.612179687499951));
#7084=CARTESIAN_POINT('',(-4.40680078125,-34.4,-0.612179687499951));
#7085=CARTESIAN_POINT('',(-3.819921875,-34.6,-1.02368945312495));
#7086=CARTESIAN_POINT('',(-3.819921875,-34.4,-1.02368945312495));
#7087=CARTESIAN_POINT('',(-3.819921875,-34.4,-1.02368945312495));
#7088=CARTESIAN_POINT('',(-4.40680078125,-34.4,-0.612179687499951));
#7089=CARTESIAN_POINT('',(-5.24718359375,-34.4,-0.612179687499951));
#7090=CARTESIAN_POINT('',(-5.24718359375,-34.4,-0.612179687499951));
#7091=CARTESIAN_POINT('',(-5.24718359375,-34.6,-0.612179687499951));
#7092=CARTESIAN_POINT('',(-5.24718359375,-34.6,-0.612179687499951));
#7093=CARTESIAN_POINT('',(-3.819921875,-34.6,-1.02368945312495));
#7094=CARTESIAN_POINT('',(-4.40680078125,-34.6,-0.612179687499951));
#7095=CARTESIAN_POINT('',(-5.24718359375,-34.6,-0.612179687499951));
#7096=CARTESIAN_POINT('',(-6.988720703125,-34.6,-1.28934765624995));
#7097=CARTESIAN_POINT('',(-6.988720703125,-34.4,-1.28934765624995));
#7098=CARTESIAN_POINT('',(-6.33065234375,-34.6,-0.612179687499951));
#7099=CARTESIAN_POINT('',(-6.33065234375,-34.4,-0.612179687499951));
#7100=CARTESIAN_POINT('',(-5.24718359375,-34.6,-0.612179687499951));
#7101=CARTESIAN_POINT('',(-5.24718359375,-34.4,-0.612179687499951));
#7102=CARTESIAN_POINT('',(-5.24718359375,-34.4,-0.612179687499951));
#7103=CARTESIAN_POINT('',(-6.33065234375,-34.4,-0.612179687499951));
#7104=CARTESIAN_POINT('',(-6.988720703125,-34.4,-1.28934765624995));
#7105=CARTESIAN_POINT('',(-6.988720703125,-34.4,-1.28934765624995));
#7106=CARTESIAN_POINT('',(-6.988720703125,-34.6,-1.28934765624995));
#7107=CARTESIAN_POINT('',(-6.988720703125,-34.6,-1.28934765624995));
#7108=CARTESIAN_POINT('',(-5.24718359375,-34.6,-0.612179687499951));
#7109=CARTESIAN_POINT('',(-6.33065234375,-34.6,-0.612179687499951));
#7110=CARTESIAN_POINT('',(-6.988720703125,-34.6,-1.28934765624995));
#7111=CARTESIAN_POINT('',(-7.6467890625,-34.6,-3.18194531249995));
#7112=CARTESIAN_POINT('',(-7.6467890625,-34.4,-3.18194531249995));
#7113=CARTESIAN_POINT('',(-7.6467890625,-34.6,-1.96651562499995));
#7114=CARTESIAN_POINT('',(-7.6467890625,-34.4,-1.96651562499995));
#7115=CARTESIAN_POINT('',(-6.988720703125,-34.6,-1.28934765624995));
#7116=CARTESIAN_POINT('',(-6.988720703125,-34.4,-1.28934765624995));
#7117=CARTESIAN_POINT('',(-6.988720703125,-34.4,-1.28934765624995));
#7118=CARTESIAN_POINT('',(-7.6467890625,-34.4,-1.96651562499995));
#7119=CARTESIAN_POINT('',(-7.6467890625,-34.4,-3.18194531249995));
#7120=CARTESIAN_POINT('',(-6.988720703125,-34.6,-1.28934765624995));
#7121=CARTESIAN_POINT('',(-7.6467890625,-34.6,-1.96651562499995));
#7122=CARTESIAN_POINT('',(-7.6467890625,-34.6,-3.18194531249995));
#7123=CARTESIAN_POINT('',(-6.2438359375,-34.6,-4.72033203124995));
#7124=CARTESIAN_POINT('',(-6.2438359375,-34.4,-4.72033203124995));
#7125=CARTESIAN_POINT('',(-5.8687890625,-34.6,-5.07107031249995));
#7126=CARTESIAN_POINT('',(-5.8687890625,-34.4,-5.07107031249995));
#7127=CARTESIAN_POINT('',(-5.34441796875,-34.6,-5.07107031249995));
#7128=CARTESIAN_POINT('',(-5.34441796875,-34.4,-5.07107031249995));
#7129=CARTESIAN_POINT('',(-5.34441796875,-34.4,-5.07107031249995));
#7130=CARTESIAN_POINT('',(-5.8687890625,-34.4,-5.07107031249995));
#7131=CARTESIAN_POINT('',(-6.2438359375,-34.4,-4.72033203124995));
#7132=CARTESIAN_POINT('',(-5.34441796875,-34.4,-5.07107031249995));
#7133=CARTESIAN_POINT('',(-6.2438359375,-34.4,-4.72033203124995));
#7134=CARTESIAN_POINT('',(-6.2438359375,-34.6,-4.72033203124995));
#7135=CARTESIAN_POINT('',(-6.2438359375,-34.6,-4.72033203124995));
#7136=CARTESIAN_POINT('',(-5.34441796875,-34.6,-5.07107031249995));
#7137=CARTESIAN_POINT('',(-5.8687890625,-34.6,-5.07107031249995));
#7138=CARTESIAN_POINT('',(-6.2438359375,-34.6,-4.72033203124995));
#7139=CARTESIAN_POINT('',(-5.34441796875,-34.6,-5.07107031249995));
#7140=CARTESIAN_POINT('',(-5.34441796875,-34.6,-5.07107031249995));
#7141=CARTESIAN_POINT('',(-6.71958984375,-34.6,-3.65769921874995));
#7142=CARTESIAN_POINT('',(-6.71958984375,-34.4,-3.65769921874995));
#7143=CARTESIAN_POINT('',(-6.6188828125,-34.6,-4.36959374999995));
#7144=CARTESIAN_POINT('',(-6.6188828125,-34.4,-4.36959374999995));
#7145=CARTESIAN_POINT('',(-6.2438359375,-34.6,-4.72033203124995));
#7146=CARTESIAN_POINT('',(-6.2438359375,-34.4,-4.72033203124995));
#7147=CARTESIAN_POINT('',(-6.2438359375,-34.4,-4.72033203124995));
#7148=CARTESIAN_POINT('',(-6.6188828125,-34.4,-4.36959374999995));
#7149=CARTESIAN_POINT('',(-6.71958984375,-34.4,-3.65769921874995));
#7150=CARTESIAN_POINT('',(-6.71958984375,-34.4,-3.65769921874995));
#7151=CARTESIAN_POINT('',(-6.71958984375,-34.6,-3.65769921874995));
#7152=CARTESIAN_POINT('',(-6.71958984375,-34.6,-3.65769921874995));
#7153=CARTESIAN_POINT('',(-6.2438359375,-34.6,-4.72033203124995));
#7154=CARTESIAN_POINT('',(-6.6188828125,-34.6,-4.36959374999995));
#7155=CARTESIAN_POINT('',(-6.71958984375,-34.6,-3.65769921874995));
#7156=CARTESIAN_POINT('',(-5.3409453125,-34.6,-3.65769921874995));
#7157=CARTESIAN_POINT('',(-6.71958984375,-34.4,-3.65769921874995));
#7158=CARTESIAN_POINT('',(-3.96230078125,-34.4,-3.65769921874995));
#7159=CARTESIAN_POINT('',(-3.96230078125,-34.6,-3.65769921874995));
#7160=CARTESIAN_POINT('',(-3.96230078125,-34.6,-3.65769921874995));
#7161=CARTESIAN_POINT('',(-2.67047265625,-34.6,-3.65769921874995));
#7162=CARTESIAN_POINT('',(-4.4380546875,-34.6,-4.71859570312495));
#7163=CARTESIAN_POINT('',(-4.4380546875,-34.4,-4.71859570312495));
#7164=CARTESIAN_POINT('',(-4.06648046875,-34.6,-4.36612109374995));
#7165=CARTESIAN_POINT('',(-4.06648046875,-34.4,-4.36612109374995));
#7166=CARTESIAN_POINT('',(-3.96230078125,-34.6,-3.65769921874995));
#7167=CARTESIAN_POINT('',(-3.96230078125,-34.4,-3.65769921874995));
#7168=CARTESIAN_POINT('',(-3.96230078125,-34.4,-3.65769921874995));
#7169=CARTESIAN_POINT('',(-4.06648046875,-34.4,-4.36612109374995));
#7170=CARTESIAN_POINT('',(-4.4380546875,-34.4,-4.71859570312495));
#7171=CARTESIAN_POINT('',(-4.4380546875,-34.4,-4.71859570312495));
#7172=CARTESIAN_POINT('',(-4.4380546875,-34.6,-4.71859570312495));
#7173=CARTESIAN_POINT('',(-4.4380546875,-34.6,-4.71859570312495));
#7174=CARTESIAN_POINT('',(-3.96230078125,-34.6,-3.65769921874995));
#7175=CARTESIAN_POINT('',(-4.06648046875,-34.6,-4.36612109374995));
#7176=CARTESIAN_POINT('',(-4.4380546875,-34.6,-4.71859570312495));
#7177=CARTESIAN_POINT('',(-5.34441796875,-34.6,-5.07107031249995));
#7178=CARTESIAN_POINT('',(-5.34441796875,-34.4,-5.07107031249995));
#7179=CARTESIAN_POINT('',(-4.80962890625,-34.6,-5.07107031249995));
#7180=CARTESIAN_POINT('',(-4.80962890625,-34.4,-5.07107031249995));
#7181=CARTESIAN_POINT('',(-4.4380546875,-34.6,-4.71859570312495));
#7182=CARTESIAN_POINT('',(-4.4380546875,-34.4,-4.71859570312495));
#7183=CARTESIAN_POINT('',(-4.4380546875,-34.4,-4.71859570312495));
#7184=CARTESIAN_POINT('',(-4.80962890625,-34.4,-5.07107031249995));
#7185=CARTESIAN_POINT('',(-5.34441796875,-34.4,-5.07107031249995));
#7186=CARTESIAN_POINT('',(-4.4380546875,-34.6,-4.71859570312495));
#7187=CARTESIAN_POINT('',(-4.80962890625,-34.6,-5.07107031249995));
#7188=CARTESIAN_POINT('',(-5.34441796875,-34.6,-5.07107031249995));
#7189=CARTESIAN_POINT('',(-5.29551671169266,-34.4,-2.87673766086595));
#7190=CARTESIAN_POINT('',(-10.56034765625,-34.6,-3.61429101562495));
#7191=CARTESIAN_POINT('',(-9.5914765625,-34.4,-6.50180468749995));
#7192=CARTESIAN_POINT('',(-9.5914765625,-34.4,-6.50180468749995));
#7193=CARTESIAN_POINT('',(-11.52921875,-34.4,-0.726777343749951));
#7194=CARTESIAN_POINT('',(-11.52921875,-34.6,-0.726777343749951));
#7195=CARTESIAN_POINT('',(-11.52921875,-34.6,-0.726777343749951));
#7196=CARTESIAN_POINT('',(-10.5710374758646,-34.6,-3.5824322879921));
#7197=CARTESIAN_POINT('',(-9.5914765625,-34.6,-6.50180468749995));
#7198=CARTESIAN_POINT('',(-9.5914765625,-34.6,-6.50180468749995));
#7199=CARTESIAN_POINT('',(-11.932046875,-34.6,-0.726777343749951));
#7200=CARTESIAN_POINT('',(-11.52921875,-34.4,-0.726777343749951));
#7201=CARTESIAN_POINT('',(-12.334875,-34.4,-0.726777343749951));
#7202=CARTESIAN_POINT('',(-12.334875,-34.6,-0.726777343749951));
#7203=CARTESIAN_POINT('',(-12.334875,-34.6,-0.726777343749951));
#7204=CARTESIAN_POINT('',(-5.9660234375,-34.6,-0.726777343749951));
#7205=CARTESIAN_POINT('',(-13.302009765625,-34.6,-3.61429101562495));
#7206=CARTESIAN_POINT('',(-12.334875,-34.4,-0.726777343749951));
#7207=CARTESIAN_POINT('',(-14.26914453125,-34.4,-6.50180468749995));
#7208=CARTESIAN_POINT('',(-14.26914453125,-34.6,-6.50180468749995));
#7209=CARTESIAN_POINT('',(-14.26914453125,-34.6,-6.50180468749995));
#7210=CARTESIAN_POINT('',(-12.0869150384777,-34.6,0.0135411769172322));
#7211=CARTESIAN_POINT('',(-14.26914453125,-34.6,-3.61429101562495));
#7212=CARTESIAN_POINT('',(-14.26914453125,-34.4,-6.50180468749995));
#7213=CARTESIAN_POINT('',(-14.26914453125,-34.4,-0.726777343749951));
#7214=CARTESIAN_POINT('',(-14.26914453125,-34.6,-0.726777343749951));
#7215=CARTESIAN_POINT('',(-14.26914453125,-34.6,-0.726777343749951));
#7216=CARTESIAN_POINT('',(-14.26914453125,-34.6,-1.80714550781248));
#7217=CARTESIAN_POINT('',(-14.694544921875,-34.6,-0.726777343749951));
#7218=CARTESIAN_POINT('',(-14.26914453125,-34.4,-0.726777343749951));
#7219=CARTESIAN_POINT('',(-15.1199453125,-34.4,-0.726777343749951));
#7220=CARTESIAN_POINT('',(-15.1199453125,-34.6,-0.726777343749951));
#7221=CARTESIAN_POINT('',(-15.1199453125,-34.6,-0.726777343749951));
#7222=CARTESIAN_POINT('',(-7.3472724609375,-34.6,-0.726777343749951));
#7223=CARTESIAN_POINT('',(-15.1199453125,-34.6,-4.12129882812495));
#7224=CARTESIAN_POINT('',(-15.1199453125,-34.4,-0.726777343749951));
#7225=CARTESIAN_POINT('',(-15.1199453125,-34.4,-7.51582031249995));
#7226=CARTESIAN_POINT('',(-15.1199453125,-34.6,-7.51582031249995));
#7227=CARTESIAN_POINT('',(-15.1199453125,-34.6,-7.51582031249995));
#7228=CARTESIAN_POINT('',(-15.1199453125,-34.6,-2.06064941406248));
#7229=CARTESIAN_POINT('',(-14.44625,-34.6,-7.51582031249995));
#7230=CARTESIAN_POINT('',(-15.1199453125,-34.4,-7.51582031249995));
#7231=CARTESIAN_POINT('',(-13.7725546875,-34.4,-7.51582031249995));
#7232=CARTESIAN_POINT('',(-13.7725546875,-34.6,-7.51582031249995));
#7233=CARTESIAN_POINT('',(-13.7725546875,-34.6,-7.51582031249995));
#7234=CARTESIAN_POINT('',(-7.223125,-34.6,-7.51582031249995));
#7235=CARTESIAN_POINT('',(-12.854037109375,-34.6,-4.68560546874995));
#7236=CARTESIAN_POINT('',(-13.7725546875,-34.4,-7.51582031249995));
#7237=CARTESIAN_POINT('',(-11.93551953125,-34.4,-1.85539062499995));
#7238=CARTESIAN_POINT('',(-11.93551953125,-34.6,-1.85539062499995));
#7239=CARTESIAN_POINT('',(-11.93551953125,-34.6,-1.85539062499995));
#7240=CARTESIAN_POINT('',(-11.5537277483752,-34.6,-0.678981161699633));
#7241=CARTESIAN_POINT('',(-11.01179296875,-34.6,-4.68560546874995));
#7242=CARTESIAN_POINT('',(-11.93551953125,-34.4,-1.85539062499995));
#7243=CARTESIAN_POINT('',(-10.08806640625,-34.4,-7.51582031249995));
#7244=CARTESIAN_POINT('',(-10.08806640625,-34.6,-7.51582031249995));
#7245=CARTESIAN_POINT('',(-10.08806640625,-34.6,-7.51582031249995));
#7246=CARTESIAN_POINT('',(-11.1727780733129,-34.6,-4.1923616333412));
#7247=CARTESIAN_POINT('',(-9.41437109375,-34.6,-7.51582031249995));
#7248=CARTESIAN_POINT('',(-10.08806640625,-34.4,-7.51582031249995));
#7249=CARTESIAN_POINT('',(-8.74067578125,-34.4,-7.51582031249995));
#7250=CARTESIAN_POINT('',(-8.74067578125,-34.6,-7.51582031249995));
#7251=CARTESIAN_POINT('',(-8.74067578125,-34.6,-7.51582031249995));
#7252=CARTESIAN_POINT('',(-4.707185546875,-34.6,-7.51582031249995));
#7253=CARTESIAN_POINT('',(-8.74067578125,-34.6,-4.12129882812495));
#7254=CARTESIAN_POINT('',(-8.74067578125,-34.4,-7.51582031249995));
#7255=CARTESIAN_POINT('',(-8.74067578125,-34.4,-0.726777343749951));
#7256=CARTESIAN_POINT('',(-8.74067578125,-34.6,-0.726777343749951));
#7257=CARTESIAN_POINT('',(-8.74067578125,-34.6,-0.726777343749951));
#7258=CARTESIAN_POINT('',(-8.74067578125,-34.6,-2.06064941406248));
#7259=CARTESIAN_POINT('',(-9.166076171875,-34.6,-0.726777343749951));
#7260=CARTESIAN_POINT('',(-8.74067578125,-34.4,-0.726777343749951));
#7261=CARTESIAN_POINT('',(-9.5914765625,-34.4,-0.726777343749951));
#7262=CARTESIAN_POINT('',(-9.5914765625,-34.6,-0.726777343749951));
#7263=CARTESIAN_POINT('',(-9.5914765625,-34.6,-0.726777343749951));
#7264=CARTESIAN_POINT('',(-4.5830380859375,-34.6,-0.726777343749951));
#7265=CARTESIAN_POINT('',(-9.5914765625,-34.6,-3.61429101562495));
#7266=CARTESIAN_POINT('',(-9.5914765625,-34.4,-0.726777343749951));
#7267=CARTESIAN_POINT('',(-9.5914765625,-34.6,-1.80714550781248));
#7268=CARTESIAN_POINT('',(-11.9310180257951,-34.4,-4.03534433642352));
#7269=CARTESIAN_POINT('',(-20.1783919081774,-33.85,-11.65));
#7270=CARTESIAN_POINT('',(-19.5288728553391,-34.6,-11.275));
#7271=CARTESIAN_POINT('',(-22.55,-34.6,-6.0422542893218));
#7272=CARTESIAN_POINT('',(-16.5077457106782,-34.6,-16.5077457106782));
#7273=CARTESIAN_POINT('',(-16.5077457106782,-34.6,-16.5077457106782));
#7274=CARTESIAN_POINT('',(-17.6058219220315,-33.1,-17.6058219220315));
#7275=CARTESIAN_POINT('',(-20.8279109610158,-33.1,-12.025));
#7276=CARTESIAN_POINT('',(-24.05,-33.1,-6.44417807796849));
#7277=CARTESIAN_POINT('',(-22.55,-34.6,-6.0422542893218));
#7278=CARTESIAN_POINT('',(-11.6500000000001,-33.85,-20.1783919081774));
#7279=CARTESIAN_POINT('',(-11.2750000000001,-34.6,-19.5288728553391));
#7280=CARTESIAN_POINT('',(-6.04225428932187,-34.6,-22.55));
#7281=CARTESIAN_POINT('',(-6.04225428932187,-34.6,-22.55));
#7282=CARTESIAN_POINT('',(-6.44417807796855,-33.1,-24.05));
#7283=CARTESIAN_POINT('',(-12.0250000000001,-33.1,-20.8279109610157));
#7284=CARTESIAN_POINT('',(-1.70974345792274E-14,-33.85,-23.3));
#7285=CARTESIAN_POINT('',(-1.70974345792274E-14,-34.6,-22.55));
#7286=CARTESIAN_POINT('',(6.04225428932179,-34.6,-22.55));
#7287=CARTESIAN_POINT('',(6.04225428932179,-34.6,-22.55));
#7288=CARTESIAN_POINT('',(6.44417807796848,-33.1,-24.05));
#7289=CARTESIAN_POINT('',(-1.70974345792274E-14,-33.1,-24.05));
#7290=CARTESIAN_POINT('',(11.65,-33.85,-20.1783919081774));
#7291=CARTESIAN_POINT('',(11.275,-34.6,-19.5288728553391));
#7292=CARTESIAN_POINT('',(16.5077457106782,-34.6,-16.5077457106782));
#7293=CARTESIAN_POINT('',(16.5077457106782,-34.6,-16.5077457106782));
#7294=CARTESIAN_POINT('',(17.6058219220315,-33.1,-17.6058219220315));
#7295=CARTESIAN_POINT('',(12.025,-33.1,-20.8279109610158));
#7296=CARTESIAN_POINT('',(20.1783919081774,-33.85,-11.6500000000001));
#7297=CARTESIAN_POINT('',(19.5288728553391,-34.6,-11.2750000000001));
#7298=CARTESIAN_POINT('',(22.55,-34.6,-6.04225428932187));
#7299=CARTESIAN_POINT('',(22.55,-34.6,-6.04225428932187));
#7300=CARTESIAN_POINT('',(24.05,-33.1,-6.44417807796855));
#7301=CARTESIAN_POINT('',(20.8279109610157,-33.1,-12.0250000000001));
#7302=CARTESIAN_POINT('',(23.3,-33.85,-1.53076204910438E-14));
#7303=CARTESIAN_POINT('',(22.55,-34.6,-1.53076204910438E-14));
#7304=CARTESIAN_POINT('',(22.55,-34.6,6.0422542893218));
#7305=CARTESIAN_POINT('',(22.55,-34.6,6.0422542893218));
#7306=CARTESIAN_POINT('',(24.05,-33.1,6.44417807796849));
#7307=CARTESIAN_POINT('',(24.05,-33.1,-1.53076204910438E-14));
#7308=CARTESIAN_POINT('',(20.1783919081774,-33.85,11.65));
#7309=CARTESIAN_POINT('',(19.5288728553391,-34.6,11.275));
#7310=CARTESIAN_POINT('',(16.5077457106782,-34.6,16.5077457106782));
#7311=CARTESIAN_POINT('',(16.5077457106782,-34.6,16.5077457106782));
#7312=CARTESIAN_POINT('',(17.6058219220315,-33.1,17.6058219220315));
#7313=CARTESIAN_POINT('',(20.8279109610158,-33.1,12.025));
#7314=CARTESIAN_POINT('',(11.65,-33.85,20.1783919081774));
#7315=CARTESIAN_POINT('',(11.275,-34.6,19.5288728553391));
#7316=CARTESIAN_POINT('',(6.04225428932184,-34.6,22.55));
#7317=CARTESIAN_POINT('',(6.04225428932184,-34.6,22.55));
#7318=CARTESIAN_POINT('',(6.44417807796852,-33.1,24.05));
#7319=CARTESIAN_POINT('',(12.025,-33.1,20.8279109610158));
#7320=CARTESIAN_POINT('',(2.44249065417534E-15,-33.85,23.3));
#7321=CARTESIAN_POINT('',(2.44249065417534E-15,-34.6,22.55));
#7322=CARTESIAN_POINT('',(-6.04225428932182,-34.6,22.55));
#7323=CARTESIAN_POINT('',(-6.04225428932182,-34.6,22.55));
#7324=CARTESIAN_POINT('',(-6.44417807796851,-33.1,24.05));
#7325=CARTESIAN_POINT('',(2.44249065417534E-15,-33.1,24.05));
#7326=CARTESIAN_POINT('',(-11.65,-33.85,20.1783919081774));
#7327=CARTESIAN_POINT('',(-11.275,-34.6,19.5288728553391));
#7328=CARTESIAN_POINT('',(-16.5077457106782,-34.6,16.5077457106782));
#7329=CARTESIAN_POINT('',(-16.5077457106782,-34.6,16.5077457106782));
#7330=CARTESIAN_POINT('',(-17.6058219220315,-33.1,17.6058219220315));
#7331=CARTESIAN_POINT('',(-12.025,-33.1,20.8279109610158));
#7332=CARTESIAN_POINT('',(-20.1783919081774,-33.85,11.65));
#7333=CARTESIAN_POINT('',(-19.5288728553391,-34.6,11.275));
#7334=CARTESIAN_POINT('',(-22.55,-34.6,6.04225428932182));
#7335=CARTESIAN_POINT('',(-22.55,-34.6,6.04225428932182));
#7336=CARTESIAN_POINT('',(-24.05,-33.1,6.44417807796851));
#7337=CARTESIAN_POINT('',(-20.8279109610158,-33.1,12.025));
#7338=CARTESIAN_POINT('',(-23.3,-33.85,5.12048316205905E-15));
#7339=CARTESIAN_POINT('',(-22.55,-34.6,5.12048316205905E-15));
#7340=CARTESIAN_POINT('',(-24.05,-33.1,5.12048316205905E-15));
#7341=CARTESIAN_POINT('',(12.025,0.,20.8279109610158));
#7342=CARTESIAN_POINT('',(6.44417807796852,0.,24.05));
#7343=CARTESIAN_POINT('',(6.44417807796852,-4.,24.05));
#7344=CARTESIAN_POINT('',(12.0082338870449,-4.,20.8375908808436));
#7345=CARTESIAN_POINT('',(17.6058219220315,-4.,17.6058219220315));
#7346=CARTESIAN_POINT('',(17.6058219220315,0.,17.6058219220315));
#7347=CARTESIAN_POINT('',(4.44089209850063E-15,0.,24.05));
#7348=CARTESIAN_POINT('',(-6.44417807796851,0.,24.05));
#7349=CARTESIAN_POINT('',(-6.44417807796851,-4.,24.05));
#7350=CARTESIAN_POINT('',(-3.51621945327051E-6,-4.,24.05));
#7351=CARTESIAN_POINT('',(-12.025,0.,20.8279109610158));
#7352=CARTESIAN_POINT('',(-17.6058219220315,0.,17.6058219220315));
#7353=CARTESIAN_POINT('',(-17.6058219220315,-4.,17.6058219220315));
#7354=CARTESIAN_POINT('',(-12.0082391613741,-4.,20.8375878357083));
#7355=CARTESIAN_POINT('',(-20.8279109610158,0.,12.025));
#7356=CARTESIAN_POINT('',(-24.05,0.,6.44417807796851));
#7357=CARTESIAN_POINT('',(-24.05,-4.,6.44417807796851));
#7358=CARTESIAN_POINT('',(-20.8111483642801,-4.,12.0540336692129));
#7359=CARTESIAN_POINT('',(-24.05,0.,1.06581410364015E-14));
#7360=CARTESIAN_POINT('',(-24.05,0.,-6.44417807796849));
#7361=CARTESIAN_POINT('',(-24.05,-4.,-6.44417807796849));
#7362=CARTESIAN_POINT('',(-24.05,-4.,0.0387135890408047));
#7363=CARTESIAN_POINT('',(-20.8279109610158,0.,-12.025));
#7364=CARTESIAN_POINT('',(-17.6058219220315,0.,-17.6058219220315));
#7365=CARTESIAN_POINT('',(-17.6058219220315,-4.,-17.6058219220315));
#7366=CARTESIAN_POINT('',(-20.8446753158611,-4.,-11.9959632856517));
#7367=CARTESIAN_POINT('',(-26.05,-2.,0.0387135890408047));
#7368=CARTESIAN_POINT('',(-28.05,0.,0.0387135890408047));
#7369=CARTESIAN_POINT('',(-28.05,0.,-7.51597484769298));
#7370=CARTESIAN_POINT('',(-28.05,0.,7.515974847693));
#7371=CARTESIAN_POINT('',(-28.05,0.,7.515974847693));
#7372=CARTESIAN_POINT('',(-28.05,0.,-7.51597484769298));
#7373=CARTESIAN_POINT('',(-13.0082391613741,-2.,22.5696386432771));
#7374=CARTESIAN_POINT('',(-14.0082391613741,0.,24.301689450846));
#7375=CARTESIAN_POINT('',(-20.534025152307,0.,20.534025152307));
#7376=CARTESIAN_POINT('',(-7.51597484769299,0.,28.05));
#7377=CARTESIAN_POINT('',(-7.51597484769299,0.,28.05));
#7378=CARTESIAN_POINT('',(-17.6058219220315,-4.,17.6058219220315));
#7379=CARTESIAN_POINT('',(-3.51621945327051E-6,-2.,26.05));
#7380=CARTESIAN_POINT('',(-3.51621945327051E-6,0.,28.05));
#7381=CARTESIAN_POINT('',(7.51597484769302,0.,28.05));
#7382=CARTESIAN_POINT('',(7.51597484769302,0.,28.05));
#7383=CARTESIAN_POINT('',(13.0082338870449,-2.,22.5696416884125));
#7384=CARTESIAN_POINT('',(14.0082338870449,0.,24.3016924959814));
#7385=CARTESIAN_POINT('',(20.534025152307,0.,20.534025152307));
#7386=CARTESIAN_POINT('',(20.534025152307,0.,20.534025152307));
#7387=CARTESIAN_POINT('',(22.5431974137393,-2.,13.0540367143483));
#7388=CARTESIAN_POINT('',(24.2752482213081,0.,14.0540367143483));
#7389=CARTESIAN_POINT('',(28.05,0.,7.51597484769299));
#7390=CARTESIAN_POINT('',(28.05,0.,7.51597484769299));
#7391=CARTESIAN_POINT('',(24.05,-4.,6.44417807796849));
#7392=CARTESIAN_POINT('',(20.8111466061704,-4.,12.0540367143483));
#7393=CARTESIAN_POINT('',(26.05,-2.,0.0387135890407842));
#7394=CARTESIAN_POINT('',(28.05,0.,0.0387135890407842));
#7395=CARTESIAN_POINT('',(28.05,0.,-7.51597484769303));
#7396=CARTESIAN_POINT('',(28.05,0.,-7.51597484769303));
#7397=CARTESIAN_POINT('',(24.05,-4.,-6.44417807796855));
#7398=CARTESIAN_POINT('',(24.05,-4.,0.0387135890407842));
#7399=CARTESIAN_POINT('',(22.5767243653203,-2.,-12.9959663307871));
#7400=CARTESIAN_POINT('',(24.3087751728891,0.,-13.9959663307872));
#7401=CARTESIAN_POINT('',(20.534025152307,0.,-20.534025152307));
#7402=CARTESIAN_POINT('',(20.534025152307,0.,-20.534025152307));
#7403=CARTESIAN_POINT('',(17.6058219220315,-4.,-17.6058219220315));
#7404=CARTESIAN_POINT('',(20.8446735577514,-4.,-11.9959663307871));
#7405=CARTESIAN_POINT('',(13.0417608386259,-2.,-22.5502848938921));
#7406=CARTESIAN_POINT('',(14.0417608386259,0.,-24.282335701461));
#7407=CARTESIAN_POINT('',(7.51597484769298,0.,-28.05));
#7408=CARTESIAN_POINT('',(7.51597484769298,0.,-28.05));
#7409=CARTESIAN_POINT('',(6.44417807796848,-4.,-24.05));
#7410=CARTESIAN_POINT('',(12.0417608386259,-4.,-20.8182340863232));
#7411=CARTESIAN_POINT('',(-3.51621947281043E-6,-2.,-26.05));
#7412=CARTESIAN_POINT('',(-3.51621947281043E-6,0.,-28.05));
#7413=CARTESIAN_POINT('',(-7.51597484769304,0.,-28.05));
#7414=CARTESIAN_POINT('',(-7.51597484769304,0.,-28.05));
#7415=CARTESIAN_POINT('',(-6.44417807796855,-4.,-24.05));
#7416=CARTESIAN_POINT('',(-3.51621947281043E-6,-4.,-24.05));
#7417=CARTESIAN_POINT('',(-22.543199171849,-2.,13.0540336692129));
#7418=CARTESIAN_POINT('',(-24.2752499794179,0.,14.0540336692129));
#7419=CARTESIAN_POINT('',(-13.0417661129552,-2.,-22.5502818487567));
#7420=CARTESIAN_POINT('',(-14.0417661129552,0.,-24.2823326563256));
#7421=CARTESIAN_POINT('',(-20.534025152307,0.,-20.534025152307));
#7422=CARTESIAN_POINT('',(-20.534025152307,0.,-20.534025152307));
#7423=CARTESIAN_POINT('',(-12.0417661129551,-4.,-20.8182310411879));
#7424=CARTESIAN_POINT('',(-22.57672612343,-2.,-12.9959632856517));
#7425=CARTESIAN_POINT('',(-24.3087769309989,0.,-13.9959632856517));
#7426=CARTESIAN_POINT('',(-3.46389583683049E-14,0.,-24.05));
#7427=CARTESIAN_POINT('',(6.44417807796848,0.,-24.05));
#7428=CARTESIAN_POINT('',(-6.44417807796855,0.,-24.05));
#7429=CARTESIAN_POINT('',(-12.025,0.,-20.8279109610158));
#7430=CARTESIAN_POINT('',(-7.03243891098191E-6,0.,0.0774271780815986));
#7431=CARTESIAN_POINT('',(-4.75197700783427E-6,0.,0.0523192840460539));
#7432=CARTESIAN_POINT('',(-2.42220261378042,0.,-33.6146596941497));
#7433=CARTESIAN_POINT('',(-2.11660257260497,0.,33.7398916166691));
#7434=CARTESIAN_POINT('',(-0.00313351394289877,0.,34.499999857697));
#7435=CARTESIAN_POINT('',(2.11047358577745,0.,33.7402755471658));
#7436=CARTESIAN_POINT('',(-4.75197700783427E-6,0.,0.0523192840460539));
#7437=CARTESIAN_POINT('',(2.42830877697053,0.,-33.6142191392182));
#7438=CARTESIAN_POINT('',(2.25980537383378,0.,-33.4241596666016));
#7439=CARTESIAN_POINT('',(2.03052751286887,0.,-33.5334650300169));
#7440=CARTESIAN_POINT('',(0.00313351394289931,0.,-34.499999857697));
#7441=CARTESIAN_POINT('',(-2.02443602546644,0.,-33.5338333281281));
#7442=CARTESIAN_POINT('',(-2.25373373829365,0.,-33.4245696155233));
#7443=CARTESIAN_POINT('',(2.25980537383378,-0.746,-33.4241596666016));
#7444=CARTESIAN_POINT('',(2.42830877697053,-1.492,-33.6142191392182));
#7445=CARTESIAN_POINT('',(2.42860357008383,-1.492,-33.6149189682884));
#7446=CARTESIAN_POINT('',(2.42889786379509,-1.49199895988276,-33.6156190087065));
#7447=CARTESIAN_POINT('',(2.44941751918443,-1.49185356536937,-33.6645258762848));
#7448=CARTESIAN_POINT('',(2.46740490799381,-1.48674609082551,-33.7136293981719));
#7449=CARTESIAN_POINT('',(2.5011964916057,-1.46574670847027,-33.8124669009789));
#7450=CARTESIAN_POINT('',(2.51673940341523,-1.44964414164196,-33.8618194237305));
#7451=CARTESIAN_POINT('',(2.55677187173711,-1.38958051789632,-33.9949675414306));
#7452=CARTESIAN_POINT('',(2.57807705978316,-1.33423884607671,-34.073294964413));
#7453=CARTESIAN_POINT('',(2.61267122659416,-1.19607366652468,-34.2047753940238));
#7454=CARTESIAN_POINT('',(2.6256425021725,-1.11493369210436,-34.2568465648988));
#7455=CARTESIAN_POINT('',(2.64313037310492,-0.936940398887915,-34.327710811648));
#7456=CARTESIAN_POINT('',(2.64750176224842,-0.841952809804464,-34.3459467951786));
#7457=CARTESIAN_POINT('',(2.64750176224842,-0.650047190195535,-34.3459467951786));
#7458=CARTESIAN_POINT('',(2.64313037310492,-0.555059601112084,-34.327710811648));
#7459=CARTESIAN_POINT('',(2.6256425021725,-0.377066307895635,-34.2568465648988));
#7460=CARTESIAN_POINT('',(2.61267122659416,-0.295926333475321,-34.2047753940238));
#7461=CARTESIAN_POINT('',(2.57807705978316,-0.157761153923295,-34.073294964413));
#7462=CARTESIAN_POINT('',(2.55677187173711,-0.102419482103681,-33.9949675414306));
#7463=CARTESIAN_POINT('',(2.51673940341524,-0.0423558583580353,-33.8618194237305));
#7464=CARTESIAN_POINT('',(2.50119649160569,-0.0262532915297258,-33.8124669009789));
#7465=CARTESIAN_POINT('',(2.4674049079936,-0.00525390917435985,-33.7136293981713));
#7466=CARTESIAN_POINT('',(2.44941751918417,-0.000146434630625403,-33.6645258762842));
#7467=CARTESIAN_POINT('',(2.42889786379512,-1.04011723771571E-6,-33.6156190087066));
#7468=CARTESIAN_POINT('',(2.42860357008381,1.23355796560579E-18,-33.6149189682884));
#7469=CARTESIAN_POINT('',(2.42830877697053,0.,-33.6142191392182));
#7470=CARTESIAN_POINT('',(2.56925699907204,-0.141495906110224,-34.0421509898452));
#7471=CARTESIAN_POINT('',(2.25989620032491,-0.746,-34.4241596624768));
#7472=CARTESIAN_POINT('',(2.25989620032491,-0.805180580885295,-34.4241596624768));
#7473=CARTESIAN_POINT('',(2.26942732095103,-0.862765058560444,-34.4172423702061));
#7474=CARTESIAN_POINT('',(2.30636011667973,-0.983388115049381,-34.3876708832543));
#7475=CARTESIAN_POINT('',(2.33589483478971,-1.04312836772172,-34.3627337148045));
#7476=CARTESIAN_POINT('',(2.41125437066779,-1.16681929388607,-34.287351010521));
#7477=CARTESIAN_POINT('',(2.46117051561119,-1.22926867830683,-34.229653517961));
#7478=CARTESIAN_POINT('',(2.55710803933294,-1.33902344102823,-34.0770558922392));
#7479=CARTESIAN_POINT('',(2.60091935707341,-1.38336455352954,-33.9830771428267));
#7480=CARTESIAN_POINT('',(2.65189036457213,-1.44189125845392,-33.7872032242163));
#7481=CARTESIAN_POINT('',(2.66310588348985,-1.45864069990014,-33.6951811481377));
#7482=CARTESIAN_POINT('',(2.65904899160943,-1.47865612411766,-33.510188687962));
#7483=CARTESIAN_POINT('',(2.64453090101118,-1.48234256011963,-33.4191082873953));
#7484=CARTESIAN_POINT('',(2.59086405951465,-1.48357471000334,-33.243091681362));
#7485=CARTESIAN_POINT('',(2.55151145746005,-1.48121260559301,-33.1583751863323));
#7486=CARTESIAN_POINT('',(2.44842858759373,-1.46497040840316,-32.9986148317025));
#7487=CARTESIAN_POINT('',(2.38434131164791,-1.45010620505094,-32.925799177118));
#7488=CARTESIAN_POINT('',(2.22445427629756,-1.39482087545122,-32.7887648982791));
#7489=CARTESIAN_POINT('',(2.13118508202911,-1.35194451573472,-32.735128659379));
#7490=CARTESIAN_POINT('',(1.94933307730847,-1.23841036295247,-32.6602931665551));
#7491=CARTESIAN_POINT('',(1.86495650904809,-1.16918689137239,-32.6418227885684));
#7492=CARTESIAN_POINT('',(1.74941278514932,-1.03071435755489,-32.625750097658));
#7493=CARTESIAN_POINT('',(1.70859732050788,-0.963671878058911,-32.6239491987569));
#7494=CARTESIAN_POINT('',(1.66549200616396,-0.831552294799036,-32.6229477209444));
#7495=CARTESIAN_POINT('',(1.65771092587799,-0.77131121495464,-32.6231140815934));
#7496=CARTESIAN_POINT('',(1.66744895506225,-0.650333330489929,-32.6231272672278));
#7497=CARTESIAN_POINT('',(1.68410009869426,-0.592958556446119,-32.6230465462387));
#7498=CARTESIAN_POINT('',(1.74111550358171,-0.473314676087111,-32.6258215119242));
#7499=CARTESIAN_POINT('',(1.78578532046045,-0.412359734541755,-32.6293993798846));
#7500=CARTESIAN_POINT('',(1.90704473771637,-0.287081634140294,-32.6513620154762));
#7501=CARTESIAN_POINT('',(1.98856844206357,-0.226154424778032,-32.6733497954466));
#7502=CARTESIAN_POINT('',(2.16502200734309,-0.123403175721656,-32.7537112907739));
#7503=CARTESIAN_POINT('',(2.25368590669111,-0.0856589450402528,-32.8102066033667));
#7504=CARTESIAN_POINT('',(2.40311778838153,-0.0370336441669548,-32.9460511422947));
#7505=CARTESIAN_POINT('',(2.46400769941347,-0.0239567755902926,-33.0190968225854));
#7506=CARTESIAN_POINT('',(2.56243404062581,-0.00983565598526249,-33.1798445344586));
#7507=CARTESIAN_POINT('',(2.59996307801523,-0.00803839577946939,-33.2660176010806));
#7508=CARTESIAN_POINT('',(2.64895326517843,-0.0105192511336279,-33.4424502194691));
#7509=CARTESIAN_POINT('',(2.66119050618107,-0.0148780375172008,-33.5323493909586));
#7510=CARTESIAN_POINT('',(2.66139662176081,-0.0382831123404218,-33.7289048246622));
#7511=CARTESIAN_POINT('',(2.64441372969767,-0.0598130324856418,-33.8325230938711));
#7512=CARTESIAN_POINT('',(2.57854020514749,-0.132110648287056,-34.0371465370853));
#7513=CARTESIAN_POINT('',(2.52900993264439,-0.182852587828886,-34.1283231040078));
#7514=CARTESIAN_POINT('',(2.42544820457435,-0.307589760171665,-34.2741803384758));
#7515=CARTESIAN_POINT('',(2.37323479570578,-0.379247209146632,-34.3274543208062));
#7516=CARTESIAN_POINT('',(2.3111678021084,-0.502396565801579,-34.3837218661181));
#7517=CARTESIAN_POINT('',(2.29240960892197,-0.548935371205019,-34.3989788927846));
#7518=CARTESIAN_POINT('',(2.26678832662792,-0.646257077765964,-34.4191235014089));
#7519=CARTESIAN_POINT('',(2.25989620032491,-0.695604587831663,-34.4241596624768));
#7520=CARTESIAN_POINT('',(2.25989620032491,-0.746,-34.4241596624768));
#7521=CARTESIAN_POINT('',(2.25989620032491,-0.746,-34.4241596624768));
#7522=CARTESIAN_POINT('',(2.25980537383378,-0.746,-33.4241596666016));
#7523=CARTESIAN_POINT('',(1.35713662987739,-0.746,-33.8544957430397));
#7524=CARTESIAN_POINT('',(2.03052751286887,-0.746,-33.5334650300169));
#7525=CARTESIAN_POINT('',(0.00313351394289931,-0.746,-34.499999857697));
#7526=CARTESIAN_POINT('',(-2.02443602546644,-0.746,-33.5338333281281));
#7527=CARTESIAN_POINT('',(-1.35098683739906,-0.746,-33.8547417123928));
#7528=CARTESIAN_POINT('',(0.00313351394289931,-0.746,-34.499999857697));
#7529=CARTESIAN_POINT('',(-2.25373373829365,-0.746,-33.4245696155233));
#7530=CARTESIAN_POINT('',(-2.42220261378042,0.,-33.6146596941497));
#7531=CARTESIAN_POINT('',(-2.42249727976331,-3.63439169720979E-19,-33.6153595767595));
#7532=CARTESIAN_POINT('',(-2.42279144630431,-1.04011723408499E-6,-33.6160596706231));
#7533=CARTESIAN_POINT('',(-2.44330221728766,-0.000146434630702126,-33.6649702648776));
#7534=CARTESIAN_POINT('',(-2.46128068599727,-0.00525390917979275,-33.7140770534169));
#7535=CARTESIAN_POINT('',(-2.49505431491605,-0.0262532915297301,-33.8129206929101));
#7536=CARTESIAN_POINT('',(-2.51058826143625,-0.0423558583580377,-33.8622760382638));
#7537=CARTESIAN_POINT('',(-2.55059654234507,-0.102419482103684,-33.9954314257843));
#7538=CARTESIAN_POINT('',(-2.57188750162972,-0.157761153923302,-34.0737627176253));
#7539=CARTESIAN_POINT('',(-2.6064577840579,-0.2959263334753,-34.2052494292003));
#7540=CARTESIAN_POINT('',(-2.61941960053879,-0.377066307895618,-34.2573229554871));
#7541=CARTESIAN_POINT('',(-2.63689459848099,-0.555059601112072,-34.328190377791));
#7542=CARTESIAN_POINT('',(-2.64126267493159,-0.650047190195528,-34.3464271550966));
#7543=CARTESIAN_POINT('',(-2.64126267493159,-0.841952809804472,-34.3464271550966));
#7544=CARTESIAN_POINT('',(-2.63689459848099,-0.936940398887929,-34.328190377791));
#7545=CARTESIAN_POINT('',(-2.61941960053879,-1.11493369210438,-34.2573229554871));
#7546=CARTESIAN_POINT('',(-2.6064577840579,-1.1960736665247,-34.2052494292003));
#7547=CARTESIAN_POINT('',(-2.57188750162972,-1.33423884607669,-34.0737627176253));
#7548=CARTESIAN_POINT('',(-2.55059654234507,-1.38958051789631,-33.9954314257843));
#7549=CARTESIAN_POINT('',(-2.51058826143624,-1.44964414164196,-33.8622760382638));
#7550=CARTESIAN_POINT('',(-2.49505431491605,-1.46574670847027,-33.8129206929101));
#7551=CARTESIAN_POINT('',(-2.46128068599768,-1.48674609081995,-33.7140770534182));
#7552=CARTESIAN_POINT('',(-2.44330221728816,-1.49185356536929,-33.6649702648788));
#7553=CARTESIAN_POINT('',(-2.42279144630428,-1.49199895988277,-33.616059670623));
#7554=CARTESIAN_POINT('',(-2.42249727976334,-1.492,-33.6153595767596));
#7555=CARTESIAN_POINT('',(-2.42220261378042,-1.492,-33.6146596941497));
#7556=CARTESIAN_POINT('',(-2.5630730984606,-0.141495906109103,-34.0426171413792));
#7557=CARTESIAN_POINT('',(-2.25373373829365,-0.746,-33.4245696155233));
#7558=CARTESIAN_POINT('',(-2.25364291180259,-0.746,-34.4245696113985));
#7559=CARTESIAN_POINT('',(-1.6552682008558,-0.746,-32.623421064692));
#7560=CARTESIAN_POINT('',(-1.6552682008558,-0.805180580885316,-32.623421064692));
#7561=CARTESIAN_POINT('',(-1.66704379058273,-0.862765058560487,-32.6232577266064));
#7562=CARTESIAN_POINT('',(-1.7143301062413,-0.983388115049427,-32.6248415802353));
#7563=CARTESIAN_POINT('',(-1.75291604777487,-1.04312836772178,-32.6271409410378));
#7564=CARTESIAN_POINT('',(-1.8584055699109,-1.16681929388613,-32.6424240190117));
#7565=CARTESIAN_POINT('',(-1.93292726280116,-1.2292686783069,-32.658768420576));
#7566=CARTESIAN_POINT('',(-2.10111777931077,-1.3390234410283,-32.7235912097017));
#7567=CARTESIAN_POINT('',(-2.19246465240751,-1.3833645535296,-32.7726542882715));
#7568=CARTESIAN_POINT('',(-2.3505352727778,-1.44189125845396,-32.8990596464369));
#7569=CARTESIAN_POINT('',(-2.41459869685469,-1.45864069990018,-32.9660650793954));
#7570=CARTESIAN_POINT('',(-2.52207381705114,-1.47865612411768,-33.1166896697927));
#7571=CARTESIAN_POINT('',(-2.56495856717072,-1.48234256011965,-33.1983432828736));
#7572=CARTESIAN_POINT('',(-2.62731905243005,-1.48357471000335,-33.3714708235883));
#7573=CARTESIAN_POINT('',(-2.64649997848111,-1.48121260559302,-33.4628907551919));
#7574=CARTESIAN_POINT('',(-2.6595435813838,-1.46497040840318,-33.6525728929767));
#7575=CARTESIAN_POINT('',(-2.65178659504987,-1.45010620505097,-33.7492637801054));
#7576=CARTESIAN_POINT('',(-2.60572228417814,-1.3948208754513,-33.9547396592587));
#7577=CARTESIAN_POINT('',(-2.5631082177258,-1.35194451573484,-34.0535325236936));
#7578=CARTESIAN_POINT('',(-2.4622195418124,-1.2384103629525,-34.2223281921202));
#7579=CARTESIAN_POINT('',(-2.40568119177176,-1.1691868913724,-34.287627312398));
#7580=CARTESIAN_POINT('',(-2.32273990685145,-1.03071435755497,-34.3696603958537));
#7581=CARTESIAN_POINT('',(-2.29112078219175,-0.963671878058967,-34.3955327043419));
#7582=CARTESIAN_POINT('',(-2.25718878809733,-0.831552294799011,-34.4221351639889));
#7583=CARTESIAN_POINT('',(-2.25085583666043,-0.771311214954621,-34.4266591680097));
#7584=CARTESIAN_POINT('',(-2.2586490231646,-0.650333330489918,-34.4208200216366));
#7585=CARTESIAN_POINT('',(-2.27203647220531,-0.592958556446103,-34.4109183395415));
#7586=CARTESIAN_POINT('',(-2.31605025861305,-0.473314676086897,-34.374569427108));
#7587=CARTESIAN_POINT('',(-2.34969349841942,-0.412359734541547,-34.3449666215912));
#7588=CARTESIAN_POINT('',(-2.43368823460617,-0.287081634140273,-34.2547940762781));
#7589=CARTESIAN_POINT('',(-2.48583587213286,-0.226154424777992,-34.1883847340219));
#7590=CARTESIAN_POINT('',(-2.57909236542253,-0.123403175721588,-34.0183933898586));
#7591=CARTESIAN_POINT('',(-2.61630589175735,-0.0856589450401943,-33.920066583492));
#7592=CARTESIAN_POINT('',(-2.65470674467036,-0.0370336441669227,-33.7218016079727));
#7593=CARTESIAN_POINT('',(-2.65976466134999,-0.023956775590268,-33.6268401939486));
#7594=CARTESIAN_POINT('',(-2.64239976926599,-0.00983565598524441,-33.4391542007584));
#7595=CARTESIAN_POINT('',(-2.62088618226933,-0.00803839577945427,-33.3476588914089));
#7596=CARTESIAN_POINT('',(-2.55453025706223,-0.0105192511336101,-33.1769972423498));
#7597=CARTESIAN_POINT('',(-2.51052534242536,-0.0148780375171785,-33.0976550808614));
#7598=CARTESIAN_POINT('',(-2.39304450517973,-0.0382831123403868,-32.9400722966428));
#7599=CARTESIAN_POINT('',(-2.31742010625045,-0.0598130324855941,-32.8672292144506));
#7600=CARTESIAN_POINT('',(-2.1421742404526,-0.132110648286944,-32.7427343901799));
#7601=CARTESIAN_POINT('',(-2.04792315946216,-0.182852587828737,-32.6993391371891));
#7602=CARTESIAN_POINT('',(-1.87765931946357,-0.307589760171624,-32.644479414655));
#7603=CARTESIAN_POINT('',(-1.80394494208265,-0.379247209146615,-32.6330536618851));
#7604=CARTESIAN_POINT('',(-1.7205451531157,-0.502396565801437,-32.6251275310575));
#7605=CARTESIAN_POINT('',(-1.69638615870894,-0.548935371204924,-32.6241327126929));
#7606=CARTESIAN_POINT('',(-1.66380377848731,-0.646257077765939,-32.6233303025045));
#7607=CARTESIAN_POINT('',(-1.6552682008558,-0.695604587831649,-32.623421064692));
#7608=CARTESIAN_POINT('',(-1.6552682008558,-0.746,-32.623421064692));
#7609=CARTESIAN_POINT('',(-1.65517737436449,0.,-33.6234210605673));
#7610=CARTESIAN_POINT('',(-2.25364291180259,0.,-34.4245696113985));
#7611=CARTESIAN_POINT('',(-2.25364291180259,-35.,-34.4245696113985));
#7612=CARTESIAN_POINT('',(-1.65517737436449,-35.,-33.6234210605673));
#7613=CARTESIAN_POINT('',(-2.32101416786399,-35.,-34.3695184834434));
#7614=CARTESIAN_POINT('',(-2.32101416786399,0.,-34.3695184834434));
#7615=CARTESIAN_POINT('',(-2.32101416786399,-0.746,-34.3695184834434));
#7616=CARTESIAN_POINT('',(-2.32101416786405,-0.746,-34.3695184834434));
#7617=CARTESIAN_POINT('',(-2.32101416786405,-0.685173229662127,-34.3695184834434));
#7618=CARTESIAN_POINT('',(-2.3301887740917,-0.626399252452018,-34.3615428447373));
#7619=CARTESIAN_POINT('',(-2.36546998778881,-0.498061975535096,-34.3278543722595));
#7620=CARTESIAN_POINT('',(-2.39469828403992,-0.431367504901515,-34.2982710293037));
#7621=CARTESIAN_POINT('',(-2.46853282985601,-0.28714210621257,-34.2091097473675));
#7622=CARTESIAN_POINT('',(-2.51861954917803,-0.208629409138588,-34.137603035288));
#7623=CARTESIAN_POINT('',(-2.59554053764365,-0.0924584977759114,-33.9732997581837));
#7624=CARTESIAN_POINT('',(-2.62390583109014,-0.051526542103046,-33.8886760025915));
#7625=CARTESIAN_POINT('',(-2.65380668485045,-0.00555631254086608,-33.7183284608905));
#7626=CARTESIAN_POINT('',(-2.65841437039522,0.00339112979312026,-33.6372678924863));
#7627=CARTESIAN_POINT('',(-2.64757167195121,-0.00551199124138817,-33.4774153990463));
#7628=CARTESIAN_POINT('',(-2.63313784897909,-0.0221506772833269,-33.4020380344017));
#7629=CARTESIAN_POINT('',(-2.58762945104668,-0.0807789943974497,-33.2528575437437));
#7630=CARTESIAN_POINT('',(-2.555454669783,-0.124666468140699,-33.1825487223132));
#7631=CARTESIAN_POINT('',(-2.4769171642716,-0.244956252947743,-33.0469678694528));
#7632=CARTESIAN_POINT('',(-2.42999657753867,-0.32524909715177,-32.9888075060624));
#7633=CARTESIAN_POINT('',(-2.36152042759622,-0.484160958986565,-32.9140663152012));
#7634=CARTESIAN_POINT('',(-2.33588053838553,-0.563421747449588,-32.8906964634315));
#7635=CARTESIAN_POINT('',(-2.31449245175194,-0.719034283749295,-32.8714380803603));
#7636=CARTESIAN_POINT('',(-2.31543484765922,-0.790301814177153,-32.8722243534183));
#7637=CARTESIAN_POINT('',(-2.33866941791345,-0.935092038791427,-32.8932880923983));
#7638=CARTESIAN_POINT('',(-2.36107389184147,-1.00489741834959,-32.9140060580482));
#7639=CARTESIAN_POINT('',(-2.42304514868995,-1.15276855158818,-32.9807395654595));
#7640=CARTESIAN_POINT('',(-2.46719234488996,-1.23044745858964,-33.0342275826102));
#7641=CARTESIAN_POINT('',(-2.54872793234163,-1.3582453239757,-33.168072222917));
#7642=CARTESIAN_POINT('',(-2.58555385283874,-1.40858920043926,-33.2454861151244));
#7643=CARTESIAN_POINT('',(-2.63459048686666,-1.47168450502007,-33.4072874879591));
#7644=CARTESIAN_POINT('',(-2.64917359434379,-1.48831995830328,-33.4865119123095));
#7645=CARTESIAN_POINT('',(-2.65799263786816,-1.49446348228118,-33.6473878836164));
#7646=CARTESIAN_POINT('',(-2.65287615153497,-1.48495914147378,-33.7253724340379));
#7647=CARTESIAN_POINT('',(-2.62446329489789,-1.44139347961701,-33.8834654525701));
#7648=CARTESIAN_POINT('',(-2.59970631735348,-1.40549331244292,-33.9602658381809));
#7649=CARTESIAN_POINT('',(-2.53047793071196,-1.30161765260816,-34.1164369728738));
#7650=CARTESIAN_POINT('',(-2.48364473001176,-1.22931647180261,-34.1876205896884));
#7651=CARTESIAN_POINT('',(-2.41021101054562,-1.09321902652569,-34.2810431003029));
#7652=CARTESIAN_POINT('',(-2.37964375647886,-1.02888198136468,-34.3134637065325));
#7653=CARTESIAN_POINT('',(-2.34595000632328,-0.925758730349132,-34.3466594820236));
#7654=CARTESIAN_POINT('',(-2.33679790498775,-0.89065612176309,-34.3551766207066));
#7655=CARTESIAN_POINT('',(-2.32431488153386,-0.818768886674689,-34.3666071063696));
#7656=CARTESIAN_POINT('',(-2.32101416786405,-0.782653210505178,-34.3695184834434));
#7657=CARTESIAN_POINT('',(-2.32101416786405,-0.746,-34.3695184834434));
#7658=CARTESIAN_POINT('',(-2.25373373829365,0.,-33.4245696155233));
#7659=CARTESIAN_POINT('',(-1.35098683739906,0.,-33.8547417123928));
#7660=CARTESIAN_POINT('',(-1.35098683739906,-35.,-33.8547417123928));
#7661=CARTESIAN_POINT('',(-2.25373373829365,-35.,-33.4245696155233));
#7662=CARTESIAN_POINT('',(0.00313351394289931,0.,-34.499999857697));
#7663=CARTESIAN_POINT('',(1.35713662987739,0.,-33.8544957430397));
#7664=CARTESIAN_POINT('',(1.35713662987739,-35.,-33.8544957430397));
#7665=CARTESIAN_POINT('',(0.00313351394289931,-35.,-34.499999857697));
#7666=CARTESIAN_POINT('',(2.25980537383378,0.,-33.4241596666016));
#7667=CARTESIAN_POINT('',(2.25989620032491,0.,-34.4241596624768));
#7668=CARTESIAN_POINT('',(2.25989620032491,-35.,-34.4241596624768));
#7669=CARTESIAN_POINT('',(2.25980537383378,-35.,-33.4241596666016));
#7670=CARTESIAN_POINT('',(1.66128514173813,0.,-33.6231198379128));
#7671=CARTESIAN_POINT('',(2.32725745507344,-0.746,-34.3690962972405));
#7672=CARTESIAN_POINT('',(2.32725745507344,-0.806826766605892,-34.3690962972405));
#7673=CARTESIAN_POINT('',(2.33643061119762,-0.865600740146133,-34.36111899305));
#7674=CARTESIAN_POINT('',(2.37170569711214,-0.993937996710543,-34.3274241197184));
#7675=CARTESIAN_POINT('',(2.40092860896857,-1.06063245243269,-34.2978354786973));
#7676=CARTESIAN_POINT('',(2.47474694110787,-1.20485783427748,-34.2086608132765));
#7677=CARTESIAN_POINT('',(2.52482066505593,-1.28337052847948,-34.1371450209045));
#7678=CARTESIAN_POINT('',(2.60171181276312,-1.39954145366905,-33.972827798911));
#7679=CARTESIAN_POINT('',(2.63006174164998,-1.4404734207568,-33.8881988952699));
#7680=CARTESIAN_POINT('',(2.6599316670191,-1.48644367233539,-33.717845927142));
#7681=CARTESIAN_POINT('',(2.66452463548003,-1.49539112501273,-33.6367845219846));
#7682=CARTESIAN_POINT('',(2.6536529139741,-1.48648802348437,-33.476933999619));
#7683=CARTESIAN_POINT('',(2.63920540621349,-1.46984934782054,-33.4015592581491));
#7684=CARTESIAN_POINT('',(2.59366992808188,-1.4112210578294,-33.2523870457047));
#7685=CARTESIAN_POINT('',(2.56148238879942,-1.36733360514627,-33.1820840766095));
#7686=CARTESIAN_POINT('',(2.48292027678086,-1.24704386743684,-33.0465174891841));
#7687=CARTESIAN_POINT('',(2.43598913161007,-1.16675104831797,-32.9883656407176));
#7688=CARTESIAN_POINT('',(2.36749938673591,-1.00783921095125,-32.9136368528097));
#7689=CARTESIAN_POINT('',(2.34185523345561,-0.928578416741185,-32.8902716381943));
#7690=CARTESIAN_POINT('',(2.32046361493469,-0.772965875557478,-32.871017109026));
#7691=CARTESIAN_POINT('',(2.32140613643573,-0.7016983452987,-32.8718031965279));
#7692=CARTESIAN_POINT('',(2.34464449964871,-0.556908135188541,-32.892862683247));
#7693=CARTESIAN_POINT('',(2.36705271507817,-0.487102770655736,-32.9135765558545));
#7694=CARTESIAN_POINT('',(2.42903605192713,-0.339231658494972,-32.9802987440892));
#7695=CARTESIAN_POINT('',(2.47319294344282,-0.261552758562324,-33.0337786971455));
#7696=CARTESIAN_POINT('',(2.55475284814224,-0.133754848607576,-33.1676084546212));
#7697=CARTESIAN_POINT('',(2.59159285309682,-0.0834109325634076,-33.2450156483722));
#7698=CARTESIAN_POINT('',(2.6406589209903,-0.0203155616592777,-33.4068081035355));
#7699=CARTESIAN_POINT('',(2.65525644104528,-0.00368007877349706,-33.4860298766086));
#7700=CARTESIAN_POINT('',(2.66410474786656,0.00246349880765479,-33.646904241293));
#7701=CARTESIAN_POINT('',(2.659002448447,-0.00704081483641214,-33.7248897179604));
#7702=CARTESIAN_POINT('',(2.63061835530795,-0.0506064149266233,-33.8829878782595));
#7703=CARTESIAN_POINT('',(2.60587535886251,-0.0865065402267532,-33.9597927475878));
#7704=CARTESIAN_POINT('',(2.53667540646798,-0.190382094467994,-34.1159764434128));
#7705=CARTESIAN_POINT('',(2.48985516904593,-0.262683210859361,-34.1871685773567));
#7706=CARTESIAN_POINT('',(2.41643839585577,-0.398780620753268,-34.2806045213486));
#7707=CARTESIAN_POINT('',(2.38587699083882,-0.463117698668213,-34.313030736541));
#7708=CARTESIAN_POINT('',(2.3521892074608,-0.566241026326582,-34.3462327035383));
#7709=CARTESIAN_POINT('',(2.34303863080904,-0.601343675483035,-34.354751526735));
#7710=CARTESIAN_POINT('',(2.3305576498152,-0.673231005267097,-34.3661843119082));
#7711=CARTESIAN_POINT('',(2.32725745507344,-0.709346734345179,-34.3690962972405));
#7712=CARTESIAN_POINT('',(2.32725745507344,-0.746,-34.3690962972405));
#7713=CARTESIAN_POINT('',(2.32725745507327,-0.746,-34.3690962972405));
#7714=CARTESIAN_POINT('',(2.32725745507327,0.,-34.3690962972405));
#7715=CARTESIAN_POINT('',(2.32725745507327,-35.,-34.3690962972405));
#7716=CARTESIAN_POINT('',(1.66128514173813,-35.,-33.6231198379128));
#7717=CARTESIAN_POINT('',(2.11047358577744,0.,33.7402755471658));
#7718=CARTESIAN_POINT('',(2.07157171490465,-1.79074132790942E-15,33.7662005635381));
#7719=CARTESIAN_POINT('',(2.03240305254692,-0.00414443791970582,33.7917054993433));
#7720=CARTESIAN_POINT('',(1.93131589183921,-0.0256659588661662,33.8559738216731));
#7721=CARTESIAN_POINT('',(1.86992298088138,-0.0493949851574944,33.8934491319679));
#7722=CARTESIAN_POINT('',(1.71707739550621,-0.139074859606682,33.9832234605268));
#7723=CARTESIAN_POINT('',(1.6290531193268,-0.222452291045359,34.0310693311187));
#7724=CARTESIAN_POINT('',(1.49335567430015,-0.447818027483244,34.1015968954279));
#7725=CARTESIAN_POINT('',(1.44871965824167,-0.596179490337704,34.1230086556539));
#7726=CARTESIAN_POINT('',(1.44871965824167,-0.746,34.1230086556539));
#7727=CARTESIAN_POINT('',(2.11047358577744,5.20502464306219E-29,33.7402755471658));
#7728=CARTESIAN_POINT('',(2.07665890021205,-1.53997411241789E-15,33.7695450505983));
#7729=CARTESIAN_POINT('',(2.04260194179671,-0.0034651183182607,33.7984693405083));
#7730=CARTESIAN_POINT('',(1.95408482187593,-0.021539451026149,33.8722271112996));
#7731=CARTESIAN_POINT('',(1.89969816766849,-0.0414433954794915,33.91613564764));
#7732=CARTESIAN_POINT('',(1.76024433572575,-0.11912836855949,34.0256359064893));
#7733=CARTESIAN_POINT('',(1.67496589720098,-0.192544292611883,34.0893100129635));
#7734=CARTESIAN_POINT('',(1.53200565254942,-0.415354896233956,34.1943378584687));
#7735=CARTESIAN_POINT('',(1.47748867112635,-0.577328940295971,34.2338027070559));
#7736=CARTESIAN_POINT('',(1.47748867112635,-0.746,34.2338027070559));
#7737=CARTESIAN_POINT('',(2.11047358577744,1.20830929213944E-28,33.7402755471658));
#7738=CARTESIAN_POINT('',(2.08174608551946,-1.35020432772157E-15,33.7728895376585));
#7739=CARTESIAN_POINT('',(2.05280040570121,-0.00312647308591316,33.8052323549922));
#7740=CARTESIAN_POINT('',(1.97730871016326,-0.0194666234469359,33.8883260969745));
#7741=CARTESIAN_POINT('',(1.93067222807966,-0.0374385827323708,33.9384175003481));
#7742=CARTESIAN_POINT('',(1.80939912413366,-0.108861474563328,34.0661909561354));
#7743=CARTESIAN_POINT('',(1.73322366596219,-0.176768961495127,34.1438764396964));
#7744=CARTESIAN_POINT('',(1.60000961402466,-0.397495870682424,34.2789275200653));
#7745=CARTESIAN_POINT('',(1.54562659819949,-0.566737114642454,34.3339453213509));
#7746=CARTESIAN_POINT('',(1.54562659819949,-0.746,34.3339453213509));
#7747=CARTESIAN_POINT('',(2.11047358577744,1.91470549369788E-28,33.7402755471658));
#7748=CARTESIAN_POINT('',(2.09192045613428,-1.09265961991948E-15,33.7795785117788));
#7749=CARTESIAN_POINT('',(2.07319610408588,-0.00312647308591448,33.8187586632694));
#7750=CARTESIAN_POINT('',(2.02418607752722,-0.0194666234469377,33.919884949819));
#7751=CARTESIAN_POINT('',(1.9937382251465,-0.037438582732368,33.9813167961777));
#7752=CARTESIAN_POINT('',(1.91367919019301,-0.108861474563326,34.1387375324597));
#7753=CARTESIAN_POINT('',(1.86237411061834,-0.176768961495125,34.2351593134551));
#7754=CARTESIAN_POINT('',(1.77001003448258,-0.397495870682423,34.4017803656366));
#7755=CARTESIAN_POINT('',(1.73062228588976,-0.566737114642454,34.4688100952901));
#7756=CARTESIAN_POINT('',(1.73062228588976,-0.746,34.4688100952901));
#7757=CARTESIAN_POINT('',(2.11047358577744,2.93712104858509E-28,33.7402755471658));
#7758=CARTESIAN_POINT('',(2.09700764144169,-1.0248846968136E-15,33.782922998839));
#7759=CARTESIAN_POINT('',(2.08339338940436,-0.00346511831826331,33.8255219913772));
#7760=CARTESIAN_POINT('',(2.04783927862374,-0.0215394510261526,33.9353446305133));
#7761=CARTESIAN_POINT('',(2.02583029082339,-0.041443395479486,34.0019343841934));
#7762=CARTESIAN_POINT('',(1.96878102626865,-0.119128368559484,34.1707128395238));
#7763=CARTESIAN_POINT('',(1.93319560505867,-0.19254429261188,34.2718265519248));
#7764=CARTESIAN_POINT('',(1.87162198696121,-0.415354896233954,34.4397665718139));
#7765=CARTESIAN_POINT('',(1.84680925676273,-0.577328940295972,34.5030432386316));
#7766=CARTESIAN_POINT('',(1.84680925676273,-0.746,34.5030432386316));
#7767=CARTESIAN_POINT('',(2.11047358577745,3.12301478583731E-28,33.7402755471658));
#7768=CARTESIAN_POINT('',(2.1020948267491,-1.01810720450304E-15,33.7862674858992));
#7769=CARTESIAN_POINT('',(2.09359059702019,-0.00414443791970975,33.8322854589817));
#7770=CARTESIAN_POINT('',(2.0714631540782,-0.0256659588661716,33.9503247962667));
#7771=CARTESIAN_POINT('',(2.05784474600858,-0.0493949851574862,34.0212892454089));
#7772=CARTESIAN_POINT('',(2.02352130480554,-0.139074859606675,34.196429383053));
#7773=CARTESIAN_POINT('',(2.00329394135396,-0.222452291045355,34.2956348778952));
#7774=CARTESIAN_POINT('',(1.97170682763264,-0.447818027483241,34.4473267682742));
#7775=CARTESIAN_POINT('',(1.96109241368971,-0.596179490337704,34.4965364751337));
#7776=CARTESIAN_POINT('',(1.96109241368971,-0.746,34.4965364751337));
#7777=CARTESIAN_POINT('',(1.93267071563657,-0.746,33.9973449216396));
#7778=CARTESIAN_POINT('',(1.44871965824167,-0.746,34.1230086556539));
#7779=CARTESIAN_POINT('',(1.96109241368971,-0.746,34.4965364751337));
#7780=CARTESIAN_POINT('',(2.11047358577745,3.12301478583731E-28,33.7402755471658));
#7781=CARTESIAN_POINT('',(2.1020948267491,-1.01810720450304E-15,33.7862674858992));
#7782=CARTESIAN_POINT('',(2.09359059702019,-0.00414443791970975,33.8322854589817));
#7783=CARTESIAN_POINT('',(2.0714631540782,-0.0256659588661716,33.9503247962667));
#7784=CARTESIAN_POINT('',(2.05784474600858,-0.0493949851574862,34.0212892454089));
#7785=CARTESIAN_POINT('',(2.02352130480554,-0.139074859606675,34.196429383053));
#7786=CARTESIAN_POINT('',(2.00329394135396,-0.222452291045355,34.2956348778952));
#7787=CARTESIAN_POINT('',(1.97170682763264,-0.447818027483241,34.4473267682742));
#7788=CARTESIAN_POINT('',(1.96109241368971,-0.596179490337704,34.4965364751337));
#7789=CARTESIAN_POINT('',(1.96109241368971,-0.746,34.4965364751337));
#7790=CARTESIAN_POINT('',(2.11047358577744,0.,33.7402755471658));
#7791=CARTESIAN_POINT('',(2.07157171490465,-1.79074132790942E-15,33.7662005635381));
#7792=CARTESIAN_POINT('',(2.03240305254692,-0.00414443791970582,33.7917054993433));
#7793=CARTESIAN_POINT('',(1.93131589183921,-0.0256659588661662,33.8559738216731));
#7794=CARTESIAN_POINT('',(1.86992298088138,-0.0493949851574944,33.8934491319679));
#7795=CARTESIAN_POINT('',(1.71707739550621,-0.139074859606682,33.9832234605268));
#7796=CARTESIAN_POINT('',(1.6290531193268,-0.222452291045359,34.0310693311187));
#7797=CARTESIAN_POINT('',(1.49335567430015,-0.447818027483244,34.1015968954279));
#7798=CARTESIAN_POINT('',(1.44871965824167,-0.596179490337704,34.1230086556539));
#7799=CARTESIAN_POINT('',(1.44871965824167,-0.746,34.1230086556539));
#7800=CARTESIAN_POINT('',(-4.75197700783427E-6,-0.746,0.0523192840460539));
#7801=CARTESIAN_POINT('',(-4.75197700783427E-6,-0.746,0.0523192840460539));
#7802=CARTESIAN_POINT('',(-2.11660257260496,0.,33.7398916166691));
#7803=CARTESIAN_POINT('',(-2.10823270307948,-2.2929049458991E-17,33.7858821381104));
#7804=CARTESIAN_POINT('',(-2.09972960740211,-0.00414883919398606,33.8319406519665));
#7805=CARTESIAN_POINT('',(-2.07762401089428,-0.0256754613669604,33.9499809888236));
#7806=CARTESIAN_POINT('',(-2.06401745310837,-0.0494095663208474,34.0209528512978));
#7807=CARTESIAN_POINT('',(-2.0297251598157,-0.139103102725831,34.1961011866636));
#7808=CARTESIAN_POINT('',(-2.00951915439802,-0.222477410255076,34.2952930396925));
#7809=CARTESIAN_POINT('',(-1.9779628135711,-0.447836719843997,34.4469747118696));
#7810=CARTESIAN_POINT('',(-1.96735878003409,-0.596189081896833,34.4961796676948));
#7811=CARTESIAN_POINT('',(-1.96735878003409,-0.746,34.4961796676948));
#7812=CARTESIAN_POINT('',(-2.11660257260496,0.,33.7398916166691));
#7813=CARTESIAN_POINT('',(-2.10314523538324,-6.81148396462286E-17,33.7825387888307));
#7814=CARTESIAN_POINT('',(-2.08952713342043,-0.00346880066086895,33.82517641704));
#7815=CARTESIAN_POINT('',(-2.05399355379991,-0.0215474538263709,33.9350029926011));
#7816=CARTESIAN_POINT('',(-2.03199486737279,-0.0414557377757989,34.001601745014));
#7817=CARTESIAN_POINT('',(-1.97497452591964,-0.119153296070102,34.1703942294222));
#7818=CARTESIAN_POINT('',(-1.93941250509242,-0.192567863966154,34.2714988934698));
#7819=CARTESIAN_POINT('',(-1.87787478202687,-0.415374679451539,34.439434421696));
#7820=CARTESIAN_POINT('',(-1.85307680696566,-0.577339738673619,34.5027071909615));
#7821=CARTESIAN_POINT('',(-1.85307680696566,-0.746,34.5027071909615));
#7822=CARTESIAN_POINT('',(-2.11660257260496,0.,33.7398916166691));
#7823=CARTESIAN_POINT('',(-2.098057767687,-1.13300629833466E-16,33.779195439551));
#7824=CARTESIAN_POINT('',(-2.07932457855537,-0.00312979586857866,33.8184122707553));
#7825=CARTESIAN_POINT('',(-2.03033366653443,-0.0194738684057346,33.9195451993885));
#7826=CARTESIAN_POINT('',(-1.99989440475509,-0.0374497820212665,33.9809873100901));
#7827=CARTESIAN_POINT('',(-1.91986109296881,-0.108884629789965,34.1384266867306));
#7828=CARTESIAN_POINT('',(-1.86858025853072,-0.176791613319521,34.234843886215));
#7829=CARTESIAN_POINT('',(-1.77625405849612,-0.397516189971036,34.4014670686085));
#7830=CARTESIAN_POINT('',(-1.73688361945712,-0.566748591112323,34.4684951538946));
#7831=CARTESIAN_POINT('',(-1.73688361945712,-0.746,34.4684951538946));
#7832=CARTESIAN_POINT('',(-2.11660257260496,0.,33.7398916166691));
#7833=CARTESIAN_POINT('',(-2.08788283229451,-2.03672210207941E-16,33.7725087409917));
#7834=CARTESIAN_POINT('',(-2.05891838555168,-0.00312979586857805,33.8048842589004));
#7835=CARTESIAN_POINT('',(-1.9834430702415,-0.0194738684057337,33.8879896594721));
#7836=CARTESIAN_POINT('',(-1.93681187021154,-0.0374497820212675,33.9380932972907));
#7837=CARTESIAN_POINT('',(-1.81555814060035,-0.108884629789966,34.0658918882752));
#7838=CARTESIAN_POINT('',(-1.73940734420725,-0.176791613319521,34.1435799800974));
#7839=CARTESIAN_POINT('',(-1.60622931383954,-0.397516189971036,34.2786434954609));
#7840=CARTESIAN_POINT('',(-1.55186343623084,-0.566748591112323,34.3336639871987));
#7841=CARTESIAN_POINT('',(-1.55186343623084,-0.746,34.3336639871987));
#7842=CARTESIAN_POINT('',(-2.11660257260496,0.,33.7398916166691));
#7843=CARTESIAN_POINT('',(-2.08279536459827,-2.48858000395179E-16,33.769165391712));
#7844=CARTESIAN_POINT('',(-2.048714696538,-0.00346880066086775,33.7981203590042));
#7845=CARTESIAN_POINT('',(-1.96021263952977,-0.0215474538263691,33.8718920993963));
#7846=CARTESIAN_POINT('',(-1.90582966998943,-0.0414557377758009,33.9158135750267));
#7847=CARTESIAN_POINT('',(-1.76639207806144,-0.119153296070103,34.0253408565057));
#7848=CARTESIAN_POINT('',(-1.68113789521778,-0.192567863966153,34.0890202972095));
#7849=CARTESIAN_POINT('',(-1.53820988227032,-0.415374679451538,34.1940642074228));
#7850=CARTESIAN_POINT('',(-1.48370731907744,-0.57733973867362,34.2335337520135));
#7851=CARTESIAN_POINT('',(-1.48370731907744,-0.746,34.2335337520135));
#7852=CARTESIAN_POINT('',(-2.11660257260496,0.,33.7398916166691));
#7853=CARTESIAN_POINT('',(-2.07770789690203,-2.94043790582417E-16,33.7658220424323));
#7854=CARTESIAN_POINT('',(-2.03851063002552,-0.00414883919398424,33.7913556153262));
#7855=CARTESIAN_POINT('',(-1.93743741233378,-0.0256754613669576,33.855640062149));
#7856=CARTESIAN_POINT('',(-1.87604685725463,-0.0494095663208502,33.8931287826126));
#7857=CARTESIAN_POINT('',(-1.72321534041266,-0.139103102725833,33.982930807831));
#7858=CARTESIAN_POINT('',(-1.63521478009177,-0.222477410255075,34.030783572274));
#7859=CARTESIAN_POINT('',(-1.49954424492711,-0.447836719843996,34.1013279608002));
#7860=CARTESIAN_POINT('',(-1.45491818059767,-0.596189081896833,34.1227449284166));
#7861=CARTESIAN_POINT('',(-1.45491818059767,-0.746,34.1227449284166));
#7862=CARTESIAN_POINT('',(-1.93884640281586,-0.746,33.9969932853231));
#7863=CARTESIAN_POINT('',(-1.96735878003409,-0.746,34.4961796676948));
#7864=CARTESIAN_POINT('',(-1.45491818059766,-0.746,34.1227449284166));
#7865=CARTESIAN_POINT('',(-2.11660257260496,0.,33.7398916166691));
#7866=CARTESIAN_POINT('',(-2.07770789690203,-2.94043790582417E-16,33.7658220424323));
#7867=CARTESIAN_POINT('',(-2.03851063002552,-0.00414883919398424,33.7913556153262));
#7868=CARTESIAN_POINT('',(-1.93743741233378,-0.0256754613669576,33.855640062149));
#7869=CARTESIAN_POINT('',(-1.87604685725463,-0.0494095663208502,33.8931287826126));
#7870=CARTESIAN_POINT('',(-1.72321534041266,-0.139103102725833,33.982930807831));
#7871=CARTESIAN_POINT('',(-1.63521478009177,-0.222477410255075,34.030783572274));
#7872=CARTESIAN_POINT('',(-1.49954424492711,-0.447836719843996,34.1013279608002));
#7873=CARTESIAN_POINT('',(-1.45491818059767,-0.596189081896833,34.1227449284166));
#7874=CARTESIAN_POINT('',(-1.45491818059767,-0.746,34.1227449284166));
#7875=CARTESIAN_POINT('',(-2.11660257260496,0.,33.7398916166691));
#7876=CARTESIAN_POINT('',(-2.10823270307948,-2.2929049458991E-17,33.7858821381104));
#7877=CARTESIAN_POINT('',(-2.09972960740211,-0.00414883919398606,33.8319406519665));
#7878=CARTESIAN_POINT('',(-2.07762401089428,-0.0256754613669604,33.9499809888236));
#7879=CARTESIAN_POINT('',(-2.06401745310837,-0.0494095663208474,34.0209528512978));
#7880=CARTESIAN_POINT('',(-2.0297251598157,-0.139103102725831,34.1961011866636));
#7881=CARTESIAN_POINT('',(-2.00951915439802,-0.222477410255076,34.2952930396925));
#7882=CARTESIAN_POINT('',(-1.9779628135711,-0.447836719843997,34.4469747118696));
#7883=CARTESIAN_POINT('',(-1.96735878003409,-0.596189081896833,34.4961796676948));
#7884=CARTESIAN_POINT('',(-1.96735878003409,-0.746,34.4961796676948));
#7885=CARTESIAN_POINT('',(-0.00313351394289877,-0.746,34.499999857697));
#7886=CARTESIAN_POINT('',(-0.00313351394289877,-0.746,34.499999857697));
#7887=CARTESIAN_POINT('',(-4.75197700783427E-6,-0.746,0.0523192840460539));
#7888=CARTESIAN_POINT('',(-4.75197700783427E-6,-0.746,0.0523192840460539));
#7889=CARTESIAN_POINT('',(-4.75197700783427E-6,0.,0.0523192840460539));
#7890=CARTESIAN_POINT('',(1.9610924136896,0.,34.4965364751337));
#7891=CARTESIAN_POINT('',(1.9610924136896,-35.,34.4965364751337));
#7892=CARTESIAN_POINT('',(-4.75197700783427E-6,-35.,0.0523192840460539));
#7893=CARTESIAN_POINT('',(1.93267071563645,0.,33.9973449216396));
#7894=CARTESIAN_POINT('',(1.44871965824156,0.,34.123008655654));
#7895=CARTESIAN_POINT('',(1.44871965824156,-35.,34.123008655654));
#7896=CARTESIAN_POINT('',(1.93267071563645,-35.,33.9973449216396));
#7897=CARTESIAN_POINT('',(-0.00313351394289877,0.,34.499999857697));
#7898=CARTESIAN_POINT('',(-1.4549181805976,0.,34.1227449284165));
#7899=CARTESIAN_POINT('',(-1.4549181805976,-35.,34.1227449284165));
#7900=CARTESIAN_POINT('',(-0.00313351394289877,-35.,34.499999857697));
#7901=CARTESIAN_POINT('',(-1.93884640281582,0.,33.9969932853231));
#7902=CARTESIAN_POINT('',(-1.96735878003405,0.,34.4961796676948));
#7903=CARTESIAN_POINT('',(-1.96735878003405,-35.,34.4961796676948));
#7904=CARTESIAN_POINT('',(-1.93884640281582,-35.,33.9969932853231));
#7905=CARTESIAN_POINT('',(-4.75197700783427E-6,0.,0.0523192840460539));
#7906=CARTESIAN_POINT('',(-4.75197700783427E-6,-35.,0.0523192840460539));
#7907=CARTESIAN_POINT('',(20.8279109610158,0.,12.025));
#7908=CARTESIAN_POINT('',(24.05,0.,6.44417807796849));
#7909=CARTESIAN_POINT('',(24.05,0.,-3.01980662698043E-14));
#7910=CARTESIAN_POINT('',(24.05,0.,-6.44417807796855));
#7911=CARTESIAN_POINT('',(20.8279109610158,0.,-12.025));
#7912=CARTESIAN_POINT('',(17.6058219220315,0.,-17.6058219220315));
#7913=CARTESIAN_POINT('',(12.025,0.,-20.8279109610158));
#7914=CARTESIAN_POINT('',(-7.03243891098191E-6,-35.,0.0774271780815986));
#7915=PLANE('',#4467);
#7916=PLANE('',#4468);
#7917=PLANE('',#4469);
#7918=PLANE('',#4470);
#7919=PLANE('',#4471);
#7920=PLANE('',#4472);
#7921=PLANE('',#4473);
#7922=PLANE('',#4474);
#7923=PLANE('',#4475);
#7924=PLANE('',#4476);
#7925=PLANE('',#4477);
#7926=PLANE('',#4478);
#7927=PLANE('',#4479);
#7928=PLANE('',#4480);
#7929=PLANE('',#4481);
#7930=PLANE('',#4482);
#7931=PLANE('',#4483);
#7932=PLANE('',#4484);
#7933=PLANE('',#4485);
#7934=PLANE('',#4486);
#7935=PLANE('',#4487);
#7936=PLANE('',#4488);
#7937=PLANE('',#4489);
#7938=PLANE('',#4490);
#7939=PLANE('',#4491);
#7940=PLANE('',#4492);
#7941=PLANE('',#4493);
#7942=PLANE('',#4494);
#7943=PLANE('',#4495);
#7944=PLANE('',#4496);
#7945=PLANE('',#4497);
#7946=PLANE('',#4498);
#7947=PLANE('',#4499);
#7948=PLANE('',#4500);
#7949=PLANE('',#4501);
#7950=PLANE('',#4502);
#7951=PLANE('',#4503);
#7952=PLANE('',#4504);
#7953=PLANE('',#4505);
#7954=PLANE('',#4506);
#7955=PLANE('',#4507);
#7956=PLANE('',#4508);
#7957=PLANE('',#4509);
#7958=PLANE('',#4510);
#7959=PLANE('',#4511);
#7960=PLANE('',#4512);
#7961=PLANE('',#4513);
#7962=PLANE('',#4514);
#7963=PLANE('',#4515);
#7964=PLANE('',#4516);
#7965=PLANE('',#4517);
#7966=PLANE('',#4518);
#7967=PLANE('',#4519);
#7968=PLANE('',#4520);
#7969=PLANE('',#4521);
#7970=PLANE('',#4522);
#7971=PLANE('',#4523);
#7972=PLANE('',#4524);
#7973=PLANE('',#4525);
#7974=PLANE('',#4526);
#7975=PLANE('',#4527);
#7976=PLANE('',#4528);
#7977=PLANE('',#4529);
#7978=PLANE('',#4530);
#7979=PLANE('',#4531);
#7980=PLANE('',#4532);
#7981=PLANE('',#4533);
#7982=PLANE('',#4534);
#7983=PLANE('',#4535);
#7984=PLANE('',#4536);
#7985=PLANE('',#4537);
#7986=PLANE('',#4538);
#7987=PLANE('',#4539);
#7988=PLANE('',#4540);
#7989=PLANE('',#4541);
#7990=PLANE('',#4542);
#7991=PLANE('',#4543);
#7992=PLANE('',#4544);
#7993=PLANE('',#4545);
#7994=PLANE('',#4546);
#7995=PLANE('',#4547);
#7996=PLANE('',#4548);
#7997=PLANE('',#4549);
#7998=PLANE('',#4550);
#7999=PLANE('',#4551);
#8000=PLANE('',#4552);
#8001=PLANE('',#4553);
#8002=PLANE('',#4554);
#8003=PLANE('',#4555);
#8004=PLANE('',#4556);
#8005=PLANE('',#4557);
#8006=PLANE('',#4558);
#8007=PLANE('',#4559);
#8008=PLANE('',#4560);
#8009=PLANE('',#4561);
#8010=PLANE('',#4562);
#8011=PLANE('',#4563);
#8012=PLANE('',#4564);
#8013=PLANE('',#4565);
#8014=PLANE('',#4566);
#8015=PLANE('',#4567);
#8016=PLANE('',#4568);
#8017=PLANE('',#4569);
#8018=PLANE('',#4570);
#8019=PLANE('',#4571);
#8020=PLANE('',#4572);
#8021=PLANE('',#4573);
#8022=PLANE('',#4574);
#8023=PLANE('',#4575);
#8024=PLANE('',#4576);
#8025=PLANE('',#4577);
#8026=PLANE('',#4578);
#8027=PLANE('',#4579);
#8028=PLANE('',#4622);
#8029=PLANE('',#4623);
#8030=PLANE('',#4624);
#8031=PLANE('',#4625);
#8032=PLANE('',#4626);
#8033=CLOSED_SHELL('',(#4220,#4221,#4222,#4223,#4224,#4225,#4226,#4227,
#4228,#4229,#4230,#4231,#4232,#4233,#4234,#4235,#4236,#4237,#4238,#4239,
#4240,#4241,#4242,#4243,#4244,#4245,#4246,#4247,#4248,#4249,#4250,#4251,
#4252,#4253,#4254,#4255,#4256,#4257,#4258,#4259,#4260,#4261,#4262,#4263,
#4264,#4265,#4266,#4267,#4268,#4269,#4270,#4271,#4272,#4273,#4274,#4275,
#4276,#4277,#4278,#4279,#4280,#4281,#4282,#4283,#4284,#4285,#4286,#4287,
#4288,#4289,#4290,#4291,#4292,#4293,#4294,#4295,#4296,#4297,#4298,#4299,
#4300,#4301,#4302,#4303,#4304,#4305,#4306,#4307,#4308,#4309,#4310,#4311,
#4312,#4313,#4314,#4315,#4316,#4317,#4318,#4319,#4320,#4321,#4322,#4323,
#4324,#4325,#4326,#4327,#4328,#4329,#4330,#4331,#4332,#4333,#4334,#4335,
#4336,#4337,#4338,#4339,#4340,#4341,#4342,#4343,#4344,#4345,#4346,#4347,
#4348,#4349,#4350,#4351,#4352,#4353,#4354,#4355,#4356,#4357,#4358,#4359,
#4360,#4361,#4362,#4363,#4364,#4365,#4366,#4367,#4368,#4369,#4370,#4371,
#4372,#4373,#4374,#4375,#4376,#4377,#4378,#4379,#4380,#4381,#4382,#4383,
#4384,#4385,#4386,#4387,#4388,#4389,#4390,#4391,#4392,#4393,#4394,#4395,
#4396,#4397,#4398,#4399,#4400,#4401,#4402,#4403,#4404,#4405,#4406,#4407,
#4408,#4409,#4410,#4411,#4412,#4413,#4414,#4415,#4416,#4417,#4418,#4419,
#4420,#4421,#4422,#4423,#4424,#4425,#4426,#4427,#4428,#4429,#4430,#4431,
#4432,#4433,#4434,#4435,#4436,#4437,#4438,#4439,#4440,#4441,#4442,#4443,
#4444,#4445,#4446,#4447,#4448,#4449,#4450,#4451,#4452,#4453,#4454,#4455,
#4456,#4457,#4458,#4459,#4460,#4461,#4462,#4463,#4464,#4465,#4466));
#8034=MANIFOLD_SOLID_BREP('',#8033);
#8035=ADVANCED_BREP_SHAPE_REPRESENTATION('',(#8034),#103);
ENDSEC;
END-ISO-10303-21;
