ISO-10303-21;
HEADER;
FILE_DESCRIPTION (( 'STEP AP214' ),
    '1' );
FILE_NAME ('PooBoo_616M2.STEP',
    '2025-03-21T16:52:02',
    ( '' ),
    ( '' ),
    'SwSTEP 2.0',
    'SolidWorks 2025',
    '' );
FILE_SCHEMA (( 'AUTOMOTIVE_DESIGN' ));
ENDSEC;

DATA;
#1 = DIRECTION ( 'NONE',  ( 0.000000000000000000, 0.000000000000000000, -1.000000000000000000 ) ) ;
#2 =( LENGTH_UNIT ( ) NAMED_UNIT ( * ) SI_UNIT ( .MILLI., .METRE. ) );
#3 = ORIENTED_EDGE ( 'NONE', *, *, #1083, .F. ) ;
#4 = PRODUCT_DEFINITION ( 'UNKNOWN', '', #54, #1140 ) ;
#5 = CARTESIAN_POINT ( 'NONE',  ( 32.52667430330925669, 42.31193336966029506, -18.77928416485938712 ) ) ;
#6 = EDGE_CURVE ( 'NONE', #1471, #1263, #740, .T. ) ;
#7 = DIRECTION ( 'NONE',  ( 0.000000000000000000, 1.000000000000000000, -0.000000000000000000 ) ) ;
#8 =( NAMED_UNIT ( * ) PLANE_ANGLE_UNIT ( ) SI_UNIT ( $, .RADIAN. ) );
#9 = CARTESIAN_POINT ( 'NONE',  ( 0.000000000000000000, 30.00000000000000000, 0.000000000000000000 ) ) ;
#10 = LINE ( 'NONE', #706, #460 ) ;
#11 = EDGE_CURVE ( 'NONE', #240, #607, #1212, .T. ) ;
#12 = VERTEX_POINT ( 'NONE', #1320 ) ;
#13 = CARTESIAN_POINT ( 'NONE',  ( -1.713156983157400726, 29.27586727908422048, -33.56143798266179346 ) ) ;
#14 = ORIENTED_EDGE ( 'NONE', *, *, #1703, .F. ) ;
#15 = FACE_OUTER_BOUND ( 'NONE', #1592, .T. ) ;
#16 = CARTESIAN_POINT ( 'NONE',  ( 5.970420908507097835, 0.000000000000000000, -29.15495867768594707 ) ) ;
#17 = DIRECTION ( 'NONE',  ( -0.000000000000000000, 0.000000000000000000, 1.000000000000000000 ) ) ;
#18 = FILL_AREA_STYLE_COLOUR ( '', #1304 ) ;
#19 = CARTESIAN_POINT ( 'NONE',  ( -2.689288898725980648, 29.95444946554339793, -32.88523512434263552 ) ) ;
#20 = CIRCLE ( 'NONE', #430, 10.30856832971801751 ) ;
#21 = CARTESIAN_POINT ( 'NONE',  ( 2.529994625372438577, 29.94002650692231882, 32.83684185523677002 ) ) ;
#22 = ORIENTED_EDGE ( 'NONE', *, *, #1821, .T. ) ;
#23 = ADVANCED_FACE ( 'NONE', ( #472 ), #337, .F. ) ;
#24 = CARTESIAN_POINT ( 'NONE',  ( -5.970420908507097835, 42.31193336966029506, -29.65495867768594707 ) ) ;
#25 = PRESENTATION_LAYER_ASSIGNMENT (  '', '', ( #146 ) ) ;
#26 = DIRECTION ( 'NONE',  ( -0.000000000000000000, -1.000000000000000000, -0.000000000000000000 ) ) ;
#27 = ORIENTED_EDGE ( 'NONE', *, *, #448, .T. ) ;
#28 = FACE_OUTER_BOUND ( 'NONE', #1250, .T. ) ;
#29 = ORIENTED_EDGE ( 'NONE', *, *, #695, .F. ) ;
#30 = EDGE_CURVE ( 'NONE', #1765, #883, #142, .T. ) ;
#31 = COLOUR_RGB ( '',0.7921568627450980005, 0.8196078431372548767, 0.9333333333333333481 ) ;
#32 = CARTESIAN_POINT ( 'NONE',  ( -2.536791829293886469, 29.95374417543773760, 32.83203762247534030 ) ) ;
#33 = DIRECTION ( 'NONE',  ( 0.000000000000000000, -1.000000000000000000, 0.000000000000000000 ) ) ;
#34 = FILL_AREA_STYLE ('',( #18 ) ) ;
#35 = ORIENTED_EDGE ( 'NONE', *, *, #567, .F. ) ;
#36 = AXIS2_PLACEMENT_3D ( 'NONE', #990, #1127, #1430 ) ;
#37 = ORIENTED_EDGE ( 'NONE', *, *, #757, .T. ) ;
#38 = CARTESIAN_POINT ( 'NONE',  ( -1.885494894428113355, 29.37585395519592879, 33.65855610072889448 ) ) ;
#39 = FACE_OUTER_BOUND ( 'NONE', #1090, .T. ) ;
#40 = AXIS2_PLACEMENT_3D ( 'NONE', #1432, #170, #885 ) ;
#41 = CLOSED_SHELL ( 'NONE', ( #888, #703, #1149, #130, #966, #407 ) ) ;
#42 = DIRECTION ( 'NONE',  ( 0.000000000000000000, -1.000000000000000000, 0.000000000000000000 ) ) ;
#43 = DIRECTION ( 'NONE',  ( 0.000000000000000000, 0.000000000000000000, -1.000000000000000000 ) ) ;
#44 = EDGE_CURVE ( 'NONE', #97, #1173, #1512, .T. ) ;
#45 = VECTOR ( 'NONE', #767, 1000.000000000000000 ) ;
#46 = EDGE_LOOP ( 'NONE', ( #1710, #1622, #1071, #108 ) ) ;
#47 = CARTESIAN_POINT ( 'NONE',  ( -2.737708371177814737, 30.00000000000000000, 32.63592024327000729 ) ) ;
#48 = ADVANCED_FACE ( 'NONE', ( #1114 ), #1653, .F. ) ;
#49 = EDGE_CURVE ( 'NONE', #760, #1539, #693, .T. ) ;
#50 = CIRCLE ( 'NONE', #698, 10.30856832971801751 ) ;
#51 = CARTESIAN_POINT ( 'NONE',  ( 1.592750149113184133, 29.05957380361984121, -33.66600164532045625 ) ) ;
#52 = AXIS2_PLACEMENT_3D ( 'NONE', #388, #1803, #1508 ) ;
#53 = VERTEX_POINT ( 'NONE', #1377 ) ;
#54 = PRODUCT_DEFINITION_FORMATION_WITH_SPECIFIED_SOURCE ( 'ANY', '', #1717, .NOT_KNOWN. ) ;
#55 = CARTESIAN_POINT ( 'NONE',  ( 2.505294799427279173, 29.51807594204297658, -33.71764991276896239 ) ) ;
#56 = ORIENTED_EDGE ( 'NONE', *, *, #1300, .T. ) ;
#57 = DIRECTION ( 'NONE',  ( -0.000000000000000000, -1.000000000000000000, 0.000000000000000000 ) ) ;
#58 = ORIENTED_EDGE ( 'NONE', *, *, #245, .F. ) ;
#59 = EDGE_CURVE ( 'NONE', #894, #825, #1551, .T. ) ;
#60 = CARTESIAN_POINT ( 'NONE',  ( -2.709500333694332852, 29.99999999952664353, 32.62321669329088536 ) ) ;
#61 = CARTESIAN_POINT ( 'NONE',  ( 1.465237964728244968, 28.28717102112125303, 34.05770336899477968 ) ) ;
#62 = DIRECTION ( 'NONE',  ( 0.000000000000000000, 0.000000000000000000, -1.000000000000000000 ) ) ;
#63 = CARTESIAN_POINT ( 'NONE',  ( -28.23414531541510542, 30.00000000000000355, 9.406943160790191882 ) ) ;
#64 = ORIENTED_EDGE ( 'NONE', *, *, #1772, .T. ) ;
#65 = LINE ( 'NONE', #616, #1005 ) ;
#66 = ORIENTED_EDGE ( 'NONE', *, *, #1620, .T. ) ;
#67 = CARTESIAN_POINT ( 'NONE',  ( -1.364940126980130009, 28.26573646418585994, -33.84801920709783474 ) ) ;
#68 = EDGE_CURVE ( 'NONE', #12, #1325, #1252, .T. ) ;
#69 = DIRECTION ( 'NONE',  ( 0.000000000000000000, 0.000000000000000000, -1.000000000000000000 ) ) ;
#70 = CIRCLE ( 'NONE', #1723, 1.000000000000000888 ) ;
#71 = LINE ( 'NONE', #1150, #1011 ) ;
#72 = CARTESIAN_POINT ( 'NONE',  ( -2.985210454253609313, 30.00000000000000000, -5.170536178052879350 ) ) ;
#73 = CARTESIAN_POINT ( 'NONE',  ( -2.324135821055052453, 28.13482811358763058, -34.42362760741977468 ) ) ;
#74 = CARTESIAN_POINT ( 'NONE',  ( 2.324135821055052897, 28.13482523447101613, -34.42362760741977468 ) ) ;
#75 = ORIENTED_EDGE ( 'NONE', *, *, #503, .T. ) ;
#76 = CARTESIAN_POINT ( 'NONE',  ( -2.365837147862662526, 29.62233692614043434, 33.61292482225331213 ) ) ;
#77 = ADVANCED_FACE ( 'NONE', ( #1534 ), #139, .T. ) ;
#78 = AXIS2_PLACEMENT_3D ( 'NONE', #851, #1414, #723 ) ;
#79 = CARTESIAN_POINT ( 'NONE',  ( 1.903945517113060593, 29.20537500578820911, -34.06355584537995185 ) ) ;
#80 = CARTESIAN_POINT ( 'NONE',  ( 2.736320469478345174, 30.00000000000000000, 32.64022182996781396 ) ) ;
#81 = ORIENTED_EDGE ( 'NONE', *, *, #1780, .F. ) ;
#82 =( GEOMETRIC_REPRESENTATION_CONTEXT ( 3 ) GLOBAL_UNCERTAINTY_ASSIGNED_CONTEXT ( ( #1055 ) ) GLOBAL_UNIT_ASSIGNED_CONTEXT ( ( #1563, #8, #459 ) ) REPRESENTATION_CONTEXT ( 'NONE', 'WORKASPACE' ) );
#83 = CARTESIAN_POINT ( 'NONE',  ( -5.970420908507097835, 42.31193336966029506, 29.15495867768594707 ) ) ;
#84 = EDGE_LOOP ( 'NONE', ( #1409, #937, #498, #860 ) ) ;
#85 = CARTESIAN_POINT ( 'NONE',  ( -2.324135821055047568, 27.99999999999999645, -34.42362760741976047 ) ) ;
#86 = VERTEX_POINT ( 'NONE', #1355 ) ;
#87 = CARTESIAN_POINT ( 'NONE',  ( -1.869509394622781207, 29.35306291548652169, 33.67572974213687331 ) ) ;
#88 = ADVANCED_FACE ( 'NONE', ( #103 ), #677, .F. ) ;
#89 =( NAMED_UNIT ( * ) SI_UNIT ( $, .STERADIAN. ) SOLID_ANGLE_UNIT ( ) );
#90 = DIRECTION ( 'NONE',  ( 0.000000000000000000, 1.000000000000000000, -0.000000000000000000 ) ) ;
#91 = CARTESIAN_POINT ( 'NONE',  ( -5.970420908507097835, 42.31193336966029506, 0.000000000000000000 ) ) ;
#92 = CARTESIAN_POINT ( 'NONE',  ( 0.000000000000000000, 0.000000000000000000, 0.000000000000000000 ) ) ;
#93 =( BOUNDED_SURFACE ( )  B_SPLINE_SURFACE ( 3, 2, ( 
 ( #1147, #1017, #324 ),
 ( #603, #1027, #755 ),
 ( #1170, #1309, #61 ),
 ( #611, #477, #387 ),
 ( #672, #1533, #1235 ),
 ( #817, #401, #807 ),
 ( #948, #258, #1383 ),
 ( #1514, #276, #529 ),
 ( #1372, #652, #1650 ),
 ( #941, #127, #932 ),
 ( #1225, #1816, #1064 ),
 ( #412, #1393, #1362 ),
 ( #1245, #1094, #970 ),
 ( #1666, #1657, #394 ) ),
 .UNSPECIFIED., .F., .F., .T. ) 
 B_SPLINE_SURFACE_WITH_KNOTS ( ( 4, 2, 2, 2, 2, 2, 4 ),
 ( 3, 3 ),
 ( 0.000000000000000000, 0.0003218330252756480500, 0.0006436660505512960999, 0.0009654990758269442041, 0.001287332101102592200, 0.001930998151653888408, 0.002574664202205184400 ),
 ( 0.000000000000000000, 1.000000000000000000 ),
 .UNSPECIFIED. ) 
 GEOMETRIC_REPRESENTATION_ITEM ( )  RATIONAL_B_SPLINE_SURFACE ( (
 ( 1.000000000000000000, 0.7732729967801817983, 1.000000000000000000),
 ( 1.000000000000000000, 0.7732410363662189923, 1.000000000000000000),
 ( 1.000000000000000000, 0.7789467288632401232, 1.000000000000000000),
 ( 1.000000000000000000, 0.7987013580755637498, 1.000000000000000000),
 ( 1.000000000000000000, 0.8127786053161715207, 1.000000000000000000),
 ( 1.000000000000000000, 0.8432355413210720352, 1.000000000000000000),
 ( 1.000000000000000000, 0.8598960996726886519, 1.000000000000000000),
 ( 1.000000000000000000, 0.8916134207874820694, 1.000000000000000000),
 ( 1.000000000000000000, 0.9067141096427716596, 1.000000000000000000),
 ( 1.000000000000000000, 0.9477050751854696475, 1.000000000000000000),
 ( 1.000000000000000000, 0.9681880802216764614, 1.000000000000000000),
 ( 1.000000000000000000, 0.9943758006105634095, 1.000000000000000000),
 ( 1.000000000000000000, 0.9999528736625556968, 1.000000000000000000),
 ( 1.000000000000000000, 1.000000000000000000, 1.000000000000000000) ) ) 
 REPRESENTATION_ITEM ( '' )  SURFACE ( )  );
#94 = DIRECTION ( 'NONE',  ( 0.000000000000000000, 1.000000000000000000, 0.000000000000000000 ) ) ;
#95 = ORIENTED_EDGE ( 'NONE', *, *, #448, .F. ) ;
#96 = LINE ( 'NONE', #680, #1103 ) ;
#97 = VERTEX_POINT ( 'NONE', #277 ) ;
#98 = CARTESIAN_POINT ( 'NONE',  ( -2.821938808049769598, 30.00000000000000000, 32.37525451824843969 ) ) ;
#99 = CARTESIAN_POINT ( 'NONE',  ( 4.336808689942017736E-16, 42.31193336966029506, -37.55856832971801396 ) ) ;
#100 = DIRECTION ( 'NONE',  ( -0.8660254037844397068, 0.000000000000000000, -0.4999999999999979461 ) ) ;
#101 = DIRECTION ( 'NONE',  ( 0.000000000000000000, 1.000000000000000000, 0.000000000000000000 ) ) ;
#102 = LINE ( 'NONE', #1762, #1273 ) ;
#103 = FACE_OUTER_BOUND ( 'NONE', #939, .T. ) ;
#104 =( LENGTH_UNIT ( ) NAMED_UNIT ( * ) SI_UNIT ( .MILLI., .METRE. ) );
#105 = VECTOR ( 'NONE', #338, 1000.000000000000000 ) ;
#106 = ORIENTED_EDGE ( 'NONE', *, *, #1620, .F. ) ;
#107 = CARTESIAN_POINT ( 'NONE',  ( -1.538959463752783474, 28.94165392754909405, -33.71060467976034403 ) ) ;
#108 = ORIENTED_EDGE ( 'NONE', *, *, #756, .F. ) ;
#109 = PLANE ( 'NONE',  #857 ) ;
#110 = LINE ( 'NONE', #664, #1185 ) ;
#111 = FACE_OUTER_BOUND ( 'NONE', #423, .T. ) ;
#112 = AXIS2_PLACEMENT_3D ( 'NONE', #1754, #1615, #1606 ) ;
#113 = DIRECTION ( 'NONE',  ( 0.5000000000000101030, 0.000000000000000000, 0.8660254037844328234 ) ) ;
#114 = CARTESIAN_POINT ( 'NONE',  ( -2.580254024832689286, 29.74221654928011915, -33.39307503489220608 ) ) ;
#115 = FILL_AREA_STYLE ('',( #559 ) ) ;
#116 = ORIENTED_EDGE ( 'NONE', *, *, #670, .T. ) ;
#117 = CIRCLE ( 'NONE', #487, 30.25000000000000355 ) ;
#118 = CARTESIAN_POINT ( 'NONE',  ( 0.000000000000000000, 0.000000000000000000, 0.000000000000000000 ) ) ;
#119 = AXIS2_PLACEMENT_3D ( 'NONE', #1515, #536, #267 ) ;
#120 = EDGE_LOOP ( 'NONE', ( #1137, #1391, #514, #1174 ) ) ;
#121 = CARTESIAN_POINT ( 'NONE',  ( -2.256769565372296338, 27.99999999999999645, -33.42589929390185688 ) ) ;
#122 = CARTESIAN_POINT ( 'NONE',  ( -22.26372440690809285, 30.00000000000000355, -19.74801551689583690 ) ) ;
#123 = CARTESIAN_POINT ( 'NONE',  ( 0.000000000000000000, 30.00000000000000000, 0.000000000000000000 ) ) ;
#124 = SURFACE_STYLE_FILL_AREA ( #1682 ) ;
#125 = ORIENTED_EDGE ( 'NONE', *, *, #527, .F. ) ;
#126 = DIRECTION ( 'NONE',  ( 0.8660254037844432595, 0.000000000000000000, 0.4999999999999919509 ) ) ;
#127 = CARTESIAN_POINT ( 'NONE',  ( 2.218598927098740514, 29.68262362051117975, 33.53540257677023817 ) ) ;
#128 = ADVANCED_FACE ( 'NONE', ( #540 ), #657, .T. ) ;
#129 = CARTESIAN_POINT ( 'NONE',  ( 0.000000000000000000, 30.00000000000000000, 0.000000000000000000 ) ) ;
#130 = ADVANCED_FACE ( 'NONE', ( #532 ), #830, .T. ) ;
#131 = CARTESIAN_POINT ( 'NONE',  ( -2.785551700919118190, 30.00000000000000000, -32.38240692997351289 ) ) ;
#132 = CARTESIAN_POINT ( 'NONE',  ( -2.342730825854376420, 28.52822632129614178, -34.35578216971322973 ) ) ;
#133 = SURFACE_STYLE_FILL_AREA ( #115 ) ;
#134 = ORIENTED_EDGE ( 'NONE', *, *, #382, .T. ) ;
#135 = CIRCLE ( 'NONE', #1782, 30.25000000000000711 ) ;
#136 = CARTESIAN_POINT ( 'NONE',  ( 28.66715801730745383, 0.000000000000000000, 9.656943160789792202 ) ) ;
#137 = ORIENTED_EDGE ( 'NONE', *, *, #829, .F. ) ;
#138 = ORIENTED_EDGE ( 'NONE', *, *, #1224, .F. ) ;
#139 = PLANE ( 'NONE',  #750 ) ;
#140 = ORIENTED_EDGE ( 'NONE', *, *, #1498, .F. ) ;
#141 = AXIS2_PLACEMENT_3D ( 'NONE', #123, #238, #1811 ) ;
#142 = B_SPLINE_CURVE_WITH_KNOTS ( 'NONE', 3,
 ( #906, #73, #624, #132, #973, #935, #262, #1518, #1681, #114, #810, #1671, #1497, #405 ),
 .UNSPECIFIED., .F., .F.,
 ( 4, 2, 2, 2, 2, 2, 4 ),
 ( 0.000000000000000000, 0.0003995533331608907223, 0.0007991066663217814446, 0.001598213332643553782, 0.001997766665804432632, 0.002397319998965310832, 0.003196426665287064196 ),
 .UNSPECIFIED. ) ;
#143 = CARTESIAN_POINT ( 'NONE',  ( 5.970420908507097835, 30.00000000000000355, 29.15495867768594707 ) ) ;
#144 = VECTOR ( 'NONE', #800, 1000.000000000000000 ) ;
#145 = CARTESIAN_POINT ( 'NONE',  ( 22.26372440690781929, 42.31193336966029506, -19.74801551689614953 ) ) ;
#146 = STYLED_ITEM ( 'NONE', ( #944 ), #1637 ) ;
#147 = VECTOR ( 'NONE', #1089, 1000.000000000000000 ) ;
#148 = EDGE_CURVE ( 'NONE', #551, #369, #781, .T. ) ;
#149 = LINE ( 'NONE', #705, #1626 ) ;
#150 = CARTESIAN_POINT ( 'NONE',  ( -5.970420908507097835, 42.31193336966029506, 0.000000000000000000 ) ) ;
#151 = CARTESIAN_POINT ( 'NONE',  ( -2.412691804620744840, 29.86089537383319481, -33.16344145493851414 ) ) ;
#152 = VERTEX_POINT ( 'NONE', #269 ) ;
#153 = CARTESIAN_POINT ( 'NONE',  ( -2.204103308217822743, 29.27902302196434192, 33.96982416723805898 ) ) ;
#154 = LINE ( 'NONE', #1708, #747 ) ;
#155 = LINE ( 'NONE', #1580, #901 ) ;
#156 = CARTESIAN_POINT ( 'NONE',  ( 0.000000000000000000, 30.00000000000000000, 0.000000000000000000 ) ) ;
#157 = AXIS2_PLACEMENT_3D ( 'NONE', #701, #1262, #1259 ) ;
#158 = ORIENTED_EDGE ( 'NONE', *, *, #968, .F. ) ;
#159 = CARTESIAN_POINT ( 'NONE',  ( -2.467861316369754920, 29.77200507376018734, 33.36743812895502259 ) ) ;
#160 = CARTESIAN_POINT ( 'NONE',  ( 2.324135821055055562, 0.000000000000000000, -34.42362760741976757 ) ) ;
#161 = FACE_OUTER_BOUND ( 'NONE', #1815, .T. ) ;
#162 = EDGE_CURVE ( 'NONE', #53, #1758, #821, .T. ) ;
#163 = CARTESIAN_POINT ( 'NONE',  ( 22.26372440690822785, 0.000000000000000000, 19.74801551689568058 ) ) ;
#164 = CIRCLE ( 'NONE', #627, 10.30856832971801929 ) ;
#165 = ORIENTED_EDGE ( 'NONE', *, *, #30, .F. ) ;
#166 = VECTOR ( 'NONE', #1248, 1000.000000000000000 ) ;
#167 = AXIS2_PLACEMENT_3D ( 'NONE', #666, #113, #1810 ) ;
#168 = AXIS2_PLACEMENT_3D ( 'NONE', #1680, #972, #249 ) ;
#169 = FACE_OUTER_BOUND ( 'NONE', #84, .T. ) ;
#170 = DIRECTION ( 'NONE',  ( -0.000000000000000000, -1.000000000000000000, -0.000000000000000000 ) ) ;
#171 = DIRECTION ( 'NONE',  ( -0.000000000000000000, -1.000000000000000000, 0.000000000000000000 ) ) ;
#172 = ORIENTED_EDGE ( 'NONE', *, *, #896, .T. ) ;
#173 = ORIENTED_EDGE ( 'NONE', *, *, #1559, .F. ) ;
#174 = CARTESIAN_POINT ( 'NONE',  ( -1.683815926529443452, 28.78710885437825695, 34.30541019027435823 ) ) ;
#175 = CARTESIAN_POINT ( 'NONE',  ( -22.69673710880031337, 30.00000000000000355, -19.99801551689583690 ) ) ;
#176 = B_SPLINE_CURVE_WITH_KNOTS ( 'NONE', 3,
 ( #729, #871, #1733, #1285, #454, #1440, #463, #1019, #592, #179, #1588, #737, #1292, #326 ),
 .UNSPECIFIED., .F., .F.,
 ( 4, 2, 2, 2, 2, 2, 4 ),
 ( -9.420594441084571702E-06, 0.0007893941468728549269, 0.001188801517529827117, 0.001588208888186799523, 0.002387023629500761249, 0.002786431000157737776, 0.003185838370814713869 ),
 .UNSPECIFIED. ) ;
#177 = EDGE_CURVE ( 'NONE', #1582, #894, #685, .T. ) ;
#178 = CARTESIAN_POINT ( 'NONE',  ( 0.000000000000000000, 42.31193336966029506, 0.000000000000000000 ) ) ;
#179 = CARTESIAN_POINT ( 'NONE',  ( 1.439456696439877170, 28.65406674158656131, -33.79071235227193171 ) ) ;
#180 = CARTESIAN_POINT ( 'NONE',  ( -4.336808689942017736E-16, 30.00000000000000000, 37.55856832971801396 ) ) ;
#181 = EDGE_CURVE ( 'NONE', #306, #456, #1249, .T. ) ;
#182 = AXIS2_PLACEMENT_3D ( 'NONE', #178, #1291, #1698 ) ;
#183 = EDGE_LOOP ( 'NONE', ( #1770, #556, #458, #1510 ) ) ;
#184 = EDGE_CURVE ( 'NONE', #1609, #975, #838, .T. ) ;
#185 = CARTESIAN_POINT ( 'NONE',  ( -2.077160036470913074, 29.62408168819596455, 33.44519082057718862 ) ) ;
#186 = CARTESIAN_POINT ( 'NONE',  ( 28.66715801730745383, 42.31193336966029506, 9.656943160789792202 ) ) ;
#187 = AXIS2_PLACEMENT_3D ( 'NONE', #426, #562, #1564 ) ;
#188 = AXIS2_PLACEMENT_3D ( 'NONE', #219, #645, #499 ) ;
#189 = SURFACE_SIDE_STYLE ('',( #903 ) ) ;
#190 = CARTESIAN_POINT ( 'NONE',  ( 2.405692671724383391, 29.05957380284819891, -34.11878291499899518 ) ) ;
#191 = ORIENTED_EDGE ( 'NONE', *, *, #1820, .T. ) ;
#192 = CARTESIAN_POINT ( 'NONE',  ( 2.985210454253609313, 0.000000000000000000, 5.170536178052879350 ) ) ;
#193 = ORIENTED_EDGE ( 'NONE', *, *, #512, .T. ) ;
#195 = VECTOR ( 'NONE', #1008, 1000.000000000000000 ) ;
#194 = AXIS2_PLACEMENT_3D ( 'NONE', #1814, #967, #639 ) ;
#196 = ORIENTED_EDGE ( 'NONE', *, *, #184, .T. ) ;
#197 = CARTESIAN_POINT ( 'NONE',  ( -2.084378762731558421, 28.92200786777064181, 34.21444952035727027 ) ) ;
#198 = PRESENTATION_LAYER_ASSIGNMENT (  '', '', ( #228 ) ) ;
#199 = CARTESIAN_POINT ( 'NONE',  ( 2.356897017894384661, 29.81731833864527914, -33.27030077990832524 ) ) ;
#200 = VECTOR ( 'NONE', #1526, 1000.000000000000000 ) ;
#201 = FACE_OUTER_BOUND ( 'NONE', #1673, .T. ) ;
#202 = ORIENTED_EDGE ( 'NONE', *, *, #1548, .T. ) ;
#203 = CARTESIAN_POINT ( 'NONE',  ( 0.000000000000000000, 30.00000000000000000, 0.000000000000000000 ) ) ;
#204 = VERTEX_POINT ( 'NONE', #1133 ) ;
#205 = CARTESIAN_POINT ( 'NONE',  ( -22.69673710880031337, 42.31193336966029506, -19.99801551689583690 ) ) ;
#206 = EDGE_LOOP ( 'NONE', ( #1552 ) ) ;
#207 = CARTESIAN_POINT ( 'NONE',  ( -2.650178720615442796, 29.95374417565604475, 32.88679301573584723 ) ) ;
#208 = SURFACE_STYLE_USAGE ( .BOTH. , #189 ) ;
#209 = CARTESIAN_POINT ( 'NONE',  ( 2.324135821055051565, 27.99999999999999645, -34.42362760741976757 ) ) ;
#210 = DIRECTION ( 'NONE',  ( 0.000000000000000000, -1.000000000000000000, 0.000000000000000000 ) ) ;
#211 = DIRECTION ( 'NONE',  ( 0.000000000000000000, -1.000000000000000000, 0.000000000000000000 ) ) ;
#212 = VERTEX_POINT ( 'NONE', #160 ) ;
#213 = ORIENTED_EDGE ( 'NONE', *, *, #381, .F. ) ;
#214 = DIRECTION ( 'NONE',  ( -1.000000000000000000, 0.000000000000000000, 0.000000000000000000 ) ) ;
#215 = DIRECTION ( 'NONE',  ( -0.8660254037844397068, 0.000000000000000000, -0.4999999999999979461 ) ) ;
#216 = VECTOR ( 'NONE', #1411, 1000.000000000000000 ) ;
#217 = CARTESIAN_POINT ( 'NONE',  ( 1.713156983157095192, 29.27586727908396824, -33.56143798266160871 ) ) ;
#218 = DIRECTION ( 'NONE',  ( 0.000000000000000000, 0.000000000000000000, 1.000000000000000000 ) ) ;
#219 = CARTESIAN_POINT ( 'NONE',  ( -4.336808689942017736E-16, 30.00000000000000000, -0.002000791051989803115 ) ) ;
#220 = FACE_OUTER_BOUND ( 'NONE', #1537, .T. ) ;
#221 = EDGE_LOOP ( 'NONE', ( #1713, #222, #1068, #1736 ) ) ;
#222 = ORIENTED_EDGE ( 'NONE', *, *, #1324, .T. ) ;
#223 = CARTESIAN_POINT ( 'NONE',  ( -1.686168909712944197, 29.03624820007301466, 33.86121287372603206 ) ) ;
#224 = AXIS2_PLACEMENT_3D ( 'NONE', #943, #1079, #667 ) ;
#225 = CARTESIAN_POINT ( 'NONE',  ( 2.689288898725784804, 29.95444946554290411, -32.88523512434391449 ) ) ;
#226 = DIRECTION ( 'NONE',  ( 0.000000000000000000, 0.000000000000000000, -1.000000000000000000 ) ) ;
#227 = ORIENTED_EDGE ( 'NONE', *, *, #1382, .T. ) ;
#228 = STYLED_ITEM ( 'NONE', ( #1662 ), #1634 ) ;
#229 = AXIS2_PLACEMENT_3D ( 'NONE', #505, #476, #1026 ) ;
#230 = CARTESIAN_POINT ( 'NONE',  ( -1.964225604963708571, 0.000000000000000000, 34.44203813838840489 ) ) ;
#231 = ORIENTED_EDGE ( 'NONE', *, *, #1718, .F. ) ;
#232 = CARTESIAN_POINT ( 'NONE',  ( -1.717480856562974223, 28.67117263494342794, -34.35963029327559326 ) ) ;
#233 = ORIENTED_EDGE ( 'NONE', *, *, #1740, .F. ) ;
#234 = CARTESIAN_POINT ( 'NONE',  ( 1.633044505115495371, 28.91832344081265305, 33.91084811999257909 ) ) ;
#235 = CARTESIAN_POINT ( 'NONE',  ( 1.964225604963704575, 30.00000000000000000, 34.44203813838840489 ) ) ;
#236 = DIRECTION ( 'NONE',  ( 0.8660254037844432595, 0.000000000000000000, 0.4999999999999919509 ) ) ;
#237 = CARTESIAN_POINT ( 'NONE',  ( 1.964225604963705463, 28.13958273872304972, 34.44203813838841199 ) ) ;
#238 = DIRECTION ( 'NONE',  ( 0.000000000000000000, 1.000000000000000000, 0.000000000000000000 ) ) ;
#239 = DIRECTION ( 'NONE',  ( 0.8660254037844398178, 0.000000000000000000, 0.4999999999999979461 ) ) ;
#240 = VERTEX_POINT ( 'NONE', #1403 ) ;
#241 = EDGE_CURVE ( 'NONE', #784, #313, #149, .T. ) ;
#242 = CARTESIAN_POINT ( 'NONE',  ( -1.354061739223339833, 27.99999999999999645, -33.85615338233034777 ) ) ;
#243 = ORIENTED_EDGE ( 'NONE', *, *, #1192, .F. ) ;
#244 = CARTESIAN_POINT ( 'NONE',  ( 22.69673710880044837, 0.000000000000000000, 19.99801551689567702 ) ) ;
#245 = EDGE_CURVE ( 'NONE', #1325, #1654, #308, .T. ) ;
#246 = ADVANCED_FACE ( 'NONE', ( #169 ), #1260, .T. ) ;
#247 = FACE_OUTER_BOUND ( 'NONE', #283, .T. ) ;
#248 =( LENGTH_UNIT ( ) NAMED_UNIT ( * ) SI_UNIT ( .MILLI., .METRE. ) );
#249 = DIRECTION ( 'NONE',  ( 1.000000000000000000, 0.000000000000000000, 0.000000000000000000 ) ) ;
#250 = CARTESIAN_POINT ( 'NONE',  ( 0.000000000000000000, 1.000000000000000000, 0.000000000000000000 ) ) ;
#251 = DIRECTION ( 'NONE',  ( 0.8660254037844362651, 0.000000000000000000, -0.5000000000000041078 ) ) ;
#252 = AXIS2_PLACEMENT_3D ( 'NONE', #1204, #745, #1742 ) ;
#253 = ORIENTED_EDGE ( 'NONE', *, *, #68, .T. ) ;
#254 = ADVANCED_FACE ( 'NONE', ( #1716 ), #1266, .T. ) ;
#255 = DIRECTION ( 'NONE',  ( 0.000000000000000000, -1.000000000000000000, 0.000000000000000000 ) ) ;
#256 = DIRECTION ( 'NONE',  ( -0.000000000000000000, -1.000000000000000000, -0.000000000000000000 ) ) ;
#257 = ORIENTED_EDGE ( 'NONE', *, *, #512, .F. ) ;
#258 = CARTESIAN_POINT ( 'NONE',  ( 1.847333029185037612, 29.15788844282887027, 34.08910173668058974 ) ) ;
#259 = VECTOR ( 'NONE', #1465, 1000.000000000000000 ) ;
#260 = CIRCLE ( 'NONE', #112, 30.25000000000000711 ) ;
#261 = DIRECTION ( 'NONE',  ( -0.000000000000000000, -1.000000000000000000, 0.000000000000000000 ) ) ;
#262 = CARTESIAN_POINT ( 'NONE',  ( -2.436211034017100374, 29.24435332272463484, -34.00215013377322748 ) ) ;
#263 = ORIENTED_EDGE ( 'NONE', *, *, #1621, .T. ) ;
#264 = CARTESIAN_POINT ( 'NONE',  ( -1.850891516931479464, 29.08777924442784624, -34.14906304799971082 ) ) ;
#265 = ADVANCED_FACE ( 'NONE', ( #1689 ), #446, .T. ) ;
#266 = CARTESIAN_POINT ( 'NONE',  ( 2.324135821055055562, 27.99999999999999645, -34.42362760741976757 ) ) ;
#267 = DIRECTION ( 'NONE',  ( 0.000000000000000000, 0.000000000000000000, -1.000000000000000000 ) ) ;
#268 = CARTESIAN_POINT ( 'NONE',  ( -28.23414531541516581, 42.31193336966029506, -9.406943160789992930 ) ) ;
#269 = CARTESIAN_POINT ( 'NONE',  ( 28.66715801730725133, 30.00000000000000355, -9.656943160790394387 ) ) ;
#270 = CARTESIAN_POINT ( 'NONE',  ( -2.985210454253573786, 0.000000000000000000, -5.170536178052902443 ) ) ;
#271 = EDGE_LOOP ( 'NONE', ( #615, #329, #1189, #690 ) ) ;
#272 =( GEOMETRIC_REPRESENTATION_CONTEXT ( 3 ) GLOBAL_UNCERTAINTY_ASSIGNED_CONTEXT ( ( #891 ) ) GLOBAL_UNIT_ASSIGNED_CONTEXT ( ( #485, #1750, #1193 ) ) REPRESENTATION_CONTEXT ( 'NONE', 'WORKASPACE' ) );
#273 = FACE_BOUND ( 'NONE', #336, .T. ) ;
#274 = ADVANCED_FACE ( 'NONE', ( #1565 ), #1578, .F. ) ;
#275 = ORIENTED_EDGE ( 'NONE', *, *, #1743, .F. ) ;
#276 = CARTESIAN_POINT ( 'NONE',  ( 1.968830249073422856, 29.36054974837685450, 33.91721313978271013 ) ) ;
#277 = CARTESIAN_POINT ( 'NONE',  ( 22.26372440690781929, 0.000000000000000000, -19.74801551689614953 ) ) ;
#278 = SURFACE_SIDE_STYLE ('',( #133 ) ) ;
#279 = VERTEX_POINT ( 'NONE', #862 ) ;
#280 = VECTOR ( 'NONE', #1166, 1000.000000000000000 ) ;
#281 = DIRECTION ( 'NONE',  ( -0.000000000000000000, -1.000000000000000000, -0.000000000000000000 ) ) ;
#282 = CLOSED_SHELL ( 'NONE', ( #1692, #484, #1028, #1314, #274, #1013 ) ) ;
#283 = EDGE_LOOP ( 'NONE', ( #1562, #191, #22, #1611 ) ) ;
#284 = CARTESIAN_POINT ( 'NONE',  ( -1.554897504270376318, 27.99999999999999645, 34.46538071844585716 ) ) ;
#285 = FACE_OUTER_BOUND ( 'NONE', #1748, .T. ) ;
#286 = AXIS2_PLACEMENT_3D ( 'NONE', #1311, #375, #1182 ) ;
#287 = DIRECTION ( 'NONE',  ( 0.000000000000000000, 1.000000000000000000, -0.000000000000000000 ) ) ;
#288 = ORIENTED_EDGE ( 'NONE', *, *, #325, .F. ) ;
#289 = DIRECTION ( 'NONE',  ( 0.8660254037844329345, 0.000000000000000000, -0.5000000000000099920 ) ) ;
#290 = DIRECTION ( 'NONE',  ( 0.000000000000000000, -1.000000000000000000, -0.000000000000000000 ) ) ;
#291 = VECTOR ( 'NONE', #936, 1000.000000000000114 ) ;
#292 = AXIS2_PLACEMENT_3D ( 'NONE', #1095, #1255, #1826 ) ;
#293 = ORIENTED_EDGE ( 'NONE', *, *, #1115, .T. ) ;
#294 = CARTESIAN_POINT ( 'NONE',  ( -1.645280465264483682, 28.94746739610495112, 33.89951223750318832 ) ) ;
#295 = LINE ( 'NONE', #979, #195 ) ;
#296 = CARTESIAN_POINT ( 'NONE',  ( 5.970420908507097835, 42.31193336966029506, 0.000000000000000000 ) ) ;
#297 = CARTESIAN_POINT ( 'NONE',  ( -2.186144903613783885, 29.64706853122230257, -33.58384384452858740 ) ) ;
#298 = CARTESIAN_POINT ( 'NONE',  ( 2.227621941714276410, 29.76274176144022476, 33.26003619909639042 ) ) ;
#299 = ORIENTED_EDGE ( 'NONE', *, *, #1725, .T. ) ;
#300 = FACE_OUTER_BOUND ( 'NONE', #183, .T. ) ;
#301 = DIRECTION ( 'NONE',  ( -0.000000000000000000, 1.000000000000000000, 0.000000000000000000 ) ) ;
#302 = DIRECTION ( 'NONE',  ( 0.000000000000000000, 1.000000000000000000, -0.000000000000000000 ) ) ;
#303 = LINE ( 'NONE', #566, #842 ) ;
#304 = CARTESIAN_POINT ( 'NONE',  ( -2.227224146114861192, 29.81781815310724681, -33.05304094217989075 ) ) ;
#305 = CIRCLE ( 'NONE', #1093, 0.5000000000000004441 ) ;
#306 = VERTEX_POINT ( 'NONE', #996 ) ;
#307 = CARTESIAN_POINT ( 'NONE',  ( -2.218598927098605067, 29.68262362051112646, 33.53540257676957737 ) ) ;
#308 = LINE ( 'NONE', #1120, #1290 ) ;
#309 = DIRECTION ( 'NONE',  ( 0.000000000000000000, 0.000000000000000000, 1.000000000000000000 ) ) ;
#310 = AXIS2_PLACEMENT_3D ( 'NONE', #998, #1546, #442 ) ;
#311 = ADVANCED_FACE ( 'NONE', ( #453 ), #360, .T. ) ;
#312 = EDGE_CURVE ( 'NONE', #894, #1209, #824, .T. ) ;
#313 = VERTEX_POINT ( 'NONE', #849 ) ;
#314 = VECTOR ( 'NONE', #26, 1000.000000000000000 ) ;
#315 = AXIS2_PLACEMENT_3D ( 'NONE', #687, #1356, #1535 ) ;
#316 = VECTOR ( 'NONE', #494, 1000.000000000000000 ) ;
#317 = CARTESIAN_POINT ( 'NONE',  ( -4.336808689942017736E-16, 27.99999999999999645, -0.002000791051989803115 ) ) ;
#318 = ADVANCED_FACE ( 'NONE', ( #285, #728 ), #1284, .F. ) ;
#319 = DIRECTION ( 'NONE',  ( 0.000000000000000000, 0.000000000000000000, 1.000000000000000000 ) ) ;
#320 = DIRECTION ( 'NONE',  ( 0.000000000000000000, -1.000000000000000000, 0.000000000000000000 ) ) ;
#321 = ORIENTED_EDGE ( 'NONE', *, *, #726, .F. ) ;
#322 = CARTESIAN_POINT ( 'NONE',  ( -2.598501874784521437, 29.90326814669353084, 33.02351286912072936 ) ) ;
#323 = CARTESIAN_POINT ( 'NONE',  ( 0.000000000000000000, 30.00000000000000000, 0.000000000000000000 ) ) ;
#324 = CARTESIAN_POINT ( 'NONE',  ( 1.451818925407960981, 27.99999999999999645, 34.06855685746891993 ) ) ;
#325 = EDGE_CURVE ( 'NONE', #1234, #1758, #295, .T. ) ;
#326 = CARTESIAN_POINT ( 'NONE',  ( 1.354061739223346494, 27.99999999999999645, -33.85615338233036198 ) ) ;
#327 = CARTESIAN_POINT ( 'NONE',  ( 1.661622598084394831, 28.34754931316725646, -34.44605435069054522 ) ) ;
#328 = CARTESIAN_POINT ( 'NONE',  ( 2.530030268063994114, 29.60063757901851034, -33.61298470425371931 ) ) ;
#329 = ORIENTED_EDGE ( 'NONE', *, *, #1549, .T. ) ;
#330 = ORIENTED_EDGE ( 'NONE', *, *, #1567, .T. ) ;
#331 = EDGE_CURVE ( 'NONE', #1177, #1135, #154, .T. ) ;
#332 = CARTESIAN_POINT ( 'NONE',  ( -2.194549928147254914, 29.25504739638371632, 33.99001772690373002 ) ) ;
#333 = CARTESIAN_POINT ( 'NONE',  ( 0.000000000000000000, 30.00000000000000000, 0.000000000000000000 ) ) ;
#334 = CARTESIAN_POINT ( 'NONE',  ( 2.014520123551082786, 29.40960893317949854, -33.88052278257115546 ) ) ;
#335 = CARTESIAN_POINT ( 'NONE',  ( 2.194536854201031506, 29.25501385828827239, 33.99004523589362492 ) ) ;
#336 = EDGE_LOOP ( 'NONE', ( #243 ) ) ;
#337 = PLANE ( 'NONE',  #1265 ) ;
#338 = DIRECTION ( 'NONE',  ( -0.000000000000000000, -1.000000000000000000, 0.000000000000000000 ) ) ;
#339 = ORIENTED_EDGE ( 'NONE', *, *, #1703, .T. ) ;
#340 = VECTOR ( 'NONE', #905, 999.9999999999998863 ) ;
#341 = CARTESIAN_POINT ( 'NONE',  ( -1.967801550277615608, 29.60059492215833643, -33.32249626386221308 ) ) ;
#342 = FILL_AREA_STYLE ('',( #1613 ) ) ;
#343 = CIRCLE ( 'NONE', #668, 30.25000000000000000 ) ;
#344 = CARTESIAN_POINT ( 'NONE',  ( 1.779114868632140523, 29.37353292284302597, -33.50206804071681432 ) ) ;
#345 = CIRCLE ( 'NONE', #1581, 30.25000000000000000 ) ;
#346 = CARTESIAN_POINT ( 'NONE',  ( 2.118793292613232460, 29.03915875616965181, 34.14627264173173415 ) ) ;
#347 = B_SPLINE_CURVE_WITH_KNOTS ( 'NONE', 3,
 ( #600, #629, #1612, #483, #752, #341, #1455, #1201, #1593, #911, #1043, #67, #1776, #352 ),
 .UNSPECIFIED., .F., .F.,
 ( 4, 2, 2, 2, 2, 2, 4 ),
 ( -9.420594441084586949E-06, 0.0007893941468728601311, 0.001188801517529834055, 0.001588208888186808413, 0.002387023629500767321, 0.002786431000157742113, 0.003185838370814716471 ),
 .UNSPECIFIED. ) ;
#348 = DIRECTION ( 'NONE',  ( -0.8660254037844432595, 0.000000000000000000, -0.4999999999999919509 ) ) ;
#349 = LINE ( 'NONE', #748, #105 ) ;
#350 = EDGE_LOOP ( 'NONE', ( #923, #560, #1254, #1092 ) ) ;
#351 = VERTEX_POINT ( 'NONE', #1412 ) ;
#352 = CARTESIAN_POINT ( 'NONE',  ( -1.354061739223345606, 27.99999999999999645, -33.85615338233036198 ) ) ;
#353 = MECHANICAL_DESIGN_GEOMETRIC_PRESENTATION_REPRESENTATION (  '', ( #1134 ), #495 ) ;
#354 = CARTESIAN_POINT ( 'NONE',  ( 2.468027123965237379, 29.37353292191800236, -33.87170372051272693 ) ) ;
#355 = CARTESIAN_POINT ( 'NONE',  ( 22.69673710880003270, 0.000000000000000000, -19.99801551689615309 ) ) ;
#356 = EDGE_LOOP ( 'NONE', ( #173, #1047, #501, #1569 ) ) ;
#357 = EDGE_CURVE ( 'NONE', #1758, #725, #1791, .T. ) ;
#358 = CARTESIAN_POINT ( 'NONE',  ( 2.342730041184939438, 28.52821527532820767, -34.35578505032336238 ) ) ;
#359 = ORIENTED_EDGE ( 'NONE', *, *, #433, .T. ) ;
#360 = TOROIDAL_SURFACE ( 'NONE', #1388, 32.50000000000000711, 2.000000000000000000 ) ;
#361 = CARTESIAN_POINT ( 'NONE',  ( 5.970420908507097835, 42.31193336966029506, 0.000000000000000000 ) ) ;
#362 =( NAMED_UNIT ( * ) PLANE_ANGLE_UNIT ( ) SI_UNIT ( $, .RADIAN. ) );
#363 = AXIS2_PLACEMENT_3D ( 'NONE', #428, #1731, #989 ) ;
#364 = CARTESIAN_POINT ( 'NONE',  ( 2.468294645040083779, 29.95444946458859903, -32.78293949024261167 ) ) ;
#365 = PLANE ( 'NONE',  #895 ) ;
#366 = VERTEX_POINT ( 'NONE', #720 ) ;
#367 = DIRECTION ( 'NONE',  ( 0.000000000000000000, 1.000000000000000000, -0.000000000000000000 ) ) ;
#368 = PLANE ( 'NONE',  #1478 ) ;
#369 = VERTEX_POINT ( 'NONE', #1439 ) ;
#370 = CARTESIAN_POINT ( 'NONE',  ( -2.328452100881860609, 28.28364229051806333, -34.40804676653507244 ) ) ;
#371 = CARTESIAN_POINT ( 'NONE',  ( 1.686168909712947306, 29.03624820007302176, 33.86121287372603916 ) ) ;
#372 = EDGE_CURVE ( 'NONE', #400, #1059, #855, .T. ) ;
#373 = AXIS2_PLACEMENT_3D ( 'NONE', #554, #1112, #1685 ) ;
#374 = CARTESIAN_POINT ( 'NONE',  ( -2.324135821055048456, 30.00000000000000000, -34.42362760741976757 ) ) ;
#375 = DIRECTION ( 'NONE',  ( 0.000000000000000000, -1.000000000000000000, 0.000000000000000000 ) ) ;
#376 = CARTESIAN_POINT ( 'NONE',  ( 0.000000000000000000, 0.000000000000000000, 0.000000000000000000 ) ) ;
#377 = CIRCLE ( 'NONE', #1402, 0.5000000000000004441 ) ;
#378 = AXIS2_PLACEMENT_3D ( 'NONE', #250, #809, #1527 ) ;
#379 = CARTESIAN_POINT ( 'NONE',  ( -1.354061739223345606, 27.99999999999999645, -33.85615338233036198 ) ) ;
#380 = ORIENTED_EDGE ( 'NONE', *, *, #1684, .F. ) ;
#381 = EDGE_CURVE ( 'NONE', #846, #86, #877, .T. ) ;
#382 = EDGE_CURVE ( 'NONE', #985, #836, #1338, .T. ) ;
#383 = PLANE ( 'NONE',  #403 ) ;
#384 = ORIENTED_EDGE ( 'NONE', *, *, #1668, .F. ) ;
#385 = CYLINDRICAL_SURFACE ( 'NONE', #1735, 30.25000000000000000 ) ;
#386 = PRODUCT_RELATED_PRODUCT_CATEGORY ( 'part', '', ( #1717 ) ) ;
#387 = CARTESIAN_POINT ( 'NONE',  ( 1.515954887045242172, 28.56376759045947367, 34.01497936465778338 ) ) ;
#388 = CARTESIAN_POINT ( 'NONE',  ( -4.336808689942017736E-16, 27.99999999999999645, -0.002000791051989803115 ) ) ;
#389 = DIRECTION ( 'NONE',  ( 0.000000000000000000, -1.000000000000000000, 0.000000000000000000 ) ) ;
#390 = PLANE ( 'NONE',  #315 ) ;
#391 = EDGE_LOOP ( 'NONE', ( #1303, #1746, #398 ) ) ;
#392 = CARTESIAN_POINT ( 'NONE',  ( -2.985210454253500956, 0.000000000000000000, 5.170536178052942411 ) ) ;
#393 = DIRECTION ( 'NONE',  ( 0.000000000000000000, 0.000000000000000000, 1.000000000000000000 ) ) ;
#394 = CARTESIAN_POINT ( 'NONE',  ( 2.821938808049773595, 30.00000000000000000, 32.37525451824844680 ) ) ;
#395 = DIRECTION ( 'NONE',  ( 0.8660254037844328234, 0.000000000000000000, -0.5000000000000099920 ) ) ;
#396 = CIRCLE ( 'NONE', #1419, 1.500000000000022204 ) ;
#397 = CARTESIAN_POINT ( 'NONE',  ( 2.985210454253573786, 30.00000000000000000, 5.170536178052902443 ) ) ;
#398 = ORIENTED_EDGE ( 'NONE', *, *, #834, .F. ) ;
#399 = DIRECTION ( 'NONE',  ( -0.8660254037844363761, 0.000000000000000000, 0.5000000000000039968 ) ) ;
#400 = VERTEX_POINT ( 'NONE', #1054 ) ;
#401 = CARTESIAN_POINT ( 'NONE',  ( 1.788376263272986710, 29.04274561519724429, 34.16857803069030552 ) ) ;
#402 = DIRECTION ( 'NONE',  ( 0.000000000000000000, 0.000000000000000000, 1.000000000000000000 ) ) ;
#403 = AXIS2_PLACEMENT_3D ( 'NONE', #1369, #803, #1084 ) ;
#404 = FACE_OUTER_BOUND ( 'NONE', #594, .T. ) ;
#405 = CARTESIAN_POINT ( 'NONE',  ( -2.785551700919118190, 30.00000000000000000, -32.38240692997351289 ) ) ;
#406 = EDGE_LOOP ( 'NONE', ( #1024, #628, #1530, #969 ) ) ;
#407 = ADVANCED_FACE ( 'NONE', ( #773 ), #1159, .T. ) ;
#408 = CIRCLE ( 'NONE', #524, 34.50000000000000000 ) ;
#409 = COLOUR_RGB ( '',0.7921568627450980005, 0.8196078431372548767, 0.9333333333333333481 ) ;
#410 = CYLINDRICAL_SURFACE ( 'NONE', #194, 0.5000000000000004441 ) ;
#411 = ORIENTED_EDGE ( 'NONE', *, *, #1521, .T. ) ;
#412 = CARTESIAN_POINT ( 'NONE',  ( 2.650178720615446792, 29.95374417565604475, 32.88679301573585434 ) ) ;
#413 = CARTESIAN_POINT ( 'NONE',  ( -2.985210454253573786, 42.31193336966029506, -5.170536178052902443 ) ) ;
#414 =( NAMED_UNIT ( * ) PLANE_ANGLE_UNIT ( ) SI_UNIT ( $, .RADIAN. ) );
#415 = ORIENTED_EDGE ( 'NONE', *, *, #331, .F. ) ;
#416 = AXIS2_PLACEMENT_3D ( 'NONE', #99, #1086, #1525 ) ;
#417 = MANIFOLD_SOLID_BREP ( 'Boss-Extrude2', #282 ) ;
#418 = LINE ( 'NONE', #976, #1399 ) ;
#419 = MANIFOLD_SOLID_BREP ( 'CirPattern2[3]', #1096 ) ;
#420 = CARTESIAN_POINT ( 'NONE',  ( 22.69673710880003270, 30.00000000000000000, -19.99801551689615309 ) ) ;
#421 = DIRECTION ( 'NONE',  ( 0.000000000000000000, 1.000000000000000000, -0.000000000000000000 ) ) ;
#422 = FACE_OUTER_BOUND ( 'NONE', #492, .T. ) ;
#423 = EDGE_LOOP ( 'NONE', ( #321, #793, #1042, #751 ) ) ;
#424 = AXIS2_PLACEMENT_3D ( 'NONE', #203, #897, #1773 ) ;
#425 = DIRECTION ( 'NONE',  ( 0.000000000000000000, 1.000000000000000000, -0.000000000000000000 ) ) ;
#426 = CARTESIAN_POINT ( 'NONE',  ( 4.336808689942017736E-16, 30.00000000000000000, -34.50153451497305923 ) ) ;
#427 = CARTESIAN_POINT ( 'NONE',  ( -1.553614949060269090, 28.69839634007919571, 33.98269307872458000 ) ) ;
#428 = CARTESIAN_POINT ( 'NONE',  ( 1.084202172485504434E-16, 30.00000000000000000, 34.44567992468615358 ) ) ;
#429 = CARTESIAN_POINT ( 'NONE',  ( 0.000000000000000000, 0.000000000000000000, 0.000000000000000000 ) ) ;
#430 = AXIS2_PLACEMENT_3D ( 'NONE', #622, #614, #759 ) ;
#431 = DIRECTION ( 'NONE',  ( 0.000000000000000000, 0.000000000000000000, 1.000000000000000000 ) ) ;
#432 = CARTESIAN_POINT ( 'NONE',  ( -2.683167626430006614, 29.99994898504769836, -32.61322202386315183 ) ) ;
#433 = EDGE_CURVE ( 'NONE', #1344, #53, #1298, .T. ) ;
#434 = ADVANCED_FACE ( 'NONE', ( #1327 ), #93, .T. ) ;
#435 = DIRECTION ( 'NONE',  ( -0.8660254037844399289, 0.000000000000000000, -0.4999999999999979461 ) ) ;
#436 = COLOUR_RGB ( '',0.7921568627450980005, 0.8196078431372548767, 0.9333333333333333481 ) ;
#437 = STYLED_ITEM ( 'NONE', ( #1236 ), #1016 ) ;
#438 = ORIENTED_EDGE ( 'NONE', *, *, #1668, .T. ) ;
#439 = CARTESIAN_POINT ( 'NONE',  ( -2.346447966914280148, 29.80090808438390226, 33.31952366025814882 ) ) ;
#440 = DIRECTION ( 'NONE',  ( -0.8660254037844432595, 0.000000000000000000, -0.4999999999999919509 ) ) ;
#441 = ORIENTED_EDGE ( 'NONE', *, *, #177, .T. ) ;
#442 = DIRECTION ( 'NONE',  ( -0.8660254037844328234, 0.000000000000000000, 0.5000000000000099920 ) ) ;
#443 = CARTESIAN_POINT ( 'NONE',  ( 22.69673710880044837, 30.00000000000000355, 19.99801551689567702 ) ) ;
#444 = ORIENTED_EDGE ( 'NONE', *, *, #1583, .F. ) ;
#445 = DIRECTION ( 'NONE',  ( 0.8660254037844362651, 0.000000000000000000, -0.5000000000000039968 ) ) ;
#446 = CYLINDRICAL_SURFACE ( 'NONE', #1536, 10.30856832971801573 ) ;
#447 = DIRECTION ( 'NONE',  ( 0.000000000000000000, 0.000000000000000000, 1.000000000000000000 ) ) ;
#448 = EDGE_CURVE ( 'NONE', #1765, #1582, #586, .T. ) ;
#449 = ADVANCED_FACE ( 'NONE', ( #642 ), #1504, .F. ) ;
#450 = CIRCLE ( 'NONE', #947, 30.25000000000000000 ) ;
#451 = ORIENTED_EDGE ( 'NONE', *, *, #1821, .F. ) ;
#452 = FILL_AREA_STYLE ('',( #1146 ) ) ;
#453 = FACE_OUTER_BOUND ( 'NONE', #1693, .T. ) ;
#454 = CARTESIAN_POINT ( 'NONE',  ( 2.123940032683993895, 29.74270650129455618, -33.16338331729003386 ) ) ;
#455 = PLANE ( 'NONE',  #1707 ) ;
#456 = VERTEX_POINT ( 'NONE', #1105 ) ;
#457 = AXIS2_PLACEMENT_3D ( 'NONE', #413, #1231, #1240 ) ;
#458 = ORIENTED_EDGE ( 'NONE', *, *, #381, .T. ) ;
#459 =( NAMED_UNIT ( * ) SI_UNIT ( $, .STERADIAN. ) SOLID_ANGLE_UNIT ( ) );
#460 = VECTOR ( 'NONE', #320, 1000.000000000000000 ) ;
#461 = CARTESIAN_POINT ( 'NONE',  ( 0.000000000000000000, 0.000000000000000000, 0.000000000000000000 ) ) ;
#462 = FILL_AREA_STYLE_COLOUR ( '', #31 ) ;
#463 = CARTESIAN_POINT ( 'NONE',  ( 1.891663635432521362, 29.51750515047661949, -33.39645473945524401 ) ) ;
#464 = CARTESIAN_POINT ( 'NONE',  ( 1.354061736522218506, 28.14346556681114464, -33.85615337666317970 ) ) ;
#465 = EDGE_CURVE ( 'NONE', #1135, #1344, #731, .T. ) ;
#466 = ORIENTED_EDGE ( 'NONE', *, *, #812, .T. ) ;
#467 = FACE_OUTER_BOUND ( 'NONE', #1721, .T. ) ;
#468 = ORIENTED_EDGE ( 'NONE', *, *, #708, .T. ) ;
#469 = CARTESIAN_POINT ( 'NONE',  ( -2.529994625372435024, 29.94002650692230461, 32.83684185523674870 ) ) ;
#470 = CARTESIAN_POINT ( 'NONE',  ( 2.186144903613881585, 29.64706853122242691, -33.58384384452883609 ) ) ;
#471 = CARTESIAN_POINT ( 'NONE',  ( -2.014520123551176045, 29.40960893317983249, -33.88052278257116257 ) ) ;
#472 = FACE_OUTER_BOUND ( 'NONE', #1807, .T. ) ;
#473 = FACE_OUTER_BOUND ( 'NONE', #1632, .T. ) ;
#474 = ORIENTED_EDGE ( 'NONE', *, *, #886, .F. ) ;
#475 = EDGE_LOOP ( 'NONE', ( #682, #1111, #196, #908 ) ) ;
#476 = DIRECTION ( 'NONE',  ( -0.000000000000000000, -1.000000000000000000, -0.000000000000000000 ) ) ;
#477 = CARTESIAN_POINT ( 'NONE',  ( 1.637899488758784994, 28.64313390079323440, 34.36307237350383303 ) ) ;
#478 = CARTESIAN_POINT ( 'NONE',  ( 2.628066358524794754, 30.00000000000000000, -32.58868314506825925 ) ) ;
#479 = CARTESIAN_POINT ( 'NONE',  ( 2.235612380971780055, 29.35345600606179062, 33.90255308101912846 ) ) ;
#480 = ORIENTED_EDGE ( 'NONE', *, *, #1216, .F. ) ;
#481 = CARTESIAN_POINT ( 'NONE',  ( 2.353850548723271707, 28.65728354137440093, -34.31489811155626057 ) ) ;
#482 = VERTEX_POINT ( 'NONE', #1636 ) ;
#483 = CARTESIAN_POINT ( 'NONE',  ( -2.204634533212527892, 29.80277472312200260, -33.07762722543122891 ) ) ;
#484 = ADVANCED_FACE ( 'NONE', ( #247 ), #544, .T. ) ;
#485 =( LENGTH_UNIT ( ) NAMED_UNIT ( * ) SI_UNIT ( .MILLI., .METRE. ) );
#486 = MECHANICAL_DESIGN_GEOMETRIC_PRESENTATION_REPRESENTATION (  '', ( #228 ), #991 ) ;
#487 = AXIS2_PLACEMENT_3D ( 'NONE', #1589, #101, #1353 ) ;
#488 = LINE ( 'NONE', #1466, #1796 ) ;
#489 = FACE_OUTER_BOUND ( 'NONE', #475, .T. ) ;
#490 = ORIENTED_EDGE ( 'NONE', *, *, #1100, .T. ) ;
#491 = CARTESIAN_POINT ( 'NONE',  ( 2.580245317673207861, 29.74219469850928732, -33.39311391689575004 ) ) ;
#492 = EDGE_LOOP ( 'NONE', ( #56, #816, #1436, #480 ) ) ;
#493 = VERTEX_POINT ( 'NONE', #266 ) ;
#494 = DIRECTION ( 'NONE',  ( -0.000000000000000000, -1.000000000000000000, -0.000000000000000000 ) ) ;
#495 =( GEOMETRIC_REPRESENTATION_CONTEXT ( 3 ) GLOBAL_UNCERTAINTY_ASSIGNED_CONTEXT ( ( #1328 ) ) GLOBAL_UNIT_ASSIGNED_CONTEXT ( ( #1625, #362, #89 ) ) REPRESENTATION_CONTEXT ( 'NONE', 'WORKASPACE' ) );
#496 = CARTESIAN_POINT ( 'NONE',  ( 2.244046117372351379, 29.71104324353148840, -33.47981643190519208 ) ) ;
#497 = LINE ( 'NONE', #72, #45 ) ;
#498 = ORIENTED_EDGE ( 'NONE', *, *, #926, .T. ) ;
#499 = DIRECTION ( 'NONE',  ( 0.000000000000000000, 0.000000000000000000, 1.000000000000000000 ) ) ;
#500 = DIRECTION ( 'NONE',  ( -0.8660254037844362651, 0.000000000000000000, 0.5000000000000039968 ) ) ;
#501 = ORIENTED_EDGE ( 'NONE', *, *, #829, .T. ) ;
#502 = EDGE_CURVE ( 'NONE', #482, #366, #1679, .T. ) ;
#503 = EDGE_CURVE ( 'NONE', #1765, #1209, #506, .T. ) ;
#504 = CARTESIAN_POINT ( 'NONE',  ( -2.256769565372296338, 30.00000000000000000, -33.42589929390185688 ) ) ;
#505 = CARTESIAN_POINT ( 'NONE',  ( -4.336808689942017736E-16, 30.00000000000000000, -0.002000791051989803115 ) ) ;
#506 = LINE ( 'NONE', #374, #641 ) ;
#507 = AXIS2_PLACEMENT_3D ( 'NONE', #1123, #1704, #435 ) ;
#508 = PRODUCT_CONTEXT ( 'NONE', #716, 'mechanical' ) ;
#509 = CARTESIAN_POINT ( 'NONE',  ( 1.354061739223346494, 0.000000000000000000, -33.85615338233036198 ) ) ;
#510 = EDGE_LOOP ( 'NONE', ( #1162, #1014, #1104, #116 ) ) ;
#511 = ADVANCED_FACE ( 'NONE', ( #1351 ), #1213, .T. ) ;
#512 = EDGE_CURVE ( 'NONE', #493, #212, #110, .T. ) ;
#513 = DIRECTION ( 'NONE',  ( 0.8660254037844398178, 0.000000000000000000, 0.4999999999999979461 ) ) ;
#514 = ORIENTED_EDGE ( 'NONE', *, *, #11, .T. ) ;
#515 = DIRECTION ( 'NONE',  ( -0.5000000000000039968, 0.000000000000000000, -0.8660254037844363761 ) ) ;
#516 = DIRECTION ( 'NONE',  ( 0.000000000000000000, 0.000000000000000000, 1.000000000000000000 ) ) ;
#518 = AXIS2_PLACEMENT_3D ( 'NONE', #1556, #33, #870 ) ;
#517 = AXIS2_PLACEMENT_3D ( 'NONE', #1359, #1646, #1633 ) ;
#519 = EDGE_CURVE ( 'NONE', #607, #1130, #1501, .T. ) ;
#520 = DIRECTION ( 'NONE',  ( -0.000000000000000000, -1.000000000000000000, -0.000000000000000000 ) ) ;
#521 = CARTESIAN_POINT ( 'NONE',  ( 1.451818925407959648, 0.000000000000000000, 34.06855685746891282 ) ) ;
#522 = CARTESIAN_POINT ( 'NONE',  ( 2.645002637005701374, 29.95075132205526458, 32.90144956392992981 ) ) ;
#523 = DIRECTION ( 'NONE',  ( 0.000000000000000000, 1.000000000000000000, 0.000000000000000000 ) ) ;
#524 = AXIS2_PLACEMENT_3D ( 'NONE', #1413, #1267, #309 ) ;
#525 = TOROIDAL_SURFACE ( 'NONE', #52, 32.50000000000000000, 2.000000000000000000 ) ;
#526 = ORIENTED_EDGE ( 'NONE', *, *, #162, .F. ) ;
#527 = EDGE_CURVE ( 'NONE', #832, #1654, #805, .T. ) ;
#528 = DIRECTION ( 'NONE',  ( 0.000000000000000000, -1.000000000000000000, 0.000000000000000000 ) ) ;
#529 = CARTESIAN_POINT ( 'NONE',  ( 1.820410149047280823, 29.27902302091944264, 33.72711490004831347 ) ) ;
#530 = DIRECTION ( 'NONE',  ( 0.000000000000000000, 1.000000000000000000, -0.000000000000000000 ) ) ;
#531 = FACE_OUTER_BOUND ( 'NONE', #1145, .T. ) ;
#532 = FACE_OUTER_BOUND ( 'NONE', #1629, .T. ) ;
#533 = FILL_AREA_STYLE_COLOUR ( '', #962 ) ;
#534 = CARTESIAN_POINT ( 'NONE',  ( -1.414318063561782024, 28.55781328457225854, -33.81015204676184283 ) ) ;
#535 = DIRECTION ( 'NONE',  ( 0.000000000000000000, 1.000000000000000000, 0.000000000000000000 ) ) ;
#536 = DIRECTION ( 'NONE',  ( 0.000000000000000000, -1.000000000000000000, 0.000000000000000000 ) ) ;
#537 = EDGE_CURVE ( 'NONE', #366, #212, #1040, .T. ) ;
#538 = CARTESIAN_POINT ( 'NONE',  ( 2.985210454253500956, 0.000000000000000000, -5.170536178052942411 ) ) ;
#539 = CARTESIAN_POINT ( 'NONE',  ( -1.354061739223345606, 0.000000000000000000, -33.85615338233036198 ) ) ;
#540 = FACE_OUTER_BOUND ( 'NONE', #120, .T. ) ;
#541 = CIRCLE ( 'NONE', #771, 10.30856832971801751 ) ;
#542 = DIRECTION ( 'NONE',  ( 0.000000000000000000, 0.000000000000000000, 1.000000000000000000 ) ) ;
#543 = ORIENTED_EDGE ( 'NONE', *, *, #181, .F. ) ;
#544 = CYLINDRICAL_SURFACE ( 'NONE', #416, 10.30856832971802106 ) ;
#545 = DIRECTION ( 'NONE',  ( -0.8660254037844328234, 0.000000000000000000, 0.5000000000000101030 ) ) ;
#546 = ADVANCED_FACE ( 'NONE', ( #1200 ), #945, .T. ) ;
#547 = CARTESIAN_POINT ( 'NONE',  ( 0.000000000000000000, 1.000000000000000000, 23.25000000000000000 ) ) ;
#548 = AXIS2_PLACEMENT_3D ( 'NONE', #1720, #425, #1596 ) ;
#549 = DIRECTION ( 'NONE',  ( 0.000000000000000000, -1.000000000000000000, -0.000000000000000000 ) ) ;
#550 = DIRECTION ( 'NONE',  ( 0.000000000000000000, 0.000000000000000000, 1.000000000000000000 ) ) ;
#551 = VERTEX_POINT ( 'NONE', #1511 ) ;
#552 = AXIS2_PLACEMENT_3D ( 'NONE', #655, #90, #402 ) ;
#553 = AXIS2_PLACEMENT_3D ( 'NONE', #1394, #959, #545 ) ;
#554 = CARTESIAN_POINT ( 'NONE',  ( -4.336808689942017736E-16, 42.31193336966029506, 37.55856832971801396 ) ) ;
#555 = ORIENTED_EDGE ( 'NONE', *, *, #49, .F. ) ;
#556 = ORIENTED_EDGE ( 'NONE', *, *, #1406, .T. ) ;
#557 = DIRECTION ( 'NONE',  ( 0.000000000000000000, 1.000000000000000000, 0.000000000000000000 ) ) ;
#558 = DIRECTION ( 'NONE',  ( 0.000000000000000000, 1.000000000000000000, 0.000000000000000000 ) ) ;
#559 = FILL_AREA_STYLE_COLOUR ( '', #436 ) ;
#560 = ORIENTED_EDGE ( 'NONE', *, *, #1559, .T. ) ;
#561 = CARTESIAN_POINT ( 'NONE',  ( -1.920357275090637250, 29.54996551398220461, -33.36877115607975952 ) ) ;
#562 = DIRECTION ( 'NONE',  ( -0.000000000000000000, -1.000000000000000000, 0.000000000000000000 ) ) ;
#563 = EDGE_LOOP ( 'NONE', ( #29, #899, #75, #1686 ) ) ;
#564 = EDGE_CURVE ( 'NONE', #957, #1678, #96, .T. ) ;
#565 = CARTESIAN_POINT ( 'NONE',  ( -1.554897522104394358, 28.17007184161272804, 34.46538069679149885 ) ) ;
#566 = CARTESIAN_POINT ( 'NONE',  ( -5.970420908507097835, 0.000000000000000000, 0.000000000000000000 ) ) ;
#567 = EDGE_CURVE ( 'NONE', #825, #212, #722, .T. ) ;
#568 = ADVANCED_FACE ( 'NONE', ( #649 ), #410, .T. ) ;
#569 = CARTESIAN_POINT ( 'NONE',  ( -1.995482422940075606, 29.62820563661528084, -33.29492809909440609 ) ) ;
#570 = ORIENTED_EDGE ( 'NONE', *, *, #537, .F. ) ;
#571 = CARTESIAN_POINT ( 'NONE',  ( -1.572932985855675314, 28.33307094042478980, 34.44362667338916140 ) ) ;
#572 = CARTESIAN_POINT ( 'NONE',  ( -2.985210454253536927, 42.31193336966029506, 5.170536178052921983 ) ) ;
#573 = ADVANCED_FACE ( 'NONE', ( #1531, #273 ), #383, .T. ) ;
#574 = DIRECTION ( 'NONE',  ( 0.000000000000000000, 0.000000000000000000, 1.000000000000000000 ) ) ;
#575 = AXIS2_PLACEMENT_3D ( 'NONE', #1797, #1243, #542 ) ;
#576 = DIRECTION ( 'NONE',  ( 0.000000000000000000, 0.000000000000000000, 1.000000000000000000 ) ) ;
#577 = CARTESIAN_POINT ( 'NONE',  ( -2.356897017894350910, 29.81731833864540704, -33.27030077990831813 ) ) ;
#578 = CARTESIAN_POINT ( 'NONE',  ( -2.324135821055048456, 0.000000000000000000, -34.42362760741976757 ) ) ;
#579 = AXIS2_PLACEMENT_3D ( 'NONE', #180, #1293, #43 ) ;
#580 = EDGE_LOOP ( 'NONE', ( #158, #623, #193, #35 ) ) ;
#581 = CARTESIAN_POINT ( 'NONE',  ( -1.451818925407959648, 27.99999999999999645, 34.06855685746891282 ) ) ;
#582 = EDGE_CURVE ( 'NONE', #1367, #607, #938, .T. ) ;
#583 = DIRECTION ( 'NONE',  ( 0.8660254037844397068, 0.000000000000000000, 0.4999999999999979461 ) ) ;
#584 = DIRECTION ( 'NONE',  ( 0.000000000000000000, 0.000000000000000000, -1.000000000000000000 ) ) ;
#585 = ORIENTED_EDGE ( 'NONE', *, *, #312, .T. ) ;
#586 = CIRCLE ( 'NONE', #1617, 1.000000000000000888 ) ;
#587 = ADVANCED_FACE ( 'NONE', ( #1208 ), #1335, .F. ) ;
#588 = DIRECTION ( 'NONE',  ( 0.000000000000000000, 1.000000000000000000, 0.000000000000000000 ) ) ;
#589 = ORIENTED_EDGE ( 'NONE', *, *, #886, .T. ) ;
#590 = DIRECTION ( 'NONE',  ( 0.000000000000000000, 0.000000000000000000, 1.000000000000000000 ) ) ;
#591 = ADVANCED_FACE ( 'NONE', ( #669 ), #1675, .T. ) ;
#592 = CARTESIAN_POINT ( 'NONE',  ( 1.562117586003466396, 29.01943873970256860, -33.69230703868134214 ) ) ;
#593 = VECTOR ( 'NONE', #1418, 1000.000000000000000 ) ;
#594 = EDGE_LOOP ( 'NONE', ( #1785, #1461, #165, #1783 ) ) ;
#595 = DIRECTION ( 'NONE',  ( -0.000000000000000000, 1.000000000000000000, 0.000000000000000000 ) ) ;
#596 = CARTESIAN_POINT ( 'NONE',  ( 5.970420908507097835, 0.000000000000000000, -29.65495867768594707 ) ) ;
#597 = ORIENTED_EDGE ( 'NONE', *, *, #148, .F. ) ;
#598 = AXIS2_PLACEMENT_3D ( 'NONE', #504, #1784, #1102 ) ;
#599 = VERTEX_POINT ( 'NONE', #1701 ) ;
#600 = CARTESIAN_POINT ( 'NONE',  ( -2.785551700919118190, 30.00000000000000000, -32.38240692997351289 ) ) ;
#601 = AXIS2_PLACEMENT_3D ( 'NONE', #150, #713, #584 ) ;
#602 = AXIS2_PLACEMENT_3D ( 'NONE', #940, #256, #1800 ) ;
#603 = CARTESIAN_POINT ( 'NONE',  ( 1.964225614587602253, 28.14545051621906424, 34.44203813783958168 ) ) ;
#604 = CARTESIAN_POINT ( 'NONE',  ( 1.646347091772299986, 27.99999999999999645, -34.46939165783020087 ) ) ;
#605 = ORIENTED_EDGE ( 'NONE', *, *, #1772, .F. ) ;
#606 = CARTESIAN_POINT ( 'NONE',  ( 2.436206665606010624, 29.24433081801167233, -34.00216719706916990 ) ) ;
#607 = VERTEX_POINT ( 'NONE', #163 ) ;
#608 = LINE ( 'NONE', #1747, #280 ) ;
#609 = ORIENTED_EDGE ( 'NONE', *, *, #840, .F. ) ;
#610 = CARTESIAN_POINT ( 'NONE',  ( -2.779618393908827478, 30.00000000000001421, 32.50622559935784750 ) ) ;
#611 = CARTESIAN_POINT ( 'NONE',  ( 2.006692356999662419, 28.56376759084870898, 34.36357611105488985 ) ) ;
#612 = UNCERTAINTY_MEASURE_WITH_UNIT (LENGTH_MEASURE( 1.000000000000000082E-05 ), #104, 'distance_accuracy_value', 'NONE');
#613 = CARTESIAN_POINT ( 'NONE',  ( 2.412691804620703095, 29.86089537383319126, -33.16344145493800966 ) ) ;
#614 = DIRECTION ( 'NONE',  ( 0.000000000000000000, 1.000000000000000000, 0.000000000000000000 ) ) ;
#615 = ORIENTED_EDGE ( 'NONE', *, *, #1444, .T. ) ;
#616 = CARTESIAN_POINT ( 'NONE',  ( -28.66715801730738633, 42.31193336966029506, -9.656943160789992930 ) ) ;
#617 = EDGE_LOOP ( 'NONE', ( #1532 ) ) ;
#618 = CARTESIAN_POINT ( 'NONE',  ( -2.458909451033781668, 29.76075283577205610, 33.38995161775125098 ) ) ;
#619 = CIRCLE ( 'NONE', #1664, 30.25000000000000000 ) ;
#620 = PRESENTATION_STYLE_ASSIGNMENT (( #912 ) ) ;
#621 = CARTESIAN_POINT ( 'NONE',  ( 1.366531126208963887, 28.28364229070389868, -33.84683613581028538 ) ) ;
#622 = CARTESIAN_POINT ( 'NONE',  ( 32.52667430330925669, 30.00000000000000000, -18.77928416485938712 ) ) ;
#623 = ORIENTED_EDGE ( 'NONE', *, *, #1425, .T. ) ;
#624 = CARTESIAN_POINT ( 'NONE',  ( -2.327952450871387580, 28.26740256202844037, -34.40984549447538399 ) ) ;
#625 = CARTESIAN_POINT ( 'NONE',  ( 2.324135821055055562, 27.99999999999999645, -34.42362760741976757 ) ) ;
#626 = EDGE_LOOP ( 'NONE', ( #741 ) ) ;
#627 = AXIS2_PLACEMENT_3D ( 'NONE', #1258, #992, #1268 ) ;
#628 = ORIENTED_EDGE ( 'NONE', *, *, #1503, .T. ) ;
#629 = CARTESIAN_POINT ( 'NONE',  ( -2.623913249569900685, 30.00000000000000355, -32.59400538334148933 ) ) ;
#630 = CIRCLE ( 'NONE', #552, 10.30856832971801751 ) ;
#631 = CIRCLE ( 'NONE', #119, 0.5000000000000004441 ) ;
#632 = EDGE_CURVE ( 'NONE', #738, #784, #164, .T. ) ;
#633 = EDGE_CURVE ( 'NONE', #636, #836, #1674, .T. ) ;
#634 = CARTESIAN_POINT ( 'NONE',  ( 2.446081066885932298, 29.27586727985562476, -33.95995827035130787 ) ) ;
#635 = CARTESIAN_POINT ( 'NONE',  ( 1.935758567210607239, 30.00000000000000000, 33.94284916839650634 ) ) ;
#636 = VERTEX_POINT ( 'NONE', #1568 ) ;
#637 = DIRECTION ( 'NONE',  ( 0.8660254037844432595, 0.000000000000000000, 0.4999999999999919509 ) ) ;
#638 = ORIENTED_EDGE ( 'NONE', *, *, #633, .T. ) ;
#639 = DIRECTION ( 'NONE',  ( 0.000000000000000000, 0.000000000000000000, -1.000000000000000000 ) ) ;
#640 = FACE_OUTER_BOUND ( 'NONE', #563, .T. ) ;
#641 = VECTOR ( 'NONE', #790, 1000.000000000000000 ) ;
#642 = FACE_OUTER_BOUND ( 'NONE', #1242, .T. ) ;
#643 = CARTESIAN_POINT ( 'NONE',  ( -5.970420908507097835, 42.31193336966029506, -29.15495867768594707 ) ) ;
#644 = DIRECTION ( 'NONE',  ( 0.000000000000000000, 0.000000000000000000, -1.000000000000000000 ) ) ;
#645 = DIRECTION ( 'NONE',  ( 0.000000000000000000, 1.000000000000000000, -0.000000000000000000 ) ) ;
#646 = CARTESIAN_POINT ( 'NONE',  ( 2.821938808049774483, 30.00000000000000000, 32.37525451824844680 ) ) ;
#647 = ORIENTED_EDGE ( 'NONE', *, *, #241, .F. ) ;
#648 = ADVANCED_FACE ( 'NONE', ( #28 ), #1560, .T. ) ;
#649 = FACE_OUTER_BOUND ( 'NONE', #1700, .T. ) ;
#650 =( BOUNDED_SURFACE ( )  B_SPLINE_SURFACE ( 3, 2, ( 
 ( #581, #284, #702 ),
 ( #1428, #565, #987 ),
 ( #869, #571, #1570 ),
 ( #1437, #1119, #1696 ),
 ( #427, #174, #1553 ),
 ( #294, #1125, #854 ),
 ( #1410, #734, #1281 ),
 ( #1131, #1289, #153 ),
 ( #38, #711, #1264 ),
 ( #1706, #307, #1000 ),
 ( #1417, #439, #159 ),
 ( #32, #1272, #207 ),
 ( #1602, #60, #47 ),
 ( #1168, #1316, #1759 ) ),
 .UNSPECIFIED., .F., .F., .T. ) 
 B_SPLINE_SURFACE_WITH_KNOTS ( ( 4, 2, 2, 2, 2, 2, 4 ),
 ( 3, 3 ),
 ( 0.000000000000000000, 0.0003218330252756483752, 0.0006436660505512967504, 0.0009654990758269450715, 0.001287332101102593501, 0.001930998151653890143, 0.002574664202205187002 ),
 ( 0.000000000000000000, 1.000000000000000000 ),
 .UNSPECIFIED. ) 
 GEOMETRIC_REPRESENTATION_ITEM ( )  RATIONAL_B_SPLINE_SURFACE ( (
 ( 1.000000000000000000, 0.7732729967801822424, 1.000000000000000000),
 ( 1.000000000000000000, 0.7732410363662126640, 1.000000000000000000),
 ( 1.000000000000000000, 0.7789467288632584419, 1.000000000000000000),
 ( 1.000000000000000000, 0.7987013580755460973, 1.000000000000000000),
 ( 1.000000000000000000, 0.8127786053161657476, 1.000000000000000000),
 ( 1.000000000000000000, 0.8432355413210782524, 1.000000000000000000),
 ( 1.000000000000000000, 0.8598960996725535377, 1.000000000000000000),
 ( 1.000000000000000000, 0.8916134207876227347, 1.000000000000000000),
 ( 1.000000000000000000, 0.9067141096426033497, 1.000000000000000000),
 ( 1.000000000000000000, 0.9477050751858068223, 1.000000000000000000),
 ( 1.000000000000000000, 0.9681880802216643600, 1.000000000000000000),
 ( 1.000000000000000000, 0.9943758006105755110, 1.000000000000000000),
 ( 1.000000000000000000, 0.9999528736625467040, 1.000000000000000000),
 ( 1.000000000000000000, 1.000000000000000000, 1.000000000000000000) ) ) 
 REPRESENTATION_ITEM ( '' )  SURFACE ( )  );
#651 = FACE_OUTER_BOUND ( 'NONE', #1007, .T. ) ;
#652 = CARTESIAN_POINT ( 'NONE',  ( 2.031373061911596611, 29.44957796464887423, 33.82514938487846479 ) ) ;
#653 = PLANE ( 'NONE',  #1109 ) ;
#654 = AXIS2_PLACEMENT_3D ( 'NONE', #572, #1624, #1158 ) ;
#655 = CARTESIAN_POINT ( 'NONE',  ( 4.336808689942017736E-16, 0.000000000000000000, -37.55856832971801396 ) ) ;
#656 = CARTESIAN_POINT ( 'NONE',  ( 32.52667430330964748, 30.00000000000000000, 18.77928416485870855 ) ) ;
#657 = CYLINDRICAL_SURFACE ( 'NONE', #1640, 10.30856832971801396 ) ;
#658 = EDGE_CURVE ( 'NONE', #1167, #400, #863, .T. ) ;
#659 =( NAMED_UNIT ( * ) PLANE_ANGLE_UNIT ( ) SI_UNIT ( $, .RADIAN. ) );
#660 = ORIENTED_EDGE ( 'NONE', *, *, #1725, .F. ) ;
#661 = CARTESIAN_POINT ( 'NONE',  ( -2.405692671724305232, 29.05957380284774416, -34.11878291499932914 ) ) ;
#662 = ORIENTED_EDGE ( 'NONE', *, *, #465, .T. ) ;
#663 = CARTESIAN_POINT ( 'NONE',  ( 1.545676014022154598, 28.67167103032556597, 33.98960398403595207 ) ) ;
#664 = CARTESIAN_POINT ( 'NONE',  ( 2.324135821055055562, 30.00000000000000000, -34.42362760741976757 ) ) ;
#665 = PLANE ( 'NONE',  #1228 ) ;
#666 = CARTESIAN_POINT ( 'NONE',  ( -2.985210454253609313, 42.31193336966029506, -5.170536178052879350 ) ) ;
#667 = DIRECTION ( 'NONE',  ( -0.8660254037844328234, 0.000000000000000000, 0.5000000000000101030 ) ) ;
#668 = AXIS2_PLACEMENT_3D ( 'NONE', #1558, #287, #576 ) ;
#669 = FACE_OUTER_BOUND ( 'NONE', #1799, .T. ) ;
#670 = EDGE_CURVE ( 'NONE', #883, #929, #1331, .T. ) ;
#671 = ORIENTED_EDGE ( 'NONE', *, *, #1481, .F. ) ;
#672 = CARTESIAN_POINT ( 'NONE',  ( 2.031506061324603429, 28.69839633913128552, 34.31701295856747436 ) ) ;
#673 = LINE ( 'NONE', #1817, #1434 ) ;
#674 = B_SPLINE_CURVE_WITH_KNOTS ( 'NONE', 3,
 ( #764, #874, #1445, #889, #1053, #1623, #223, #779, #87, #185, #1297, #1739, #469, #1656, #1210, #98 ),
 .UNSPECIFIED., .F., .F.,
 ( 4, 2, 2, 2, 2, 2, 2, 4 ),
 ( 0.000000000000000000, 0.0004092855485674061359, 0.0008185710971348122717, 0.001227856645702218299, 0.001637142194269624543, 0.002455713291404425323, 0.002864998839971831350, 0.003274284388539237377 ),
 .UNSPECIFIED. ) ;
#675 = STYLED_ITEM ( 'NONE', ( #620 ), #419 ) ;
#676 = PLANE ( 'NONE',  #378 ) ;
#677 = PLANE ( 'NONE',  #457 ) ;
#678 = LINE ( 'NONE', #1672, #291 ) ;
#679 = VERTEX_POINT ( 'NONE', #136 ) ;
#680 = CARTESIAN_POINT ( 'NONE',  ( -1.451818925407959204, 30.00000000000000000, 34.06855685746891282 ) ) ;
#681 = ADVANCED_FACE ( 'NONE', ( #823 ), #1824, .T. ) ;
#682 = ORIENTED_EDGE ( 'NONE', *, *, #502, .F. ) ;
#683 = DIRECTION ( 'NONE',  ( 0.000000000000000000, 0.000000000000000000, -1.000000000000000000 ) ) ;
#684 = DIRECTION ( 'NONE',  ( 0.000000000000000000, 0.000000000000000000, 1.000000000000000000 ) ) ;
#685 = LINE ( 'NONE', #1365, #1152 ) ;
#686 = CIRCLE ( 'NONE', #1392, 23.25000000000000000 ) ;
#687 = CARTESIAN_POINT ( 'NONE',  ( 0.000000000000000000, 0.000000000000000000, 0.000000000000000000 ) ) ;
#688 = ORIENTED_EDGE ( 'NONE', *, *, #148, .T. ) ;
#689 = CARTESIAN_POINT ( 'NONE',  ( -2.577690993619357052, 29.96500715624225819, -32.83655370159618059 ) ) ;
#690 = ORIENTED_EDGE ( 'NONE', *, *, #978, .T. ) ;
#691 = ORIENTED_EDGE ( 'NONE', *, *, #162, .T. ) ;
#692 = CARTESIAN_POINT ( 'NONE',  ( 1.354061739223346494, 30.00000000000000000, -33.85615338233036198 ) ) ;
#693 = CIRCLE ( 'NONE', #1009, 10.30856832971801751 ) ;
#694 = CARTESIAN_POINT ( 'NONE',  ( -4.336808689942017736E-16, 0.000000000000000000, 37.55856832971801396 ) ) ;
#695 = EDGE_CURVE ( 'NONE', #351, #1454, #418, .T. ) ;
#696 = LINE ( 'NONE', #397, #753 ) ;
#697 = VERTEX_POINT ( 'NONE', #143 ) ;
#698 = AXIS2_PLACEMENT_3D ( 'NONE', #1232, #1529, #239 ) ;
#699 = STYLED_ITEM ( 'NONE', ( #727 ), #1021 ) ;
#700 = CYLINDRICAL_SURFACE ( 'NONE', #1547, 10.30856832971801573 ) ;
#701 = CARTESIAN_POINT ( 'NONE',  ( 0.000000000000000000, 30.00000000000000000, 0.000000000000000000 ) ) ;
#702 = CARTESIAN_POINT ( 'NONE',  ( -1.964225604963706795, 27.99999999999999645, 34.44203813838839068 ) ) ;
#703 = ADVANCED_FACE ( 'NONE', ( #1398 ), #700, .T. ) ;
#704 = EDGE_CURVE ( 'NONE', #1307, #1173, #844, .T. ) ;
#705 = CARTESIAN_POINT ( 'NONE',  ( -2.985210454253573786, 30.00000000000000000, -5.170536178052902443 ) ) ;
#706 = CARTESIAN_POINT ( 'NONE',  ( -28.23414531541510542, 42.31193336966029506, 9.406943160790191882 ) ) ;
#707 = CARTESIAN_POINT ( 'NONE',  ( -2.613386657640643040, 29.81781815262998236, -33.24280416982514197 ) ) ;
#708 = EDGE_CURVE ( 'NONE', #985, #1584, #497, .T. ) ;
#709 = CARTESIAN_POINT ( 'NONE',  ( -22.69673710880017836, 0.000000000000000000, 19.99801551689600032 ) ) ;
#710 = ORIENTED_EDGE ( 'NONE', *, *, #59, .T. ) ;
#711 = CARTESIAN_POINT ( 'NONE',  ( -2.031373061911630806, 29.44957796464885647, 33.82514938487886269 ) ) ;
#712 = DIRECTION ( 'NONE',  ( 0.000000000000000000, 1.000000000000000000, -0.000000000000000000 ) ) ;
#713 = DIRECTION ( 'NONE',  ( 1.000000000000000000, 0.000000000000000000, 0.000000000000000000 ) ) ;
#714 = CIRCLE ( 'NONE', #1322, 30.25000000000000000 ) ;
#715 = CARTESIAN_POINT ( 'NONE',  ( -2.244046117372378468, 29.71104324353136761, -33.47981643190518497 ) ) ;
#716 = APPLICATION_CONTEXT ( 'automotive_design' ) ;
#717 = FACE_OUTER_BOUND ( 'NONE', #626, .T. ) ;
#718 = ORIENTED_EDGE ( 'NONE', *, *, #1740, .T. ) ;
#719 = DIRECTION ( 'NONE',  ( 0.8660254037844397068, 0.000000000000000000, 0.4999999999999979461 ) ) ;
#720 = CARTESIAN_POINT ( 'NONE',  ( 1.964225604963704575, 0.000000000000000000, 34.44203813838840489 ) ) ;
#721 = VECTOR ( 'NONE', #215, 1000.000000000000114 ) ;
#722 = CIRCLE ( 'NONE', #575, 1.000000000000000888 ) ;
#723 = DIRECTION ( 'NONE',  ( 0.000000000000000000, 0.000000000000000000, -1.000000000000000000 ) ) ;
#724 = MECHANICAL_DESIGN_GEOMETRIC_PRESENTATION_REPRESENTATION (  '', ( #146 ), #1153 ) ;
#725 = VERTEX_POINT ( 'NONE', #1038 ) ;
#726 = EDGE_CURVE ( 'NONE', #836, #97, #102, .T. ) ;
#727 = PRESENTATION_STYLE_ASSIGNMENT (( #1576 ) ) ;
#728 = FACE_OUTER_BOUND ( 'NONE', #617, .T. ) ;
#729 = CARTESIAN_POINT ( 'NONE',  ( 2.785551700919125295, 30.00000000000000000, -32.38240692997353420 ) ) ;
#730 = CARTESIAN_POINT ( 'NONE',  ( 5.970420908507097835, 0.000000000000000000, 29.65495867768594707 ) ) ;
#731 = CIRCLE ( 'NONE', #818, 10.30856832971801751 ) ;
#732 = ORIENTED_EDGE ( 'NONE', *, *, #1760, .F. ) ;
#733 = EDGE_CURVE ( 'NONE', #1584, #1307, #20, .T. ) ;
#734 = CARTESIAN_POINT ( 'NONE',  ( -1.847333029185181275, 29.15788844282923264, 34.08910173668021315 ) ) ;
#735 = LINE ( 'NONE', #186, #593 ) ;
#736 = DIRECTION ( 'NONE',  ( -0.8660254037844363761, 0.000000000000000000, 0.5000000000000039968 ) ) ;
#737 = CARTESIAN_POINT ( 'NONE',  ( 1.364940126980133783, 28.26573646418585284, -33.84801920709783474 ) ) ;
#738 = VERTEX_POINT ( 'NONE', #775 ) ;
#739 = VECTOR ( 'NONE', #290, 1000.000000000000000 ) ;
#740 = CIRCLE ( 'NONE', #188, 32.50000000000000711 ) ;
#741 = ORIENTED_EDGE ( 'NONE', *, *, #1295, .F. ) ;
#742 = LINE ( 'NONE', #1035, #316 ) ;
#743 = PLANE ( 'NONE',  #654 ) ;
#744 = CARTESIAN_POINT ( 'NONE',  ( 2.785551700919113749, 30.00000000000000000, -32.38240692997351999 ) ) ;
#745 = DIRECTION ( 'NONE',  ( 0.000000000000000000, 1.000000000000000000, 0.000000000000000000 ) ) ;
#747 = VECTOR ( 'NONE', #17, 1000.000000000000000 ) ;
#746 = VECTOR ( 'NONE', #791, 1000.000000000000000 ) ;
#748 = CARTESIAN_POINT ( 'NONE',  ( -22.26372440690809285, 42.31193336966029506, -19.74801551689583690 ) ) ;
#749 = ORIENTED_EDGE ( 'NONE', *, *, #564, .F. ) ;
#750 = AXIS2_PLACEMENT_3D ( 'NONE', #792, #1661, #1099 ) ;
#751 = ORIENTED_EDGE ( 'NONE', *, *, #44, .F. ) ;
#752 = CARTESIAN_POINT ( 'NONE',  ( -2.123940032683988122, 29.74270650129454907, -33.16338331729002675 ) ) ;
#753 = VECTOR ( 'NONE', #954, 999.9999999999998863 ) ;
#754 = AXIS2_PLACEMENT_3D ( 'NONE', #129, #530, #684 ) ;
#755 = CARTESIAN_POINT ( 'NONE',  ( 1.451818923624200508, 28.14545051592836700, 34.06855685060194361 ) ) ;
#756 = EDGE_CURVE ( 'NONE', #152, #636, #1768, .T. ) ;
#757 = EDGE_CURVE ( 'NONE', #957, #351, #1069, .T. ) ;
#758 = CARTESIAN_POINT ( 'NONE',  ( 1.414318063561911476, 28.55781328457227275, -33.81015204676209152 ) ) ;
#759 = DIRECTION ( 'NONE',  ( -0.8660254037844328234, 0.000000000000000000, 0.5000000000000101030 ) ) ;
#760 = VERTEX_POINT ( 'NONE', #1172 ) ;
#761 = DIRECTION ( 'NONE',  ( 0.8660254037844398178, 0.000000000000000000, 0.4999999999999980016 ) ) ;
#762 = ORIENTED_EDGE ( 'NONE', *, *, #30, .T. ) ;
#763 = ORIENTED_EDGE ( 'NONE', *, *, #502, .T. ) ;
#764 = CARTESIAN_POINT ( 'NONE',  ( -1.451818925407959204, 27.99999999999999645, 34.06855685746891282 ) ) ;
#765 = PRESENTATION_STYLE_ASSIGNMENT (( #208 ) ) ;
#766 = FACE_OUTER_BOUND ( 'NONE', #769, .T. ) ;
#767 = DIRECTION ( 'NONE',  ( -0.8660254037844328234, 0.000000000000000000, 0.5000000000000101030 ) ) ;
#768 = DIRECTION ( 'NONE',  ( 0.000000000000000000, 0.000000000000000000, 1.000000000000000000 ) ) ;
#769 = EDGE_LOOP ( 'NONE', ( #1397, #231, #1476, #710, #1450, #570, #380, #1270 ) ) ;
#770 = CARTESIAN_POINT ( 'NONE',  ( -1.972463098224201072, 28.27629378002496807, 34.42709860243068931 ) ) ;
#771 = AXIS2_PLACEMENT_3D ( 'NONE', #924, #94, #513 ) ;
#772 = ADVANCED_FACE ( 'NONE', ( #489 ), #1628, .T. ) ;
#773 = FACE_OUTER_BOUND ( 'NONE', #999, .T. ) ;
#774 = CARTESIAN_POINT ( 'NONE',  ( 1.920357275090713189, 29.54996551398227922, -33.36877115607973820 ) ) ;
#775 = CARTESIAN_POINT ( 'NONE',  ( -22.26372440690795784, 30.00000000000000355, 19.74801551689599677 ) ) ;
#776 = ADVANCED_FACE ( 'NONE', ( #201 ), #365, .F. ) ;
#777 = LINE ( 'NONE', #83, #1813 ) ;
#778 = EDGE_LOOP ( 'NONE', ( #1705, #490, #1066, #526 ) ) ;
#779 = CARTESIAN_POINT ( 'NONE',  ( -1.804635369301415437, 29.25378774484346778, 33.74340383227002604 ) ) ;
#780 = CARTESIAN_POINT ( 'NONE',  ( 0.000000000000000000, 1.000000000000000000, 0.000000000000000000 ) ) ;
#781 = CIRCLE ( 'NONE', #931, 10.30856832971801929 ) ;
#782 = CARTESIAN_POINT ( 'NONE',  ( 2.683167626445212228, 29.99994900059146730, -32.61322202382775259 ) ) ;
#783 = LINE ( 'NONE', #1195, #340 ) ;
#784 = VERTEX_POINT ( 'NONE', #63 ) ;
#785 = DIRECTION ( 'NONE',  ( 0.000000000000000000, 1.000000000000000000, -0.000000000000000000 ) ) ;
#786 = VERTEX_POINT ( 'NONE', #922 ) ;
#787 = CARTESIAN_POINT ( 'NONE',  ( -2.387469152922419013, 28.94165392810199577, -34.18847444959270376 ) ) ;
#788 = ORIENTED_EDGE ( 'NONE', *, *, #704, .F. ) ;
#789 = CARTESIAN_POINT ( 'NONE',  ( 1.869509394622784537, 29.35306291548653590, 33.67572974213688752 ) ) ;
#790 = DIRECTION ( 'NONE',  ( -0.000000000000000000, -1.000000000000000000, -0.000000000000000000 ) ) ;
#791 = DIRECTION ( 'NONE',  ( 0.000000000000000000, -1.000000000000000000, -0.000000000000000000 ) ) ;
#792 = CARTESIAN_POINT ( 'NONE',  ( 0.000000000000000000, 30.00000000000000000, 0.000000000000000000 ) ) ;
#793 = ORIENTED_EDGE ( 'NONE', *, *, #633, .F. ) ;
#794 = CARTESIAN_POINT ( 'NONE',  ( -1.450144787393349732, 28.69222519642686464, -33.78234132329425421 ) ) ;
#795 = B_SPLINE_CURVE_WITH_KNOTS ( 'NONE', 3,
 ( #1302, #1764, #1067, #1757, #491, #328, #55, #606, #1164, #481, #358, #916, #74, #625 ),
 .UNSPECIFIED., .F., .F.,
 ( 4, 2, 2, 2, 2, 2, 4 ),
 ( -9.419422375311359500E-06, 0.0007955029284274808517, 0.001197964103828877067, 0.001600425279230273173, 0.002405347630033065169, 0.002807808805434461059, 0.003210269980835857382 ),
 .UNSPECIFIED. ) ;
#796 = CARTESIAN_POINT ( 'NONE',  ( 1.451818925407959648, 27.99999999999999645, 34.06855685746891282 ) ) ;
#797 = DIRECTION ( 'NONE',  ( -0.000000000000000000, -1.000000000000000000, -0.000000000000000000 ) ) ;
#798 =( NAMED_UNIT ( * ) SI_UNIT ( $, .STERADIAN. ) SOLID_ANGLE_UNIT ( ) );
#799 = CARTESIAN_POINT ( 'NONE',  ( 1.084202172485504434E-16, 30.00000000000000000, 34.44567992468615358 ) ) ;
#800 = DIRECTION ( 'NONE',  ( -0.000000000000000000, -1.000000000000000000, -0.000000000000000000 ) ) ;
#801 = FACE_OUTER_BOUND ( 'NONE', #1616, .T. ) ;
#802 = ORIENTED_EDGE ( 'NONE', *, *, #1217, .F. ) ;
#803 = DIRECTION ( 'NONE',  ( 0.000000000000000000, 1.000000000000000000, -0.000000000000000000 ) ) ;
#804 = CARTESIAN_POINT ( 'NONE',  ( -4.336808689942017736E-16, 27.99999999999999645, -0.002000791051989803115 ) ) ;
#805 = CIRCLE ( 'NONE', #988, 30.25000000000000000 ) ;
#806 = ORIENTED_EDGE ( 'NONE', *, *, #708, .F. ) ;
#807 = CARTESIAN_POINT ( 'NONE',  ( 1.645280465264478575, 28.94746739610494402, 33.89951223750318832 ) ) ;
#808 =( NAMED_UNIT ( * ) PLANE_ANGLE_UNIT ( ) SI_UNIT ( $, .RADIAN. ) );
#809 = DIRECTION ( 'NONE',  ( 0.000000000000000000, 1.000000000000000000, -0.000000000000000000 ) ) ;
#810 = CARTESIAN_POINT ( 'NONE',  ( -2.605951414776997765, 29.80217918220662199, -33.27701183658671624 ) ) ;
#811 = CARTESIAN_POINT ( 'NONE',  ( -5.970420908507097835, 0.000000000000000000, 0.000000000000000000 ) ) ;
#812 = EDGE_CURVE ( 'NONE', #1118, #1161, #260, .T. ) ;
#813 = ORIENTED_EDGE ( 'NONE', *, *, #519, .T. ) ;
#814 = CARTESIAN_POINT ( 'NONE',  ( -1.903945517112937358, 29.20537500578781120, -34.06355584537996606 ) ) ;
#815 = B_SPLINE_CURVE_WITH_KNOTS ( 'NONE', 3,
 ( #796, #1085, #1493, #1635, #663, #234, #371, #1223, #789, #1348, #298, #984, #21, #1269, #1561, #845 ),
 .UNSPECIFIED., .F., .F.,
 ( 4, 2, 2, 2, 2, 2, 2, 4 ),
 ( 0.000000000000000000, 0.0004092855485674039132, 0.0008185710971348078265, 0.001227856645702211794, 0.001637142194269615653, 0.002455713291404423154, 0.002864998839971828314, 0.003274284388539233474 ),
 .UNSPECIFIED. ) ;
#816 = ORIENTED_EDGE ( 'NONE', *, *, #1621, .F. ) ;
#817 = CARTESIAN_POINT ( 'NONE',  ( 2.091328188531779819, 28.94746739705286132, 34.20076625134520754 ) ) ;
#818 = AXIS2_PLACEMENT_3D ( 'NONE', #1495, #1202, #1777 ) ;
#819 = LINE ( 'NONE', #538, #166 ) ;
#820 = DIRECTION ( 'NONE',  ( 0.000000000000000000, 0.000000000000000000, -1.000000000000000000 ) ) ;
#821 = LINE ( 'NONE', #1386, #144 ) ;
#822 = CARTESIAN_POINT ( 'NONE',  ( -5.970420908507097835, 30.00000000000000000, 0.000000000000000000 ) ) ;
#823 = FACE_OUTER_BOUND ( 'NONE', #1052, .T. ) ;
#824 = CIRCLE ( 'NONE', #36, 1.000000000000000888 ) ;
#825 = VERTEX_POINT ( 'NONE', #509 ) ;
#826 = DIRECTION ( 'NONE',  ( 0.000000000000000000, -1.000000000000000000, -0.000000000000000000 ) ) ;
#827 = EDGE_CURVE ( 'NONE', #1059, #1367, #1126, .T. ) ;
#828 = CARTESIAN_POINT ( 'NONE',  ( 0.000000000000000000, 0.000000000000000000, 0.000000000000000000 ) ) ;
#829 = EDGE_CURVE ( 'NONE', #1161, #551, #783, .T. ) ;
#830 = CYLINDRICAL_SURFACE ( 'NONE', #1732, 30.25000000000000355 ) ;
#831 = VECTOR ( 'NONE', #57, 1000.000000000000000 ) ;
#832 = VERTEX_POINT ( 'NONE', #1779 ) ;
#833 = CARTESIAN_POINT ( 'NONE',  ( -2.628066358531158997, 30.00000000000000000, -32.58868314507374464 ) ) ;
#834 = EDGE_CURVE ( 'NONE', #1471, #482, #1577, .T. ) ;
#835 = EDGE_CURVE ( 'NONE', #1059, #240, #893, .T. ) ;
#836 = VERTEX_POINT ( 'NONE', #355 ) ;
#837 = CARTESIAN_POINT ( 'NONE',  ( 2.985210454253536927, 42.31193336966029506, -5.170536178052921983 ) ) ;
#838 = LINE ( 'NONE', #1275, #314 ) ;
#839 = DIRECTION ( 'NONE',  ( -1.000000000000000000, 0.000000000000000000, 0.000000000000000000 ) ) ;
#840 = EDGE_CURVE ( 'NONE', #1609, #957, #1492, .T. ) ;
#841 = ORIENTED_EDGE ( 'NONE', *, *, #1300, .F. ) ;
#842 = VECTOR ( 'NONE', #850, 1000.000000000000000 ) ;
#843 = AXIS2_PLACEMENT_3D ( 'NONE', #804, #1786, #516 ) ;
#844 = LINE ( 'NONE', #1407, #746 ) ;
#845 = CARTESIAN_POINT ( 'NONE',  ( 2.821938808049774483, 30.00000000000000000, 32.37525451824844680 ) ) ;
#846 = VERTEX_POINT ( 'NONE', #1330 ) ;
#847 = DIRECTION ( 'NONE',  ( 0.8660254037844397068, 0.000000000000000000, 0.4999999999999979461 ) ) ;
#848 = ADVANCED_FACE ( 'NONE', ( #404 ), #525, .T. ) ;
#849 = CARTESIAN_POINT ( 'NONE',  ( -28.66715801730732593, 30.00000000000000355, 9.656943160790193659 ) ) ;
#850 = DIRECTION ( 'NONE',  ( 0.000000000000000000, 0.000000000000000000, 1.000000000000000000 ) ) ;
#851 = CARTESIAN_POINT ( 'NONE',  ( -4.336808689942017736E-16, 30.00000000000000000, -0.002000791051989803115 ) ) ;
#852 = CARTESIAN_POINT ( 'NONE',  ( 28.23414531541503791, 0.000000000000000000, -9.406943160790389058 ) ) ;
#853 = ORIENTED_EDGE ( 'NONE', *, *, #1339, .T. ) ;
#854 = CARTESIAN_POINT ( 'NONE',  ( -2.091328188531778487, 28.94746739705286132, 34.20076625134520043 ) ) ;
#855 = LINE ( 'NONE', #1544, #1271 ) ;
#856 = SURFACE_SIDE_STYLE ('',( #1573 ) ) ;
#857 = AXIS2_PLACEMENT_3D ( 'NONE', #1061, #1502, #930 ) ;
#858 = EDGE_CURVE ( 'NONE', #786, #456, #942, .T. ) ;
#859 = CARTESIAN_POINT ( 'NONE',  ( -2.785551700919112861, 30.00000000000000000, -32.38240692997351999 ) ) ;
#860 = ORIENTED_EDGE ( 'NONE', *, *, #1237, .F. ) ;
#861 = SURFACE_STYLE_FILL_AREA ( #452 ) ;
#862 = CARTESIAN_POINT ( 'NONE',  ( -5.970420908507097835, 0.000000000000000000, -29.15495867768594707 ) ) ;
#863 = CIRCLE ( 'NONE', #1299, 30.25000000000000000 ) ;
#864 = DIRECTION ( 'NONE',  ( 0.000000000000000000, -1.000000000000000000, 0.000000000000000000 ) ) ;
#865 = ORIENTED_EDGE ( 'NONE', *, *, #1148, .F. ) ;
#866 = ADVANCED_FACE ( 'NONE', ( #1670 ), #676, .T. ) ;
#867 = CIRCLE ( 'NONE', #1044, 1.499999999999904077 ) ;
#868 = ORIENTED_EDGE ( 'NONE', *, *, #733, .F. ) ;
#869 = CARTESIAN_POINT ( 'NONE',  ( -1.465237964728363984, 28.28717102112180015, 34.05770336899475836 ) ) ;
#870 = DIRECTION ( 'NONE',  ( 0.000000000000000000, 0.000000000000000000, -1.000000000000000000 ) ) ;
#871 = CARTESIAN_POINT ( 'NONE',  ( 2.623913249570157813, 29.99999999999999645, -32.59400538334168118 ) ) ;
#872 = ORIENTED_EDGE ( 'NONE', *, *, #926, .F. ) ;
#873 = VERTEX_POINT ( 'NONE', #122 ) ;
#874 = CARTESIAN_POINT ( 'NONE',  ( -1.451818925407961203, 28.13812704667237341, 34.06855685746891993 ) ) ;
#875 = DIRECTION ( 'NONE',  ( 0.000000000000000000, 1.000000000000000000, 0.000000000000000000 ) ) ;
#876 = ADVANCED_FACE ( 'NONE', ( #531 ), #1385, .F. ) ;
#877 = LINE ( 'NONE', #1594, #721 ) ;
#878 = CARTESIAN_POINT ( 'NONE',  ( 28.23414531541503791, 30.00000000000000355, -9.406943160790389058 ) ) ;
#879 = CARTESIAN_POINT ( 'NONE',  ( 2.324135831895738580, 28.14346556695012325, -34.42362760668780908 ) ) ;
#880 = EDGE_LOOP ( 'NONE', ( #140, #1400, #202, #1683 ) ) ;
#881 = EDGE_LOOP ( 'NONE', ( #438, #1319, #662, #359 ) ) ;
#882 = CARTESIAN_POINT ( 'NONE',  ( 22.26372440690822785, 30.00000000000000355, 19.74801551689568058 ) ) ;
#883 = VERTEX_POINT ( 'NONE', #131 ) ;
#884 = VECTOR ( 'NONE', #211, 1000.000000000000000 ) ;
#885 = DIRECTION ( 'NONE',  ( 0.000000000000000000, 0.000000000000000000, -1.000000000000000000 ) ) ;
#886 = EDGE_CURVE ( 'NONE', #313, #1118, #1652, .T. ) ;
#887 = EDGE_LOOP ( 'NONE', ( #806, #134, #1599, #1663 ) ) ;
#888 = ADVANCED_FACE ( 'NONE', ( #1230 ), #1239, .F. ) ;
#889 = CARTESIAN_POINT ( 'NONE',  ( -1.510661008687591345, 28.54038013394584894, 34.01948181964683471 ) ) ;
#890 = DIRECTION ( 'NONE',  ( -0.8660254037844328234, 0.000000000000000000, 0.5000000000000101030 ) ) ;
#891 = UNCERTAINTY_MEASURE_WITH_UNIT (LENGTH_MEASURE( 1.000000000000000082E-05 ), #485, 'distance_accuracy_value', 'NONE');
#892 = CARTESIAN_POINT ( 'NONE',  ( 0.000000000000000000, 0.000000000000000000, 0.000000000000000000 ) ) ;
#893 = LINE ( 'NONE', #1459, #1368 ) ;
#894 = VERTEX_POINT ( 'NONE', #539 ) ;
#895 = AXIS2_PLACEMENT_3D ( 'NONE', #91, #1078, #644 ) ;
#896 = EDGE_CURVE ( 'NONE', #12, #832, #1660, .T. ) ;
#897 = DIRECTION ( 'NONE',  ( 0.000000000000000000, 1.000000000000000000, 0.000000000000000000 ) ) ;
#898 = ORIENTED_EDGE ( 'NONE', *, *, #1482, .F. ) ;
#899 = ORIENTED_EDGE ( 'NONE', *, *, #1644, .T. ) ;
#900 = CARTESIAN_POINT ( 'NONE',  ( -2.027121969342779551, 28.67591741152124030, 34.32531368091974144 ) ) ;
#901 = VECTOR ( 'NONE', #864, 1000.000000000000000 ) ;
#902 = PRESENTATION_LAYER_ASSIGNMENT (  '', '', ( #699 ) ) ;
#903 = SURFACE_STYLE_FILL_AREA ( #342 ) ;
#904 = CARTESIAN_POINT ( 'NONE',  ( 2.588329836470296907, 29.76173457059635297, -33.35678557619808515 ) ) ;
#905 = DIRECTION ( 'NONE',  ( 0.8660254037844363761, 0.000000000000000000, -0.5000000000000039968 ) ) ;
#906 = CARTESIAN_POINT ( 'NONE',  ( -2.324135821055048456, 27.99999999999999645, -34.42362760741976757 ) ) ;
#907 = DIRECTION ( 'NONE',  ( 0.000000000000000000, 0.000000000000000000, -1.000000000000000000 ) ) ;
#908 = ORIENTED_EDGE ( 'NONE', *, *, #1684, .T. ) ;
#909 = ADVANCED_FACE ( 'NONE', ( #1517 ), #1376, .T. ) ;
#910 = ORIENTED_EDGE ( 'NONE', *, *, #503, .F. ) ;
#911 = CARTESIAN_POINT ( 'NONE',  ( -1.439456696439874284, 28.65406674158657196, -33.79071235227193881 ) ) ;
#912 = SURFACE_STYLE_USAGE ( .BOTH. , #1036 ) ;
#913 = CARTESIAN_POINT ( 'NONE',  ( 1.757769840215401391, 28.82231382761068872, -34.29694034442829320 ) ) ;
#914 = CARTESIAN_POINT ( 'NONE',  ( 1.084202172485504434E-16, 27.99999999999999645, 34.44567992468615358 ) ) ;
#915 = EDGE_LOOP ( 'NONE', ( #1222, #1379, #1151, #1183 ) ) ;
#916 = CARTESIAN_POINT ( 'NONE',  ( 2.327952288819375770, 28.26739689911572384, -34.40984607722983668 ) ) ;
#917 = ORIENTED_EDGE ( 'NONE', *, *, #1156, .T. ) ;
#918 = CARTESIAN_POINT ( 'NONE',  ( 28.23414531541522976, 30.00000000000000355, 9.406943160789797531 ) ) ;
#919 = CIRCLE ( 'NONE', #157, 30.25000000000000000 ) ;
#920 = CARTESIAN_POINT ( 'NONE',  ( 5.970420908507097835, 30.00000000000000000, 0.000000000000000000 ) ) ;
#921 = CARTESIAN_POINT ( 'NONE',  ( 2.387469152922404803, 28.94165392810199933, -34.18847444959270376 ) ) ;
#922 = CARTESIAN_POINT ( 'NONE',  ( -28.23414531541516581, 30.00000000000000355, -9.406943160789992930 ) ) ;
#923 = ORIENTED_EDGE ( 'NONE', *, *, #1282, .T. ) ;
#924 = CARTESIAN_POINT ( 'NONE',  ( -32.52667430330951959, 30.00000000000000000, -18.77928416485893237 ) ) ;
#925 = VERTEX_POINT ( 'NONE', #977 ) ;
#926 = EDGE_CURVE ( 'NONE', #1130, #679, #345, .T. ) ;
#927 = AXIS2_PLACEMENT_3D ( 'NONE', #1804, #1509, #1108 ) ;
#928 = CARTESIAN_POINT ( 'NONE',  ( -1.661622598084489422, 28.34754931316723869, -34.44605435069078680 ) ) ;
#929 = VERTEX_POINT ( 'NONE', #1667 ) ;
#930 = DIRECTION ( 'NONE',  ( -0.8660254037844328234, 0.000000000000000000, 0.5000000000000101030 ) ) ;
#931 = AXIS2_PLACEMENT_3D ( 'NONE', #1395, #523, #251 ) ;
#932 = CARTESIAN_POINT ( 'NONE',  ( 2.092007263511088233, 29.63886136606672750, 33.42733929151161476 ) ) ;
#933 = UNCERTAINTY_MEASURE_WITH_UNIT (LENGTH_MEASURE( 1.000000000000000082E-05 ), #1121, 'distance_accuracy_value', 'NONE');
#934 = DIRECTION ( 'NONE',  ( -0.8660254037844328234, 0.000000000000000000, 0.5000000000000101030 ) ) ;
#935 = CARTESIAN_POINT ( 'NONE',  ( -2.395906737326801483, 29.02276416423123706, -34.15703501580730972 ) ) ;
#936 = DIRECTION ( 'NONE',  ( 0.8660254037844397068, 0.000000000000000000, 0.4999999999999979461 ) ) ;
#937 = ORIENTED_EDGE ( 'NONE', *, *, #1217, .T. ) ;
#938 = LINE ( 'NONE', #956, #1429 ) ;
#939 = EDGE_LOOP ( 'NONE', ( #647, #1313, #330, #474 ) ) ;
#940 = CARTESIAN_POINT ( 'NONE',  ( 4.336808689942017736E-16, 30.00000000000000000, -34.50153451497305923 ) ) ;
#941 = CARTESIAN_POINT ( 'NONE',  ( 2.375989270899601991, 29.63886136814525685, 33.58909070170776090 ) ) ;
#942 = LINE ( 'NONE', #268, #1798 ) ;
#943 = CARTESIAN_POINT ( 'NONE',  ( 32.52667430330925669, 0.000000000000000000, -18.77928416485938712 ) ) ;
#944 = PRESENTATION_STYLE_ASSIGNMENT (( #1642 ) ) ;
#945 = CYLINDRICAL_SURFACE ( 'NONE', #598, 1.000000000000000888 ) ;
#946 = CYLINDRICAL_SURFACE ( 'NONE', #602, 1.499999999999904077 ) ;
#947 = AXIS2_PLACEMENT_3D ( 'NONE', #1015, #1274, #1586 ) ;
#948 = CARTESIAN_POINT ( 'NONE',  ( 2.126961469740296096, 29.06501327633875320, 34.12981369731237180 ) ) ;
#949 = CARTESIAN_POINT ( 'NONE',  ( 0.000000000000000000, 30.00000000000000000, 0.000000000000000000 ) ) ;
#950 = UNCERTAINTY_MEASURE_WITH_UNIT (LENGTH_MEASURE( 1.000000000000000082E-05 ), #1238, 'distance_accuracy_value', 'NONE');
#951 = APPLICATION_PROTOCOL_DEFINITION ( 'draft international standard', 'automotive_design', 1998, #716 ) ;
#952 = CARTESIAN_POINT ( 'NONE',  ( -28.66715801730732593, 42.31193336966029506, 9.656943160790193659 ) ) ;
#953 = DIRECTION ( 'NONE',  ( -0.000000000000000000, -1.000000000000000000, -0.000000000000000000 ) ) ;
#954 = DIRECTION ( 'NONE',  ( 0.8660254037844363761, 0.000000000000000000, -0.5000000000000039968 ) ) ;
#955 = ORIENTED_EDGE ( 'NONE', *, *, #1567, .F. ) ;
#956 = CARTESIAN_POINT ( 'NONE',  ( 22.26372440690822785, 42.31193336966029506, 19.74801551689568058 ) ) ;
#957 = VERTEX_POINT ( 'NONE', #1363 ) ;
#958 = DIRECTION ( 'NONE',  ( 0.8660254037844363761, 0.000000000000000000, -0.5000000000000039968 ) ) ;
#959 = DIRECTION ( 'NONE',  ( 0.000000000000000000, 1.000000000000000000, 0.000000000000000000 ) ) ;
#960 =( NAMED_UNIT ( * ) PLANE_ANGLE_UNIT ( ) SI_UNIT ( $, .RADIAN. ) );
#961 = DIRECTION ( 'NONE',  ( 0.000000000000000000, -1.000000000000000000, 0.000000000000000000 ) ) ;
#962 = COLOUR_RGB ( '',0.7921568627450980005, 0.8196078431372548767, 0.9333333333333333481 ) ;
#963 = DIRECTION ( 'NONE',  ( 0.000000000000000000, 0.000000000000000000, -1.000000000000000000 ) ) ;
#964 = DIRECTION ( 'NONE',  ( 0.000000000000000000, -1.000000000000000000, 0.000000000000000000 ) ) ;
#965 = ORIENTED_EDGE ( 'NONE', *, *, #59, .F. ) ;
#966 = ADVANCED_FACE ( 'NONE', ( #111 ), #1542, .F. ) ;
#967 = DIRECTION ( 'NONE',  ( -0.000000000000000000, -1.000000000000000000, -0.000000000000000000 ) ) ;
#968 = EDGE_CURVE ( 'NONE', #204, #825, #1352, .T. ) ;
#969 = ORIENTED_EDGE ( 'NONE', *, *, #858, .F. ) ;
#970 = CARTESIAN_POINT ( 'NONE',  ( 2.681371557804103745, 30.00000000000000000, 32.61035380058392263 ) ) ;
#971 = AXIS2_PLACEMENT_3D ( 'NONE', #1808, #535, #958 ) ;
#972 = DIRECTION ( 'NONE',  ( 0.000000000000000000, 0.000000000000000000, 1.000000000000000000 ) ) ;
#973 = CARTESIAN_POINT ( 'NONE',  ( -2.353851794141426534, 28.65729706718025938, -34.31489351183470404 ) ) ;
#974 =( BOUNDED_SURFACE ( )  B_SPLINE_SURFACE ( 3, 2, ( 
 ( #1767, #604, #209 ),
 ( #464, #1020, #879 ),
 ( #621, #327, #1595 ),
 ( #758, #1045, #1301 ),
 ( #1627, #913, #1474 ),
 ( #1029, #1614, #921 ),
 ( #51, #79, #190 ),
 ( #217, #334, #634 ),
 ( #344, #1194, #354 ),
 ( #774, #470, #1160 ),
 ( #1449, #496, #1458 ),
 ( #1056, #199, #904 ),
 ( #1317, #613, #1329 ),
 ( #364, #1761, #225 ),
 ( #478, #782, #1310 ),
 ( #1340, #1181, #744 ) ),
 .UNSPECIFIED., .F., .F., .T. ) 
 B_SPLINE_SURFACE_WITH_KNOTS ( ( 4, 2, 2, 2, 2, 2, 2, 4 ),
 ( 3, 3 ),
 ( 0.000000000000000000, 0.0002118282437658222032, 0.0004236564875316444065, 0.0006354847312974665555, 0.0008473129750632888129, 0.001059141218829111070, 0.001270969462594933111, 0.001694625950126577626 ),
 ( 0.000000000000000000, 1.000000000000000000 ),
 .UNSPECIFIED. ) 
 GEOMETRIC_REPRESENTATION_ITEM ( )  RATIONAL_B_SPLINE_SURFACE ( (
 ( 1.000000000000000000, 0.8271833653455484825, 1.000000000000000000),
 ( 1.000000000000000000, 0.8271721014549110462, 1.000000000000000000),
 ( 1.000000000000000000, 0.8307070588283118617, 1.000000000000000000),
 ( 1.000000000000000000, 0.8434295652674026478, 1.000000000000000000),
 ( 1.000000000000000000, 0.8527094797262060322, 1.000000000000000000),
 ( 1.000000000000000000, 0.8737012934639427630, 1.000000000000000000),
 ( 1.000000000000000000, 0.8855803760316982576, 1.000000000000000000),
 ( 1.000000000000000000, 0.9092442737478536596, 1.000000000000000000),
 ( 1.000000000000000000, 0.9209199493170387996, 1.000000000000000000),
 ( 1.000000000000000000, 0.9426621863941595514, 1.000000000000000000),
 ( 1.000000000000000000, 0.9526788086332922401, 1.000000000000000000),
 ( 1.000000000000000000, 0.9698420886895093851, 1.000000000000000000),
 ( 1.000000000000000000, 0.9770984485427948174, 1.000000000000000000),
 ( 1.000000000000000000, 0.9945809975954336135, 1.000000000000000000),
 ( 1.000000000000000000, 0.9999850309735074383, 1.000000000000000000),
 ( 1.000000000000000000, 1.000000000000000000, 1.000000000000000000) ) ) 
 REPRESENTATION_ITEM ( '' )  SURFACE ( )  );
#975 = VERTEX_POINT ( 'NONE', #521 ) ;
#976 = CARTESIAN_POINT ( 'NONE',  ( -1.964225604963708571, 30.00000000000000000, 34.44203813838840489 ) ) ;
#977 = CARTESIAN_POINT ( 'NONE',  ( -28.66715801730738633, 30.00000000000000000, -9.656943160789992930 ) ) ;
#978 = EDGE_CURVE ( 'NONE', #873, #1219, #673, .T. ) ;
#979 = CARTESIAN_POINT ( 'NONE',  ( 5.970420908507097835, 0.000000000000000000, 0.000000000000000000 ) ) ;
#980 = CIRCLE ( 'NONE', #363, 3.500000000000016875 ) ;
#981 = SURFACE_STYLE_USAGE ( .BOTH. , #856 ) ;
#982 = DIRECTION ( 'NONE',  ( 0.000000000000000000, -1.000000000000000000, -0.000000000000000000 ) ) ;
#983 = ADVANCED_FACE ( 'NONE', ( #1246 ), #665, .T. ) ;
#984 = CARTESIAN_POINT ( 'NONE',  ( 2.455074152022566736, 29.90460248784351904, 32.94580575658332577 ) ) ;
#985 = VERTEX_POINT ( 'NONE', #420 ) ;
#986 = PRODUCT_DEFINITION_SHAPE ( 'NONE', 'NONE',  #4 ) ;
#987 = CARTESIAN_POINT ( 'NONE',  ( -1.964225614587291169, 28.14545051621880134, 34.44203813783959589 ) ) ;
#988 = AXIS2_PLACEMENT_3D ( 'NONE', #118, #1676, #1380 ) ;
#989 = DIRECTION ( 'NONE',  ( 0.000000000000000000, 0.000000000000000000, 1.000000000000000000 ) ) ;
#990 = CARTESIAN_POINT ( 'NONE',  ( -2.256769565372296338, 0.000000000000000000, -33.42589929390185688 ) ) ;
#991 =( GEOMETRIC_REPRESENTATION_CONTEXT ( 3 ) GLOBAL_UNCERTAINTY_ASSIGNED_CONTEXT ( ( #612 ) ) GLOBAL_UNIT_ASSIGNED_CONTEXT ( ( #104, #414, #1387 ) ) REPRESENTATION_CONTEXT ( 'NONE', 'WORKASPACE' ) );
#992 = DIRECTION ( 'NONE',  ( 0.000000000000000000, 1.000000000000000000, 0.000000000000000000 ) ) ;
#993 = LINE ( 'NONE', #145, #739 ) ;
#994 = ORIENTED_EDGE ( 'NONE', *, *, #49, .T. ) ;
#995 = SURFACE_SIDE_STYLE ('',( #861 ) ) ;
#996 = CARTESIAN_POINT ( 'NONE',  ( -28.66715801730738633, 0.000000000000000000, -9.656943160789992930 ) ) ;
#997 = DIRECTION ( 'NONE',  ( 0.000000000000000000, 1.000000000000000000, -0.000000000000000000 ) ) ;
#998 = CARTESIAN_POINT ( 'NONE',  ( 0.000000000000000000, 0.000000000000000000, 0.000000000000000000 ) ) ;
#999 = EDGE_LOOP ( 'NONE', ( #64, #468, #1323, #853 ) ) ;
#1000 = CARTESIAN_POINT ( 'NONE',  ( -2.375989270899809380, 29.63886136814634753, 33.58909070170656008 ) ) ;
#1001 = AXIS2_PLACEMENT_3D ( 'NONE', #9, #595, #583 ) ;
#1002 = CARTESIAN_POINT ( 'NONE',  ( -32.52667430330939879, 42.31193336966029506, 18.77928416485915974 ) ) ;
#1003 = EDGE_CURVE ( 'NONE', #482, #1609, #631, .T. ) ;
#1004 = CARTESIAN_POINT ( 'NONE',  ( 1.935758567210607239, 0.000000000000000000, 33.94284916839650634 ) ) ;
#1005 = VECTOR ( 'NONE', #1175, 1000.000000000000000 ) ;
#1006 = CLOSED_SHELL ( 'NONE', ( #1390, #128, #23, #246, #1574, #983 ) ) ;
#1007 = EDGE_LOOP ( 'NONE', ( #1033, #172, #1315, #58 ) ) ;
#1008 = DIRECTION ( 'NONE',  ( 0.000000000000000000, 0.000000000000000000, -1.000000000000000000 ) ) ;
#1009 = AXIS2_PLACEMENT_3D ( 'NONE', #694, #558, #963 ) ;
#1010 = PRESENTATION_STYLE_ASSIGNMENT (( #981 ) ) ;
#1011 = VECTOR ( 'NONE', #62, 1000.000000000000000 ) ;
#1012 = AXIS2_PLACEMENT_3D ( 'NONE', #361, #214, #1749 ) ;
#1013 = ADVANCED_FACE ( 'NONE', ( #1227 ), #1802, .T. ) ;
#1014 = ORIENTED_EDGE ( 'NONE', *, *, #6, .T. ) ;
#1015 = CARTESIAN_POINT ( 'NONE',  ( 0.000000000000000000, 0.000000000000000000, 0.000000000000000000 ) ) ;
#1016 = MANIFOLD_SOLID_BREP ( 'CirPattern2[1]', #1543 ) ;
#1017 = CARTESIAN_POINT ( 'NONE',  ( 1.554897504270378317, 27.99999999999999645, 34.46538071844586426 ) ) ;
#1018 = EDGE_CURVE ( 'NONE', #1177, #725, #1722, .T. ) ;
#1019 = CARTESIAN_POINT ( 'NONE',  ( 1.681397792150369996, 29.24219006696224810, -33.59262425976430677 ) ) ;
#1020 = CARTESIAN_POINT ( 'NONE',  ( 1.646347122882660496, 28.17669395708248103, -34.46939161018131870 ) ) ;
#1021 = MANIFOLD_SOLID_BREP ( 'CirPattern2[2]', #1294 ) ;
#1022 = ADVANCED_FACE ( 'NONE', ( #300 ), #653, .F. ) ;
#1023 = ADVANCED_FACE ( 'NONE', ( #15 ), #650, .T. ) ;
#1024 = ORIENTED_EDGE ( 'NONE', *, *, #1549, .F. ) ;
#1025 = ORIENTED_EDGE ( 'NONE', *, *, #632, .F. ) ;
#1026 = DIRECTION ( 'NONE',  ( 0.000000000000000000, 0.000000000000000000, -1.000000000000000000 ) ) ;
#1027 = CARTESIAN_POINT ( 'NONE',  ( 1.554897522104609076, 28.17007184161315081, 34.46538069679189675 ) ) ;
#1028 = ADVANCED_FACE ( 'NONE', ( #1179 ), #1480, .F. ) ;
#1029 = CARTESIAN_POINT ( 'NONE',  ( 1.538959463752856527, 28.94165392754904076, -33.71060467976053587 ) ) ;
#1030 = CARTESIAN_POINT ( 'NONE',  ( -2.738352559219399129, 29.99999999999999645, -32.63760461333474439 ) ) ;
#1031 = EDGE_LOOP ( 'NONE', ( #868, #1101, #1695, #788 ) ) ;
#1032 = CARTESIAN_POINT ( 'NONE',  ( 0.000000000000000000, 30.00000000000000000, 0.000000000000000000 ) ) ;
#1033 = ORIENTED_EDGE ( 'NONE', *, *, #68, .F. ) ;
#1034 = LINE ( 'NONE', #192, #1211 ) ;
#1035 = CARTESIAN_POINT ( 'NONE',  ( 5.970420908507097835, 42.31193336966029506, -29.15495867768594707 ) ) ;
#1036 = SURFACE_SIDE_STYLE ('',( #1483 ) ) ;
#1037 = CARTESIAN_POINT ( 'NONE',  ( -2.324135821055048456, 27.99999999999999645, -34.42362760741976757 ) ) ;
#1038 = CARTESIAN_POINT ( 'NONE',  ( -5.970420908507097835, 0.000000000000000000, -29.65495867768594707 ) ) ;
#1039 = ORIENTED_EDGE ( 'NONE', *, *, #840, .T. ) ;
#1040 = CIRCLE ( 'NONE', #517, 34.50000000000000711 ) ;
#1041 = CYLINDRICAL_SURFACE ( 'NONE', #1451, 30.25000000000000711 ) ;
#1042 = ORIENTED_EDGE ( 'NONE', *, *, #1349, .F. ) ;
#1043 = CARTESIAN_POINT ( 'NONE',  ( -1.407410119921504110, 28.52540564866235684, -33.81548630487758800 ) ) ;
#1044 = AXIS2_PLACEMENT_3D ( 'NONE', #1110, #1794, #1080 ) ;
#1045 = CARTESIAN_POINT ( 'NONE',  ( 1.717480856563079028, 28.67117263494346346, -34.35963029327584906 ) ) ;
#1046 = CARTESIAN_POINT ( 'NONE',  ( 1.972462559639093227, 28.27628480348665718, 34.42709957262260190 ) ) ;
#1047 = ORIENTED_EDGE ( 'NONE', *, *, #1743, .T. ) ;
#1048 = ORIENTED_EDGE ( 'NONE', *, *, #1820, .F. ) ;
#1049 = ADVANCED_FACE ( 'NONE', ( #640 ), #1337, .T. ) ;
#1050 = CARTESIAN_POINT ( 'NONE',  ( 0.000000000000000000, 8.000000000000000000, 0.000000000000000000 ) ) ;
#1051 = ORIENTED_EDGE ( 'NONE', *, *, #1425, .F. ) ;
#1052 = EDGE_LOOP ( 'NONE', ( #233, #299, #994, #1113 ) ) ;
#1053 = CARTESIAN_POINT ( 'NONE',  ( -1.545676014022152822, 28.67167103032555886, 33.98960398403592365 ) ) ;
#1054 = CARTESIAN_POINT ( 'NONE',  ( 28.66715801730745383, 30.00000000000000000, 9.656943160789792202 ) ) ;
#1055 = UNCERTAINTY_MEASURE_WITH_UNIT (LENGTH_MEASURE( 1.000000000000000082E-05 ), #1563, 'distance_accuracy_value', 'NONE');
#1056 = CARTESIAN_POINT ( 'NONE',  ( 2.148602964379761726, 29.76173456995947930, -33.13734667332651185 ) ) ;
#1057 = CARTESIAN_POINT ( 'NONE',  ( 28.66715801730725133, 42.31193336966029506, -9.656943160790394387 ) ) ;
#1058 = FACE_OUTER_BOUND ( 'NONE', #1590, .T. ) ;
#1059 = VERTEX_POINT ( 'NONE', #918 ) ;
#1060 = CARTESIAN_POINT ( 'NONE',  ( -1.646347091772297988, 27.99999999999999289, -34.46939165783019376 ) ) ;
#1061 = CARTESIAN_POINT ( 'NONE',  ( 2.985210454253609313, 42.31193336966029506, 5.170536178052879350 ) ) ;
#1062 = AXIS2_PLACEMENT_3D ( 'NONE', #1600, #367, #1487 ) ;
#1063 = DIRECTION ( 'NONE',  ( 0.000000000000000000, 1.000000000000000000, -0.000000000000000000 ) ) ;
#1064 = CARTESIAN_POINT ( 'NONE',  ( 2.239719958591812610, 29.77200507397850870, 33.24414445953982522 ) ) ;
#1065 = CARTESIAN_POINT ( 'NONE',  ( 2.003779302008156016, 28.54430681153742100, 34.36901687825342577 ) ) ;
#1066 = ORIENTED_EDGE ( 'NONE', *, *, #325, .T. ) ;
#1067 = CARTESIAN_POINT ( 'NONE',  ( 2.684288150133209427, 29.94920198394412125, -32.91015654438982807 ) ) ;
#1068 = ORIENTED_EDGE ( 'NONE', *, *, #1256, .T. ) ;
#1069 = CIRCLE ( 'NONE', #286, 0.5000000000000004441 ) ;
#1070 = DIRECTION ( 'NONE',  ( -0.000000000000000000, -1.000000000000000000, -0.000000000000000000 ) ) ;
#1071 = ORIENTED_EDGE ( 'NONE', *, *, #1349, .T. ) ;
#1072 = FACE_OUTER_BOUND ( 'NONE', #46, .T. ) ;
#1073 = DIRECTION ( 'NONE',  ( 0.000000000000000000, 0.000000000000000000, -1.000000000000000000 ) ) ;
#1075 = FILL_AREA_STYLE ('',( #1788 ) ) ;
#1074 =( GEOMETRIC_REPRESENTATION_CONTEXT ( 3 ) GLOBAL_UNCERTAINTY_ASSIGNED_CONTEXT ( ( #933 ) ) GLOBAL_UNIT_ASSIGNED_CONTEXT ( ( #1121, #1441, #1423 ) ) REPRESENTATION_CONTEXT ( 'NONE', 'WORKASPACE' ) );
#1076 = MECHANICAL_DESIGN_GEOMETRIC_PRESENTATION_REPRESENTATION (  '', ( #437 ), #1709 ) ;
#1077 = LINE ( 'NONE', #1097, #1579 ) ;
#1078 = DIRECTION ( 'NONE',  ( 1.000000000000000000, 0.000000000000000000, 0.000000000000000000 ) ) ;
#1079 = DIRECTION ( 'NONE',  ( 0.000000000000000000, 1.000000000000000000, 0.000000000000000000 ) ) ;
#1080 = DIRECTION ( 'NONE',  ( 0.000000000000000000, 0.000000000000000000, 1.000000000000000000 ) ) ;
#1081 = ORIENTED_EDGE ( 'NONE', *, *, #757, .F. ) ;
#1082 = EDGE_CURVE ( 'NONE', #883, #1582, #347, .T. ) ;
#1083 = EDGE_CURVE ( 'NONE', #351, #929, #1422, .T. ) ;
#1084 = DIRECTION ( 'NONE',  ( 0.000000000000000000, 0.000000000000000000, 1.000000000000000000 ) ) ;
#1085 = CARTESIAN_POINT ( 'NONE',  ( 1.451818925407961203, 28.13812704667237696, 34.06855685746891282 ) ) ;
#1086 = DIRECTION ( 'NONE',  ( -0.000000000000000000, -1.000000000000000000, -0.000000000000000000 ) ) ;
#1087 = DIRECTION ( 'NONE',  ( -0.8660254037844433705, 0.000000000000000000, -0.4999999999999919509 ) ) ;
#1088 = VERTEX_POINT ( 'NONE', #1809 ) ;
#1089 = DIRECTION ( 'NONE',  ( 0.000000000000000000, -1.000000000000000000, 0.000000000000000000 ) ) ;
#1090 = EDGE_LOOP ( 'NONE', ( #543, #1288, #213, #1545 ) ) ;
#1091 = CARTESIAN_POINT ( 'NONE',  ( -2.357210436248798668, 28.69222519587396292, -34.30245882861629525 ) ) ;
#1092 = ORIENTED_EDGE ( 'NONE', *, *, #241, .T. ) ;
#1093 = AXIS2_PLACEMENT_3D ( 'NONE', #1781, #1343, #1312 ) ;
#1094 = CARTESIAN_POINT ( 'NONE',  ( 2.709500333686171825, 29.99999998992470651, 32.62321669331198137 ) ) ;
#1095 = CARTESIAN_POINT ( 'NONE',  ( 0.000000000000000000, 42.31193336966029506, 0.000000000000000000 ) ) ;
#1096 = CLOSED_SHELL ( 'NONE', ( #1691, #681, #776, #1143, #48, #1358 ) ) ;
#1097 = CARTESIAN_POINT ( 'NONE',  ( -2.985210454253500956, 30.00000000000000000, 5.170536178052942411 ) ) ;
#1098 = CARTESIAN_POINT ( 'NONE',  ( -5.970420908507097835, 42.31193336966029506, 29.65495867768594707 ) ) ;
#1099 = DIRECTION ( 'NONE',  ( 0.8660254037844363761, 0.000000000000000000, -0.5000000000000039968 ) ) ;
#1100 = EDGE_CURVE ( 'NONE', #1344, #1234, #742, .T. ) ;
#1101 = ORIENTED_EDGE ( 'NONE', *, *, #1180, .T. ) ;
#1102 = DIRECTION ( 'NONE',  ( 0.000000000000000000, 0.000000000000000000, -1.000000000000000000 ) ) ;
#1103 = VECTOR ( 'NONE', #1070, 1000.000000000000000 ) ;
#1104 = ORIENTED_EDGE ( 'NONE', *, *, #1216, .T. ) ;
#1105 = CARTESIAN_POINT ( 'NONE',  ( -28.23414531541516581, 0.000000000000000000, -9.406943160789992930 ) ) ;
#1106 = SURFACE_STYLE_FILL_AREA ( #1075 ) ;
#1107 = STYLED_ITEM ( 'NONE', ( #1010 ), #1641 ) ;
#1108 = DIRECTION ( 'NONE',  ( 0.000000000000000000, 0.000000000000000000, 1.000000000000000000 ) ) ;
#1109 = AXIS2_PLACEMENT_3D ( 'NONE', #837, #1401, #847 ) ;
#1110 = CARTESIAN_POINT ( 'NONE',  ( 4.336808689942017736E-16, 27.99999999999999645, -34.50153451497305923 ) ) ;
#1111 = ORIENTED_EDGE ( 'NONE', *, *, #1003, .T. ) ;
#1112 = DIRECTION ( 'NONE',  ( 0.000000000000000000, -1.000000000000000000, 0.000000000000000000 ) ) ;
#1113 = ORIENTED_EDGE ( 'NONE', *, *, #1541, .F. ) ;
#1114 = FACE_OUTER_BOUND ( 'NONE', #1280, .T. ) ;
#1115 = EDGE_CURVE ( 'NONE', #957, #929, #674, .T. ) ;
#1116 = CARTESIAN_POINT ( 'NONE',  ( -2.514514135977927722, 29.54996551490716783, -33.67882668325519546 ) ) ;
#1117 = CARTESIAN_POINT ( 'NONE',  ( 0.000000000000000000, 8.000000000000000000, 0.000000000000000000 ) ) ;
#1118 = VERTEX_POINT ( 'NONE', #1649 ) ;
#1119 = CARTESIAN_POINT ( 'NONE',  ( -1.637899488758714606, 28.64313390079268018, 34.36307237350381882 ) ) ;
#1120 = CARTESIAN_POINT ( 'NONE',  ( 5.970420908507097835, 42.31193336966029506, 29.65495867768594707 ) ) ;
#1121 =( LENGTH_UNIT ( ) NAMED_UNIT ( * ) SI_UNIT ( .MILLI., .METRE. ) );
#1122 = CARTESIAN_POINT ( 'NONE',  ( -2.785551700919112417, 30.00000000000000000, -32.38240692997351999 ) ) ;
#1123 = CARTESIAN_POINT ( 'NONE',  ( -32.52667430330951959, 42.31193336966029506, -18.77928416485893237 ) ) ;
#1124 = ORIENTED_EDGE ( 'NONE', *, *, #1482, .T. ) ;
#1125 = CARTESIAN_POINT ( 'NONE',  ( -1.788376263272985822, 29.04274561519707021, 34.16857803069029842 ) ) ;
#1126 = CIRCLE ( 'NONE', #1790, 10.30856832971801573 ) ;
#1127 = DIRECTION ( 'NONE',  ( 0.000000000000000000, 1.000000000000000000, -0.000000000000000000 ) ) ;
#1128 = DIRECTION ( 'NONE',  ( 0.000000000000000000, 0.000000000000000000, 1.000000000000000000 ) ) ;
#1129 = FACE_OUTER_BOUND ( 'NONE', #880, .T. ) ;
#1130 = VERTEX_POINT ( 'NONE', #244 ) ;
#1131 = CARTESIAN_POINT ( 'NONE',  ( -1.820410149047216652, 29.27902302091919395, 33.72711490004866164 ) ) ;
#1132 = LINE ( 'NONE', #1438, #216 ) ;
#1133 = CARTESIAN_POINT ( 'NONE',  ( 1.354061739223346494, 27.99999999999999645, -33.85615338233036198 ) ) ;
#1134 = STYLED_ITEM ( 'NONE', ( #765 ), #417 ) ;
#1135 = VERTEX_POINT ( 'NONE', #1361 ) ;
#1136 = DIRECTION ( 'NONE',  ( -0.8660254037844433705, 0.000000000000000000, -0.4999999999999919509 ) ) ;
#1137 = ORIENTED_EDGE ( 'NONE', *, *, #827, .F. ) ;
#1138 = AXIS2_PLACEMENT_3D ( 'NONE', #429, #302, #1572 ) ;
#1139 = DIRECTION ( 'NONE',  ( 0.8660254037844397068, 0.000000000000000000, 0.4999999999999979461 ) ) ;
#1140 = PRODUCT_DEFINITION_CONTEXT ( 'detailed design', #1178, 'design' ) ;
#1141 = CARTESIAN_POINT ( 'NONE',  ( -22.69673710880017836, 30.00000000000000000, 19.99801551689600032 ) ) ;
#1142 = TOROIDAL_SURFACE ( 'NONE', #1176, 23.25000000000000000, 7.000000000000000000 ) ;
#1143 = ADVANCED_FACE ( 'NONE', ( #651 ), #385, .T. ) ;
#1144 = ADVANCED_FACE ( 'NONE', ( #1370 ), #946, .F. ) ;
#1145 = EDGE_LOOP ( 'NONE', ( #1463, #1039, #1357, #671 ) ) ;
#1146 = FILL_AREA_STYLE_COLOUR ( '', #409 ) ;
#1147 = CARTESIAN_POINT ( 'NONE',  ( 1.964225604963708793, 27.99999999999999645, 34.44203813838839778 ) ) ;
#1148 = EDGE_CURVE ( 'NONE', #493, #482, #1404, .T. ) ;
#1149 = ADVANCED_FACE ( 'NONE', ( #1072 ), #109, .F. ) ;
#1150 = CARTESIAN_POINT ( 'NONE',  ( 5.970420908507097835, 0.000000000000000000, 0.000000000000000000 ) ) ;
#1151 = ORIENTED_EDGE ( 'NONE', *, *, #827, .T. ) ;
#1152 = VECTOR ( 'NONE', #953, 1000.000000000000000 ) ;
#1153 =( GEOMETRIC_REPRESENTATION_CONTEXT ( 3 ) GLOBAL_UNCERTAINTY_ASSIGNED_CONTEXT ( ( #1506 ) ) GLOBAL_UNIT_ASSIGNED_CONTEXT ( ( #2, #659, #1727 ) ) REPRESENTATION_CONTEXT ( 'NONE', 'WORKASPACE' ) );
#1154 = CARTESIAN_POINT ( 'NONE',  ( 5.970420908507097835, 30.00000000000000000, 29.65495867768594707 ) ) ;
#1155 = ORIENTED_EDGE ( 'NONE', *, *, #537, .T. ) ;
#1156 = EDGE_CURVE ( 'NONE', #1609, #1471, #815, .T. ) ;
#1157 = CARTESIAN_POINT ( 'NONE',  ( -2.821938808049769598, 30.00000000000000000, 32.37525451824843969 ) ) ;
#1158 = DIRECTION ( 'NONE',  ( -0.8660254037844397068, 0.000000000000000000, -0.4999999999999979461 ) ) ;
#1159 = PLANE ( 'NONE',  #1427 ) ;
#1160 = CARTESIAN_POINT ( 'NONE',  ( 2.514514135977909515, 29.54996551490728862, -33.67882668325508178 ) ) ;
#1161 = VERTEX_POINT ( 'NONE', #709 ) ;
#1162 = ORIENTED_EDGE ( 'NONE', *, *, #1224, .T. ) ;
#1163 = ADVANCED_FACE ( 'NONE', ( #1129 ), #1408, .T. ) ;
#1164 = CARTESIAN_POINT ( 'NONE',  ( 2.395903839969372395, 29.02274439068453660, -34.15704604160986690 ) ) ;
#1165 = ORIENTED_EDGE ( 'NONE', *, *, #1827, .F. ) ;
#1166 = DIRECTION ( 'NONE',  ( 0.8660254037844328234, 0.000000000000000000, -0.5000000000000101030 ) ) ;
#1167 = VERTEX_POINT ( 'NONE', #443 ) ;
#1168 = CARTESIAN_POINT ( 'NONE',  ( -2.821938808049768710, 30.00000000000000000, 32.37525451824843969 ) ) ;
#1169 = LINE ( 'NONE', #920, #1631 ) ;
#1170 = CARTESIAN_POINT ( 'NONE',  ( 1.973161831127150823, 28.28717102073164114, 34.42583673153084334 ) ) ;
#1171 = DIRECTION ( 'NONE',  ( 0.000000000000000000, -1.000000000000000000, 0.000000000000000000 ) ) ;
#1172 = CARTESIAN_POINT ( 'NONE',  ( 5.970420908507097835, 0.000000000000000000, 29.15495867768594707 ) ) ;
#1173 = VERTEX_POINT ( 'NONE', #852 ) ;
#1174 = ORIENTED_EDGE ( 'NONE', *, *, #582, .F. ) ;
#1175 = DIRECTION ( 'NONE',  ( -0.000000000000000000, -1.000000000000000000, 0.000000000000000000 ) ) ;
#1176 = AXIS2_PLACEMENT_3D ( 'NONE', #1117, #7, #1712 ) ;
#1177 = VERTEX_POINT ( 'NONE', #1550 ) ;
#1178 = APPLICATION_CONTEXT ( 'automotive_design' ) ;
#1179 = FACE_OUTER_BOUND ( 'NONE', #778, .T. ) ;
#1180 = EDGE_CURVE ( 'NONE', #1584, #97, #993, .T. ) ;
#1181 = CARTESIAN_POINT ( 'NONE',  ( 2.785551700919113305, 30.00000000000000000, -32.38240692997351999 ) ) ;
#1182 = DIRECTION ( 'NONE',  ( 0.000000000000000000, 0.000000000000000000, -1.000000000000000000 ) ) ;
#1183 = ORIENTED_EDGE ( 'NONE', *, *, #1827, .T. ) ;
#1184 = EDGE_LOOP ( 'NONE', ( #384, #691, #1575, #1591 ) ) ;
#1185 = VECTOR ( 'NONE', #1801, 1000.000000000000000 ) ;
#1186 = DIRECTION ( 'NONE',  ( 0.000000000000000000, -1.000000000000000000, -0.000000000000000000 ) ) ;
#1187 = ORIENTED_EDGE ( 'NONE', *, *, #519, .F. ) ;
#1188 = COLOUR_RGB ( '',0.7921568627450980005, 0.8196078431372548767, 0.9333333333333333481 ) ;
#1189 = ORIENTED_EDGE ( 'NONE', *, *, #1498, .T. ) ;
#1190 = CARTESIAN_POINT ( 'NONE',  ( -1.964225604963708571, 27.99999999999999645, 34.44203813838840489 ) ) ;
#1191 =( GEOMETRIC_REPRESENTATION_CONTEXT ( 3 ) GLOBAL_UNCERTAINTY_ASSIGNED_CONTEXT ( ( #950 ) ) GLOBAL_UNIT_ASSIGNED_CONTEXT ( ( #1238, #960, #798 ) ) REPRESENTATION_CONTEXT ( 'NONE', 'WORKASPACE' ) );
#1192 = EDGE_CURVE ( 'NONE', #1088, #1088, #919, .T. ) ;
#1193 =( NAMED_UNIT ( * ) SI_UNIT ( $, .STERADIAN. ) SOLID_ANGLE_UNIT ( ) );
#1194 = CARTESIAN_POINT ( 'NONE',  ( 2.071401862603720279, 29.49651201399974809, -33.78420070000384356 ) ) ;
#1195 = CARTESIAN_POINT ( 'NONE',  ( 2.985210454253573786, 0.000000000000000000, 5.170536178052902443 ) ) ;
#1196 = ORIENTED_EDGE ( 'NONE', *, *, #1688, .F. ) ;
#1197 = PLANE ( 'NONE',  #424 ) ;
#1198 = EDGE_LOOP ( 'NONE', ( #1472, #1296, #1774, #660 ) ) ;
#1199 = VECTOR ( 'NONE', #797, 1000.000000000000000 ) ;
#1200 = FACE_OUTER_BOUND ( 'NONE', #1795, .T. ) ;
#1201 = CARTESIAN_POINT ( 'NONE',  ( -1.681397792150364889, 29.24219006696225520, -33.59262425976431388 ) ) ;
#1202 = DIRECTION ( 'NONE',  ( 0.000000000000000000, 1.000000000000000000, -0.000000000000000000 ) ) ;
#1203 = DIRECTION ( 'NONE',  ( -0.000000000000000000, -1.000000000000000000, -0.000000000000000000 ) ) ;
#1204 = CARTESIAN_POINT ( 'NONE',  ( 32.52667430330964748, 0.000000000000000000, 18.77928416485870855 ) ) ;
#1205 = DIRECTION ( 'NONE',  ( -0.000000000000000000, -1.000000000000000000, 0.000000000000000000 ) ) ;
#1206 = ORIENTED_EDGE ( 'NONE', *, *, #1583, .T. ) ;
#1207 = ADVANCED_FACE ( 'NONE', ( #1415, #717 ), #1142, .F. ) ;
#1208 = FACE_OUTER_BOUND ( 'NONE', #356, .T. ) ;
#1209 = VERTEX_POINT ( 'NONE', #578 ) ;
#1210 = CARTESIAN_POINT ( 'NONE',  ( -2.751907401066483239, 29.99999999999998934, 32.49233746857459693 ) ) ;
#1211 = VECTOR ( 'NONE', #1332, 1000.000000000000000 ) ;
#1212 = CIRCLE ( 'NONE', #252, 10.30856832971801573 ) ;
#1213 = CYLINDRICAL_SURFACE ( 'NONE', #1638, 1.000000000000000888 ) ;
#1214 = CARTESIAN_POINT ( 'NONE',  ( 2.365815953895060275, 29.62230043366175636, 33.61297397805285669 ) ) ;
#1215 = CARTESIAN_POINT ( 'NONE',  ( 32.52667430330964748, 42.31193336966029506, 18.77928416485870855 ) ) ;
#1216 = EDGE_CURVE ( 'NONE', #1263, #883, #1540, .T. ) ;
#1217 = EDGE_CURVE ( 'NONE', #1167, #1130, #1132, .T. ) ;
#1218 = DIRECTION ( 'NONE',  ( -0.8660254037844363761, 0.000000000000000000, 0.5000000000000039968 ) ) ;
#1219 = VERTEX_POINT ( 'NONE', #175 ) ;
#1220 = AXIS2_PLACEMENT_3D ( 'NONE', #92, #712, #574 ) ;
#1221 = CARTESIAN_POINT ( 'NONE',  ( -2.446081066885997135, 29.27586727985605108, -33.95995827035098813 ) ) ;
#1222 = ORIENTED_EDGE ( 'NONE', *, *, #658, .T. ) ;
#1223 = CARTESIAN_POINT ( 'NONE',  ( 1.804635369301418990, 29.25378774484348554, 33.74340383227004025 ) ) ;
#1224 = EDGE_CURVE ( 'NONE', #929, #1471, #980, .T. ) ;
#1225 = CARTESIAN_POINT ( 'NONE',  ( 2.467861316369758917, 29.77200507376018734, 33.36743812895502970 ) ) ;
#1227 = FACE_OUTER_BOUND ( 'NONE', #881, .T. ) ;
#1226 = MECHANICAL_DESIGN_GEOMETRIC_PRESENTATION_REPRESENTATION (  '', ( #1107 ), #1074 ) ;
#1228 = AXIS2_PLACEMENT_3D ( 'NONE', #949, #557, #1374 ) ;
#1229 = APPLICATION_PROTOCOL_DEFINITION ( 'draft international standard', 'automotive_design', 1998, #1178 ) ;
#1230 = FACE_OUTER_BOUND ( 'NONE', #887, .T. ) ;
#1231 = DIRECTION ( 'NONE',  ( 0.5000000000000039968, 0.000000000000000000, 0.8660254037844363761 ) ) ;
#1232 = CARTESIAN_POINT ( 'NONE',  ( -32.52667430330951959, 0.000000000000000000, -18.77928416485893237 ) ) ;
#1233 = CARTESIAN_POINT ( 'NONE',  ( -1.354061736522047310, 28.14346556681116240, -33.85615337666281732 ) ) ;
#1234 = VERTEX_POINT ( 'NONE', #16 ) ;
#1235 = CARTESIAN_POINT ( 'NONE',  ( 1.553614949060275308, 28.69839634007920282, 33.98269307872459422 ) ) ;
#1236 = PRESENTATION_STYLE_ASSIGNMENT (( #1651 ) ) ;
#1237 = EDGE_CURVE ( 'NONE', #400, #679, #735, .T. ) ;
#1238 =( LENGTH_UNIT ( ) NAMED_UNIT ( * ) SI_UNIT ( .MILLI., .METRE. ) );
#1239 = PLANE ( 'NONE',  #167 ) ;
#1240 = DIRECTION ( 'NONE',  ( 0.8660254037844363761, 0.000000000000000000, -0.5000000000000039968 ) ) ;
#1241 = SURFACE_SIDE_STYLE ('',( #124 ) ) ;
#1242 = EDGE_LOOP ( 'NONE', ( #137, #1453, #955, #597 ) ) ;
#1243 = DIRECTION ( 'NONE',  ( -0.000000000000000000, -1.000000000000000000, 0.000000000000000000 ) ) ;
#1244 = EDGE_LOOP ( 'NONE', ( #1426, #263, #1277, #965 ) ) ;
#1245 = CARTESIAN_POINT ( 'NONE',  ( 2.737708371174996991, 30.00000000000000000, 32.63592024326913332 ) ) ;
#1246 = FACE_OUTER_BOUND ( 'NONE', #915, .T. ) ;
#1247 = ADVANCED_FACE ( 'NONE', ( #39 ), #1715, .F. ) ;
#1248 = DIRECTION ( 'NONE',  ( -0.8660254037844432595, 0.000000000000000000, -0.4999999999999919509 ) ) ;
#1249 = LINE ( 'NONE', #1819, #1431 ) ;
#1250 = EDGE_LOOP ( 'NONE', ( #257, #1823, #763, #1155 ) ) ;
#1251 = CARTESIAN_POINT ( 'NONE',  ( -2.785551700919113305, 30.00000000000000000, -32.38240692997352710 ) ) ;
#1252 = CIRCLE ( 'NONE', #141, 30.25000000000000000 ) ;
#1253 = EDGE_LOOP ( 'NONE', ( #14, #1520, #288, #451 ) ) ;
#1254 = ORIENTED_EDGE ( 'NONE', *, *, #632, .T. ) ;
#1255 = DIRECTION ( 'NONE',  ( -0.000000000000000000, -1.000000000000000000, 0.000000000000000000 ) ) ;
#1256 = EDGE_CURVE ( 'NONE', #86, #306, #450, .T. ) ;
#1257 = DIRECTION ( 'NONE',  ( 0.000000000000000000, 1.000000000000000000, 0.000000000000000000 ) ) ;
#1258 = CARTESIAN_POINT ( 'NONE',  ( -32.52667430330939879, 30.00000000000000000, 18.77928416485915974 ) ) ;
#1259 = DIRECTION ( 'NONE',  ( 0.000000000000000000, 0.000000000000000000, 1.000000000000000000 ) ) ;
#1260 = CYLINDRICAL_SURFACE ( 'NONE', #182, 30.25000000000000000 ) ;
#1261 = CARTESIAN_POINT ( 'NONE',  ( -1.779114868632202473, 29.37353292284308282, -33.50206804071677880 ) ) ;
#1262 = DIRECTION ( 'NONE',  ( 0.000000000000000000, 1.000000000000000000, -0.000000000000000000 ) ) ;
#1263 = VERTEX_POINT ( 'NONE', #1554 ) ;
#1264 = CARTESIAN_POINT ( 'NONE',  ( -2.245560368102026416, 29.37585395415639056, 33.88095424230097308 ) ) ;
#1265 = AXIS2_PLACEMENT_3D ( 'NONE', #1756, #1607, #348 ) ;
#1266 = PLANE ( 'NONE',  #1001 ) ;
#1267 = DIRECTION ( 'NONE',  ( 0.000000000000000000, 1.000000000000000000, -0.000000000000000000 ) ) ;
#1268 = DIRECTION ( 'NONE',  ( 0.8660254037844362651, 0.000000000000000000, -0.5000000000000041078 ) ) ;
#1269 = CARTESIAN_POINT ( 'NONE',  ( 2.678104315894192400, 29.98782767902777735, 32.61072243016666761 ) ) ;
#1270 = ORIENTED_EDGE ( 'NONE', *, *, #1481, .T. ) ;
#1271 = VECTOR ( 'NONE', #440, 1000.000000000000000 ) ;
#1272 = CARTESIAN_POINT ( 'NONE',  ( -2.592053241195596769, 29.95861029391651087, 32.86232861239626146 ) ) ;
#1273 = VECTOR ( 'NONE', #934, 1000.000000000000000 ) ;
#1274 = DIRECTION ( 'NONE',  ( 0.000000000000000000, 1.000000000000000000, 0.000000000000000000 ) ) ;
#1275 = CARTESIAN_POINT ( 'NONE',  ( 1.451818925407959648, 30.00000000000000000, 34.06855685746891282 ) ) ;
#1276 = VECTOR ( 'NONE', #1669, 1000.000000000000000 ) ;
#1277 = ORIENTED_EDGE ( 'NONE', *, *, #968, .T. ) ;
#1278 = TOROIDAL_SURFACE ( 'NONE', #1645, 3.499999999999907185, 2.000000000000000000 ) ;
#1279 = CARTESIAN_POINT ( 'NONE',  ( -2.588329836470291578, 29.76173457059635297, -33.35678557619807805 ) ) ;
#1280 = EDGE_LOOP ( 'NONE', ( #732, #125, #106, #555 ) ) ;
#1281 = CARTESIAN_POINT ( 'NONE',  ( -2.126961469740404898, 29.06501327633887755, 34.12981369731226522 ) ) ;
#1282 = EDGE_CURVE ( 'NONE', #313, #1738, #135, .T. ) ;
#1283 = ADVANCED_FACE ( 'NONE', ( #1446 ), #743, .F. ) ;
#1284 = CYLINDRICAL_SURFACE ( 'NONE', #518, 30.25000000000000000 ) ;
#1285 = CARTESIAN_POINT ( 'NONE',  ( 2.204634533212532777, 29.80277472312198839, -33.07762722543124312 ) ) ;
#1286 = DIRECTION ( 'NONE',  ( 0.000000000000000000, 1.000000000000000000, -0.000000000000000000 ) ) ;
#1287 = EDGE_CURVE ( 'NONE', #1325, #697, #1169, .T. ) ;
#1288 = ORIENTED_EDGE ( 'NONE', *, *, #1256, .F. ) ;
#1289 = CARTESIAN_POINT ( 'NONE',  ( -1.968830249073262983, 29.36054974837646725, 33.91721313978309382 ) ) ;
#1290 = VECTOR ( 'NONE', #1421, 1000.000000000000000 ) ;
#1291 = DIRECTION ( 'NONE',  ( 0.000000000000000000, -1.000000000000000000, 0.000000000000000000 ) ) ;
#1292 = CARTESIAN_POINT ( 'NONE',  ( 1.354061739223342942, 28.13390047919572012, -33.85615338233034777 ) ) ;
#1293 = DIRECTION ( 'NONE',  ( 0.000000000000000000, 1.000000000000000000, 0.000000000000000000 ) ) ;
#1294 = CLOSED_SHELL ( 'NONE', ( #587, #265, #88, #1350, #449, #77 ) ) ;
#1295 = EDGE_CURVE ( 'NONE', #1818, #1818, #686, .T. ) ;
#1296 = ORIENTED_EDGE ( 'NONE', *, *, #245, .T. ) ;
#1297 = CARTESIAN_POINT ( 'NONE',  ( -2.227621941714270193, 29.76274176144022476, 33.26003619909639042 ) ) ;
#1298 = LINE ( 'NONE', #1603, #1381 ) ;
#1299 = AXIS2_PLACEMENT_3D ( 'NONE', #156, #588, #1136 ) ;
#1300 = EDGE_CURVE ( 'NONE', #1263, #204, #176, .T. ) ;
#1301 = CARTESIAN_POINT ( 'NONE',  ( 2.344904369050965443, 28.55781328475753611, -34.34779647926468016 ) ) ;
#1302 = CARTESIAN_POINT ( 'NONE',  ( 2.785551700919125295, 30.00000000000000000, -32.38240692997353420 ) ) ;
#1303 = ORIENTED_EDGE ( 'NONE', *, *, #1156, .F. ) ;
#1304 = COLOUR_RGB ( '',0.7921568627450980005, 0.8196078431372548767, 0.9333333333333333481 ) ;
#1305 = VECTOR ( 'NONE', #1729, 1000.000000000000000 ) ;
#1306 = LINE ( 'NONE', #205, #831 ) ;
#1307 = VERTEX_POINT ( 'NONE', #878 ) ;
#1308 = CARTESIAN_POINT ( 'NONE',  ( -2.003781847491599599, 28.54432422934017310, 34.36901212846658638 ) ) ;
#1309 = CARTESIAN_POINT ( 'NONE',  ( 1.572932985855605592, 28.33307094042422491, 34.44362667338916850 ) ) ;
#1310 = CARTESIAN_POINT ( 'NONE',  ( 2.738352559227544170, 30.00000000000000000, -32.63760461333524887 ) ) ;
#1311 = CARTESIAN_POINT ( 'NONE',  ( -1.935758567210611458, 27.99999999999999645, 33.94284916839650634 ) ) ;
#1312 = DIRECTION ( 'NONE',  ( -1.084202172485503487E-14, 0.000000000000000000, 1.000000000000000000 ) ) ;
#1313 = ORIENTED_EDGE ( 'NONE', *, *, #1688, .T. ) ;
#1314 = ADVANCED_FACE ( 'NONE', ( #1448 ), #1726, .T. ) ;
#1315 = ORIENTED_EDGE ( 'NONE', *, *, #527, .T. ) ;
#1316 = CARTESIAN_POINT ( 'NONE',  ( -2.821938808049768710, 30.00000000000000000, 32.37525451824843969 ) ) ;
#1317 = CARTESIAN_POINT ( 'NONE',  ( 2.227224146115136971, 29.81781815310738892, -33.05304094217967048 ) ) ;
#1318 = CARTESIAN_POINT ( 'NONE',  ( 2.458884511073428314, 29.76071862448088012, 33.39001301294420188 ) ) ;
#1319 = ORIENTED_EDGE ( 'NONE', *, *, #331, .T. ) ;
#1320 = CARTESIAN_POINT ( 'NONE',  ( -5.970420908507097835, 30.00000000000000355, 29.65495867768594707 ) ) ;
#1321 = DIRECTION ( 'NONE',  ( 0.000000000000000000, 0.000000000000000000, 1.000000000000000000 ) ) ;
#1322 = AXIS2_PLACEMENT_3D ( 'NONE', #1032, #1608, #761 ) ;
#1323 = ORIENTED_EDGE ( 'NONE', *, *, #733, .T. ) ;
#1324 = EDGE_CURVE ( 'NONE', #1219, #86, #1306, .T. ) ;
#1325 = VERTEX_POINT ( 'NONE', #1154 ) ;
#1326 = CARTESIAN_POINT ( 'NONE',  ( -2.235627428632100511, 29.35349070982781683, 33.90252062368006136 ) ) ;
#1327 = FACE_OUTER_BOUND ( 'NONE', #391, .T. ) ;
#1328 = UNCERTAINTY_MEASURE_WITH_UNIT (LENGTH_MEASURE( 1.000000000000000082E-05 ), #1625, 'distance_accuracy_value', 'NONE');
#1329 = CARTESIAN_POINT ( 'NONE',  ( 2.613386657640749178, 29.81781815263023461, -33.24280416982448827 ) ) ;
#1330 = CARTESIAN_POINT ( 'NONE',  ( -22.26372440690809285, 0.000000000000000000, -19.74801551689583690 ) ) ;
#1331 = CIRCLE ( 'NONE', #548, 32.50000000000000000 ) ;
#1332 = DIRECTION ( 'NONE',  ( 0.8660254037844328234, 0.000000000000000000, -0.5000000000000101030 ) ) ;
#1333 = ORIENTED_EDGE ( 'NONE', *, *, #1018, .T. ) ;
#1334 = AXIS2_PLACEMENT_3D ( 'NONE', #1433, #171, #447 ) ;
#1335 = PLANE ( 'NONE',  #1604 ) ;
#1336 = VECTOR ( 'NONE', #961, 1000.000000000000000 ) ;
#1337 = CYLINDRICAL_SURFACE ( 'NONE', #229, 34.50000000000000000 ) ;
#1338 = LINE ( 'NONE', #1447, #259 ) ;
#1339 = EDGE_CURVE ( 'NONE', #1307, #152, #608, .T. ) ;
#1340 = CARTESIAN_POINT ( 'NONE',  ( 2.785551700919113305, 30.00000000000000000, -32.38240692997351999 ) ) ;
#1341 = CARTESIAN_POINT ( 'NONE',  ( 2.027117990315872031, 28.67589630758094188, 34.32532118781642794 ) ) ;
#1342 = ORIENTED_EDGE ( 'NONE', *, *, #11, .F. ) ;
#1343 = DIRECTION ( 'NONE',  ( -0.000000000000000000, -1.000000000000000000, 0.000000000000000000 ) ) ;
#1344 = VERTEX_POINT ( 'NONE', #1737 ) ;
#1345 = ADVANCED_FACE ( 'NONE', ( #467 ), #1571, .T. ) ;
#1346 = CARTESIAN_POINT ( 'NONE',  ( -1.592750149112857727, 29.05957380361956055, -33.66600164532027861 ) ) ;
#1347 = ORIENTED_EDGE ( 'NONE', *, *, #1287, .T. ) ;
#1348 = CARTESIAN_POINT ( 'NONE',  ( 2.077160036470916182, 29.62408168819597876, 33.44519082057720993 ) ) ;
#1349 = EDGE_CURVE ( 'NONE', #1173, #636, #1034, .T. ) ;
#1350 = ADVANCED_FACE ( 'NONE', ( #473 ), #1041, .T. ) ;
#1351 = FACE_OUTER_BOUND ( 'NONE', #580, .T. ) ;
#1352 = LINE ( 'NONE', #692, #200 ) ;
#1353 = DIRECTION ( 'NONE',  ( -0.8660254037844328234, 0.000000000000000000, 0.5000000000000099920 ) ) ;
#1354 = DIRECTION ( 'NONE',  ( -0.8660254037844432595, 0.000000000000000000, -0.4999999999999920064 ) ) ;
#1355 = CARTESIAN_POINT ( 'NONE',  ( -22.69673710880031337, 0.000000000000000000, -19.99801551689583690 ) ) ;
#1356 = DIRECTION ( 'NONE',  ( 0.000000000000000000, 1.000000000000000000, 0.000000000000000000 ) ) ;
#1357 = ORIENTED_EDGE ( 'NONE', *, *, #564, .T. ) ;
#1358 = ADVANCED_FACE ( 'NONE', ( #220 ), #1197, .T. ) ;
#1359 = CARTESIAN_POINT ( 'NONE',  ( -4.336808689942017736E-16, 0.000000000000000000, -0.002000791051989803115 ) ) ;
#1360 = ORIENTED_EDGE ( 'NONE', *, *, #1490, .F. ) ;
#1361 = CARTESIAN_POINT ( 'NONE',  ( -5.970420908507097835, 30.00000000000000355, -29.15495867768594707 ) ) ;
#1362 = CARTESIAN_POINT ( 'NONE',  ( 2.536791829293847833, 29.95374417543772338, 32.83203762247534030 ) ) ;
#1363 = CARTESIAN_POINT ( 'NONE',  ( -1.451818925407959204, 27.99999999999999645, 34.06855685746891282 ) ) ;
#1364 = DIRECTION ( 'NONE',  ( -0.000000000000000000, -1.000000000000000000, -0.000000000000000000 ) ) ;
#1365 = CARTESIAN_POINT ( 'NONE',  ( -1.354061739223345606, 30.00000000000000000, -33.85615338233036198 ) ) ;
#1366 = LINE ( 'NONE', #822, #1524 ) ;
#1367 = VERTEX_POINT ( 'NONE', #882 ) ;
#1368 = VECTOR ( 'NONE', #210, 1000.000000000000000 ) ;
#1369 = CARTESIAN_POINT ( 'NONE',  ( 0.000000000000000000, 30.00000000000000000, 0.000000000000000000 ) ) ;
#1370 = FACE_OUTER_BOUND ( 'NONE', #1244, .T. ) ;
#1371 = ORIENTED_EDGE ( 'NONE', *, *, #896, .F. ) ;
#1372 = CARTESIAN_POINT ( 'NONE',  ( 2.245560368102132998, 29.37585395415693768, 33.88095424230039043 ) ) ;
#1374 = DIRECTION ( 'NONE',  ( -0.8660254037844432595, 0.000000000000000000, -0.4999999999999919509 ) ) ;
#1373 = CIRCLE ( 'NONE', #579, 10.30856832971801751 ) ;
#1375 = AXIS2_PLACEMENT_3D ( 'NONE', #914, #1475, #218 ) ;
#1376 = CYLINDRICAL_SURFACE ( 'NONE', #292, 30.25000000000000000 ) ;
#1377 = CARTESIAN_POINT ( 'NONE',  ( 5.970420908507097835, 30.00000000000000355, -29.65495867768594707 ) ) ;
#1378 = LINE ( 'NONE', #270, #1677 ) ;
#1379 = ORIENTED_EDGE ( 'NONE', *, *, #372, .T. ) ;
#1380 = DIRECTION ( 'NONE',  ( 0.000000000000000000, 0.000000000000000000, -1.000000000000000000 ) ) ;
#1381 = VECTOR ( 'NONE', #69, 1000.000000000000000 ) ;
#1382 = EDGE_CURVE ( 'NONE', #738, #551, #1630, .T. ) ;
#1383 = CARTESIAN_POINT ( 'NONE',  ( 1.700254935844534687, 29.06501327738388696, 33.84767371260653590 ) ) ;
#1384 =( NAMED_UNIT ( * ) SI_UNIT ( $, .STERADIAN. ) SOLID_ANGLE_UNIT ( ) );
#1385 = CYLINDRICAL_SURFACE ( 'NONE', #1647, 1.500000000000022204 ) ;
#1386 = CARTESIAN_POINT ( 'NONE',  ( 5.970420908507097835, 42.31193336966029506, -29.65495867768594707 ) ) ;
#1387 =( NAMED_UNIT ( * ) SI_UNIT ( $, .STERADIAN. ) SOLID_ANGLE_UNIT ( ) );
#1388 = AXIS2_PLACEMENT_3D ( 'NONE', #317, #421, #590 ) ;
#1389 = CARTESIAN_POINT ( 'NONE',  ( -2.468027123965206293, 29.37353292191810894, -33.87170372051259903 ) ) ;
#1390 = ADVANCED_FACE ( 'NONE', ( #1058 ), #368, .F. ) ;
#1391 = ORIENTED_EDGE ( 'NONE', *, *, #835, .T. ) ;
#1392 = AXIS2_PLACEMENT_3D ( 'NONE', #780, #1063, #319 ) ;
#1393 = CARTESIAN_POINT ( 'NONE',  ( 2.592053241195601210, 29.95861029391613428, 32.86232861239626857 ) ) ;
#1394 = CARTESIAN_POINT ( 'NONE',  ( 0.000000000000000000, 0.000000000000000000, 0.000000000000000000 ) ) ;
#1395 = CARTESIAN_POINT ( 'NONE',  ( -32.52667430330939879, 0.000000000000000000, 18.77928416485915974 ) ) ;
#1396 = CARTESIAN_POINT ( 'NONE',  ( 22.26372440690781929, 30.00000000000000355, -19.74801551689614953 ) ) ;
#1397 = ORIENTED_EDGE ( 'NONE', *, *, #1490, .T. ) ;
#1398 = FACE_OUTER_BOUND ( 'NONE', #1031, .T. ) ;
#1399 = VECTOR ( 'NONE', #281, 1000.000000000000000 ) ;
#1400 = ORIENTED_EDGE ( 'NONE', *, *, #858, .T. ) ;
#1401 = DIRECTION ( 'NONE',  ( -0.4999999999999980016, 0.000000000000000000, 0.8660254037844398178 ) ) ;
#1402 = AXIS2_PLACEMENT_3D ( 'NONE', #1004, #1286, #1566 ) ;
#1403 = CARTESIAN_POINT ( 'NONE',  ( 28.23414531541522976, 0.000000000000000000, 9.406943160789797531 ) ) ;
#1404 = CIRCLE ( 'NONE', #843, 34.50000000000000711 ) ;
#1405 = PLANE ( 'NONE',  #601 ) ;
#1406 = EDGE_CURVE ( 'NONE', #873, #846, #349, .T. ) ;
#1407 = CARTESIAN_POINT ( 'NONE',  ( 28.23414531541503791, 42.31193336966029506, -9.406943160790389058 ) ) ;
#1408 = CYLINDRICAL_SURFACE ( 'NONE', #507, 10.30856832971802106 ) ;
#1409 = ORIENTED_EDGE ( 'NONE', *, *, #658, .F. ) ;
#1410 = CARTESIAN_POINT ( 'NONE',  ( -1.700254935844594861, 29.06501327738413565, 33.84767371260618773 ) ) ;
#1411 = DIRECTION ( 'NONE',  ( 0.000000000000000000, -1.000000000000000000, 0.000000000000000000 ) ) ;
#1412 = CARTESIAN_POINT ( 'NONE',  ( -1.964225604963708571, 27.99999999999999645, 34.44203813838840489 ) ) ;
#1413 = CARTESIAN_POINT ( 'NONE',  ( -4.336808689942017736E-16, 0.000000000000000000, -0.002000791051989803115 ) ) ;
#1414 = DIRECTION ( 'NONE',  ( -0.000000000000000000, -1.000000000000000000, -0.000000000000000000 ) ) ;
#1415 = FACE_OUTER_BOUND ( 'NONE', #1597, .T. ) ;
#1416 = ORIENTED_EDGE ( 'NONE', *, *, #1780, .T. ) ;
#1417 = CARTESIAN_POINT ( 'NONE',  ( -2.239719958591766424, 29.77200507397849449, 33.24414445953981101 ) ) ;
#1418 = DIRECTION ( 'NONE',  ( 0.000000000000000000, -1.000000000000000000, 0.000000000000000000 ) ) ;
#1419 = AXIS2_PLACEMENT_3D ( 'NONE', #1618, #785, #768 ) ;
#1420 = CLOSED_SHELL ( 'NONE', ( #568, #876, #772, #648, #511, #1144, #546, #1049, #573, #1744, #318, #866, #434, #311, #1345, #1751, #1023, #1697, #848, #591, #1207 ) ) ;
#1421 = DIRECTION ( 'NONE',  ( 0.000000000000000000, -1.000000000000000000, 0.000000000000000000 ) ) ;
#1422 = B_SPLINE_CURVE_WITH_KNOTS ( 'NONE', 3,
 ( #1190, #1473, #770, #1308, #900, #197, #1585, #332, #1326, #76, #618, #322, #1766, #1464, #610, #1157 ),
 .UNSPECIFIED., .F., .F.,
 ( 4, 2, 2, 2, 2, 2, 2, 4 ),
 ( 0.000000000000000000, 0.0004129155910472438349, 0.0008258311820944876699, 0.001238746773141731396, 0.001651662364188975340, 0.002477493546283469298, 0.002890409137330716277, 0.003303324728377963690 ),
 .UNSPECIFIED. ) ;
#1423 =( NAMED_UNIT ( * ) SI_UNIT ( $, .STERADIAN. ) SOLID_ANGLE_UNIT ( ) );
#1424 = CARTESIAN_POINT ( 'NONE',  ( -2.148602964379744407, 29.76173456995947575, -33.13734667332649764 ) ) ;
#1425 = EDGE_CURVE ( 'NONE', #204, #493, #70, .T. ) ;
#1426 = ORIENTED_EDGE ( 'NONE', *, *, #177, .F. ) ;
#1427 = AXIS2_PLACEMENT_3D ( 'NONE', #333, #1587, #890 ) ;
#1428 = CARTESIAN_POINT ( 'NONE',  ( -1.451818923624089264, 28.14545051592795843, 34.06855685060151018 ) ) ;
#1429 = VECTOR ( 'NONE', #255, 1000.000000000000000 ) ;
#1430 = DIRECTION ( 'NONE',  ( 0.000000000000000000, 0.000000000000000000, 1.000000000000000000 ) ) ;
#1431 = VECTOR ( 'NONE', #1139, 1000.000000000000114 ) ;
#1432 = CARTESIAN_POINT ( 'NONE',  ( 0.000000000000000000, 42.31193336966029506, 0.000000000000000000 ) ) ;
#1433 = CARTESIAN_POINT ( 'NONE',  ( -4.336808689942017736E-16, 27.99999999999999645, -0.002000791051989803115 ) ) ;
#1434 = VECTOR ( 'NONE', #100, 1000.000000000000114 ) ;
#1435 = ORIENTED_EDGE ( 'NONE', *, *, #582, .T. ) ;
#1436 = ORIENTED_EDGE ( 'NONE', *, *, #1082, .F. ) ;
#1437 = CARTESIAN_POINT ( 'NONE',  ( -1.515954887045120048, 28.56376759045892300, 34.01497936465779048 ) ) ;
#1438 = CARTESIAN_POINT ( 'NONE',  ( 22.69673710880044837, 42.31193336966029506, 19.99801551689567702 ) ) ;
#1439 = CARTESIAN_POINT ( 'NONE',  ( -28.23414531541510542, 0.000000000000000000, 9.406943160790191882 ) ) ;
#1440 = CARTESIAN_POINT ( 'NONE',  ( 1.967801550277619826, 29.60059492215834709, -33.32249626386221308 ) ) ;
#1441 =( NAMED_UNIT ( * ) PLANE_ANGLE_UNIT ( ) SI_UNIT ( $, .RADIAN. ) );
#1442 = ORIENTED_EDGE ( 'NONE', *, *, #835, .F. ) ;
#1443 = ORIENTED_EDGE ( 'NONE', *, *, #6, .F. ) ;
#1444 = EDGE_CURVE ( 'NONE', #1219, #925, #714, .T. ) ;
#1445 = CARTESIAN_POINT ( 'NONE',  ( -1.463938388008686253, 28.27378662858834346, 34.05874873792730284 ) ) ;
#1446 = FACE_OUTER_BOUND ( 'NONE', #406, .T. ) ;
#1447 = CARTESIAN_POINT ( 'NONE',  ( 22.69673710880003270, 42.31193336966029506, -19.99801551689615309 ) ) ;
#1448 = FACE_OUTER_BOUND ( 'NONE', #1184, .T. ) ;
#1449 = CARTESIAN_POINT ( 'NONE',  ( 1.995482422940067835, 29.62820563661527729, -33.29492809909441320 ) ) ;
#1450 = ORIENTED_EDGE ( 'NONE', *, *, #567, .T. ) ;
#1451 = AXIS2_PLACEMENT_3D ( 'NONE', #1470, #1488, #500 ) ;
#1452 = CARTESIAN_POINT ( 'NONE',  ( -22.26372440690795784, 42.31193336966029506, 19.74801551689599677 ) ) ;
#1453 = ORIENTED_EDGE ( 'NONE', *, *, #812, .F. ) ;
#1454 = VERTEX_POINT ( 'NONE', #230 ) ;
#1455 = CARTESIAN_POINT ( 'NONE',  ( -1.891663635432515145, 29.51750515047661594, -33.39645473945525112 ) ) ;
#1456 = FILL_AREA_STYLE ('',( #462 ) ) ;
#1457 = VECTOR ( 'NONE', #1639, 1000.000000000000000 ) ;
#1458 = CARTESIAN_POINT ( 'NONE',  ( 2.538997579658452519, 29.62820563597840717, -33.57437666871763327 ) ) ;
#1459 = CARTESIAN_POINT ( 'NONE',  ( 28.23414531541522976, 42.31193336966029506, 9.406943160789797531 ) ) ;
#1460 = CARTESIAN_POINT ( 'NONE',  ( 2.256769565372297226, 27.99999999999999645, -33.42589929390185688 ) ) ;
#1461 = ORIENTED_EDGE ( 'NONE', *, *, #670, .F. ) ;
#1462 = PRESENTATION_LAYER_ASSIGNMENT (  '', '', ( #437 ) ) ;
#1463 = ORIENTED_EDGE ( 'NONE', *, *, #184, .F. ) ;
#1464 = CARTESIAN_POINT ( 'NONE',  ( -2.734828397279524204, 29.98762232229515234, 32.63972504307810851 ) ) ;
#1465 = DIRECTION ( 'NONE',  ( 0.000000000000000000, -1.000000000000000000, -0.000000000000000000 ) ) ;
#1466 = CARTESIAN_POINT ( 'NONE',  ( -22.69673710880017836, 42.31193336966029506, 19.99801551689600032 ) ) ;
#1467 = CARTESIAN_POINT ( 'NONE',  ( 2.084371465164055692, 28.92198050397065856, 34.21446384786440120 ) ) ;
#1468 = ADVANCED_BREP_SHAPE_REPRESENTATION ( 'PooBoo_616M2', ( #417, #1634, #1016, #1021, #419, #1641, #1637, #168 ), #1191 ) ;
#1469 = PRESENTATION_LAYER_ASSIGNMENT (  '', '', ( #675 ) ) ;
#1470 = CARTESIAN_POINT ( 'NONE',  ( 0.000000000000000000, 42.31193336966029506, 0.000000000000000000 ) ) ;
#1471 = VERTEX_POINT ( 'NONE', #646 ) ;
#1472 = ORIENTED_EDGE ( 'NONE', *, *, #1287, .F. ) ;
#1473 = CARTESIAN_POINT ( 'NONE',  ( -1.964225604963704130, 28.13958732068118707, 34.44203813838840489 ) ) ;
#1474 = CARTESIAN_POINT ( 'NONE',  ( 2.357210436248814656, 28.69222519587396647, -34.30245882861629525 ) ) ;
#1475 = DIRECTION ( 'NONE',  ( 0.000000000000000000, 1.000000000000000000, -0.000000000000000000 ) ) ;
#1476 = ORIENTED_EDGE ( 'NONE', *, *, #312, .F. ) ;
#1477 = CARTESIAN_POINT ( 'NONE',  ( -5.970420908507097835, 0.000000000000000000, 29.15495867768594707 ) ) ;
#1478 = AXIS2_PLACEMENT_3D ( 'NONE', #1745, #1598, #637 ) ;
#1479 = ORIENTED_EDGE ( 'NONE', *, *, #1237, .T. ) ;
#1480 = PLANE ( 'NONE',  #1012 ) ;
#1481 = EDGE_CURVE ( 'NONE', #975, #1678, #396, .T. ) ;
#1482 = EDGE_CURVE ( 'NONE', #1507, #1507, #619, .T. ) ;
#1483 = SURFACE_STYLE_FILL_AREA ( #1456 ) ;
#1484 = DIRECTION ( 'NONE',  ( 0.000000000000000000, 1.000000000000000000, -0.000000000000000000 ) ) ;
#1485 = CARTESIAN_POINT ( 'NONE',  ( 2.821938808049774483, 30.00000000000000000, 32.37525451824844680 ) ) ;
#1486 = ORIENTED_EDGE ( 'NONE', *, *, #1115, .F. ) ;
#1487 = DIRECTION ( 'NONE',  ( 0.000000000000000000, 0.000000000000000000, 1.000000000000000000 ) ) ;
#1488 = DIRECTION ( 'NONE',  ( 0.000000000000000000, -1.000000000000000000, 0.000000000000000000 ) ) ;
#1489 = ORIENTED_EDGE ( 'NONE', *, *, #382, .F. ) ;
#1490 = EDGE_CURVE ( 'NONE', #1678, #1454, #305, .T. ) ;
#1491 = CARTESIAN_POINT ( 'NONE',  ( -1.366531126209085567, 28.28364229070389868, -33.84683613581053407 ) ) ;
#1492 = CIRCLE ( 'NONE', #1375, 1.500000000000022204 ) ;
#1493 = CARTESIAN_POINT ( 'NONE',  ( 1.463938388008687808, 28.27378662858834346, 34.05874873792730995 ) ) ;
#1494 = DIRECTION ( 'NONE',  ( 0.000000000000000000, 0.000000000000000000, -1.000000000000000000 ) ) ;
#1495 = CARTESIAN_POINT ( 'NONE',  ( 4.336808689942017736E-16, 30.00000000000000000, -37.55856832971801396 ) ) ;
#1496 = DIRECTION ( 'NONE',  ( 0.000000000000000000, 1.000000000000000000, 0.000000000000000000 ) ) ;
#1497 = CARTESIAN_POINT ( 'NONE',  ( -2.737109536171878688, 30.00000000000000355, -32.64433455652235949 ) ) ;
#1498 = EDGE_CURVE ( 'NONE', #786, #873, #541, .T. ) ;
#1499 = CARTESIAN_POINT ( 'NONE',  ( 1.451818925407959648, 27.99999999999999645, 34.06855685746891282 ) ) ;
#1500 = ORIENTED_EDGE ( 'NONE', *, *, #695, .T. ) ;
#1501 = LINE ( 'NONE', #392, #1522 ) ;
#1502 = DIRECTION ( 'NONE',  ( -0.5000000000000101030, 0.000000000000000000, -0.8660254037844328234 ) ) ;
#1503 = EDGE_CURVE ( 'NONE', #925, #306, #65, .T. ) ;
#1504 = PLANE ( 'NONE',  #971 ) ;
#1505 = SURFACE_SIDE_STYLE ('',( #1106 ) ) ;
#1506 = UNCERTAINTY_MEASURE_WITH_UNIT (LENGTH_MEASURE( 1.000000000000000082E-05 ), #2, 'distance_accuracy_value', 'NONE');
#1507 = VERTEX_POINT ( 'NONE', #1789 ) ;
#1508 = DIRECTION ( 'NONE',  ( 0.000000000000000000, 0.000000000000000000, 1.000000000000000000 ) ) ;
#1509 = DIRECTION ( 'NONE',  ( 0.000000000000000000, 1.000000000000000000, -0.000000000000000000 ) ) ;
#1510 = ORIENTED_EDGE ( 'NONE', *, *, #1324, .F. ) ;
#1511 = CARTESIAN_POINT ( 'NONE',  ( -22.26372440690795784, 0.000000000000000000, 19.74801551689599677 ) ) ;
#1512 = CIRCLE ( 'NONE', #224, 10.30856832971801751 ) ;
#1513 = CARTESIAN_POINT ( 'NONE',  ( 0.000000000000000000, 42.31193336966029506, 0.000000000000000000 ) ) ;
#1514 = CARTESIAN_POINT ( 'NONE',  ( 2.204103308217936430, 29.27902302196446271, 33.96982416723796661 ) ) ;
#1515 = CARTESIAN_POINT ( 'NONE',  ( 1.935758567210607239, 27.99999999999999645, 33.94284916839651345 ) ) ;
#1516 = SHAPE_DEFINITION_REPRESENTATION ( #986, #1468 ) ;
#1517 = FACE_OUTER_BOUND ( 'NONE', #221, .T. ) ;
#1518 = CARTESIAN_POINT ( 'NONE',  ( -2.505301467302602170, 29.51809976342992670, -33.71762198987655523 ) ) ;
#1519 = LINE ( 'NONE', #811, #1734 ) ;
#1520 = ORIENTED_EDGE ( 'NONE', *, *, #357, .F. ) ;
#1521 = EDGE_CURVE ( 'NONE', #1263, #493, #795, .T. ) ;
#1522 = VECTOR ( 'NONE', #126, 1000.000000000000000 ) ;
#1523 = CARTESIAN_POINT ( 'NONE',  ( -2.324135831895197679, 28.14346556695019430, -34.42362760668783750 ) ) ;
#1524 = VECTOR ( 'NONE', #1822, 1000.000000000000000 ) ;
#1525 = DIRECTION ( 'NONE',  ( 0.000000000000000000, 0.000000000000000000, -1.000000000000000000 ) ) ;
#1526 = DIRECTION ( 'NONE',  ( -0.000000000000000000, -1.000000000000000000, -0.000000000000000000 ) ) ;
#1527 = DIRECTION ( 'NONE',  ( 0.000000000000000000, 0.000000000000000000, 1.000000000000000000 ) ) ;
#1528 = DIRECTION ( 'NONE',  ( 0.8660254037844432595, 0.000000000000000000, 0.4999999999999918954 ) ) ;
#1529 = DIRECTION ( 'NONE',  ( 0.000000000000000000, 1.000000000000000000, 0.000000000000000000 ) ) ;
#1530 = ORIENTED_EDGE ( 'NONE', *, *, #181, .T. ) ;
#1531 = FACE_OUTER_BOUND ( 'NONE', #510, .T. ) ;
#1532 = ORIENTED_EDGE ( 'NONE', *, *, #1192, .T. ) ;
#1533 = CARTESIAN_POINT ( 'NONE',  ( 1.683815926529444340, 28.78710885437806866, 34.30541019027436533 ) ) ;
#1534 = FACE_OUTER_BOUND ( 'NONE', #350, .T. ) ;
#1535 = DIRECTION ( 'NONE',  ( -0.8660254037844432595, 0.000000000000000000, -0.4999999999999919509 ) ) ;
#1536 = AXIS2_PLACEMENT_3D ( 'NONE', #1002, #42, #1724 ) ;
#1537 = EDGE_LOOP ( 'NONE', ( #253, #1347, #718, #1206 ) ) ;
#1538 = CARTESIAN_POINT ( 'NONE',  ( -2.071401862603806432, 29.49651201399987599, -33.78420070000408515 ) ) ;
#1539 = VERTEX_POINT ( 'NONE', #1477 ) ;
#1540 = CIRCLE ( 'NONE', #187, 3.499999999999905853 ) ;
#1541 = EDGE_CURVE ( 'NONE', #599, #1539, #777, .T. ) ;
#1542 = PLANE ( 'NONE',  #553 ) ;
#1543 = CLOSED_SHELL ( 'NONE', ( #1283, #1163, #1022, #909, #1247, #254 ) ) ;
#1544 = CARTESIAN_POINT ( 'NONE',  ( 2.985210454253500956, 30.00000000000000000, -5.170536178052942411 ) ) ;
#1545 = ORIENTED_EDGE ( 'NONE', *, *, #1548, .F. ) ;
#1546 = DIRECTION ( 'NONE',  ( 0.000000000000000000, 1.000000000000000000, 0.000000000000000000 ) ) ;
#1547 = AXIS2_PLACEMENT_3D ( 'NONE', #5, #982, #289 ) ;
#1548 = EDGE_CURVE ( 'NONE', #456, #846, #50, .T. ) ;
#1549 = EDGE_CURVE ( 'NONE', #925, #786, #678, .T. ) ;
#1550 = CARTESIAN_POINT ( 'NONE',  ( -5.970420908507097835, 30.00000000000000000, -29.65495867768594707 ) ) ;
#1551 = CIRCLE ( 'NONE', #927, 1.499999999999904077 ) ;
#1552 = ORIENTED_EDGE ( 'NONE', *, *, #1295, .T. ) ;
#1553 = CARTESIAN_POINT ( 'NONE',  ( -2.031506061324602097, 28.69839633913128552, 34.31701295856746725 ) ) ;
#1554 = CARTESIAN_POINT ( 'NONE',  ( 2.785551700919125295, 30.00000000000000000, -32.38240692997353420 ) ) ;
#1555 = PRESENTATION_LAYER_ASSIGNMENT (  '', '', ( #1107 ) ) ;
#1556 = CARTESIAN_POINT ( 'NONE',  ( 0.000000000000000000, 30.00100000000000122, 0.000000000000000000 ) ) ;
#1557 = MECHANICAL_DESIGN_GEOMETRIC_PRESENTATION_REPRESENTATION (  '', ( #699 ), #82 ) ;
#1558 = CARTESIAN_POINT ( 'NONE',  ( 0.000000000000000000, 30.00000000000000000, 0.000000000000000000 ) ) ;
#1559 = EDGE_CURVE ( 'NONE', #1738, #738, #696, .T. ) ;
#1560 = CYLINDRICAL_SURFACE ( 'NONE', #78, 34.50000000000000711 ) ;
#1561 = CARTESIAN_POINT ( 'NONE',  ( 2.751907401065670999, 30.00000000000000711, 32.49233746857414218 ) ) ;
#1562 = ORIENTED_EDGE ( 'NONE', *, *, #465, .F. ) ;
#1563 =( LENGTH_UNIT ( ) NAMED_UNIT ( * ) SI_UNIT ( .MILLI., .METRE. ) );
#1564 = DIRECTION ( 'NONE',  ( 0.000000000000000000, 0.000000000000000000, 1.000000000000000000 ) ) ;
#1565 = FACE_OUTER_BOUND ( 'NONE', #1253, .T. ) ;
#1566 = DIRECTION ( 'NONE',  ( 0.000000000000000000, 0.000000000000000000, 1.000000000000000000 ) ) ;
#1567 = EDGE_CURVE ( 'NONE', #369, #1118, #1378, .T. ) ;
#1568 = CARTESIAN_POINT ( 'NONE',  ( 28.66715801730725133, 0.000000000000000000, -9.656943160790394387 ) ) ;
#1569 = ORIENTED_EDGE ( 'NONE', *, *, #1382, .F. ) ;
#1570 = CARTESIAN_POINT ( 'NONE',  ( -1.973161831127190791, 28.28717102073199285, 34.42583673153075097 ) ) ;
#1571 = TOROIDAL_SURFACE ( 'NONE', #1062, 3.500000000000019540, 2.000000000000000000 ) ;
#1572 = DIRECTION ( 'NONE',  ( 0.000000000000000000, 0.000000000000000000, 1.000000000000000000 ) ) ;
#1573 = SURFACE_STYLE_FILL_AREA ( #34 ) ;
#1574 = ADVANCED_FACE ( 'NONE', ( #801 ), #390, .F. ) ;
#1575 = ORIENTED_EDGE ( 'NONE', *, *, #357, .T. ) ;
#1576 = SURFACE_STYLE_USAGE ( .BOTH. , #995 ) ;
#1577 = B_SPLINE_CURVE_WITH_KNOTS ( 'NONE', 3,
 ( #1485, #80, #522, #1318, #1214, #479, #335, #346, #1467, #1341, #1065, #1046, #237, #1792 ),
 .UNSPECIFIED., .F., .F.,
 ( 4, 2, 2, 2, 2, 2, 4 ),
 ( -9.470420123808164550E-06, 0.0008258982215624947366, 0.001661266863248797750, 0.002078951184091959448, 0.002496635504935121146, 0.002914319825778283277, 0.003332004146621444975 ),
 .UNSPECIFIED. ) ;
#1578 = PLANE ( 'NONE',  #1138 ) ;
#1579 = VECTOR ( 'NONE', #236, 1000.000000000000000 ) ;
#1580 = CARTESIAN_POINT ( 'NONE',  ( 5.970420908507097835, 42.31193336966029506, 29.15495867768594707 ) ) ;
#1581 = AXIS2_PLACEMENT_3D ( 'NONE', #828, #1687, #1087 ) ;
#1582 = VERTEX_POINT ( 'NONE', #379 ) ;
#1583 = EDGE_CURVE ( 'NONE', #599, #12, #1366, .T. ) ;
#1584 = VERTEX_POINT ( 'NONE', #1396 ) ;
#1585 = CARTESIAN_POINT ( 'NONE',  ( -2.118802596154083062, 29.03918898866305298, 34.14625399512993198 ) ) ;
#1586 = DIRECTION ( 'NONE',  ( 0.8660254037844398178, 0.000000000000000000, 0.4999999999999980016 ) ) ;
#1587 = DIRECTION ( 'NONE',  ( 0.000000000000000000, 1.000000000000000000, 0.000000000000000000 ) ) ;
#1588 = CARTESIAN_POINT ( 'NONE',  ( 1.407410119921507219, 28.52540564866236039, -33.81548630487758800 ) ) ;
#1589 = CARTESIAN_POINT ( 'NONE',  ( 0.000000000000000000, 30.00000000000000000, 0.000000000000000000 ) ) ;
#1590 = EDGE_LOOP ( 'NONE', ( #1755, #1479, #1416, #1442 ) ) ;
#1591 = ORIENTED_EDGE ( 'NONE', *, *, #1018, .F. ) ;
#1592 = EDGE_LOOP ( 'NONE', ( #1081, #293, #3 ) ) ;
#1593 = CARTESIAN_POINT ( 'NONE',  ( -1.562117586003463732, 29.01943873970257215, -33.69230703868132792 ) ) ;
#1594 = CARTESIAN_POINT ( 'NONE',  ( 2.985210454253536927, 0.000000000000000000, -5.170536178052921983 ) ) ;
#1595 = CARTESIAN_POINT ( 'NONE',  ( 2.328452100881651887, 28.28364229051817347, -34.40804676653507244 ) ) ;
#1596 = DIRECTION ( 'NONE',  ( 0.000000000000000000, 0.000000000000000000, 1.000000000000000000 ) ) ;
#1597 = EDGE_LOOP ( 'NONE', ( #898 ) ) ;
#1598 = DIRECTION ( 'NONE',  ( -0.4999999999999919509, 0.000000000000000000, 0.8660254037844432595 ) ) ;
#1599 = ORIENTED_EDGE ( 'NONE', *, *, #726, .T. ) ;
#1600 = CARTESIAN_POINT ( 'NONE',  ( 1.084202172485504434E-16, 27.99999999999999645, 34.44567992468615358 ) ) ;
#1601 = EDGE_LOOP ( 'NONE', ( #1025, #227, #688, #1196 ) ) ;
#1602 = CARTESIAN_POINT ( 'NONE',  ( -2.681371557800801941, 30.00000000000000000, 32.61035380058194022 ) ) ;
#1603 = CARTESIAN_POINT ( 'NONE',  ( 5.970420908507097835, 30.00000000000000000, 0.000000000000000000 ) ) ;
#1604 = AXIS2_PLACEMENT_3D ( 'NONE', #1775, #515, #399 ) ;
#1605 = PLANE ( 'NONE',  #1763 ) ;
#1606 = DIRECTION ( 'NONE',  ( 0.8660254037844362651, 0.000000000000000000, -0.5000000000000039968 ) ) ;
#1607 = DIRECTION ( 'NONE',  ( 0.4999999999999919509, 0.000000000000000000, -0.8660254037844432595 ) ) ;
#1608 = DIRECTION ( 'NONE',  ( 0.000000000000000000, 1.000000000000000000, 0.000000000000000000 ) ) ;
#1609 = VERTEX_POINT ( 'NONE', #1499 ) ;
#1610 = CIRCLE ( 'NONE', #1334, 34.50000000000000000 ) ;
#1611 = ORIENTED_EDGE ( 'NONE', *, *, #1100, .F. ) ;
#1612 = CARTESIAN_POINT ( 'NONE',  ( -2.453567387953418333, 29.94986226267108265, -32.80065443202566655 ) ) ;
#1613 = FILL_AREA_STYLE_COLOUR ( '', #1778 ) ;
#1614 = CARTESIAN_POINT ( 'NONE',  ( 1.850891516931457037, 29.08777924442772900, -34.14906304799995951 ) ) ;
#1615 = DIRECTION ( 'NONE',  ( 0.000000000000000000, 1.000000000000000000, 0.000000000000000000 ) ) ;
#1616 = EDGE_LOOP ( 'NONE', ( #81, #872, #1187, #1342 ) ) ;
#1617 = AXIS2_PLACEMENT_3D ( 'NONE', #121, #826, #683 ) ;
#1618 = CARTESIAN_POINT ( 'NONE',  ( 1.084202172485504434E-16, 0.000000000000000000, 34.44567992468615358 ) ) ;
#1619 = ORIENTED_EDGE ( 'NONE', *, *, #1282, .F. ) ;
#1620 = EDGE_CURVE ( 'NONE', #1539, #832, #1519, .T. ) ;
#1621 = EDGE_CURVE ( 'NONE', #1582, #204, #867, .T. ) ;
#1622 = ORIENTED_EDGE ( 'NONE', *, *, #704, .T. ) ;
#1623 = CARTESIAN_POINT ( 'NONE',  ( -1.633044505115492262, 28.91832344081266370, 33.91084811999257198 ) ) ;
#1624 = DIRECTION ( 'NONE',  ( 0.4999999999999980016, 0.000000000000000000, -0.8660254037844398178 ) ) ;
#1625 =( LENGTH_UNIT ( ) NAMED_UNIT ( * ) SI_UNIT ( .MILLI., .METRE. ) );
#1626 = VECTOR ( 'NONE', #736, 999.9999999999998863 ) ;
#1627 = CARTESIAN_POINT ( 'NONE',  ( 1.450144787393278456, 28.69222519642691793, -33.78234132329405526 ) ) ;
#1628 = CYLINDRICAL_SURFACE ( 'NONE', #1702, 0.5000000000000004441 ) ;
#1629 = EDGE_LOOP ( 'NONE', ( #605, #1648, #638, #1489 ) ) ;
#1630 = LINE ( 'NONE', #1452, #884 ) ;
#1631 = VECTOR ( 'NONE', #1494, 1000.000000000000000 ) ;
#1632 = EDGE_LOOP ( 'NONE', ( #1619, #589, #466, #275 ) ) ;
#1633 = DIRECTION ( 'NONE',  ( 0.000000000000000000, 0.000000000000000000, 1.000000000000000000 ) ) ;
#1634 = MANIFOLD_SOLID_BREP ( 'Fillet2', #1420 ) ;
#1635 = CARTESIAN_POINT ( 'NONE',  ( 1.510661008687592899, 28.54038013394585960, 34.01948181964684181 ) ) ;
#1636 = CARTESIAN_POINT ( 'NONE',  ( 1.964225604963704575, 27.99999999999999645, 34.44203813838840489 ) ) ;
#1637 = MANIFOLD_SOLID_BREP ( 'CirPattern2[5]', #41 ) ;
#1638 = AXIS2_PLACEMENT_3D ( 'NONE', #1787, #520, #1073 ) ;
#1639 = DIRECTION ( 'NONE',  ( 0.000000000000000000, -1.000000000000000000, -0.000000000000000000 ) ) ;
#1640 = AXIS2_PLACEMENT_3D ( 'NONE', #1215, #389, #1528 ) ;
#1641 = MANIFOLD_SOLID_BREP ( 'CirPattern2[4]', #1006 ) ;
#1642 = SURFACE_STYLE_USAGE ( .BOTH. , #278 ) ;
#1643 = ORIENTED_EDGE ( 'NONE', *, *, #1541, .T. ) ;
#1644 = EDGE_CURVE ( 'NONE', #351, #1765, #1610, .T. ) ;
#1645 = AXIS2_PLACEMENT_3D ( 'NONE', #1699, #997, #431 ) ;
#1646 = DIRECTION ( 'NONE',  ( 0.000000000000000000, 1.000000000000000000, -0.000000000000000000 ) ) ;
#1647 = AXIS2_PLACEMENT_3D ( 'NONE', #799, #1364, #820 ) ;
#1648 = ORIENTED_EDGE ( 'NONE', *, *, #756, .T. ) ;
#1649 = CARTESIAN_POINT ( 'NONE',  ( -28.66715801730732593, 0.000000000000000000, 9.656943160790193659 ) ) ;
#1650 = CARTESIAN_POINT ( 'NONE',  ( 1.885494894428415558, 29.37585395519619880, 33.65855610072885895 ) ) ;
#1651 = SURFACE_STYLE_USAGE ( .BOTH. , #1505 ) ;
#1652 = LINE ( 'NONE', #952, #147 ) ;
#1653 = PLANE ( 'NONE',  #1730 ) ;
#1654 = VERTEX_POINT ( 'NONE', #730 ) ;
#1655 = CARTESIAN_POINT ( 'NONE',  ( -1.646347122882486858, 28.17669395708247393, -34.46939161018030973 ) ) ;
#1656 = CARTESIAN_POINT ( 'NONE',  ( -2.678104315894190623, 29.98782767902778090, 32.61072243016665340 ) ) ;
#1657 = CARTESIAN_POINT ( 'NONE',  ( 2.821938808049773595, 30.00000000000000000, 32.37525451824844680 ) ) ;
#1658 = UNCERTAINTY_MEASURE_WITH_UNIT (LENGTH_MEASURE( 1.000000000000000082E-05 ), #248, 'distance_accuracy_value', 'NONE');
#1659 = LINE ( 'NONE', #643, #1276 ) ;
#1660 = LINE ( 'NONE', #1098, #1336 ) ;
#1661 = DIRECTION ( 'NONE',  ( 0.000000000000000000, 1.000000000000000000, 0.000000000000000000 ) ) ;
#1662 = PRESENTATION_STYLE_ASSIGNMENT (( #1812 ) ) ;
#1663 = ORIENTED_EDGE ( 'NONE', *, *, #1180, .F. ) ;
#1664 = AXIS2_PLACEMENT_3D ( 'NONE', #1050, #1205, #1321 ) ;
#1665 = CARTESIAN_POINT ( 'NONE',  ( -1.757769840215379409, 28.82231382761056793, -34.29694034442853479 ) ) ;
#1666 = CARTESIAN_POINT ( 'NONE',  ( 2.821938808049773595, 30.00000000000000000, 32.37525451824844680 ) ) ;
#1667 = CARTESIAN_POINT ( 'NONE',  ( -2.821938808049769598, 30.00000000000000000, 32.37525451824843969 ) ) ;
#1668 = EDGE_CURVE ( 'NONE', #53, #1177, #343, .T. ) ;
#1669 = DIRECTION ( 'NONE',  ( -0.000000000000000000, -1.000000000000000000, -0.000000000000000000 ) ) ;
#1670 = FACE_OUTER_BOUND ( 'NONE', #206, .T. ) ;
#1671 = CARTESIAN_POINT ( 'NONE',  ( -2.684299524686767136, 29.94921725089465170, -32.91010108329816575 ) ) ;
#1672 = CARTESIAN_POINT ( 'NONE',  ( -2.985210454253536927, 30.00000000000000000, 5.170536178052921983 ) ) ;
#1673 = EDGE_LOOP ( 'NONE', ( #444, #1643, #66, #1371 ) ) ;
#1674 = CIRCLE ( 'NONE', #310, 30.25000000000000355 ) ;
#1675 =( BOUNDED_SURFACE ( )  B_SPLINE_SURFACE ( 3, 2, ( 
 ( #85, #1060, #242 ),
 ( #1523, #1655, #1233 ),
 ( #370, #928, #1491 ),
 ( #1806, #232, #534 ),
 ( #1091, #1665, #794 ),
 ( #787, #264, #107 ),
 ( #661, #814, #1346 ),
 ( #1221, #471, #13 ),
 ( #1389, #1538, #1261 ),
 ( #1116, #297, #561 ),
 ( #1711, #715, #569 ),
 ( #1279, #577, #1424 ),
 ( #707, #151, #304 ),
 ( #19, #689, #1694 ),
 ( #1030, #432, #833 ),
 ( #1251, #859, #1122 ) ),
 .UNSPECIFIED., .F., .F., .T. ) 
 B_SPLINE_SURFACE_WITH_KNOTS ( ( 4, 2, 2, 2, 2, 2, 2, 4 ),
 ( 3, 3 ),
 ( 0.000000000000000000, 0.0002118282437658214443, 0.0004236564875316428886, 0.0006354847312974643871, 0.0008473129750632857771, 0.001059141218829107167, 0.001270969462594928774, 0.001694625950126571554 ),
 ( 0.000000000000000000, 1.000000000000000000 ),
 .UNSPECIFIED. ) 
 GEOMETRIC_REPRESENTATION_ITEM ( )  RATIONAL_B_SPLINE_SURFACE ( (
 ( 1.000000000000000000, 0.8271833653455485935, 1.000000000000000000),
 ( 1.000000000000000000, 0.8271721014549681117, 1.000000000000000000),
 ( 1.000000000000000000, 0.8307070588282386980, 1.000000000000000000),
 ( 1.000000000000000000, 0.8434295652674789201, 1.000000000000000000),
 ( 1.000000000000000000, 0.8527094797262571024, 1.000000000000000000),
 ( 1.000000000000000000, 0.8737012934638915818, 1.000000000000000000),
 ( 1.000000000000000000, 0.8855803760316101059, 1.000000000000000000),
 ( 1.000000000000000000, 0.9092442737479393688, 1.000000000000000000),
 ( 1.000000000000000000, 0.9209199493170465711, 1.000000000000000000),
 ( 1.000000000000000000, 0.9426621863941515578, 1.000000000000000000),
 ( 1.000000000000000000, 0.9526788086332963479, 1.000000000000000000),
 ( 1.000000000000000000, 0.9698420886895054993, 1.000000000000000000),
 ( 1.000000000000000000, 0.9770984485427625099, 1.000000000000000000),
 ( 1.000000000000000000, 0.9945809975954964521, 1.000000000000000000),
 ( 1.000000000000000000, 0.9999850309734598097, 1.000000000000000000),
 ( 1.000000000000000000, 1.000000000000000000, 1.000000000000000000) ) ) 
 REPRESENTATION_ITEM ( '' )  SURFACE ( )  );
#1676 = DIRECTION ( 'NONE',  ( 0.000000000000000000, 1.000000000000000000, 0.000000000000000000 ) ) ;
#1677 = VECTOR ( 'NONE', #1218, 999.9999999999998863 ) ;
#1678 = VERTEX_POINT ( 'NONE', #1719 ) ;
#1679 = LINE ( 'NONE', #235, #1199 ) ;
#1680 = CARTESIAN_POINT ( 'NONE',  ( 0.000000000000000000, 0.000000000000000000, 0.000000000000000000 ) ) ;
#1681 = CARTESIAN_POINT ( 'NONE',  ( -2.530037645655365708, 29.60066107058385398, -33.61295315759022628 ) ) ;
#1682 = FILL_AREA_STYLE ('',( #533 ) ) ;
#1683 = ORIENTED_EDGE ( 'NONE', *, *, #1406, .F. ) ;
#1684 = EDGE_CURVE ( 'NONE', #975, #366, #377, .T. ) ;
#1685 = DIRECTION ( 'NONE',  ( 0.000000000000000000, 0.000000000000000000, 1.000000000000000000 ) ) ;
#1686 = ORIENTED_EDGE ( 'NONE', *, *, #1718, .T. ) ;
#1687 = DIRECTION ( 'NONE',  ( 0.000000000000000000, 1.000000000000000000, 0.000000000000000000 ) ) ;
#1688 = EDGE_CURVE ( 'NONE', #784, #369, #10, .T. ) ;
#1689 = FACE_OUTER_BOUND ( 'NONE', #1601, .T. ) ;
#1690 = FACE_OUTER_BOUND ( 'NONE', #1198, .T. ) ;
#1691 = ADVANCED_FACE ( 'NONE', ( #1690 ), #455, .F. ) ;
#1692 = ADVANCED_FACE ( 'NONE', ( #161 ), #1405, .F. ) ;
#1693 = EDGE_LOOP ( 'NONE', ( #1825, #865, #1728, #1443 ) ) ;
#1694 = CARTESIAN_POINT ( 'NONE',  ( -2.468294645040606472, 29.95444946458886193, -32.78293949024217824 ) ) ;
#1695 = ORIENTED_EDGE ( 'NONE', *, *, #44, .T. ) ;
#1696 = CARTESIAN_POINT ( 'NONE',  ( -2.006692356999618454, 28.56376759084835371, 34.36357611105496090 ) ) ;
#1697 = ADVANCED_FACE ( 'NONE', ( #422 ), #1278, .T. ) ;
#1698 = DIRECTION ( 'NONE',  ( 0.8660254037844433705, 0.000000000000000000, 0.4999999999999919509 ) ) ;
#1699 = CARTESIAN_POINT ( 'NONE',  ( 4.336808689942017736E-16, 27.99999999999999645, -34.50153451497305923 ) ) ;
#1700 = EDGE_LOOP ( 'NONE', ( #749, #37, #1500, #1360 ) ) ;
#1701 = CARTESIAN_POINT ( 'NONE',  ( -5.970420908507097835, 30.00000000000000355, 29.15495867768594707 ) ) ;
#1702 = AXIS2_PLACEMENT_3D ( 'NONE', #635, #1203, #226 ) ;
#1703 = EDGE_CURVE ( 'NONE', #725, #279, #303, .T. ) ;
#1704 = DIRECTION ( 'NONE',  ( -0.000000000000000000, -1.000000000000000000, 0.000000000000000000 ) ) ;
#1705 = ORIENTED_EDGE ( 'NONE', *, *, #433, .F. ) ;
#1706 = CARTESIAN_POINT ( 'NONE',  ( -2.092007263511689086, 29.63886136606727106, 33.42733929151152950 ) ) ;
#1707 = AXIS2_PLACEMENT_3D ( 'NONE', #296, #839, #1128 ) ;
#1708 = CARTESIAN_POINT ( 'NONE',  ( -5.970420908507097835, 30.00000000000000000, 0.000000000000000000 ) ) ;
#1709 =( GEOMETRIC_REPRESENTATION_CONTEXT ( 3 ) GLOBAL_UNCERTAINTY_ASSIGNED_CONTEXT ( ( #1658 ) ) GLOBAL_UNIT_ASSIGNED_CONTEXT ( ( #248, #808, #1384 ) ) REPRESENTATION_CONTEXT ( 'NONE', 'WORKASPACE' ) );
#1710 = ORIENTED_EDGE ( 'NONE', *, *, #1339, .F. ) ;
#1711 = CARTESIAN_POINT ( 'NONE',  ( -2.538997579658447634, 29.62820563597840717, -33.57437666871762616 ) ) ;
#1712 = DIRECTION ( 'NONE',  ( 0.000000000000000000, 0.000000000000000000, 1.000000000000000000 ) ) ;
#1713 = ORIENTED_EDGE ( 'NONE', *, *, #1444, .F. ) ;
#1714 = MECHANICAL_DESIGN_GEOMETRIC_PRESENTATION_REPRESENTATION (  '', ( #675 ), #272 ) ;
#1715 = PLANE ( 'NONE',  #1752 ) ;
#1716 = FACE_OUTER_BOUND ( 'NONE', #271, .T. ) ;
#1717 = PRODUCT ( 'PooBoo_616M2', 'PooBoo_616M2', '', ( #508 ) ) ;
#1718 = EDGE_CURVE ( 'NONE', #1209, #1454, #408, .T. ) ;
#1719 = CARTESIAN_POINT ( 'NONE',  ( -1.451818925407959204, 0.000000000000000000, 34.06855685746891282 ) ) ;
#1720 = CARTESIAN_POINT ( 'NONE',  ( -4.336808689942017736E-16, 30.00000000000000000, -0.002000791051989803115 ) ) ;
#1721 = EDGE_LOOP ( 'NONE', ( #917, #138, #1486, #609 ) ) ;
#1722 = LINE ( 'NONE', #24, #1305 ) ;
#1723 = AXIS2_PLACEMENT_3D ( 'NONE', #1460, #1186, #907 ) ;
#1724 = DIRECTION ( 'NONE',  ( -0.8660254037844362651, 0.000000000000000000, 0.5000000000000043299 ) ) ;
#1725 = EDGE_CURVE ( 'NONE', #697, #760, #155, .T. ) ;
#1726 = CYLINDRICAL_SURFACE ( 'NONE', #40, 30.25000000000000000 ) ;
#1727 =( NAMED_UNIT ( * ) SI_UNIT ( $, .STERADIAN. ) SOLID_ANGLE_UNIT ( ) );
#1728 = ORIENTED_EDGE ( 'NONE', *, *, #1521, .F. ) ;
#1729 = DIRECTION ( 'NONE',  ( -0.000000000000000000, -1.000000000000000000, -0.000000000000000000 ) ) ;
#1730 = AXIS2_PLACEMENT_3D ( 'NONE', #376, #1257, #1 ) ;
#1731 = DIRECTION ( 'NONE',  ( -0.000000000000000000, -1.000000000000000000, 0.000000000000000000 ) ) ;
#1732 = AXIS2_PLACEMENT_3D ( 'NONE', #1793, #549, #395 ) ;
#1733 = CARTESIAN_POINT ( 'NONE',  ( 2.453567387953426326, 29.94986226267107909, -32.80065443202566655 ) ) ;
#1734 = VECTOR ( 'NONE', #550, 1000.000000000000000 ) ;
#1735 = AXIS2_PLACEMENT_3D ( 'NONE', #1513, #528, #393 ) ;
#1736 = ORIENTED_EDGE ( 'NONE', *, *, #1503, .F. ) ;
#1737 = CARTESIAN_POINT ( 'NONE',  ( 5.970420908507097835, 30.00000000000000355, -29.15495867768594707 ) ) ;
#1738 = VERTEX_POINT ( 'NONE', #1141 ) ;
#1739 = CARTESIAN_POINT ( 'NONE',  ( -2.455074152022561407, 29.90460248784351549, 32.94580575658333288 ) ) ;
#1740 = EDGE_CURVE ( 'NONE', #697, #599, #1373, .T. ) ;
#1741 = FACE_OUTER_BOUND ( 'NONE', #1805, .T. ) ;
#1742 = DIRECTION ( 'NONE',  ( -0.8660254037844432595, 0.000000000000000000, -0.4999999999999920064 ) ) ;
#1743 = EDGE_CURVE ( 'NONE', #1738, #1161, #488, .T. ) ;
#1744 = ADVANCED_FACE ( 'NONE', ( #766 ), #1605, .F. ) ;
#1745 = CARTESIAN_POINT ( 'NONE',  ( 2.985210454253500956, 42.31193336966029506, -5.170536178052942411 ) ) ;
#1746 = ORIENTED_EDGE ( 'NONE', *, *, #1003, .F. ) ;
#1747 = CARTESIAN_POINT ( 'NONE',  ( 2.985210454253609313, 30.00000000000000000, 5.170536178052879350 ) ) ;
#1748 = EDGE_LOOP ( 'NONE', ( #1124 ) ) ;
#1749 = DIRECTION ( 'NONE',  ( 0.000000000000000000, 0.000000000000000000, 1.000000000000000000 ) ) ;
#1750 =( NAMED_UNIT ( * ) PLANE_ANGLE_UNIT ( ) SI_UNIT ( $, .RADIAN. ) );
#1751 = ADVANCED_FACE ( 'NONE', ( #1741 ), #974, .T. ) ;
#1752 = AXIS2_PLACEMENT_3D ( 'NONE', #461, #301, #719 ) ;
#1753 = DIRECTION ( 'NONE',  ( 0.000000000000000000, 0.000000000000000000, 1.000000000000000000 ) ) ;
#1754 = CARTESIAN_POINT ( 'NONE',  ( 0.000000000000000000, 0.000000000000000000, 0.000000000000000000 ) ) ;
#1755 = ORIENTED_EDGE ( 'NONE', *, *, #372, .F. ) ;
#1756 = CARTESIAN_POINT ( 'NONE',  ( -2.985210454253500956, 42.31193336966029506, 5.170536178052942411 ) ) ;
#1757 = CARTESIAN_POINT ( 'NONE',  ( 2.605942044691087034, 29.80215855623564636, -33.27705462061390307 ) ) ;
#1758 = VERTEX_POINT ( 'NONE', #596 ) ;
#1759 = CARTESIAN_POINT ( 'NONE',  ( -2.821938808049768710, 30.00000000000000000, 32.37525451824843969 ) ) ;
#1760 = EDGE_CURVE ( 'NONE', #1654, #760, #71, .T. ) ;
#1761 = CARTESIAN_POINT ( 'NONE',  ( 2.577690993619458748, 29.96500715624226174, -32.83655370159713272 ) ) ;
#1762 = CARTESIAN_POINT ( 'NONE',  ( -2.985210454253609313, 0.000000000000000000, -5.170536178052879350 ) ) ;
#1763 = AXIS2_PLACEMENT_3D ( 'NONE', #892, #1484, #1753 ) ;
#1764 = CARTESIAN_POINT ( 'NONE',  ( 2.736756987059579593, 29.99999999999999645, -32.64624079569798454 ) ) ;
#1765 = VERTEX_POINT ( 'NONE', #1037 ) ;
#1766 = CARTESIAN_POINT ( 'NONE',  ( -2.644385892710593211, 29.93912719006599232, 32.89789528690926801 ) ) ;
#1767 = CARTESIAN_POINT ( 'NONE',  ( 1.354061739223342498, 27.99999999999999645, -33.85615338233035487 ) ) ;
#1768 = LINE ( 'NONE', #1057, #1457 ) ;
#1769 = ORIENTED_EDGE ( 'NONE', *, *, #1082, .T. ) ;
#1770 = ORIENTED_EDGE ( 'NONE', *, *, #978, .F. ) ;
#1771 = PRESENTATION_LAYER_ASSIGNMENT (  '', '', ( #1134 ) ) ;
#1772 = EDGE_CURVE ( 'NONE', #152, #985, #117, .T. ) ;
#1773 = DIRECTION ( 'NONE',  ( 0.000000000000000000, 0.000000000000000000, -1.000000000000000000 ) ) ;
#1774 = ORIENTED_EDGE ( 'NONE', *, *, #1760, .T. ) ;
#1775 = CARTESIAN_POINT ( 'NONE',  ( 2.985210454253573786, 42.31193336966029506, 5.170536178052902443 ) ) ;
#1776 = CARTESIAN_POINT ( 'NONE',  ( -1.354061739223342054, 28.13390047919572368, -33.85615338233034777 ) ) ;
#1777 = DIRECTION ( 'NONE',  ( 0.000000000000000000, 0.000000000000000000, 1.000000000000000000 ) ) ;
#1778 = COLOUR_RGB ( '',0.7921568627450980005, 0.8196078431372548767, 0.9333333333333333481 ) ;
#1779 = CARTESIAN_POINT ( 'NONE',  ( -5.970420908507097835, 0.000000000000000000, 29.65495867768594707 ) ) ;
#1780 = EDGE_CURVE ( 'NONE', #679, #240, #819, .T. ) ;
#1781 = CARTESIAN_POINT ( 'NONE',  ( -1.935758567210607017, 0.000000000000000000, 33.94284916839650634 ) ) ;
#1782 = AXIS2_PLACEMENT_3D ( 'NONE', #323, #875, #445 ) ;
#1783 = ORIENTED_EDGE ( 'NONE', *, *, #1644, .F. ) ;
#1784 = DIRECTION ( 'NONE',  ( -0.000000000000000000, -1.000000000000000000, -0.000000000000000000 ) ) ;
#1785 = ORIENTED_EDGE ( 'NONE', *, *, #1083, .T. ) ;
#1786 = DIRECTION ( 'NONE',  ( -0.000000000000000000, -1.000000000000000000, 0.000000000000000000 ) ) ;
#1787 = CARTESIAN_POINT ( 'NONE',  ( 2.256769565372297226, 30.00000000000000000, -33.42589929390185688 ) ) ;
#1788 = FILL_AREA_STYLE_COLOUR ( '', #1188 ) ;
#1789 = CARTESIAN_POINT ( 'NONE',  ( 0.000000000000000000, 8.000000000000000000, 30.25000000000000000 ) ) ;
#1791 = CIRCLE ( 'NONE', #1220, 30.25000000000000000 ) ;
#1790 = AXIS2_PLACEMENT_3D ( 'NONE', #656, #1496, #1354 ) ;
#1792 = CARTESIAN_POINT ( 'NONE',  ( 1.964225604963704575, 27.99999999999999645, 34.44203813838840489 ) ) ;
#1793 = CARTESIAN_POINT ( 'NONE',  ( 0.000000000000000000, 42.31193336966029506, 0.000000000000000000 ) ) ;
#1794 = DIRECTION ( 'NONE',  ( 0.000000000000000000, 1.000000000000000000, -0.000000000000000000 ) ) ;
#1795 = EDGE_LOOP ( 'NONE', ( #910, #27, #441, #585 ) ) ;
#1796 = VECTOR ( 'NONE', #1171, 1000.000000000000000 ) ;
#1797 = CARTESIAN_POINT ( 'NONE',  ( 2.256769565372297226, 0.000000000000000000, -33.42589929390185688 ) ) ;
#1798 = VECTOR ( 'NONE', #261, 1000.000000000000000 ) ;
#1799 = EDGE_LOOP ( 'NONE', ( #95, #762, #1769 ) ) ;
#1800 = DIRECTION ( 'NONE',  ( 0.000000000000000000, 0.000000000000000000, -1.000000000000000000 ) ) ;
#1801 = DIRECTION ( 'NONE',  ( -0.000000000000000000, -1.000000000000000000, -0.000000000000000000 ) ) ;
#1802 = PLANE ( 'NONE',  #754 ) ;
#1803 = DIRECTION ( 'NONE',  ( 0.000000000000000000, 1.000000000000000000, -0.000000000000000000 ) ) ;
#1804 = CARTESIAN_POINT ( 'NONE',  ( 4.336808689942017736E-16, 0.000000000000000000, -34.50153451497305923 ) ) ;
#1805 = EDGE_LOOP ( 'NONE', ( #411, #1051, #841 ) ) ;
#1806 = CARTESIAN_POINT ( 'NONE',  ( -2.344904369050747839, 28.55781328475763203, -34.34779647926467305 ) ) ;
#1807 = EDGE_LOOP ( 'NONE', ( #1165, #1435, #813, #802 ) ) ;
#1808 = CARTESIAN_POINT ( 'NONE',  ( 0.000000000000000000, 0.000000000000000000, 0.000000000000000000 ) ) ;
#1809 = CARTESIAN_POINT ( 'NONE',  ( 0.000000000000000000, 30.00000000000000000, 30.25000000000000000 ) ) ;
#1810 = DIRECTION ( 'NONE',  ( 0.8660254037844328234, 0.000000000000000000, -0.5000000000000101030 ) ) ;
#1811 = DIRECTION ( 'NONE',  ( 0.000000000000000000, 0.000000000000000000, -1.000000000000000000 ) ) ;
#1812 = SURFACE_STYLE_USAGE ( .BOTH. , #1241 ) ;
#1813 = VECTOR ( 'NONE', #964, 1000.000000000000000 ) ;
#1814 = CARTESIAN_POINT ( 'NONE',  ( -1.935758567210607017, 30.00000000000000000, 33.94284916839650634 ) ) ;
#1815 = EDGE_LOOP ( 'NONE', ( #415, #1333, #339, #1048 ) ) ;
#1816 = CARTESIAN_POINT ( 'NONE',  ( 2.346447966914284589, 29.80090808438427530, 33.31952366025813461 ) ) ;
#1817 = CARTESIAN_POINT ( 'NONE',  ( 2.985210454253536927, 30.00000000000000000, -5.170536178052921983 ) ) ;
#1818 = VERTEX_POINT ( 'NONE', #547 ) ;
#1819 = CARTESIAN_POINT ( 'NONE',  ( -2.985210454253536927, 0.000000000000000000, 5.170536178052921983 ) ) ;
#1820 = EDGE_CURVE ( 'NONE', #1135, #279, #1659, .T. ) ;
#1821 = EDGE_CURVE ( 'NONE', #279, #1234, #630, .T. ) ;
#1822 = DIRECTION ( 'NONE',  ( 0.000000000000000000, 0.000000000000000000, 1.000000000000000000 ) ) ;
#1823 = ORIENTED_EDGE ( 'NONE', *, *, #1148, .T. ) ;
#1824 = CYLINDRICAL_SURFACE ( 'NONE', #373, 10.30856832971802106 ) ;
#1825 = ORIENTED_EDGE ( 'NONE', *, *, #834, .T. ) ;
#1826 = DIRECTION ( 'NONE',  ( -0.8660254037844398178, 0.000000000000000000, -0.4999999999999980016 ) ) ;
#1827 = EDGE_CURVE ( 'NONE', #1367, #1167, #1077, .T. ) ;
ENDSEC;
END-ISO-10303-21;
