ISO-10303-21;
HEADER;
FILE_DESCRIPTION (( 'STEP AP214' ),
    '1' );
FILE_NAME ('Schwinn_AC.STEP',
    '2025-02-19T22:52:36',
    ( '' ),
    ( '' ),
    'SwSTEP 2.0',
    'SolidWorks 2025',
    '' );
FILE_SCHEMA (( 'AUTOMOTIVE_DESIGN' ));
ENDSEC;

DATA;
#1 = CARTESIAN_POINT ( 'NONE',  ( -19.45298514331470940, 2.999999999999999112, -6.605420998298747293 ) ) ;
#2 = DIRECTION ( 'NONE',  ( 0.000000000000000000, 1.000000000000000000, 0.000000000000000000 ) ) ;
#3 = CARTESIAN_POINT ( 'NONE',  ( 1.341721862470635962, 2.999999999999998224, -20.50000000000000000 ) ) ;
#4 = CARTESIAN_POINT ( 'NONE',  ( -3.967648535439122437, 29.60380205519541619, 28.72427673127894820 ) ) ;
#5 = CARTESIAN_POINT ( 'NONE',  ( 4.635670086541926693, 29.66614991731973916, -19.36947513493555206 ) ) ;
#6 = CARTESIAN_POINT ( 'NONE',  ( -19.84434129845637074, 2.999999999999999112, -5.315292652448117217 ) ) ;
#7 = CARTESIAN_POINT ( 'NONE',  ( -1.515089785116193521, 23.88511791499922055, -33.68587923754971314 ) ) ;
#8 = CARTESIAN_POINT ( 'NONE',  ( -4.653087665904276804, 0.9999999999999991118, 9.437746084941482039 ) ) ;
#9 = EDGE_CURVE ( 'NONE', #1559, #2699, #1433, .T. ) ;
#10 = CARTESIAN_POINT ( 'NONE',  ( 8.347572105093890471, 0.9999999999999997780, 6.406411305554304825 ) ) ;
#11 = CARTESIAN_POINT ( 'NONE',  ( 6.404892813961973630, 0.9999999999999991118, 8.348630069183970548 ) ) ;
#12 = CARTESIAN_POINT ( 'NONE',  ( -3.223296891911630713, 28.40076506895479014, 31.03217016502866699 ) ) ;
#13 = ORIENTED_EDGE ( 'NONE', *, *, #612, .F. ) ;
#14 = DIRECTION ( 'NONE',  ( 0.000000000000000000, 0.000000000000000000, 1.000000000000000000 ) ) ;
#15 = CARTESIAN_POINT ( 'NONE',  ( 18.42607568887183689, 2.999999999999995559, -9.084599730543887475 ) ) ;
#16 = B_SPLINE_CURVE_WITH_KNOTS ( 'NONE', 3,
 ( #954, #1679, #1438, #170, #674, #1128, #2332, #2565, #2674, #1201, #2162, #1465, #2207, #793, #2655, #1259, #728, #2225, #2413, #38, #270, #2917, #21, #758, #1760, #2688 ),
 .UNSPECIFIED., .F., .F.,
 ( 4, 2, 2, 2, 2, 2, 2, 2, 2, 2, 2, 2, 4 ),
 ( 0.01038337776414996125, 0.01116493680816060471, 0.01194649585217124992, 0.01350961394019253858, 0.01507273202821382552, 0.01585429107222447245, 0.01663585011623511939, 0.01819896820425639938, 0.01898052724826704285, 0.01976208629227767938, 0.02132520438029896978, 0.02210676342430961325, 0.02288832246832025671 ),
 .UNSPECIFIED. ) ;
#17 = DIRECTION ( 'NONE',  ( 0.000000000000000000, -1.000000000000000000, -0.000000000000000000 ) ) ;
#18 = DIRECTION ( 'NONE',  ( 1.000000000000000000, -0.000000000000000000, 0.000000000000000000 ) ) ;
#19 = ORIENTED_EDGE ( 'NONE', *, *, #2635, .T. ) ;
#20 = CARTESIAN_POINT ( 'NONE',  ( -12.50479073202135005, 2.999999999999999112, 16.29970632554895715 ) ) ;
#21 = CARTESIAN_POINT ( 'NONE',  ( 34.43620690317789013, 23.04165861956968442, 0.000000000000000000 ) ) ;
#22 = CARTESIAN_POINT ( 'NONE',  ( -9.112231789170060381, 0.9999999999999991118, -5.262082079449105443 ) ) ;
#23 = CARTESIAN_POINT ( 'NONE',  ( -16.29970632554858767, 2.999999999999999112, -12.50479073202189539 ) ) ;
#24 = CARTESIAN_POINT ( 'NONE',  ( 9.963724097794903756, 0.9999999999999991118, -3.383264413762903988 ) ) ;
#25 = CARTESIAN_POINT ( 'NONE',  ( -3.845539660977804530, 29.21016867251115912, 29.75559455737526093 ) ) ;
#26 = ORIENTED_EDGE ( 'NONE', *, *, #1705, .T. ) ;
#27 = DIRECTION ( 'NONE',  ( -0.000000000000000000, -1.000000000000000000, 0.000000000000000000 ) ) ;
#28 = CARTESIAN_POINT ( 'NONE',  ( -1.209483331269468963E-15, 2.999999999999999112, -20.49999999999999645 ) ) ;
#29 = PRESENTATION_LAYER_ASSIGNMENT (  '', '', ( #428 ) ) ;
#30 = CIRCLE ( 'NONE', #1770, 1.000000000000000888 ) ;
#31 = CARTESIAN_POINT ( 'NONE',  ( 8.348630069183379021, 0.9999999999999991118, -6.404892813962264952 ) ) ;
#32 = ORIENTED_EDGE ( 'NONE', *, *, #1901, .T. ) ;
#33 = DIRECTION ( 'NONE',  ( -0.000000000000000000, -1.000000000000000000, 0.000000000000000000 ) ) ;
#34 = CARTESIAN_POINT ( 'NONE',  ( 2.256769565372297226, 22.00000000000000000, -33.42589929390185688 ) ) ;
#35 = AXIS2_PLACEMENT_3D ( 'NONE', #2168, #27, #2892 ) ;
#36 = DIRECTION ( 'NONE',  ( 0.000000000000000000, 0.000000000000000000, -1.000000000000000000 ) ) ;
#37 = CARTESIAN_POINT ( 'NONE',  ( -19.45298514331473072, 2.999999999999999112, 6.605420998298685120 ) ) ;
#38 = CARTESIAN_POINT ( 'NONE',  ( 34.09144183363819991, 24.57723099340567074, -0.000000000000000000 ) ) ;
#39 = CARTESIAN_POINT ( 'NONE',  ( -10.16417481140399914, 0.9999999999999991118, -2.722466968326923364 ) ) ;
#40 = ORIENTED_EDGE ( 'NONE', *, *, #1365, .F. ) ;
#41 = DIRECTION ( 'NONE',  ( 0.000000000000000000, 0.000000000000000000, 1.000000000000000000 ) ) ;
#42 = CARTESIAN_POINT ( 'NONE',  ( -29.07135519223605868, 29.58006309467831585, 0.000000000000000000 ) ) ;
#43 = CARTESIAN_POINT ( 'NONE',  ( 0.000000000000000000, 30.00000000000000000, 0.000000000000000000 ) ) ;
#44 = VERTEX_POINT ( 'NONE', #1360 ) ;
#45 = CARTESIAN_POINT ( 'NONE',  ( -4.336808689942017736E-16, 30.00000000000000000, -0.002000791051989803115 ) ) ;
#46 = DIRECTION ( 'NONE',  ( -1.084202172485503487E-14, 0.000000000000000000, 1.000000000000000000 ) ) ;
#47 = DIRECTION ( 'NONE',  ( 0.000000000000000000, 1.000000000000000000, -0.000000000000000000 ) ) ;
#48 = EDGE_CURVE ( 'NONE', #1887, #2935, #2363, .T. ) ;
#49 = CARTESIAN_POINT ( 'NONE',  ( 17.79054777885558281, 2.999999999999999112, 10.27358882178205945 ) ) ;
#50 = CARTESIAN_POINT ( 'NONE',  ( -4.335301035084785148, 29.93701303232302635, 27.17446067097958107 ) ) ;
#51 = PLANE ( 'NONE',  #1752 ) ;
#52 = CARTESIAN_POINT ( 'NONE',  ( -4.670707800281946653, 29.33278833915227679, -19.01800410146855569 ) ) ;
#53 = CARTESIAN_POINT ( 'NONE',  ( -1.942690246314576097, 25.63754277908884660, -33.14333927693802195 ) ) ;
#54 = CARTESIAN_POINT ( 'NONE',  ( 7.910561523085007707, 0.9999999999999991118, -6.938680881832492098 ) ) ;
#55 = ORIENTED_EDGE ( 'NONE', *, *, #2013, .T. ) ;
#56 = CARTESIAN_POINT ( 'NONE',  ( 0.6892549609679227141, 1.000000000000000444, 10.50000000000000178 ) ) ;
#57 = CARTESIAN_POINT ( 'NONE',  ( 1.964225604963704575, 0.000000000000000000, 34.44203813838840489 ) ) ;
#58 = CARTESIAN_POINT ( 'NONE',  ( 4.705685264173880888, 28.99999999999999645, 18.66598580826999054 ) ) ;
#59 = ORIENTED_EDGE ( 'NONE', *, *, #2528, .T. ) ;
#60 = CARTESIAN_POINT ( 'NONE',  ( -3.381541120049616822, 0.9999999999999997780, -9.964398904051273931 ) ) ;
#61 = DIRECTION ( 'NONE',  ( 0.000000000000000000, 0.000000000000000000, -1.000000000000000000 ) ) ;
#62 =( BOUNDED_SURFACE ( )  B_SPLINE_SURFACE ( 2, 3, ( 
 ( #564, #2908, #2437, #74, #1250, #1767, #2215, #783, #547, #2955, #110, #1493, #2233, #833, #2732, #1562, #766, #1734, #637, #2895, #1459, #2409, #1221, #31, #989, #2647, #282, #3072, #956, #1374, #403, #1902, #1419, #184, #2279, #158, #1118, #143, #1083, #2747, #1102, #1560, #2081, #800, #602, #1522, #2984, #2248, #814, #360, #866, #390, #373, #1329, #1768, #1834, #1347, #2730, #108, #2968, #2308, #2512, #2294, #2066, #2763, #582 ),
 ( #2499, #1802, #851, #1315, #2695, #2936, #2711, #344, #93, #122, #326, #1820, #1591, #1783, #2048, #1068, #565, #2031, #635, #2527, #618, #1576, #2467, #1300, #1281, #1053, #2014, #1540, #2483, #2265, #2953, #831, #464, #2834, #2108, #232, #2819, #1625, #203, #926, #2335, #1669, #1424, #1906, #1190, #1397, #2998, #2121, #2778, #880, #451, #1876, #651, #2589, #2804, #1888, #2555, #2375, #406, #418, #2352, #1847, #3042, #1362, #677, #1639 ),
 ( #2568, #2323, #943, #436, #1159, #691, #1376, #1613, #189, #3015, #2543, #1174, #1146, #3029, #1657, #1409, #173, #707, #1131, #2095, #912, #2364, #897, #1862, #2792, #216, #663, #2135, #3056, #2601, #260, #1468, #2875, #761, #980, #2676, #1441, #2152, #2449, #2888, #1946, #746, #23, #1230, #1713, #1, #1203, #967, #1699, #2393, #2640, #1681, #2195, #2904, #2164, #505, #2403, #958, #1215, #521, #777, #2416, #1728, #542, #2627, #2432 ) ),
 .UNSPECIFIED., .F., .T., .F. ) 
 B_SPLINE_SURFACE_WITH_KNOTS ( ( 3, 3 ),
 ( 4, 2, 2, 2, 2, 2, 2, 2, 2, 2, 2, 2, 2, 2, 2, 2, 2, 2, 2, 2, 2, 2, 2, 2, 2, 2, 2, 2, 2, 2, 2, 2, 4 ),
 ( 0.000000000000000000, 1.000000000000000000 ),
 ( 0.000000000000000000, 0.1963495408493620697, 0.3926990816987241395, 0.5890486225480862092, 0.7853981633974482790, 0.9817477042468103487, 1.178097245096172418, 1.374446785945534488, 1.570796326794896558, 1.767145867644258628, 1.963495408493620697, 2.159844949342982545, 2.356194490192344837, 2.552544031041707129, 2.748893571891068976, 2.945243112740430824, 3.141592653589793116, 3.337942194439155408, 3.534291735288517255, 3.730641276137879103, 3.926990816987241395, 4.123340357836603687, 4.319689898685965090, 4.516039439535327382, 4.712388980384689674, 4.908738521234051966, 5.105088062083414258, 5.301437602932775661, 5.497787143782137953, 5.694136684631500245, 5.890486225480861648, 6.086835766330223940, 6.283185307179586232 ),
 .UNSPECIFIED. ) 
 GEOMETRIC_REPRESENTATION_ITEM ( )  RATIONAL_B_SPLINE_SURFACE ( (
 ( 1.000000000000000000, 1.000000000000000000, 1.000000000000000000, 1.000000000000000000, 1.000000000000000000, 1.000000000000000000, 1.000000000000000000, 1.000000000000000000, 1.000000000000000000, 1.000000000000000000, 1.000000000000000000, 1.000000000000000000, 1.000000000000000000, 1.000000000000000000, 1.000000000000000000, 1.000000000000000000, 1.000000000000000000, 1.000000000000000000, 1.000000000000000000, 1.000000000000000000, 1.000000000000000000, 1.000000000000000000, 1.000000000000000000, 1.000000000000000000, 1.000000000000000000, 1.000000000000000000, 1.000000000000000000, 1.000000000000000000, 1.000000000000000000, 1.000000000000000000, 1.000000000000000000, 1.000000000000000000, 1.000000000000000000, 1.000000000000000000, 1.000000000000000000, 1.000000000000000000, 1.000000000000000000, 1.000000000000000000, 1.000000000000000000, 1.000000000000000000, 1.000000000000000000, 1.000000000000000000, 1.000000000000000000, 1.000000000000000000, 1.000000000000000000, 1.000000000000000000, 1.000000000000000000, 1.000000000000000000, 1.000000000000000000, 1.000000000000000000, 1.000000000000000000, 1.000000000000000000, 1.000000000000000000, 1.000000000000000000, 1.000000000000000000, 1.000000000000000000, 1.000000000000000000, 1.000000000000000000, 1.000000000000000000, 1.000000000000000000, 1.000000000000000000, 1.000000000000000000, 1.000000000000000000, 1.000000000000000000, 1.000000000000000000, 1.000000000000000000),
 ( 0.7071067811865475727, 0.7071067811865475727, 0.7071067811865475727, 0.7071067811865475727, 0.7071067811865475727, 0.7071067811865475727, 0.7071067811865474617, 0.7071067811865474617, 0.7071067811865475727, 0.7071067811865475727, 0.7071067811865476838, 0.7071067811865476838, 0.7071067811865475727, 0.7071067811865475727, 0.7071067811865475727, 0.7071067811865475727, 0.7071067811865475727, 0.7071067811865475727, 0.7071067811865475727, 0.7071067811865475727, 0.7071067811865475727, 0.7071067811865475727, 0.7071067811865475727, 0.7071067811865475727, 0.7071067811865476838, 0.7071067811865476838, 0.7071067811865475727, 0.7071067811865475727, 0.7071067811865475727, 0.7071067811865475727, 0.7071067811865475727, 0.7071067811865475727, 0.7071067811865475727, 0.7071067811865475727, 0.7071067811865475727, 0.7071067811865475727, 0.7071067811865475727, 0.7071067811865475727, 0.7071067811865475727, 0.7071067811865475727, 0.7071067811865475727, 0.7071067811865475727, 0.7071067811865475727, 0.7071067811865475727, 0.7071067811865475727, 0.7071067811865475727, 0.7071067811865475727, 0.7071067811865475727, 0.7071067811865475727, 0.7071067811865475727, 0.7071067811865475727, 0.7071067811865475727, 0.7071067811865475727, 0.7071067811865475727, 0.7071067811865475727, 0.7071067811865475727, 0.7071067811865476838, 0.7071067811865476838, 0.7071067811865475727, 0.7071067811865475727, 0.7071067811865475727, 0.7071067811865475727, 0.7071067811865475727, 0.7071067811865475727, 0.7071067811865475727, 0.7071067811865475727),
 ( 1.000000000000000000, 1.000000000000000000, 1.000000000000000000, 1.000000000000000000, 1.000000000000000000, 1.000000000000000000, 1.000000000000000000, 1.000000000000000000, 1.000000000000000000, 1.000000000000000000, 1.000000000000000000, 1.000000000000000000, 1.000000000000000000, 1.000000000000000000, 1.000000000000000000, 1.000000000000000000, 1.000000000000000000, 1.000000000000000000, 1.000000000000000000, 1.000000000000000000, 1.000000000000000000, 1.000000000000000000, 1.000000000000000000, 1.000000000000000000, 1.000000000000000000, 1.000000000000000000, 1.000000000000000000, 1.000000000000000000, 1.000000000000000000, 1.000000000000000000, 1.000000000000000000, 1.000000000000000000, 1.000000000000000000, 1.000000000000000000, 1.000000000000000000, 1.000000000000000000, 1.000000000000000000, 1.000000000000000000, 1.000000000000000000, 1.000000000000000000, 1.000000000000000000, 1.000000000000000000, 1.000000000000000000, 1.000000000000000000, 1.000000000000000000, 1.000000000000000000, 1.000000000000000000, 1.000000000000000000, 1.000000000000000000, 1.000000000000000000, 1.000000000000000000, 1.000000000000000000, 1.000000000000000000, 1.000000000000000000, 1.000000000000000000, 1.000000000000000000, 1.000000000000000000, 1.000000000000000000, 1.000000000000000000, 1.000000000000000000, 1.000000000000000000, 1.000000000000000000, 1.000000000000000000, 1.000000000000000000, 1.000000000000000000, 1.000000000000000000) ) ) 
 REPRESENTATION_ITEM ( '' )  SURFACE ( )  );
#63 = CARTESIAN_POINT ( 'NONE',  ( -6.605420998297686808, 0.9999999999999992228, 19.45298514331502560 ) ) ;
#64 =( NAMED_UNIT ( * ) PLANE_ANGLE_UNIT ( ) SI_UNIT ( $, .RADIAN. ) );
#65 = CARTESIAN_POINT ( 'NONE',  ( -5.804024522700433231, 18.55000000000001137, 18.35417661841282566 ) ) ;
#66 = ADVANCED_FACE ( 'NONE', ( #2833 ), #2015, .T. ) ;
#67 = CARTESIAN_POINT ( 'NONE',  ( 2.263529770796074647, 25.74727979611710893, -33.50330217024249890 ) ) ;
#68 = CARTESIAN_POINT ( 'NONE',  ( -1.354061739223342498, 22.00000000000000000, -33.85615338233035487 ) ) ;
#69 = CARTESIAN_POINT ( 'NONE',  ( -5.262082079449071692, 0.9999999999999991118, -9.112231789170078144 ) ) ;
#70 = CARTESIAN_POINT ( 'NONE',  ( 1.374429794011851946, 0.9999999999999991118, 10.43231607706329278 ) ) ;
#71 = CARTESIAN_POINT ( 'NONE',  ( 9.437746084941522895, 0.9999999999999991118, 4.653087665903981041 ) ) ;
#72 = CARTESIAN_POINT ( 'NONE',  ( -5.804024522700200528, 18.55000000000001137, -18.35417661841289672 ) ) ;
#73 = VERTEX_POINT ( 'NONE', #1152 ) ;
#74 = CARTESIAN_POINT ( 'NONE',  ( 2.722466968326841208, 0.9999999999999991118, 10.16417481140454804 ) ) ;
#75 = DIRECTION ( 'NONE',  ( -0.000000000000000000, -1.000000000000000000, -0.000000000000000000 ) ) ;
#76 = CARTESIAN_POINT ( 'NONE',  ( 27.02752433654762854, 29.98689575510282523, 0.000000000000000000 ) ) ;
#77 = AXIS2_PLACEMENT_3D ( 'NONE', #930, #1380, #1674 ) ;
#78 = CARTESIAN_POINT ( 'NONE',  ( 1.341721860442342873, 2.999999999999999112, -20.49999999999999645 ) ) ;
#79 = FILL_AREA_STYLE_COLOUR ( '', #1484 ) ;
#80 = CARTESIAN_POINT ( 'NONE',  ( 3.224875493008309224, 28.40382133734830461, 31.02811032799860769 ) ) ;
#81 =( BOUNDED_CURVE ( )  B_SPLINE_CURVE ( 3, ( #1306, #843, #805, #2271 ),
 .UNSPECIFIED., .F., .F. ) 
 B_SPLINE_CURVE_WITH_KNOTS ( ( 4, 4 ),
 ( 4.959342643868476230, 5.018662597794526725 ),
 .UNSPECIFIED. ) 
 CURVE ( )  GEOMETRIC_REPRESENTATION_ITEM ( )  RATIONAL_B_SPLINE_CURVE ( ( 1.000000000000000000, 0.9997067834186964541, 0.9997067834186964541, 1.000000000000000000 ) ) 
 REPRESENTATION_ITEM ( '' )  );
#82 = AXIS2_PLACEMENT_3D ( 'NONE', #1986, #2973, #2735 ) ;
#83 = TOROIDAL_SURFACE ( 'NONE', #1543, 9.499999999999907629, 8.000000000000000000 ) ;
#84 = EDGE_CURVE ( 'NONE', #1782, #111, #162, .T. ) ;
#85 = CARTESIAN_POINT ( 'NONE',  ( 2.192707811625806524, 25.51109143442821292, -33.62866756671975565 ) ) ;
#86 = CARTESIAN_POINT ( 'NONE',  ( -4.474844081315666244, 30.00000000000000000, -26.12145274640347026 ) ) ;
#87 = CARTESIAN_POINT ( 'NONE',  ( -17.79054777885733429, 0.9999999999999992228, -10.27358882178209676 ) ) ;
#88 = EDGE_LOOP ( 'NONE', ( #2193, #860, #983, #2531 ) ) ;
#89 = CARTESIAN_POINT ( 'NONE',  ( -9.437746084941482039, 0.9999999999999991118, -4.653087665903978376 ) ) ;
#90 = CARTESIAN_POINT ( 'NONE',  ( -2.722466968326775039, 0.9999999999999991118, 10.16417481140399914 ) ) ;
#91 = CARTESIAN_POINT ( 'NONE',  ( -9.084599730543882146, 2.999999999999999112, -18.42607568887183689 ) ) ;
#92 = ORIENTED_EDGE ( 'NONE', *, *, #2281, .F. ) ;
#93 = CARTESIAN_POINT ( 'NONE',  ( 13.54694838833947479, 0.9999999999999992228, 15.44442964030957199 ) ) ;
#94 = LINE ( 'NONE', #1784, #2046 ) ;
#95 = ORIENTED_EDGE ( 'NONE', *, *, #1429, .F. ) ;
#96 = ORIENTED_EDGE ( 'NONE', *, *, #2032, .T. ) ;
#97 = CARTESIAN_POINT ( 'NONE',  ( 15.44442964030957199, 2.999999999999999112, 13.54694838833887793 ) ) ;
#98 = CARTESIAN_POINT ( 'NONE',  ( 5.804024522700200528, 18.55000000000001137, 18.35417661841289672 ) ) ;
#99 = CARTESIAN_POINT ( 'NONE',  ( 2.324135821055052897, 22.00000000000000000, -34.42362760741976757 ) ) ;
#100 = CARTESIAN_POINT ( 'NONE',  ( -2.256769565372296338, 0.000000000000000000, -33.42589929390185688 ) ) ;
#101 = CARTESIAN_POINT ( 'NONE',  ( 18.42607568964797693, 2.999999999999999112, 9.084599728670106344 ) ) ;
#102 = VERTEX_POINT ( 'NONE', #2646 ) ;
#103 = CARTESIAN_POINT ( 'NONE',  ( 0.6872233919333533558, 0.9999999999999991118, 10.50000000000000000 ) ) ;
#104 = CARTESIAN_POINT ( 'NONE',  ( -1.341721860442337766, 0.9999999999999992228, -20.50000000000000000 ) ) ;
#105 = CARTESIAN_POINT ( 'NONE',  ( 3.528631201101271930, 28.55120000390742874, 30.89588498284272333 ) ) ;
#106 = ORIENTED_EDGE ( 'NONE', *, *, #1587, .T. ) ;
#107 = ADVANCED_FACE ( 'NONE', ( #2130 ), #1647, .T. ) ;
#108 = CARTESIAN_POINT ( 'NONE',  ( -6.404892813962559828, 0.9999999999999991118, 8.348630069183972324 ) ) ;
#109 = CARTESIAN_POINT ( 'NONE',  ( -5.494537565105268584, 21.49457170838891429, 19.75530827355298413 ) ) ;
#110 = CARTESIAN_POINT ( 'NONE',  ( 8.348630069183377245, 0.9999999999999991118, 6.404892813962268505 ) ) ;
#111 = VERTEX_POINT ( 'NONE', #3050 ) ;
#112 = ORIENTED_EDGE ( 'NONE', *, *, #297, .F. ) ;
#113 = DIRECTION ( 'NONE',  ( -0.000000000000000000, -1.000000000000000000, 0.000000000000000000 ) ) ;
#114 = CARTESIAN_POINT ( 'NONE',  ( 4.336808689942017736E-16, 22.00000000000000000, -34.50153451497305923 ) ) ;
#115 = CARTESIAN_POINT ( 'NONE',  ( -4.209266229899716549, 29.80009677620972042, -27.98300275566122508 ) ) ;
#116 = CARTESIAN_POINT ( 'NONE',  ( 20.36785519807616396, 0.9999999999999992228, -2.683410550213652268 ) ) ;
#117 = ORIENTED_EDGE ( 'NONE', *, *, #686, .F. ) ;
#118 = CARTESIAN_POINT ( 'NONE',  ( -7.910561523085018365, 0.9999999999999991118, -6.938680881832183012 ) ) ;
#119 = CARTESIAN_POINT ( 'NONE',  ( -10.43231607706324482, 0.9999999999999991118, 1.374429794011774675 ) ) ;
#120 = CARTESIAN_POINT ( 'NONE',  ( 1.964225604963711014, 22.00000000000000000, 34.44203813838840489 ) ) ;
#121 = ORIENTED_EDGE ( 'NONE', *, *, #392, .F. ) ;
#122 = CARTESIAN_POINT ( 'NONE',  ( 15.44442964030897514, 0.9999999999999992228, 13.54694838833887971 ) ) ;
#123 = EDGE_CURVE ( 'NONE', #1046, #1800, #132, .T. ) ;
#124 = LINE ( 'NONE', #1331, #2140 ) ;
#125 = ORIENTED_EDGE ( 'NONE', *, *, #2440, .F. ) ;
#126 = ORIENTED_EDGE ( 'NONE', *, *, #163, .F. ) ;
#127 = ADVANCED_FACE ( 'NONE', ( #700 ), #83, .T. ) ;
#128 =( NAMED_UNIT ( * ) PLANE_ANGLE_UNIT ( ) SI_UNIT ( $, .RADIAN. ) );
#129 = CARTESIAN_POINT ( 'NONE',  ( 4.164091131980493188, 29.73618220948420543, -28.25069210876846171 ) ) ;
#130 = CARTESIAN_POINT ( 'NONE',  ( 1.397081924225477723, 23.09125859364701583, -33.81450311494860728 ) ) ;
#131 = VECTOR ( 'NONE', #654, 1000.000000000000000 ) ;
#132 = CIRCLE ( 'NONE', #482, 19.25000000000000000 ) ;
#133 = CARTESIAN_POINT ( 'NONE',  ( -3.782585297949874192, 29.50481350546044723, -28.95008586754898872 ) ) ;
#134 = CARTESIAN_POINT ( 'NONE',  ( -18.42607568964773535, 0.9999999999999992228, 9.084599728669797258 ) ) ;
#135 = EDGE_LOOP ( 'NONE', ( #1597, #627, #705, #2138 ) ) ;
#136 = CIRCLE ( 'NONE', #2431, 0.5000000000000004441 ) ;
#137 = CARTESIAN_POINT ( 'NONE',  ( 3.383264413762617107, 0.9999999999999991118, -9.963724097795495283 ) ) ;
#138 = CARTESIAN_POINT ( 'NONE',  ( 0.000000000000000000, 0.9999999999999992228, 20.50000000000000000 ) ) ;
#139 = CARTESIAN_POINT ( 'NONE',  ( 2.004999986565345171, 25.40428863699229112, 33.41086670500494193 ) ) ;
#140 = ORIENTED_EDGE ( 'NONE', *, *, #48, .T. ) ;
#141 = CIRCLE ( 'NONE', #1189, 26.50000000000000355 ) ;
#142 = DIRECTION ( 'NONE',  ( 0.000000000000000000, 1.000000000000000000, -0.000000000000000000 ) ) ;
#143 = CARTESIAN_POINT ( 'NONE',  ( -4.653087665904267922, 0.9999999999999991118, -9.437746084942123304 ) ) ;
#144 = DIRECTION ( 'NONE',  ( 0.000000000000000000, 0.000000000000000000, 1.000000000000000000 ) ) ;
#145 = VERTEX_POINT ( 'NONE', #1153 ) ;
#146 = CARTESIAN_POINT ( 'NONE',  ( -2.256769565372296338, 22.00000000000000000, -33.42589929390185688 ) ) ;
#147 = CARTESIAN_POINT ( 'NONE',  ( -3.327225996372971561, 28.07859708503380602, 31.53046176241361565 ) ) ;
#148 = EDGE_CURVE ( 'NONE', #1052, #235, #530, .T. ) ;
#149 = CARTESIAN_POINT ( 'NONE',  ( 4.474844081315675126, 30.00000000000000000, -26.12145274640347381 ) ) ;
#150 = CARTESIAN_POINT ( 'NONE',  ( -4.025956279927155990, 29.50481350549061332, -29.00685535301078843 ) ) ;
#151 = CARTESIAN_POINT ( 'NONE',  ( -17.79054777885734850, 0.9999999999999992228, 10.27358882178207544 ) ) ;
#152 = ORIENTED_EDGE ( 'NONE', *, *, #3046, .F. ) ;
#153 = CARTESIAN_POINT ( 'NONE',  ( -9.437746084942089553, 0.9999999999999991118, 4.653087665903948178 ) ) ;
#154 = CARTESIAN_POINT ( 'NONE',  ( -6.938680881832327785, 0.9999999999999991118, 7.910561523085170244 ) ) ;
#155 = FACE_OUTER_BOUND ( 'NONE', #1028, .T. ) ;
#156 = ORIENTED_EDGE ( 'NONE', *, *, #2351, .F. ) ;
#157 = CARTESIAN_POINT ( 'NONE',  ( 1.301042606982605321E-15, 0.9999999999999995559, -10.50000000000000000 ) ) ;
#158 = CARTESIAN_POINT ( 'NONE',  ( -2.722466968326886949, 0.9999999999999991118, -10.16417481140403467 ) ) ;
#159 = CYLINDRICAL_SURFACE ( 'NONE', #586, 0.5000000000000004441 ) ;
#160 = VERTEX_POINT ( 'NONE', #425 ) ;
#161 = DIRECTION ( 'NONE',  ( -0.000000000000000000, -1.000000000000000000, -0.000000000000000000 ) ) ;
#162 = B_SPLINE_CURVE_WITH_KNOTS ( 'NONE', 3,
 ( #2358, #2114, #2580, #458, #1404, #210, #1417, #2370, #225, #1181, #226, #1418, #2359, #752, #2840, #299, #1719, #1898 ),
 .UNSPECIFIED., .F., .F.,
 ( 4, 2, 2, 2, 2, 2, 2, 2, 4 ),
 ( 0.7500000000000000000, 0.7812500000000000000, 0.8125000000000000000, 0.8437500000000000000, 0.8750000000000000000, 0.9062500000000000000, 0.9375000000000000000, 0.9687500000000000000, 1.000000000000000000 ),
 .UNSPECIFIED. ) ;
#163 = EDGE_CURVE ( 'NONE', #2018, #1052, #1136, .T. ) ;
#164 = DIRECTION ( 'NONE',  ( 0.000000000000000000, 1.000000000000000000, -0.000000000000000000 ) ) ;
#165 = CARTESIAN_POINT ( 'NONE',  ( 2.832652706253182995, 27.90075492665123136, -31.54804126251436358 ) ) ;
#166 = CARTESIAN_POINT ( 'NONE',  ( -20.36785519807607514, 2.999999999999999112, -2.683410550213193524 ) ) ;
#167 = ORIENTED_EDGE ( 'NONE', *, *, #3031, .T. ) ;
#168 = CARTESIAN_POINT ( 'NONE',  ( 13.54694838833946235, 0.9999999999989590549, -15.44442964030898935 ) ) ;
#169 = CARTESIAN_POINT ( 'NONE',  ( 13.54694838833946235, 2.999999999999999112, -15.44442964030898935 ) ) ;
#170 = CARTESIAN_POINT ( 'NONE',  ( 27.54951112778509170, 29.93519451852461799, -0.000000000000000000 ) ) ;
#171 = CARTESIAN_POINT ( 'NONE',  ( 6.938680881832189229, 0.9999999999999991118, 7.910561523085608115 ) ) ;
#172 = CYLINDRICAL_SURFACE ( 'NONE', #2047, 1.500000000000022204 ) ;
#173 = CARTESIAN_POINT ( 'NONE',  ( 20.49999999999999645, 2.999999999999999112, 1.341721860442340208 ) ) ;
#174 = B_SPLINE_CURVE_WITH_KNOTS ( 'NONE', 3,
 ( #2997, #865, #617, #2510, #662, #1101, #1846, #650, #2542, #1612, #1130, #404, #2065, #1875, #2093, #1833, #1375, #633, #1361, #2322, #1590, #3011, #2526, #896 ),
 .UNSPECIFIED., .F., .F.,
 ( 4, 2, 2, 2, 2, 2, 2, 2, 2, 2, 2, 4 ),
 ( -2.244420365371898083E-05, 0.001627455037614360719, 0.003277354278882440696, 0.004927253520150520240, 0.005752203140784555892, 0.006577152761418582003, 0.008227052002686630755, 0.009052001623320645590, 0.009876951243954656956, 0.01070190086458867179, 0.01152685048522268489, 0.01317674972649071630 ),
 .UNSPECIFIED. ) ;
#175 = DIRECTION ( 'NONE',  ( -0.000000000000000000, -1.000000000000000000, -0.000000000000000000 ) ) ;
#176 = SURFACE_SIDE_STYLE ('',( #348 ) ) ;
#177 = CARTESIAN_POINT ( 'NONE',  ( -1.935758567210611458, 22.00000000000000000, 33.94284916839650634 ) ) ;
#178 = CARTESIAN_POINT ( 'NONE',  ( 1.729687221325199920, 24.88618018190278747, -33.43055444821697364 ) ) ;
#179 = CARTESIAN_POINT ( 'NONE',  ( -1.341721860441310143, 2.999999999999999112, 20.49999999999999645 ) ) ;
#180 = CARTESIAN_POINT ( 'NONE',  ( -10.43231607706324482, 0.9999999999999991118, 1.374429794011774675 ) ) ;
#181 = CIRCLE ( 'NONE', #525, 1.499999999999904077 ) ;
#182 = CARTESIAN_POINT ( 'NONE',  ( 2.683410550213129131, 2.999999999999999112, -20.36785519807608225 ) ) ;
#183 = FACE_OUTER_BOUND ( 'NONE', #760, .T. ) ;
#184 = CARTESIAN_POINT ( 'NONE',  ( -0.6872233919338801567, 0.9999999999999991118, -10.50000000000000000 ) ) ;
#185 = DIRECTION ( 'NONE',  ( 0.000000000000000000, 0.000000000000000000, 1.000000000000000000 ) ) ;
#186 = CIRCLE ( 'NONE', #1386, 0.5000000000000004441 ) ;
#187 = VECTOR ( 'NONE', #3066, 1000.000000000000000 ) ;
#188 = EDGE_CURVE ( 'NONE', #1584, #1909, #2147, .T. ) ;
#189 = CARTESIAN_POINT ( 'NONE',  ( 13.54694838833887793, 2.999999999999999112, 15.44442964030957199 ) ) ;
#190 = DIRECTION ( 'NONE',  ( -0.000000000000000000, -0.000000000000000000, 1.000000000000000000 ) ) ;
#191 = AXIS2_PLACEMENT_3D ( 'NONE', #2883, #2854, #1938 ) ;
#192 = ORIENTED_EDGE ( 'NONE', *, *, #721, .T. ) ;
#193 = CARTESIAN_POINT ( 'NONE',  ( 1.354061739223346494, 0.000000000000000000, -33.85615338233036198 ) ) ;
#194 = CARTESIAN_POINT ( 'NONE',  ( 3.161192518241678240, 28.14488621833135795, -31.49341751590200289 ) ) ;
#195 = CARTESIAN_POINT ( 'NONE',  ( -19.45298514409092761, 2.999999999999999556, 6.605420996424790303 ) ) ;
#196 = CARTESIAN_POINT ( 'NONE',  ( -9.084599728670495367, 2.999999999999999112, 18.42607568964781350 ) ) ;
#197 = CARTESIAN_POINT ( 'NONE',  ( -4.600581028908435677, 30.00000000000000000, 0.000000000000000000 ) ) ;
#198 = CARTESIAN_POINT ( 'NONE',  ( 17.79054777885626137, 1.000000000000001776, 10.27358882178251065 ) ) ;
#199 = CARTESIAN_POINT ( 'NONE',  ( -16.29970632554699250, 0.9999999999999992228, -12.50479073202162539 ) ) ;
#200 = CARTESIAN_POINT ( 'NONE',  ( 0.000000000000000000, 17.30000000000000071, 0.000000000000000000 ) ) ;
#201 = CARTESIAN_POINT ( 'NONE',  ( -4.458463498564880112, 30.00000000000000355, -26.25526288259325725 ) ) ;
#202 = EDGE_LOOP ( 'NONE', ( #1827, #611, #125, #1716, #55, #1309, #2683, #1720 ) ) ;
#203 = CARTESIAN_POINT ( 'NONE',  ( -10.27358882178130806, 0.9999999999999992228, -17.79054777885626848 ) ) ;
#204 = CARTESIAN_POINT ( 'NONE',  ( 4.336808689942017736E-16, 30.00000000000000000, -25.00153451497314805 ) ) ;
#205 = CARTESIAN_POINT ( 'NONE',  ( -2.703344600247998830, 26.32686181761523159, 33.12191418657893394 ) ) ;
#206 = ORIENTED_EDGE ( 'NONE', *, *, #272, .F. ) ;
#207 = CARTESIAN_POINT ( 'NONE',  ( -3.783058683757196672, 29.50541477793884582, -28.94850238372271889 ) ) ;
#208 = DIRECTION ( 'NONE',  ( 0.000000000000000000, -1.000000000000000000, 0.000000000000000000 ) ) ;
#209 = CARTESIAN_POINT ( 'NONE',  ( 3.854828076514879243, 29.59173417579909682, -28.70135263657368441 ) ) ;
#210 = CARTESIAN_POINT ( 'NONE',  ( 18.42607568887183689, 2.999999999999999112, 9.084599730543892804 ) ) ;
#211 = CARTESIAN_POINT ( 'NONE',  ( -9.964398904059979856, 1.000000000000000000, 3.381541120034340597 ) ) ;
#212 = CARTESIAN_POINT ( 'NONE',  ( -13.54694838833948189, 1.000000000002085443, -15.44442964031015819 ) ) ;
#213 = CARTESIAN_POINT ( 'NONE',  ( -17.79054777885733429, 0.9999999999999992228, -10.27358882178209676 ) ) ;
#214 = PLANE ( 'NONE',  #1646 ) ;
#215 = CARTESIAN_POINT ( 'NONE',  ( -2.324135821055048456, 22.00000000000000000, -34.42362760741976757 ) ) ;
#216 = CARTESIAN_POINT ( 'NONE',  ( 13.54694838833946235, 2.999999999999999112, -15.44442964030898935 ) ) ;
#217 = DIRECTION ( 'NONE',  ( 0.000000000000000000, -1.000000000000000000, 0.000000000000000000 ) ) ;
#218 = CARTESIAN_POINT ( 'NONE',  ( -5.847788534376945790, 18.13361324292860388, -18.77704700034299634 ) ) ;
#219 = VERTEX_POINT ( 'NONE', #3023 ) ;
#220 = EDGE_CURVE ( 'NONE', #1285, #1832, #2596, .T. ) ;
#221 = CARTESIAN_POINT ( 'NONE',  ( -1.395641439408642714, 23.07494378791136569, -33.81590118330337447 ) ) ;
#222 = EDGE_CURVE ( 'NONE', #102, #2167, #950, .T. ) ;
#223 = CARTESIAN_POINT ( 'NONE',  ( -2.979014323283085908, 27.90757550120756747, 31.62861205017990329 ) ) ;
#224 = CYLINDRICAL_SURFACE ( 'NONE', #2868, 19.25000000000000000 ) ;
#225 = CARTESIAN_POINT ( 'NONE',  ( 15.44442964174345434, 2.999999999999999112, 13.54694838690500092 ) ) ;
#226 = CARTESIAN_POINT ( 'NONE',  ( 12.50479073370816252, 2.999999999999999112, 16.29970632442186940 ) ) ;
#227 = CARTESIAN_POINT ( 'NONE',  ( -1.341721860442337766, 2.999999999999999112, -20.49999999999999645 ) ) ;
#228 = CARTESIAN_POINT ( 'NONE',  ( 19.84434129845641692, 2.999999999999999112, 5.315292652447871191 ) ) ;
#229 = CARTESIAN_POINT ( 'NONE',  ( 4.447863541146016786, 30.00000000000000000, 26.64344628860828834 ) ) ;
#230 = CARTESIAN_POINT ( 'NONE',  ( -2.551617028552021882, 24.64504112176473072, -33.96115623035920805 ) ) ;
#231 = ORIENTED_EDGE ( 'NONE', *, *, #2237, .T. ) ;
#232 = CARTESIAN_POINT ( 'NONE',  ( -5.315292652447575428, 0.9999999999999992228, -19.84434129845628902 ) ) ;
#233 = CARTESIAN_POINT ( 'NONE',  ( -2.437223177493921700, 25.39394296611056490, 33.65915322004388344 ) ) ;
#234 = CARTESIAN_POINT ( 'NONE',  ( -1.759325036197289638, 23.95250375986135083, 34.21791959418695939 ) ) ;
#235 = VERTEX_POINT ( 'NONE', #1870 ) ;
#236 = AXIS2_PLACEMENT_3D ( 'NONE', #2947, #625, #1322 ) ;
#237 = AXIS2_PLACEMENT_3D ( 'NONE', #2051, #2218, #781 ) ;
#238 = AXIS2_PLACEMENT_3D ( 'NONE', #986, #75, #1219 ) ;
#239 = CARTESIAN_POINT ( 'NONE',  ( -1.209483331269468963E-15, 2.999999999999999112, -20.49999999999999645 ) ) ;
#240 = CARTESIAN_POINT ( 'NONE',  ( 2.256769565372297226, 0.000000000000000000, -33.42589929390185688 ) ) ;
#241 = DIRECTION ( 'NONE',  ( 0.000000000000000000, 0.000000000000000000, 1.000000000000000000 ) ) ;
#242 = EDGE_CURVE ( 'NONE', #1096, #1822, #1913, .T. ) ;
#243 = CARTESIAN_POINT ( 'NONE',  ( -2.683410550213612300, 2.999999999999999112, -20.36785519807598632 ) ) ;
#244 = CARTESIAN_POINT ( 'NONE',  ( -20.49999999999999289, 2.999999999999999112, 1.341721860442373071 ) ) ;
#245 = CARTESIAN_POINT ( 'NONE',  ( -2.173891955099940709, 26.32493672442608812, -32.79246244221563700 ) ) ;
#246 = CARTESIAN_POINT ( 'NONE',  ( 6.404892813962575815, 0.9999999999999991118, -8.348630069183966995 ) ) ;
#247 = CARTESIAN_POINT ( 'NONE',  ( 7.911895401709010400, 1.000000000000000000, 6.937397966181235276 ) ) ;
#248 = CARTESIAN_POINT ( 'NONE',  ( 10.43231607706381148, 0.9999999999999991118, -1.374429794011939876 ) ) ;
#249 = CARTESIAN_POINT ( 'NONE',  ( -1.964225604963708793, 22.00000000000000000, 34.44203813838839778 ) ) ;
#250 = VERTEX_POINT ( 'NONE', #2581 ) ;
#251 = B_SPLINE_CURVE_WITH_KNOTS ( 'NONE', 3,
 ( #317, #333, #1290, #98 ),
 .UNSPECIFIED., .F., .F.,
 ( 4, 4 ),
 ( 0.000000000000000000, 0.001785220776505163677 ),
 .UNSPECIFIED. ) ;
#252 = DIRECTION ( 'NONE',  ( 0.000000000000000000, 0.000000000000000000, 1.000000000000000000 ) ) ;
#253 = CARTESIAN_POINT ( 'NONE',  ( 4.336808689942017736E-16, 22.00000000000000000, -34.50153451497305923 ) ) ;
#254 = B_SPLINE_CURVE_WITH_KNOTS ( 'NONE', 3,
 ( #2488, #1207, #712, #2575, #1177, #1910, #207, #485, #1445, #724, #2169, #2368, #901, #3062, #666, #1866, #1428, #2824, #1628, #469, #696, #1891, #2796, #221, #2125, #2355 ),
 .UNSPECIFIED., .F., .F.,
 ( 4, 2, 2, 2, 2, 2, 2, 2, 2, 2, 2, 2, 4 ),
 ( -2.238579558911692530E-05, 0.001601208635148353198, 0.002413005850517087932, 0.003224803065885822884, 0.004848397496623304929, 0.005660194711992047253, 0.006471991927360789577, 0.008095586358098264684, 0.008907383573467004406, 0.009719180788835740659, 0.01053097800420447865, 0.01134277521957321663, 0.01296636965031069261 ),
 .UNSPECIFIED. ) ;
#255 = CARTESIAN_POINT ( 'NONE',  ( 2.324135821055055562, 30.00000000000000000, -34.42362760741976757 ) ) ;
#256 = ADVANCED_FACE ( 'NONE', ( #1494 ), #767, .F. ) ;
#257 = CYLINDRICAL_SURFACE ( 'NONE', #786, 1.000000000000000888 ) ;
#258 = CARTESIAN_POINT ( 'NONE',  ( -2.745356642092636079, 25.63754277888428135, -33.51988595896074230 ) ) ;
#259 = CARTESIAN_POINT ( 'NONE',  ( 19.84434129845509176, 0.9999999999999992228, 5.315292652447308974 ) ) ;
#260 = CARTESIAN_POINT ( 'NONE',  ( 5.315292652448158073, 2.999999999999999112, -19.84434129845636008 ) ) ;
#261 = CARTESIAN_POINT ( 'NONE',  ( -28.31121232325885728, 29.79665946490500517, 0.000000000000000000 ) ) ;
#262 = DIRECTION ( 'NONE',  ( 0.000000000000000000, -1.000000000000000000, 0.000000000000000000 ) ) ;
#263 = VERTEX_POINT ( 'NONE', #2441 ) ;
#264 = CARTESIAN_POINT ( 'NONE',  ( 0.000000000000000000, 28.99999999999999645, 0.000000000000000000 ) ) ;
#265 = DIRECTION ( 'NONE',  ( -0.000000000000000000, -1.000000000000000000, -0.000000000000000000 ) ) ;
#266 = DIRECTION ( 'NONE',  ( 0.000000000000000000, 0.000000000000000000, 1.000000000000000000 ) ) ;
#267 = DIRECTION ( 'NONE',  ( 0.000000000000000000, 1.000000000000000000, -0.000000000000000000 ) ) ;
#268 = CARTESIAN_POINT ( 'NONE',  ( -2.256769565372296338, 22.00000000000000000, -33.42589929390185688 ) ) ;
#269 = CARTESIAN_POINT ( 'NONE',  ( -6.605420998298239255, 2.999999999999999112, 19.45298514331491901 ) ) ;
#270 = CARTESIAN_POINT ( 'NONE',  ( 34.24330410286354009, 24.07816005198331766, 0.000000000000000000 ) ) ;
#271 = CARTESIAN_POINT ( 'NONE',  ( 2.683410550213493728, 0.9999999999999992228, 20.36785519807512657 ) ) ;
#272 = EDGE_CURVE ( 'NONE', #1088, #568, #935, .T. ) ;
#273 = FACE_OUTER_BOUND ( 'NONE', #1350, .T. ) ;
#274 = CARTESIAN_POINT ( 'NONE',  ( -31.36965974025251214, 28.35253847763582868, -0.000000000000000000 ) ) ;
#275 = CARTESIAN_POINT ( 'NONE',  ( 0.000000000000000000, 30.00000000000000000, 0.000000000000000000 ) ) ;
#276 = ORIENTED_EDGE ( 'NONE', *, *, #1932, .T. ) ;
#277 = EDGE_CURVE ( 'NONE', #44, #2657, #2189, .T. ) ;
#278 = CARTESIAN_POINT ( 'NONE',  ( -1.935758567210607017, 0.000000000000000000, 33.94284916839650634 ) ) ;
#279 = AXIS2_PLACEMENT_3D ( 'NONE', #455, #1194, #1414 ) ;
#280 = CONICAL_SURFACE ( 'NONE', #641, 20.24999999999999645, 0.7853981633974466137 ) ;
#281 = CARTESIAN_POINT ( 'NONE',  ( 1.451818925407959648, 30.00000000000000000, 34.06855685746891282 ) ) ;
#282 = CARTESIAN_POINT ( 'NONE',  ( 6.404892813962575815, 0.9999999999999991118, -8.348630069183966995 ) ) ;
#283 = VECTOR ( 'NONE', #2133, 1000.000000000000000 ) ;
#284 = CARTESIAN_POINT ( 'NONE',  ( -1.451818925407961203, 22.54780532196344822, 34.06855685746891993 ) ) ;
#285 = CIRCLE ( 'NONE', #2387, 1.000000000000000888 ) ;
#286 = DIRECTION ( 'NONE',  ( -0.000000000000000000, -1.000000000000000000, 0.000000000000000000 ) ) ;
#287 = B_SPLINE_CURVE_WITH_KNOTS ( 'NONE', 3,
 ( #2199, #765, #1966, #296, #60, #750, #1951, #2216, #2438, #1703, #2909, #1444, #2397, #2644, #784, #1034, #2663, #309 ),
 .UNSPECIFIED., .F., .F.,
 ( 4, 2, 2, 2, 2, 2, 2, 2, 4 ),
 ( 0.5000000000000000000, 0.5312500000000000000, 0.5625000000000000000, 0.5937500000000000000, 0.6250000000000000000, 0.6562500000000000000, 0.6875000000000000000, 0.7187500000000000000, 0.7500000000000000000 ),
 .UNSPECIFIED. ) ;
#288 = CARTESIAN_POINT ( 'NONE',  ( 10.43264171918395888, 1.000000000000000000, -1.372607964726923591 ) ) ;
#289 = CARTESIAN_POINT ( 'NONE',  ( -1.877837720184075243, 24.24538342467858243, -34.13980158255701980 ) ) ;
#290 = CARTESIAN_POINT ( 'NONE',  ( 5.315292652447763722, 0.9999999999999992228, 19.84434129845731931 ) ) ;
#291 = DIRECTION ( 'NONE',  ( 0.000000000000000000, -1.000000000000000000, 0.000000000000000000 ) ) ;
#292 = CARTESIAN_POINT ( 'NONE',  ( -27.02340536378404678, 30.00000000000000355, -0.000000000000000000 ) ) ;
#293 = CARTESIAN_POINT ( 'NONE',  ( -18.42607568887183689, 2.999999999999996003, -9.084599730543875040 ) ) ;
#294 = ORIENTED_EDGE ( 'NONE', *, *, #1687, .F. ) ;
#295 = FACE_OUTER_BOUND ( 'NONE', #2480, .T. ) ;
#296 = CARTESIAN_POINT ( 'NONE',  ( -2.724288797607726131, 1.000000000000000000, -10.16384916928577553 ) ) ;
#297 = EDGE_CURVE ( 'NONE', #2851, #2075, #2157, .T. ) ;
#298 = CYLINDRICAL_SURFACE ( 'NONE', #476, 19.25000000000000000 ) ;
#299 = CARTESIAN_POINT ( 'NONE',  ( 2.683410548224248515, 2.999999999999999112, 20.36785519847170534 ) ) ;
#300 = VERTEX_POINT ( 'NONE', #2485 ) ;
#301 = CARTESIAN_POINT ( 'NONE',  ( 6.605420998298775714, 2.999999999999999112, 19.45298514331469519 ) ) ;
#302 = CARTESIAN_POINT ( 'NONE',  ( -10.50000000000000000, 0.9999999999999995559, 1.702197410802241961E-14 ) ) ;
#303 = CARTESIAN_POINT ( 'NONE',  ( -10.27358882178122457, 2.999999999999999112, -17.79054777885614413 ) ) ;
#304 = CARTESIAN_POINT ( 'NONE',  ( -2.598895401013333384, 24.91308663493176212, -33.85792770201091884 ) ) ;
#305 = CARTESIAN_POINT ( 'NONE',  ( -9.963724097794946388, 0.9999999999999991118, 3.383264413762903544 ) ) ;
#306 = CARTESIAN_POINT ( 'NONE',  ( 2.324135821055055562, 0.000000000000000000, -34.42362760741976757 ) ) ;
#307 = CARTESIAN_POINT ( 'NONE',  ( -2.722466968326886949, 0.9999999999999991118, -10.16417481140403467 ) ) ;
#308 = CARTESIAN_POINT ( 'NONE',  ( -3.528631201101740000, 28.55120000390780888, 30.89588498284207674 ) ) ;
#309 = CARTESIAN_POINT ( 'NONE',  ( -10.50000000000000000, 0.9999999999999995559, 1.702197410802241961E-14 ) ) ;
#310 = CARTESIAN_POINT ( 'NONE',  ( 34.48730428967538586, 22.52096340499247162, -0.000000000000000000 ) ) ;
#311 = CARTESIAN_POINT ( 'NONE',  ( -9.437071278677056085, 1.000000000000000000, 4.654810959632514233 ) ) ;
#312 = ADVANCED_FACE ( 'NONE', ( #2267 ), #2574, .T. ) ;
#313 = ORIENTED_EDGE ( 'NONE', *, *, #879, .F. ) ;
#314 = VERTEX_POINT ( 'NONE', #2514 ) ;
#315 = CARTESIAN_POINT ( 'NONE',  ( 5.315292652448158073, 2.999999999999999112, -19.84434129845636008 ) ) ;
#316 = CARTESIAN_POINT ( 'NONE',  ( 2.903752772944385718, 26.30489974310950529, -33.12310714562313052 ) ) ;
#317 = CARTESIAN_POINT ( 'NONE',  ( 5.935404816782297033, 17.30000000000000426, 19.62195121951223342 ) ) ;
#318 = EDGE_CURVE ( 'NONE', #263, #1822, #787, .T. ) ;
#319 = CARTESIAN_POINT ( 'NONE',  ( 1.942690246314387581, 25.63754277908849488, -33.14333927693809301 ) ) ;
#320 = CARTESIAN_POINT ( 'NONE',  ( -3.716793721691528773, 29.23642110174558439, -29.72040262612118156 ) ) ;
#321 = CARTESIAN_POINT ( 'NONE',  ( 19.84434129845628547, 0.9999999999999992228, -5.315292652447578980 ) ) ;
#322 = CARTESIAN_POINT ( 'NONE',  ( -5.262082079449071692, 0.9999999999999991118, -9.112231789170078144 ) ) ;
#323 = CARTESIAN_POINT ( 'NONE',  ( -10.16417481140460133, 0.9999999999999991118, 2.722466968326901160 ) ) ;
#324 = CARTESIAN_POINT ( 'NONE',  ( -3.722480664628851965, 28.97131501744725313, 30.22770997559987194 ) ) ;
#325 = VERTEX_POINT ( 'NONE', #157 ) ;
#326 = CARTESIAN_POINT ( 'NONE',  ( 16.29970632554809740, 1.000000000000001776, 12.50479073202117597 ) ) ;
#327 = CARTESIAN_POINT ( 'NONE',  ( 15.44442964174344723, 2.999999999999996003, -13.54694838690500980 ) ) ;
#328 = ORIENTED_EDGE ( 'NONE', *, *, #222, .T. ) ;
#329 = AXIS2_PLACEMENT_3D ( 'NONE', #2484, #2500, #144 ) ;
#330 = CARTESIAN_POINT ( 'NONE',  ( -13.54694838833866655, 0.9999999999989590549, 15.44442964030858967 ) ) ;
#331 = CYLINDRICAL_SURFACE ( 'NONE', #82, 19.25000000000000000 ) ;
#332 = B_SPLINE_CURVE_WITH_KNOTS ( 'NONE', 3,
 ( #944, #2365, #1963, #2921, #796, #2905, #762, #2433, #778, #1231, #1763, #478, #274, #1204, #2677, #543, #1216, #42, #2660, #261, #522, #292, #2196 ),
 .UNSPECIFIED., .F., .F.,
 ( 4, 2, 2, 2, 2, 1, 2, 2, 2, 2, 2, 4 ),
 ( 0.04773263691649816398, 0.04929477457937334745, 0.05085691224224853091, 0.05241904990512372131, 0.05320011873656131651, 0.05398118756799891865, 0.05476225639943652079, 0.05554332523087412293, 0.05710546289374934109, 0.05788653172518695017, 0.05866760055662456619, 0.06022973821949978435 ),
 .UNSPECIFIED. ) ;
#333 = CARTESIAN_POINT ( 'NONE',  ( 5.891583848335262275, 17.71692866454208115, 19.19962102700439388 ) ) ;
#334 = CIRCLE ( 'NONE', #1892, 20.24999999999999645 ) ;
#335 = AXIS2_PLACEMENT_3D ( 'NONE', #2399, #1241, #1723 ) ;
#336 = ADVANCED_FACE ( 'NONE', ( #1117 ), #172, .F. ) ;
#337 = DIRECTION ( 'NONE',  ( 0.000000000000000000, 0.000000000000000000, 1.000000000000000000 ) ) ;
#338 = DIRECTION ( 'NONE',  ( -0.000000000000000000, -1.000000000000000000, -0.000000000000000000 ) ) ;
#339 = CARTESIAN_POINT ( 'NONE',  ( 17.79054777885558281, 2.999999999999999112, 10.27358882178205945 ) ) ;
#340 = ORIENTED_EDGE ( 'NONE', *, *, #916, .T. ) ;
#341 = CARTESIAN_POINT ( 'NONE',  ( 10.43271240685812273, 0.9999999999999997780, 1.372622025373231969 ) ) ;
#342 = CARTESIAN_POINT ( 'NONE',  ( 19.45298514331502915, 0.9999999999999992228, 6.605420998298662028 ) ) ;
#343 = VERTEX_POINT ( 'NONE', #2761 ) ;
#344 = CARTESIAN_POINT ( 'NONE',  ( 12.50479073202117775, 1.000000000000890621, 16.29970632554928400 ) ) ;
#345 = DIRECTION ( 'NONE',  ( 0.000000000000000000, 1.000000000000000000, 0.000000000000000000 ) ) ;
#346 = ORIENTED_EDGE ( 'NONE', *, *, #2718, .F. ) ;
#347 = ORIENTED_EDGE ( 'NONE', *, *, #242, .F. ) ;
#348 = SURFACE_STYLE_FILL_AREA ( #2782 ) ;
#349 = CARTESIAN_POINT ( 'NONE',  ( 5.494537565105268584, 21.49457170838891429, -19.75530827355298413 ) ) ;
#350 = CARTESIAN_POINT ( 'NONE',  ( 1.678089060297578650, 24.14249788763761018, 33.82821367774567278 ) ) ;
#351 = DIRECTION ( 'NONE',  ( 0.000000000000000000, -1.000000000000000000, 0.000000000000000000 ) ) ;
#352 = CARTESIAN_POINT ( 'NONE',  ( -4.057890835717151923, 29.80009677620999398, -27.95206496114113648 ) ) ;
#353 = CARTESIAN_POINT ( 'NONE',  ( 1.341721860442342873, 0.9999999999999992228, -20.50000000000000000 ) ) ;
#354 = ORIENTED_EDGE ( 'NONE', *, *, #2180, .T. ) ;
#355 = EDGE_CURVE ( 'NONE', #2755, #1795, #174, .T. ) ;
#356 = CARTESIAN_POINT ( 'NONE',  ( -0.6872233919338801567, 0.9999999999999991118, -10.50000000000000000 ) ) ;
#357 = CARTESIAN_POINT ( 'NONE',  ( -7.910561523085018365, 0.9999999999999991118, -6.938680881832183012 ) ) ;
#358 = CARTESIAN_POINT ( 'NONE',  ( 3.625765452556451329, 28.98640277273061017, 30.21182446494546170 ) ) ;
#359 = EDGE_LOOP ( 'NONE', ( #2949, #990, #1467, #1038 ) ) ;
#360 = CARTESIAN_POINT ( 'NONE',  ( -10.50000000000000000, 0.9999999999999991118, 0.6872233919338982533 ) ) ;
#361 = ORIENTED_EDGE ( 'NONE', *, *, #2938, .T. ) ;
#362 = DIRECTION ( 'NONE',  ( 0.000000000000000000, -1.000000000000000000, -0.000000000000000000 ) ) ;
#363 = CARTESIAN_POINT ( 'NONE',  ( 4.207945604586562638, 29.79834597385714190, -27.99102632331947049 ) ) ;
#364 = CARTESIAN_POINT ( 'NONE',  ( 0.000000000000000000, 18.55000000000000426, 0.000000000000000000 ) ) ;
#365 = CARTESIAN_POINT ( 'NONE',  ( -4.367271258211463447, 30.00000000000000000, -26.65367177232133500 ) ) ;
#366 = CARTESIAN_POINT ( 'NONE',  ( 10.27358882178252841, 0.9999999999999992228, -17.79054777885505345 ) ) ;
#367 = ORIENTED_EDGE ( 'NONE', *, *, #2653, .T. ) ;
#368 = CARTESIAN_POINT ( 'NONE',  ( 9.963724097795504164, 0.9999999999999991118, 3.383264413762896439 ) ) ;
#369 = CARTESIAN_POINT ( 'NONE',  ( 2.683410550213382262, 0.9999999999999992228, -20.36785519807735767 ) ) ;
#370 = CARTESIAN_POINT ( 'NONE',  ( 1.554897506390007011, 22.57813629888192608, 34.46538071602589071 ) ) ;
#371 = VERTEX_POINT ( 'NONE', #1624 ) ;
#372 = CARTESIAN_POINT ( 'NONE',  ( 1.084202172485504434E-16, 30.00000000000000000, 34.44567992468615358 ) ) ;
#373 = CARTESIAN_POINT ( 'NONE',  ( -9.963724097794946388, 0.9999999999999991118, 3.383264413762903544 ) ) ;
#374 = DIRECTION ( 'NONE',  ( 0.000000000000000000, -1.000000000000000000, 0.000000000000000000 ) ) ;
#375 = ADVANCED_FACE ( 'NONE', ( #1861 ), #280, .F. ) ;
#376 = CARTESIAN_POINT ( 'NONE',  ( -19.45298514331473072, 2.999999999999999112, 6.605420998298685120 ) ) ;
#377 = CARTESIAN_POINT ( 'NONE',  ( -5.891583848335262275, 17.71692866454208115, -19.19962102700439388 ) ) ;
#378 = AXIS2_PLACEMENT_3D ( 'NONE', #3032, #2807, #441 ) ;
#379 = CARTESIAN_POINT ( 'NONE',  ( 2.598895401013351147, 24.91308663493141040, -33.85792770201107516 ) ) ;
#380 = AXIS2_PLACEMENT_3D ( 'NONE', #1422, #2362, #3053 ) ;
#381 = AXIS2_PLACEMENT_3D ( 'NONE', #534, #1475, #266 ) ;
#382 = DIRECTION ( 'NONE',  ( -0.000000000000000000, -1.000000000000000000, -0.000000000000000000 ) ) ;
#383 = CARTESIAN_POINT ( 'NONE',  ( 0.000000000000000000, 2.999999999999999112, 20.49999999999999645 ) ) ;
#384 = ORIENTED_EDGE ( 'NONE', *, *, #426, .F. ) ;
#385 = TOROIDAL_SURFACE ( 'NONE', #191, 26.50000000000000355, 8.000000000000000000 ) ;
#386 = CARTESIAN_POINT ( 'NONE',  ( 18.42607568964773179, 0.9999999999999992228, -9.084599728670614383 ) ) ;
#387 = CARTESIAN_POINT ( 'NONE',  ( -4.653087665904276804, 0.9999999999999991118, 9.437746084941482039 ) ) ;
#388 = CARTESIAN_POINT ( 'NONE',  ( 2.006464230048035979, 23.09600372552534608, 34.38269417569517827 ) ) ;
#389 = ORIENTED_EDGE ( 'NONE', *, *, #2829, .F. ) ;
#390 = CARTESIAN_POINT ( 'NONE',  ( -10.16417481140460133, 0.9999999999999991118, 2.722466968326901160 ) ) ;
#391 = CARTESIAN_POINT ( 'NONE',  ( -34.44790720464712308, 23.05202118924596633, -0.000000000000000000 ) ) ;
#392 = EDGE_CURVE ( 'NONE', #568, #2690, #529, .T. ) ;
#393 = ORIENTED_EDGE ( 'NONE', *, *, #2367, .T. ) ;
#394 = DIRECTION ( 'NONE',  ( 0.000000000000000000, 0.000000000000000000, -1.000000000000000000 ) ) ;
#395 = CARTESIAN_POINT ( 'NONE',  ( 2.256769565372297226, 30.00000000000000000, -34.42589929390185688 ) ) ;
#396 = CARTESIAN_POINT ( 'NONE',  ( 4.336808689942017736E-16, 22.00000000000000000, -25.00153451497314805 ) ) ;
#397 = CARTESIAN_POINT ( 'NONE',  ( -1.341721860442337766, 2.999999999999999112, -20.49999999999999645 ) ) ;
#398 = VERTEX_POINT ( 'NONE', #1144 ) ;
#399 = CARTESIAN_POINT ( 'NONE',  ( -9.112231789170067486, 0.9999999999999991118, 5.262082079449392324 ) ) ;
#400 = CARTESIAN_POINT ( 'NONE',  ( 1.341721860441308367, 2.999999999999999112, 20.49999999999999645 ) ) ;
#401 = CARTESIAN_POINT ( 'NONE',  ( 1.451818925099001234, 22.55422230854333421, 34.06855685627950692 ) ) ;
#402 = CARTESIAN_POINT ( 'NONE',  ( -2.847620974642403713, 26.07921195857465335, -33.26729842088091260 ) ) ;
#403 = CARTESIAN_POINT ( 'NONE',  ( 2.722466968327052150, 0.9999999999999991118, -10.16417481140403112 ) ) ;
#404 = CARTESIAN_POINT ( 'NONE',  ( 3.046222475228737014, 27.35531260180780677, 32.32087911555792914 ) ) ;
#405 = CIRCLE ( 'NONE', #2338, 9.499999999999907629 ) ;
#406 = CARTESIAN_POINT ( 'NONE',  ( -12.50479073202222580, 0.9999999999999992228, 16.29970632554937637 ) ) ;
#407 = DIRECTION ( 'NONE',  ( -0.000000000000000000, -1.000000000000000000, -0.000000000000000000 ) ) ;
#408 = CARTESIAN_POINT ( 'NONE',  ( -4.635670086541926693, 29.66614991731973916, 19.36947513493555206 ) ) ;
#409 = CARTESIAN_POINT ( 'NONE',  ( 2.485166105033241646, 26.42679158779127846, -33.08139557160082234 ) ) ;
#410 = CARTESIAN_POINT ( 'NONE',  ( -20.49999999999999645, 2.999999999999999112, 1.825434725822017301E-14 ) ) ;
#411 = EDGE_CURVE ( 'NONE', #343, #541, #1994, .T. ) ;
#412 = CARTESIAN_POINT ( 'NONE',  ( -18.42607568964805509, 2.999999999999999112, 9.084599728669928709 ) ) ;
#413 = CARTESIAN_POINT ( 'NONE',  ( 17.79054777885626848, 0.9999999999999992228, -10.27358882178250177 ) ) ;
#414 = CARTESIAN_POINT ( 'NONE',  ( 0.000000000000000000, 0.9999999999999992228, 20.50000000000000000 ) ) ;
#415 = CARTESIAN_POINT ( 'NONE',  ( 4.670707800281946653, 29.33278833915227679, 19.01800410146855569 ) ) ;
#416 = CARTESIAN_POINT ( 'NONE',  ( -2.438701605508130310, 23.87106873909385740, -34.19791381982839340 ) ) ;
#417 = CARTESIAN_POINT ( 'NONE',  ( 0.000000000000000000, 30.00000000000000000, 0.000000000000000000 ) ) ;
#418 = CARTESIAN_POINT ( 'NONE',  ( -10.27358882178150523, 0.9999999999999992228, 17.79054777885495042 ) ) ;
#419 = FACE_OUTER_BOUND ( 'NONE', #2741, .T. ) ;
#420 =( BOUNDED_CURVE ( )  B_SPLINE_CURVE ( 2, ( #2096, #1863, #437 ),
 .UNSPECIFIED., .F., .T. ) 
 B_SPLINE_CURVE_WITH_KNOTS ( ( 3, 3 ),
 ( 0.000000000000000000, 0.01064315874372967138 ),
 .UNSPECIFIED. ) 
 CURVE ( )  GEOMETRIC_REPRESENTATION_ITEM ( )  RATIONAL_B_SPLINE_CURVE ( ( 1.000000000000000000, 0.7071067811865475727, 1.000000000000000000 ) ) 
 REPRESENTATION_ITEM ( '' )  );
#421 = FACE_OUTER_BOUND ( 'NONE', #889, .T. ) ;
#422 = CARTESIAN_POINT ( 'NONE',  ( 3.550061310338681331, 28.41510448889079044, -31.10762685454711729 ) ) ;
#423 = CARTESIAN_POINT ( 'NONE',  ( -19.84434129806075831, 2.999999999999999556, 5.315292654437032027 ) ) ;
#424 = CARTESIAN_POINT ( 'NONE',  ( 9.084599728670138319, 2.999999999999999112, -18.42607568964796272 ) ) ;
#425 = CARTESIAN_POINT ( 'NONE',  ( -5.935404816782297033, 17.30000000000000426, -19.62195121951223342 ) ) ;
#426 = EDGE_CURVE ( 'NONE', #1584, #2018, #2671, .T. ) ;
#427 = CARTESIAN_POINT ( 'NONE',  ( 16.29970632554810450, 0.9999999999999992228, -12.50479073202116531 ) ) ;
#428 = STYLED_ITEM ( 'NONE', ( #2285 ), #768 ) ;
#429 = CARTESIAN_POINT ( 'NONE',  ( 5.315292652447594079, 2.999999999999999112, 19.84434129845647377 ) ) ;
#430 = CARTESIAN_POINT ( 'NONE',  ( 4.635670086541695767, 29.66614991731973916, 19.36947513493560891 ) ) ;
#431 = CARTESIAN_POINT ( 'NONE',  ( -3.074909030401733023, 26.95358274470076054, -32.66158008954464975 ) ) ;
#432 = FACE_OUTER_BOUND ( 'NONE', #1819, .T. ) ;
#433 = VECTOR ( 'NONE', #629, 1000.000000000000000 ) ;
#434 = CIRCLE ( 'NONE', #2617, 1.499999999999904077 ) ;
#435 = AXIS2_PLACEMENT_3D ( 'NONE', #1735, #2665, #1169 ) ;
#436 = CARTESIAN_POINT ( 'NONE',  ( 5.315292652447594079, 2.999999999999999112, 19.84434129845647377 ) ) ;
#437 = CARTESIAN_POINT ( 'NONE',  ( 10.50000000000000000, 0.9999999999999995559, 3.252606517456513302E-16 ) ) ;
#438 = VECTOR ( 'NONE', #483, 1000.000000000000114 ) ;
#439 = CARTESIAN_POINT ( 'NONE',  ( -1.799056923650498296, 24.66872622378492963, 33.68320062453081221 ) ) ;
#440 = ORIENTED_EDGE ( 'NONE', *, *, #1652, .T. ) ;
#441 = DIRECTION ( 'NONE',  ( 0.000000000000000000, 0.000000000000000000, -1.000000000000000000 ) ) ;
#442 = CARTESIAN_POINT ( 'NONE',  ( 1.451818925407959648, 22.00000000000000000, 34.06855685746891282 ) ) ;
#443 = CARTESIAN_POINT ( 'NONE',  ( 2.579463735319799778, 27.35536635708617936, -32.08199328584513665 ) ) ;
#444 = CARTESIAN_POINT ( 'NONE',  ( -17.79054777885573912, 2.999999999999999112, -10.27358882178182853 ) ) ;
#445 = CARTESIAN_POINT ( 'NONE',  ( -10.50003603626400128, 1.000000000000000000, 0.6890737449045560847 ) ) ;
#446 = CARTESIAN_POINT ( 'NONE',  ( -10.27358882178130806, 0.9999999999999992228, -17.79054777885626848 ) ) ;
#447 = CARTESIAN_POINT ( 'NONE',  ( 0.000000000000000000, 2.999999999999999112, 20.49999999999999645 ) ) ;
#448 = CARTESIAN_POINT ( 'NONE',  ( 0.000000000000000000, 30.00000000000000000, 0.000000000000000000 ) ) ;
#449 = CARTESIAN_POINT ( 'NONE',  ( -4.164126127978438063, 29.73623429845590138, -28.25048922027789544 ) ) ;
#450 = ADVANCED_FACE ( 'NONE', ( #432 ), #2384, .T. ) ;
#451 = CARTESIAN_POINT ( 'NONE',  ( -20.36785519807620304, 0.9999999999999992228, 2.683410550213471968 ) ) ;
#452 = CARTESIAN_POINT ( 'NONE',  ( -2.006044549877859406, 23.09096412608895577, 34.38328005048150970 ) ) ;
#453 = CARTESIAN_POINT ( 'NONE',  ( 2.354862936195873502, 23.08225150316889085, -34.36608276757816327 ) ) ;
#454 = EDGE_CURVE ( 'NONE', #1909, #398, #1747, .T. ) ;
#455 = CARTESIAN_POINT ( 'NONE',  ( 0.000000000000000000, 30.00000000000000000, 0.000000000000000000 ) ) ;
#456 = CARTESIAN_POINT ( 'NONE',  ( 4.367271258211322227, 30.00000000000000000, -26.65367177232124618 ) ) ;
#457 = CARTESIAN_POINT ( 'NONE',  ( 2.086400912653999740, 26.07696796707798015, -32.92986573852300580 ) ) ;
#458 = CARTESIAN_POINT ( 'NONE',  ( 19.84434129806074409, 2.999999999999997780, 5.315292654437021369 ) ) ;
#459 = CARTESIAN_POINT ( 'NONE',  ( 0.000000000000000000, 28.99999999999999645, 0.000000000000000000 ) ) ;
#460 = CARTESIAN_POINT ( 'NONE',  ( -20.50000000000000000, 0.9999999999999992228, 1.341721860442373071 ) ) ;
#461 = CARTESIAN_POINT ( 'NONE',  ( 19.45298514331478401, 2.999999999999999112, 6.605420998298558999 ) ) ;
#462 = PLANE ( 'NONE',  #380 ) ;
#463 = CARTESIAN_POINT ( 'NONE',  ( -2.354864150591112981, 23.08227252120569517, -34.36608053434965626 ) ) ;
#464 = CARTESIAN_POINT ( 'NONE',  ( 1.341721860442342873, 0.9999999999999992228, -20.50000000000000000 ) ) ;
#465 = CARTESIAN_POINT ( 'NONE',  ( -3.720463975272082280, 28.96727537023039645, 30.23522323458139738 ) ) ;
#466 = CARTESIAN_POINT ( 'NONE',  ( -2.237242643439098178, 25.70757627108514143, 33.51895085283950237 ) ) ;
#467 = ORIENTED_EDGE ( 'NONE', *, *, #1070, .T. ) ;
#468 = EDGE_CURVE ( 'NONE', #2940, #1795, #1283, .T. ) ;
#469 = CARTESIAN_POINT ( 'NONE',  ( -1.729687221325198587, 24.88618018190278747, -33.43055444821697364 ) ) ;
#470 = CARTESIAN_POINT ( 'NONE',  ( -4.547635486306329966, 30.00000000000000000, 26.10487591765614823 ) ) ;
#471 = CARTESIAN_POINT ( 'NONE',  ( 1.964225604963704575, 30.00000000000000000, 34.44203813838840489 ) ) ;
#472 = CARTESIAN_POINT ( 'NONE',  ( -6.605420998298539459, 2.999999999999999112, -19.45298514331479112 ) ) ;
#473 = CARTESIAN_POINT ( 'NONE',  ( -19.84434129845643824, 2.999999999999999112, 5.315292652447787702 ) ) ;
#474 = CYLINDRICAL_SURFACE ( 'NONE', #2963, 20.50000000000000000 ) ;
#475 = CARTESIAN_POINT ( 'NONE',  ( 3.383264413762617107, 0.9999999999999991118, -9.963724097795495283 ) ) ;
#476 = AXIS2_PLACEMENT_3D ( 'NONE', #1523, #566, #61 ) ;
#477 = CARTESIAN_POINT ( 'NONE',  ( 6.937347003208495622, 1.000000000000000222, 7.911844438736263641 ) ) ;
#478 = CARTESIAN_POINT ( 'NONE',  ( -31.77397328264562759, 28.02109100301517941, -0.000000000000000000 ) ) ;
#479 = CARTESIAN_POINT ( 'NONE',  ( -2.978270832088490749, 27.90598324321414125, 31.63029238305942314 ) ) ;
#480 = ORIENTED_EDGE ( 'NONE', *, *, #2852, .T. ) ;
#481 = AXIS2_PLACEMENT_3D ( 'NONE', #200, #2816, #3040 ) ;
#482 = AXIS2_PLACEMENT_3D ( 'NONE', #459, #2422, #1239 ) ;
#483 = DIRECTION ( 'NONE',  ( 0.000000000000000000, -0.7071067811865474617, -0.7071067811865474617 ) ) ;
#484 = AXIS2_PLACEMENT_3D ( 'NONE', #1007, #2388, #2651 ) ;
#485 = CARTESIAN_POINT ( 'NONE',  ( -3.562547927209543275, 29.21326933332770892, -29.66853033658764005 ) ) ;
#486 = ADVANCED_FACE ( 'NONE', ( #991 ), #1955, .F. ) ;
#487 = CARTESIAN_POINT ( 'NONE',  ( -1.451818925407959204, 22.00000000000000000, 34.06855685746891282 ) ) ;
#488 = DIRECTION ( 'NONE',  ( 0.000000000000000000, -1.000000000000000000, 0.000000000000000000 ) ) ;
#489 = CARTESIAN_POINT ( 'NONE',  ( -20.50000000000000000, 2.999999999999999112, -1.341721860442307568 ) ) ;
#490 = CARTESIAN_POINT ( 'NONE',  ( -1.825704112408062185, 23.97497435202072325, -34.21683627558267915 ) ) ;
#491 = CARTESIAN_POINT ( 'NONE',  ( -6.404892813962559828, 0.9999999999999991118, 8.348630069183972324 ) ) ;
#492 = CARTESIAN_POINT ( 'NONE',  ( 3.381541120043906723, 1.000000000000000000, 9.964398904054734274 ) ) ;
#493 = CARTESIAN_POINT ( 'NONE',  ( 6.938680881832481440, 0.9999999999999991118, -7.910561523085020141 ) ) ;
#494 = CARTESIAN_POINT ( 'NONE',  ( -1.341721862470646398, 3.000000000000000000, -20.50000000000000000 ) ) ;
#495 = EDGE_LOOP ( 'NONE', ( #563, #1751, #2251, #597 ) ) ;
#496 = DIRECTION ( 'NONE',  ( 0.000000000000000000, 0.000000000000000000, 1.000000000000000000 ) ) ;
#497 = CARTESIAN_POINT ( 'NONE',  ( 31.16142176900775240, 28.50685114357134253, -0.000000000000000000 ) ) ;
#498 = CARTESIAN_POINT ( 'NONE',  ( 0.000000000000000000, 28.99999999999999645, 19.25000000000000000 ) ) ;
#499 = CARTESIAN_POINT ( 'NONE',  ( 0.000000000000000000, 30.00100000000000122, -20.50000000000000000 ) ) ;
#500 = ADVANCED_FACE ( 'NONE', ( #295 ), #62, .T. ) ;
#501 = CARTESIAN_POINT ( 'NONE',  ( -19.45298514331470940, 2.999999999999999112, -6.605420998298747293 ) ) ;
#502 = CARTESIAN_POINT ( 'NONE',  ( -2.584677695067670200, 27.36717726224955882, -32.07165185073819202 ) ) ;
#503 = CARTESIAN_POINT ( 'NONE',  ( 4.653087665904296344, 0.9999999999999991118, -9.437746084941514013 ) ) ;
#504 = EDGE_LOOP ( 'NONE', ( #367, #1740, #1974, #2264 ) ) ;
#505 = CARTESIAN_POINT ( 'NONE',  ( -16.29970632554860543, 2.999999999999999112, 12.50479073202187763 ) ) ;
#506 = CARTESIAN_POINT ( 'NONE',  ( 10.16417481140403289, 0.9999999999999991118, -2.722466968326739511 ) ) ;
#507 = CARTESIAN_POINT ( 'NONE',  ( -5.804024522700433231, 18.55000000000001137, 18.35417661841282566 ) ) ;
#508 = ORIENTED_EDGE ( 'NONE', *, *, #2200, .T. ) ;
#509 =( LENGTH_UNIT ( ) NAMED_UNIT ( * ) SI_UNIT ( .MILLI., .METRE. ) );
#510 = DIRECTION ( 'NONE',  ( 0.000000000000000000, 0.000000000000000000, 1.000000000000000000 ) ) ;
#511 = CARTESIAN_POINT ( 'NONE',  ( -4.336808689942017736E-16, 22.00000000000000000, -0.002000791051989803115 ) ) ;
#512 = B_SPLINE_CURVE_WITH_KNOTS ( 'NONE', 3,
 ( #239, #3, #1923, #1149, #2111, #1879, #679, #1642, #1492, #327, #2217, #2864, #15, #549, #1967, #738, #2682, #2893 ),
 .UNSPECIFIED., .F., .F.,
 ( 4, 2, 2, 2, 2, 2, 2, 2, 4 ),
 ( 0.5000000000000000000, 0.5312500000000000000, 0.5625000000000000000, 0.5937500000000000000, 0.6250000000000000000, 0.6562500000000000000, 0.6875000000000000000, 0.7187500000000000000, 0.7500000000000000000 ),
 .UNSPECIFIED. ) ;
#513 = DIRECTION ( 'NONE',  ( 0.000000000000000000, 1.000000000000000000, -0.000000000000000000 ) ) ;
#514 = CARTESIAN_POINT ( 'NONE',  ( -3.224875493008305671, 28.40382133734829040, 31.02811032799859348 ) ) ;
#515 = PRODUCT_DEFINITION_SHAPE ( 'NONE', 'NONE',  #1249 ) ;
#516 = CARTESIAN_POINT ( 'NONE',  ( 1.935758567210607239, 22.00000000000000000, 33.94284916839651345 ) ) ;
#517 = VERTEX_POINT ( 'NONE', #2176 ) ;
#518 = CARTESIAN_POINT ( 'NONE',  ( -2.694265254234819107, 25.40040167746807143, -33.64053359196258697 ) ) ;
#519 = CARTESIAN_POINT ( 'NONE',  ( -6.404892813962561604, 0.9999999999999991118, -8.348630069183379021 ) ) ;
#520 = ADVANCED_FACE ( 'NONE', ( #273 ), #2481, .F. ) ;
#521 = CARTESIAN_POINT ( 'NONE',  ( -10.27358882178238275, 2.999999999999999112, 17.79054777885537320 ) ) ;
#522 = CARTESIAN_POINT ( 'NONE',  ( -27.54162992533946763, 29.94912344463737242, -0.000000000000000000 ) ) ;
#523 = CARTESIAN_POINT ( 'NONE',  ( 34.49999994198313402, 0.000000000000000000, 0.000000000000000000 ) ) ;
#524 = ORIENTED_EDGE ( 'NONE', *, *, #2546, .T. ) ;
#525 = AXIS2_PLACEMENT_3D ( 'NONE', #253, #1164, #2156 ) ;
#526 = CARTESIAN_POINT ( 'NONE',  ( -2.256769565372296338, 0.000000000000000000, -33.42589929390185688 ) ) ;
#527 = CARTESIAN_POINT ( 'NONE',  ( 31.97434332330598039, 27.83953450396268892, 0.000000000000000000 ) ) ;
#528 = CIRCLE ( 'NONE', #2866, 1.000000000000000888 ) ;
#529 = CIRCLE ( 'NONE', #939, 34.50000000000000000 ) ;
#530 = LINE ( 'NONE', #1664, #2142 ) ;
#531 = AXIS2_PLACEMENT_3D ( 'NONE', #753, #1721, #2649 ) ;
#532 =( GEOMETRIC_REPRESENTATION_CONTEXT ( 3 ) GLOBAL_UNCERTAINTY_ASSIGNED_CONTEXT ( ( #2042 ) ) GLOBAL_UNIT_ASSIGNED_CONTEXT ( ( #509, #2407, #1789 ) ) REPRESENTATION_CONTEXT ( 'NONE', 'WORKASPACE' ) );
#533 = EDGE_LOOP ( 'NONE', ( #558, #1922, #1766 ) ) ;
#534 = CARTESIAN_POINT ( 'NONE',  ( 1.084202172485504434E-16, 0.000000000000000000, 34.44567992468615358 ) ) ;
#535 = CARTESIAN_POINT ( 'NONE',  ( 12.50479073202109248, 2.999999999999999112, -16.29970632554912768 ) ) ;
#536 = CARTESIAN_POINT ( 'NONE',  ( 3.873944499626489346, 29.20664599928431215, -29.76298211070721678 ) ) ;
#537 = DIRECTION ( 'NONE',  ( -0.000000000000000000, -1.000000000000000000, 0.000000000000000000 ) ) ;
#538 = FACE_OUTER_BOUND ( 'NONE', #1496, .T. ) ;
#539 = CARTESIAN_POINT ( 'NONE',  ( -3.197977307153839988, 27.36717726197719358, -32.29929565986268614 ) ) ;
#540 = CARTESIAN_POINT ( 'NONE',  ( 12.50479073202117775, 1.000000000000890621, 16.29970632554928400 ) ) ;
#541 = VERTEX_POINT ( 'NONE', #306 ) ;
#542 = CARTESIAN_POINT ( 'NONE',  ( -2.683410550213769064, 2.999999999999999112, 20.36785519807595790 ) ) ;
#543 = CARTESIAN_POINT ( 'NONE',  ( -30.04011819506059666, 29.19300305519849914, 0.000000000000000000 ) ) ;
#544 = EDGE_CURVE ( 'NONE', #2967, #873, #997, .T. ) ;
#545 = CARTESIAN_POINT ( 'NONE',  ( -3.762760202546260757, 29.22219352169598849, 29.74100898164596884 ) ) ;
#546 = VERTEX_POINT ( 'NONE', #1748 ) ;
#547 = CARTESIAN_POINT ( 'NONE',  ( 6.938680881832189229, 0.9999999999999991118, 7.910561523085608115 ) ) ;
#548 = CARTESIAN_POINT ( 'NONE',  ( 20.50000000000000000, 30.00000000000000000, 0.000000000000000000 ) ) ;
#549 = CARTESIAN_POINT ( 'NONE',  ( 19.45298514409092405, 2.999999999999996003, -6.605420996424789415 ) ) ;
#550 = EDGE_CURVE ( 'NONE', #2851, #1965, #2210, .T. ) ;
#551 = ORIENTED_EDGE ( 'NONE', *, *, #1593, .F. ) ;
#552 = CARTESIAN_POINT ( 'NONE',  ( 10.27358882178262789, 2.999999999999999112, -17.79054777885520267 ) ) ;
#553 = CYLINDRICAL_SURFACE ( 'NONE', #938, 34.50000000000000000 ) ;
#554 = CARTESIAN_POINT ( 'NONE',  ( 0.000000000000000000, 1.000000000000000000, 0.000000000000000000 ) ) ;
#555 = CARTESIAN_POINT ( 'NONE',  ( 1.372622025378723132, 1.000000000000000222, -10.43271240685812273 ) ) ;
#556 = CARTESIAN_POINT ( 'NONE',  ( -1.695415793880334032, 23.14644306654179218, -34.40473893058149457 ) ) ;
#557 = CARTESIAN_POINT ( 'NONE',  ( -6.605420998298641599, 0.9999999999999992228, -19.45298514331503981 ) ) ;
#558 = ORIENTED_EDGE ( 'NONE', *, *, #550, .F. ) ;
#559 = CARTESIAN_POINT ( 'NONE',  ( -1.374429794011788886, 0.9999999999999991118, -10.43231607706381325 ) ) ;
#560 = UNCERTAINTY_MEASURE_WITH_UNIT (LENGTH_MEASURE( 1.000000000000000082E-05 ), #2035, 'distance_accuracy_value', 'NONE');
#561 = CARTESIAN_POINT ( 'NONE',  ( -8.348630069183379021, 0.9999999999999991118, -6.404892813962559828 ) ) ;
#562 = CARTESIAN_POINT ( 'NONE',  ( -13.54694838690499736, 2.999999999999996003, -15.44442964174345256 ) ) ;
#563 = ORIENTED_EDGE ( 'NONE', *, *, #148, .F. ) ;
#564 = CARTESIAN_POINT ( 'NONE',  ( 0.000000000000000000, 0.9999999999999991118, 10.50000000000000000 ) ) ;
#565 = CARTESIAN_POINT ( 'NONE',  ( 20.50000000000000000, 0.9999999999999992228, 1.341721860442340208 ) ) ;
#566 = DIRECTION ( 'NONE',  ( -0.000000000000000000, -1.000000000000000000, -0.000000000000000000 ) ) ;
#567 = CARTESIAN_POINT ( 'NONE',  ( -6.937397966180285813, 1.000000000000000000, 7.911895401709958975 ) ) ;
#568 = VERTEX_POINT ( 'NONE', #1486 ) ;
#569 = EDGE_CURVE ( 'NONE', #2075, #1965, #2924, .T. ) ;
#570 = ORIENTED_EDGE ( 'NONE', *, *, #591, .F. ) ;
#571 = CARTESIAN_POINT ( 'NONE',  ( -10.27358882178122457, 2.999999999999999112, -17.79054777885614413 ) ) ;
#572 = CARTESIAN_POINT ( 'NONE',  ( 2.740951168255535197, 25.61752257807355448, -33.53043903404547166 ) ) ;
#573 = CARTESIAN_POINT ( 'NONE',  ( 4.097456968835563984, 29.75054827169105565, 28.21859938109262345 ) ) ;
#574 = CARTESIAN_POINT ( 'NONE',  ( 0.6890737449061158371, 1.000000000000000222, -10.49996396373600049 ) ) ;
#575 = LINE ( 'NONE', #2257, #3017 ) ;
#576 = CARTESIAN_POINT ( 'NONE',  ( -10.27358882178130806, 0.9999999999999992228, -17.79054777885626848 ) ) ;
#577 = ORIENTED_EDGE ( 'NONE', *, *, #1295, .F. ) ;
#578 = CARTESIAN_POINT ( 'NONE',  ( 6.404892813962575815, 0.9999999999999991118, -8.348630069183966995 ) ) ;
#579 = CARTESIAN_POINT ( 'NONE',  ( -10.50000000000000000, 0.9999999999999991118, 0.6872233919338982533 ) ) ;
#580 = CARTESIAN_POINT ( 'NONE',  ( 1.864615242814653184, 24.91808748022860343, 33.60050684089078743 ) ) ;
#581 = ORIENTED_EDGE ( 'NONE', *, *, #893, .T. ) ;
#582 = CARTESIAN_POINT ( 'NONE',  ( 0.000000000000000000, 0.9999999999999991118, 10.50000000000000000 ) ) ;
#583 = CARTESIAN_POINT ( 'NONE',  ( -5.935404816782529736, 17.30000000000000071, 19.62195121951215881 ) ) ;
#584 = ORIENTED_EDGE ( 'NONE', *, *, #2956, .F. ) ;
#585 = EDGE_LOOP ( 'NONE', ( #1413, #1008, #328 ) ) ;
#586 = AXIS2_PLACEMENT_3D ( 'NONE', #652, #407, #2082 ) ;
#587 = CARTESIAN_POINT ( 'NONE',  ( 0.000000000000000000, 2.999999999999999112, 20.49999999999999645 ) ) ;
#588 = PRODUCT_CONTEXT ( 'NONE', #2385, 'mechanical' ) ;
#589 = CARTESIAN_POINT ( 'NONE',  ( 1.451818925407959648, 0.000000000000000000, 34.06855685746891282 ) ) ;
#590 = CARTESIAN_POINT ( 'NONE',  ( 1.625978562157303076, 23.87908379189208574, 33.88662884710070244 ) ) ;
#591 = EDGE_CURVE ( 'NONE', #371, #541, #1385, .T. ) ;
#592 = CONICAL_SURFACE ( 'NONE', #1135, 19.25000000000000000, 0.7853981633974482790 ) ;
#593 = AXIS2_PLACEMENT_3D ( 'NONE', #1197, #770, #975 ) ;
#594 = CARTESIAN_POINT ( 'NONE',  ( 1.646347093763484537, 22.58365332026759020, -34.46939165515155423 ) ) ;
#595 = DIRECTION ( 'NONE',  ( 0.000000000000000000, 0.000000000000000000, 1.000000000000000000 ) ) ;
#596 = CARTESIAN_POINT ( 'NONE',  ( 2.683410550213382262, 0.9999999999999992228, -20.36785519807735767 ) ) ;
#597 = ORIENTED_EDGE ( 'NONE', *, *, #1009, .F. ) ;
#598 = CARTESIAN_POINT ( 'NONE',  ( 10.50000000000000000, 0.9999999999999991118, -0.6872233919338800456 ) ) ;
#599 = CARTESIAN_POINT ( 'NONE',  ( -10.43231607706383635, 0.9999999999999991118, -1.374429794011796879 ) ) ;
#600 = CARTESIAN_POINT ( 'NONE',  ( 2.079830053124231970, 25.64112410374551487, 33.30392035749854074 ) ) ;
#601 = ORIENTED_EDGE ( 'NONE', *, *, #242, .T. ) ;
#602 = CARTESIAN_POINT ( 'NONE',  ( -9.437746084941482039, 0.9999999999999991118, -4.653087665903978376 ) ) ;
#603 = CARTESIAN_POINT ( 'NONE',  ( -28.31121232325885728, 29.79665946490500517, 0.000000000000000000 ) ) ;
#604 = CARTESIAN_POINT ( 'NONE',  ( -8.347632031207265157, 0.9999999999999997780, 6.406451346910086997 ) ) ;
#605 = VERTEX_POINT ( 'NONE', #795 ) ;
#606 = CARTESIAN_POINT ( 'NONE',  ( -16.29970632554860543, 2.999999999999999112, 12.50479073202187763 ) ) ;
#607 = CARTESIAN_POINT ( 'NONE',  ( 4.408571584030231527, 30.00000000000000000, -26.66282126925312923 ) ) ;
#608 = CARTESIAN_POINT ( 'NONE',  ( 2.355414330306476955, 23.09125859349417809, -34.36505840479605922 ) ) ;
#609 = CARTESIAN_POINT ( 'NONE',  ( -3.771603963189879671, 28.97549906840009015, -30.21820955901524286 ) ) ;
#610 = CARTESIAN_POINT ( 'NONE',  ( -2.683410550214113233, 0.9999999999999992228, 20.36785519807619593 ) ) ;
#611 = ORIENTED_EDGE ( 'NONE', *, *, #987, .F. ) ;
#612 = EDGE_CURVE ( 'NONE', #343, #1324, #2261, .T. ) ;
#613 = CARTESIAN_POINT ( 'NONE',  ( 10.50000000000000000, 0.9999999999999991118, 0.6872233919338813779 ) ) ;
#614 = CARTESIAN_POINT ( 'NONE',  ( 6.605420998298696666, 0.9999999999999992228, -19.45298514331501494 ) ) ;
#615 = CARTESIAN_POINT ( 'NONE',  ( 3.965915804890620677, 29.60169011660562433, 28.73077508654974466 ) ) ;
#616 = VERTEX_POINT ( 'NONE', #2290 ) ;
#617 = CARTESIAN_POINT ( 'NONE',  ( 4.379730598262123742, 29.94830188053006026, 27.19275715590106302 ) ) ;
#618 = CARTESIAN_POINT ( 'NONE',  ( 19.45298514331502915, 0.9999999999999992228, -6.605420998298080271 ) ) ;
#619 = CARTESIAN_POINT ( 'NONE',  ( 4.336808689942017736E-16, 22.00000000000000000, -33.00153451497315160 ) ) ;
#620 = VERTEX_POINT ( 'NONE', #1571 ) ;
#621 = CARTESIAN_POINT ( 'NONE',  ( -20.50000000000000000, 2.999999999999999112, -1.341721860442307568 ) ) ;
#622 = SHAPE_DEFINITION_REPRESENTATION ( #515, #665 ) ;
#623 = CARTESIAN_POINT ( 'NONE',  ( -3.410659211662486978, 28.57514506337933113, 30.87495191035667830 ) ) ;
#624 = CARTESIAN_POINT ( 'NONE',  ( 2.724274736959987120, 1.000000000000000000, -10.16377848160971986 ) ) ;
#625 = DIRECTION ( 'NONE',  ( 0.000000000000000000, 1.000000000000000000, 0.000000000000000000 ) ) ;
#626 = CARTESIAN_POINT ( 'NONE',  ( 6.605420998298775714, 2.999999999999999112, 19.45298514331469519 ) ) ;
#627 = ORIENTED_EDGE ( 'NONE', *, *, #1330, .T. ) ;
#628 = B_SPLINE_CURVE_WITH_KNOTS ( 'NONE', 3,
 ( #2517, #377, #218, #2154 ),
 .UNSPECIFIED., .F., .F.,
 ( 4, 4 ),
 ( 0.000000000000000000, 0.001785220776505163677 ),
 .UNSPECIFIED. ) ;
#629 = DIRECTION ( 'NONE',  ( 0.000000000000000000, 1.000000000000000000, 0.000000000000000000 ) ) ;
#630 = CARTESIAN_POINT ( 'NONE',  ( 9.084599728670037067, 0.9999999999999992228, -18.42607568964771758 ) ) ;
#631 = CARTESIAN_POINT ( 'NONE',  ( 1.799056923650170559, 24.66872622378469515, 33.68320062453017272 ) ) ;
#632 = ORIENTED_EDGE ( 'NONE', *, *, #1828, .T. ) ;
#633 = CARTESIAN_POINT ( 'NONE',  ( 2.318274484132092361, 24.90811751441012589, 33.87622931938550153 ) ) ;
#634 = ADVANCED_FACE ( 'NONE', ( #2041 ), #711, .T. ) ;
#635 = CARTESIAN_POINT ( 'NONE',  ( 20.36785519807616396, 0.9999999999999992228, -2.683410550213652268 ) ) ;
#636 = CARTESIAN_POINT ( 'NONE',  ( 0.000000000000000000, 0.000000000000000000, 0.000000000000000000 ) ) ;
#637 = CARTESIAN_POINT ( 'NONE',  ( 10.43231607706381148, 0.9999999999999991118, -1.374429794011939876 ) ) ;
#638 = CARTESIAN_POINT ( 'NONE',  ( -20.50000000000000000, 30.00100000000000122, 0.000000000000000000 ) ) ;
#639 = CARTESIAN_POINT ( 'NONE',  ( 4.474844081315675126, 30.00000000000000000, -26.12145274640347381 ) ) ;
#640 = VECTOR ( 'NONE', #382, 1000.000000000000000 ) ;
#641 = AXIS2_PLACEMENT_3D ( 'NONE', #417, #2791, #2554 ) ;
#642 = DIRECTION ( 'NONE',  ( 0.000000000000000000, -1.000000000000000000, 0.000000000000000000 ) ) ;
#643 = CARTESIAN_POINT ( 'NONE',  ( -10.27358882178122457, 2.999999999999999112, -17.79054777885614413 ) ) ;
#644 = ORIENTED_EDGE ( 'NONE', *, *, #612, .T. ) ;
#645 = CIRCLE ( 'NONE', #1390, 20.50000000000000000 ) ;
#646 = CARTESIAN_POINT ( 'NONE',  ( -19.45298514331502560, 0.9999999999999992228, -6.605420998298281887 ) ) ;
#647 = CARTESIAN_POINT ( 'NONE',  ( 20.36785519807598277, 2.999999999999999112, -2.683410550213615409 ) ) ;
#648 = CARTESIAN_POINT ( 'NONE',  ( 4.078279908346081228, 29.60169011658095073, 28.75687550597466569 ) ) ;
#649 = EDGE_LOOP ( 'NONE', ( #2520, #2119, #2705, #126, #384 ) ) ;
#650 = CARTESIAN_POINT ( 'NONE',  ( 3.526177254871261990, 28.54570914480871480, 30.90405034009156182 ) ) ;
#651 = CARTESIAN_POINT ( 'NONE',  ( -19.45298514331505046, 0.9999999999999992228, 6.605420998298817459 ) ) ;
#652 = CARTESIAN_POINT ( 'NONE',  ( 1.935758567210607239, 30.00000000000000000, 33.94284916839650634 ) ) ;
#653 = CARTESIAN_POINT ( 'NONE',  ( -4.336808689942017736E-16, 22.00000000000000000, -0.002000791051989803115 ) ) ;
#654 = DIRECTION ( 'NONE',  ( -0.000000000000000000, -1.000000000000000000, -0.000000000000000000 ) ) ;
#655 = CARTESIAN_POINT ( 'NONE',  ( 20.49999999999999645, 0.9999999999999991118, 2.561858920674989269E-13 ) ) ;
#656 = CARTESIAN_POINT ( 'NONE',  ( 5.315292652448158073, 2.999999999999999112, -19.84434129845636008 ) ) ;
#657 = EDGE_LOOP ( 'NONE', ( #1589, #276, #771, #1120, #1785 ) ) ;
#658 = CARTESIAN_POINT ( 'NONE',  ( -12.50479073202235725, 0.9999999999999992228, -16.29970632554810450 ) ) ;
#659 = CARTESIAN_POINT ( 'NONE',  ( 1.341721860442342873, 2.999999999999999112, -20.49999999999999645 ) ) ;
#660 = CARTESIAN_POINT ( 'NONE',  ( 4.600581028908203862, 30.00000000000000000, 19.97710324838038076 ) ) ;
#661 = CARTESIAN_POINT ( 'NONE',  ( -2.473081995766309937, 24.13276536353298951, -34.12767334464204083 ) ) ;
#662 = CARTESIAN_POINT ( 'NONE',  ( 4.077096496436086959, 29.59997425025522588, 28.76243139292588324 ) ) ;
#663 = CARTESIAN_POINT ( 'NONE',  ( 12.50479073202109248, 2.999999999999999112, -16.29970632554912768 ) ) ;
#664 = CARTESIAN_POINT ( 'NONE',  ( -4.183999309862805660, 29.74806995977899149, 28.24809411100538270 ) ) ;
#665 = ADVANCED_BREP_SHAPE_REPRESENTATION ( 'Schwinn_AC', ( #1826, #768, #2577 ), #532 ) ;
#666 = CARTESIAN_POINT ( 'NONE',  ( -2.410907862082410702, 26.95729104459767456, -32.39624493099289992 ) ) ;
#667 = EDGE_CURVE ( 'NONE', #263, #546, #2297, .T. ) ;
#668 = CARTESIAN_POINT ( 'NONE',  ( 3.782585297949226266, 29.50481350546039394, -28.95008586754869384 ) ) ;
#669 = CARTESIAN_POINT ( 'NONE',  ( -18.42607568887183689, 2.999999999999999112, 9.084599730543882146 ) ) ;
#670 = CARTESIAN_POINT ( 'NONE',  ( 16.29970632554850596, 2.999999999999999112, -12.50479073202203217 ) ) ;
#671 = DIRECTION ( 'NONE',  ( -0.000000000000000000, -1.000000000000000000, -0.000000000000000000 ) ) ;
#672 = CARTESIAN_POINT ( 'NONE',  ( 20.50000000000000000, 0.9999999999999992228, -1.341721860442337544 ) ) ;
#673 = CARTESIAN_POINT ( 'NONE',  ( 9.084599728669905616, 2.999999999999999112, 18.42607568964806575 ) ) ;
#674 = CARTESIAN_POINT ( 'NONE',  ( 27.80774960044760391, 29.89668806969955384, 0.000000000000000000 ) ) ;
#675 = CARTESIAN_POINT ( 'NONE',  ( -3.768106264130359762, 28.96734269021925101, -30.23334068079262238 ) ) ;
#676 = DIRECTION ( 'NONE',  ( 0.000000000000000000, 0.000000000000000000, 1.000000000000000000 ) ) ;
#677 = CARTESIAN_POINT ( 'NONE',  ( -1.341721860441310143, 0.9999999999999992228, 20.49999999999880629 ) ) ;
#678 = CARTESIAN_POINT ( 'NONE',  ( -2.117932381873143477, 23.89224011531340253, 34.21024868427196708 ) ) ;
#679 = CARTESIAN_POINT ( 'NONE',  ( 10.27358882009552765, 2.999999999999999112, -17.79054777998249293 ) ) ;
#680 = EDGE_CURVE ( 'NONE', #853, #145, #1235, .T. ) ;
#681 = CARTESIAN_POINT ( 'NONE',  ( 2.908844285496305915, 26.32493672425893294, -33.10978690373954691 ) ) ;
#682 = DIRECTION ( 'NONE',  ( 0.000000000000000000, 0.000000000000000000, 1.000000000000000000 ) ) ;
#683 = CARTESIAN_POINT ( 'NONE',  ( -20.36785519807602185, 2.999999999999999112, 2.683410550213436441 ) ) ;
#684 = CARTESIAN_POINT ( 'NONE',  ( 0.000000000000000000, 18.55000000000000426, 0.000000000000000000 ) ) ;
#685 = CARTESIAN_POINT ( 'NONE',  ( -5.315292652447575428, 0.9999999999999992228, -19.84434129845628902 ) ) ;
#686 = EDGE_CURVE ( 'NONE', #1559, #219, #30, .T. ) ;
#687 = CARTESIAN_POINT ( 'NONE',  ( -18.42607568964771048, 0.9999999999999992228, -9.084599728670452734 ) ) ;
#688 = CARTESIAN_POINT ( 'NONE',  ( 4.458441463563588947, 29.99999999923241845, 26.64519662444423531 ) ) ;
#689 = CARTESIAN_POINT ( 'NONE',  ( -3.873979197763801618, 29.20672165269287746, -29.76282277628251549 ) ) ;
#690 = PRESENTATION_LAYER_ASSIGNMENT (  '', '', ( #985 ) ) ;
#691 = CARTESIAN_POINT ( 'NONE',  ( 9.084599728669905616, 2.999999999999999112, 18.42607568964806575 ) ) ;
#692 = CARTESIAN_POINT ( 'NONE',  ( -2.906135553122051629, 26.96041700832859789, 32.66744776441848330 ) ) ;
#693 = AXIS2_PLACEMENT_3D ( 'NONE', #2703, #338, #1553 ) ;
#694 = CARTESIAN_POINT ( 'NONE',  ( -1.680959205459313655, 24.15624127595509307, 33.82491380869957709 ) ) ;
#695 = ORIENTED_EDGE ( 'NONE', *, *, #1973, .F. ) ;
#696 = CARTESIAN_POINT ( 'NONE',  ( -1.668192383649600208, 24.63605986786510726, -33.50687029303671949 ) ) ;
#697 = CARTESIAN_POINT ( 'NONE',  ( 4.057890835717377520, 29.80009677621001529, -27.95206496114114714 ) ) ;
#698 = CARTESIAN_POINT ( 'NONE',  ( 1.354061739223346494, 22.00000000000000000, -33.85615338233036198 ) ) ;
#699 = CARTESIAN_POINT ( 'NONE',  ( 20.49999999999999645, 2.999999999999999112, 1.341721860442340208 ) ) ;
#700 = FACE_OUTER_BOUND ( 'NONE', #1478, .T. ) ;
#701 = CARTESIAN_POINT ( 'NONE',  ( 9.084599728670138319, 0.9999999999999992228, 18.42607568964861997 ) ) ;
#702 = CARTESIAN_POINT ( 'NONE',  ( -20.36785519807619593, 0.9999999999999992228, -2.683410550213216617 ) ) ;
#703 = CARTESIAN_POINT ( 'NONE',  ( 0.000000000000000000, 18.55000000000000426, 0.000000000000000000 ) ) ;
#704 = ORIENTED_EDGE ( 'NONE', *, *, #2032, .F. ) ;
#705 = ORIENTED_EDGE ( 'NONE', *, *, #2455, .F. ) ;
#706 = EDGE_CURVE ( 'NONE', #1302, #2699, #405, .T. ) ;
#707 = CARTESIAN_POINT ( 'NONE',  ( 20.49999999999999645, 2.999999999999999112, -1.341721860442337544 ) ) ;
#708 = CARTESIAN_POINT ( 'NONE',  ( -3.324420004502739445, 28.07171763773258277, 31.53884112861931399 ) ) ;
#709 = CARTESIAN_POINT ( 'NONE',  ( -1.611454343610730477, 23.12953300340477014, 34.40292650054437473 ) ) ;
#710 = EDGE_LOOP ( 'NONE', ( #2442, #2765, #2733, #347, #192 ) ) ;
#711 =( BOUNDED_SURFACE ( )  B_SPLINE_SURFACE ( 2, 3, ( 
 ( #2757, #103, #70, #2477, #2742, #2061, #827, #847, #1261, #1779, #2506, #2980, #1796, #368, #1816, #1996, #613, #598, #1829, #861, #1296, #2228, #1325, #2932, #1556, #2275, #578, #1029, #2920, #137, #1762, #2495, #2691, #356, #559, #1518, #2463, #1063, #322, #1276, #2027, #118, #809, #2243, #89, #1535, #1310, #1049, #2008, #875, #180, #1140, #2830, #153, #399, #2103, #1842, #1406, #3024, #906, #2330, #2089, #937, #1857, #1357, #2993 ),
 ( #1871, #2347, #2771, #2360, #1900, #701, #2550, #3006, #1608, #2303, #1665, #198, #2076, #2787, #891, #2801, #1620, #672, #1634, #2116, #2563, #386, #413, #427, #3038, #168, #1154, #1884, #1391, #1343, #2318, #1370, #1126, #922, #2814, #685, #1653, #2582, #446, #658, #212, #1170, #1113, #2131, #3051, #646, #2538, #1756, #1255, #460, #1677, #1434, #2203, #1915, #2220, #2148, #2684, #330, #2608, #2443, #2896, #63, #2371, #1020, #2002, #802 ),
 ( #3067, #1773, #1970, #1737, #301, #1511, #952, #1527, #1056, #97, #2668, #49, #715, #1420, #2019, #2456, #1184, #1005, #1198, #1985, #769, #2912, #789, #1268, #1497, #2942, #535, #552, #2234, #2389, #315, #1040, #78, #227, #243, #2926, #472, #2700, #571, #2470, #1288, #2252, #820, #2597, #2841, #1600, #2099, #2533, #621, #2516, #2750, #869, #376, #2715, #837, #606, #1319, #1073, #1336, #1303, #1837, #2545, #1809, #1579, #2054, #587 ) ),
 .UNSPECIFIED., .F., .T., .T. ) 
 B_SPLINE_SURFACE_WITH_KNOTS ( ( 3, 3 ),
 ( 4, 2, 2, 2, 2, 2, 2, 2, 2, 2, 2, 2, 2, 2, 2, 2, 2, 2, 2, 2, 2, 2, 2, 2, 2, 2, 2, 2, 2, 2, 2, 2, 4 ),
 ( 0.000000000000000000, 1.000000000000000000 ),
 ( 0.000000000000000000, 0.1963495408493620697, 0.3926990816987241395, 0.5890486225480862092, 0.7853981633974482790, 0.9817477042468103487, 1.178097245096172418, 1.374446785945534488, 1.570796326794896558, 1.767145867644258628, 1.963495408493620697, 2.159844949342982545, 2.356194490192344837, 2.552544031041707129, 2.748893571891068976, 2.945243112740430824, 3.141592653589793116, 3.337942194439155408, 3.534291735288517255, 3.730641276137879103, 3.926990816987241395, 4.123340357836603687, 4.319689898685965090, 4.516039439535327382, 4.712388980384689674, 4.908738521234051966, 5.105088062083414258, 5.301437602932775661, 5.497787143782137953, 5.694136684631500245, 5.890486225480861648, 6.086835766330223940, 6.283185307179586232 ),
 .UNSPECIFIED. ) 
 GEOMETRIC_REPRESENTATION_ITEM ( )  RATIONAL_B_SPLINE_SURFACE ( (
 ( 1.000000000000000000, 1.000000000000000000, 1.000000000000000000, 1.000000000000000000, 1.000000000000000000, 1.000000000000000000, 1.000000000000000000, 1.000000000000000000, 1.000000000000000000, 1.000000000000000000, 1.000000000000000000, 1.000000000000000000, 1.000000000000000000, 1.000000000000000000, 1.000000000000000000, 1.000000000000000000, 1.000000000000000000, 1.000000000000000000, 1.000000000000000000, 1.000000000000000000, 1.000000000000000000, 1.000000000000000000, 1.000000000000000000, 1.000000000000000000, 1.000000000000000000, 1.000000000000000000, 1.000000000000000000, 1.000000000000000000, 1.000000000000000000, 1.000000000000000000, 1.000000000000000000, 1.000000000000000000, 1.000000000000000000, 1.000000000000000000, 1.000000000000000000, 1.000000000000000000, 1.000000000000000000, 1.000000000000000000, 1.000000000000000000, 1.000000000000000000, 1.000000000000000000, 1.000000000000000000, 1.000000000000000000, 1.000000000000000000, 1.000000000000000000, 1.000000000000000000, 1.000000000000000000, 1.000000000000000000, 1.000000000000000000, 1.000000000000000000, 1.000000000000000000, 1.000000000000000000, 1.000000000000000000, 1.000000000000000000, 1.000000000000000000, 1.000000000000000000, 1.000000000000000000, 1.000000000000000000, 1.000000000000000000, 1.000000000000000000, 1.000000000000000000, 1.000000000000000000, 1.000000000000000000, 1.000000000000000000, 1.000000000000000000, 1.000000000000000000),
 ( 0.7071067811865475727, 0.7071067811865475727, 0.7071067811865475727, 0.7071067811865475727, 0.7071067811865475727, 0.7071067811865475727, 0.7071067811865474617, 0.7071067811865474617, 0.7071067811865475727, 0.7071067811865475727, 0.7071067811865476838, 0.7071067811865476838, 0.7071067811865475727, 0.7071067811865475727, 0.7071067811865475727, 0.7071067811865475727, 0.7071067811865475727, 0.7071067811865475727, 0.7071067811865475727, 0.7071067811865475727, 0.7071067811865475727, 0.7071067811865475727, 0.7071067811865475727, 0.7071067811865475727, 0.7071067811865476838, 0.7071067811865476838, 0.7071067811865475727, 0.7071067811865475727, 0.7071067811865475727, 0.7071067811865475727, 0.7071067811865475727, 0.7071067811865475727, 0.7071067811865475727, 0.7071067811865475727, 0.7071067811865475727, 0.7071067811865475727, 0.7071067811865475727, 0.7071067811865475727, 0.7071067811865475727, 0.7071067811865475727, 0.7071067811865475727, 0.7071067811865475727, 0.7071067811865475727, 0.7071067811865475727, 0.7071067811865475727, 0.7071067811865475727, 0.7071067811865475727, 0.7071067811865475727, 0.7071067811865475727, 0.7071067811865475727, 0.7071067811865475727, 0.7071067811865475727, 0.7071067811865475727, 0.7071067811865475727, 0.7071067811865475727, 0.7071067811865475727, 0.7071067811865476838, 0.7071067811865476838, 0.7071067811865475727, 0.7071067811865475727, 0.7071067811865475727, 0.7071067811865475727, 0.7071067811865475727, 0.7071067811865475727, 0.7071067811865475727, 0.7071067811865475727),
 ( 1.000000000000000000, 1.000000000000000000, 1.000000000000000000, 1.000000000000000000, 1.000000000000000000, 1.000000000000000000, 1.000000000000000000, 1.000000000000000000, 1.000000000000000000, 1.000000000000000000, 1.000000000000000000, 1.000000000000000000, 1.000000000000000000, 1.000000000000000000, 1.000000000000000000, 1.000000000000000000, 1.000000000000000000, 1.000000000000000000, 1.000000000000000000, 1.000000000000000000, 1.000000000000000000, 1.000000000000000000, 1.000000000000000000, 1.000000000000000000, 1.000000000000000000, 1.000000000000000000, 1.000000000000000000, 1.000000000000000000, 1.000000000000000000, 1.000000000000000000, 1.000000000000000000, 1.000000000000000000, 1.000000000000000000, 1.000000000000000000, 1.000000000000000000, 1.000000000000000000, 1.000000000000000000, 1.000000000000000000, 1.000000000000000000, 1.000000000000000000, 1.000000000000000000, 1.000000000000000000, 1.000000000000000000, 1.000000000000000000, 1.000000000000000000, 1.000000000000000000, 1.000000000000000000, 1.000000000000000000, 1.000000000000000000, 1.000000000000000000, 1.000000000000000000, 1.000000000000000000, 1.000000000000000000, 1.000000000000000000, 1.000000000000000000, 1.000000000000000000, 1.000000000000000000, 1.000000000000000000, 1.000000000000000000, 1.000000000000000000, 1.000000000000000000, 1.000000000000000000, 1.000000000000000000, 1.000000000000000000, 1.000000000000000000, 1.000000000000000000) ) ) 
 REPRESENTATION_ITEM ( '' )  SURFACE ( )  );
#712 = CARTESIAN_POINT ( 'NONE',  ( -4.249651564393049696, 29.94920429704407638, -27.18067781839626917 ) ) ;
#713 = CARTESIAN_POINT ( 'NONE',  ( -4.417981685512022416, 29.97477155350683375, 26.77479818924874522 ) ) ;
#714 = CARTESIAN_POINT ( 'NONE',  ( 4.336808689942017736E-16, 30.00000000000000000, -34.50153451497305923 ) ) ;
#715 = CARTESIAN_POINT ( 'NONE',  ( 18.42607568964797693, 2.999999999999999112, 9.084599728670106344 ) ) ;
#716 = CARTESIAN_POINT ( 'NONE',  ( 0.000000000000000000, 28.99999999999999645, 0.000000000000000000 ) ) ;
#717 = CARTESIAN_POINT ( 'NONE',  ( 4.600581028908203862, 30.00000000000000000, 19.72047550634745150 ) ) ;
#718 = CARTESIAN_POINT ( 'NONE',  ( 4.653087665904354964, 0.9999999999999991118, 9.437746084941963431 ) ) ;
#719 = CARTESIAN_POINT ( 'NONE',  ( 5.260523546504958681, 1.000000000000000000, 9.113229827142790285 ) ) ;
#720 = CARTESIAN_POINT ( 'NONE',  ( 0.000000000000000000, 18.55000000000000426, 0.000000000000000000 ) ) ;
#721 = EDGE_CURVE ( 'NONE', #1096, #764, #2381, .T. ) ;
#722 = CARTESIAN_POINT ( 'NONE',  ( -2.163291606513700227, 24.15624127574541546, 34.13819726551025013 ) ) ;
#723 = EDGE_LOOP ( 'NONE', ( #1606, #644, #2092, #915, #1346, #59, #2088, #1275, #2214, #2068, #2509, #2861 ) ) ;
#724 = CARTESIAN_POINT ( 'NONE',  ( -3.167291664048944799, 28.55274752302737085, -30.75746160583098643 ) ) ;
#725 =( BOUNDED_CURVE ( )  B_SPLINE_CURVE ( 3, ( #2349, #2150, #2584, #941 ),
 .UNSPECIFIED., .F., .F. ) 
 B_SPLINE_CURVE_WITH_KNOTS ( ( 4, 4 ),
 ( 4.959342643868488665, 5.018662597794539160 ),
 .UNSPECIFIED. ) 
 CURVE ( )  GEOMETRIC_REPRESENTATION_ITEM ( )  RATIONAL_B_SPLINE_CURVE ( ( 1.000000000000000000, 0.9997067834186964541, 0.9997067834186964541, 1.000000000000000000 ) ) 
 REPRESENTATION_ITEM ( '' )  );
#726 = DIRECTION ( 'NONE',  ( 0.000000000000000000, -1.000000000000000000, 0.000000000000000000 ) ) ;
#727 = CARTESIAN_POINT ( 'NONE',  ( 9.437071278685758458, 1.000000000000000222, -4.654810959617792676 ) ) ;
#728 = CARTESIAN_POINT ( 'NONE',  ( 33.43236172887402091, 26.00146260411073484, 0.000000000000000000 ) ) ;
#729 = CARTESIAN_POINT ( 'NONE',  ( -10.16417481140460133, 0.9999999999999991118, 2.722466968326901160 ) ) ;
#730 =( GEOMETRIC_REPRESENTATION_CONTEXT ( 3 ) GLOBAL_UNCERTAINTY_ASSIGNED_CONTEXT ( ( #560 ) ) GLOBAL_UNIT_ASSIGNED_CONTEXT ( ( #2035, #128, #1688 ) ) REPRESENTATION_CONTEXT ( 'NONE', 'WORKASPACE' ) );
#731 = CARTESIAN_POINT ( 'NONE',  ( 9.964465490390264080, 1.000000000000000000, 3.381568701002822142 ) ) ;
#732 = CARTESIAN_POINT ( 'NONE',  ( 8.348630069183379021, 0.9999999999999991118, -6.404892813962264952 ) ) ;
#733 = CARTESIAN_POINT ( 'NONE',  ( -4.547635486306329966, 30.00000000000000000, 26.10487591765614823 ) ) ;
#734 = ORIENTED_EDGE ( 'NONE', *, *, #1810, .F. ) ;
#735 = CIRCLE ( 'NONE', #2822, 1.000000000000000888 ) ;
#736 = CARTESIAN_POINT ( 'NONE',  ( 0.000000000000000000, 18.55000000000000426, -19.25000000000000000 ) ) ;
#737 = AXIS2_PLACEMENT_3D ( 'NONE', #714, #537, #1499 ) ;
#738 = CARTESIAN_POINT ( 'NONE',  ( 20.36785519847170178, 2.999999999999999112, -2.683410548224228531 ) ) ;
#739 = ADVANCED_FACE ( 'NONE', ( #2069 ), #1548, .T. ) ;
#740 = CARTESIAN_POINT ( 'NONE',  ( -1.498744568197943883, 23.08583215561021973, 34.02426978442279903 ) ) ;
#741 = FACE_OUTER_BOUND ( 'NONE', #202, .T. ) ;
#742 = CARTESIAN_POINT ( 'NONE',  ( -6.605420998298539459, 2.999999999999999112, -19.45298514331479112 ) ) ;
#743 = CARTESIAN_POINT ( 'NONE',  ( -2.908844285496662074, 26.32493672425852438, -33.10978690373978850 ) ) ;
#744 = CARTESIAN_POINT ( 'NONE',  ( 1.374429794011656103, 0.9999999999999991118, -10.43231607706380970 ) ) ;
#745 = ORIENTED_EDGE ( 'NONE', *, *, #879, .T. ) ;
#746 = CARTESIAN_POINT ( 'NONE',  ( -15.44442964030928422, 2.999999999999999112, -13.54694838833916393 ) ) ;
#747 = CARTESIAN_POINT ( 'NONE',  ( -6.404892813962561604, 0.9999999999999991118, -8.348630069183379021 ) ) ;
#748 = DIRECTION ( 'NONE',  ( 0.000000000000000000, 1.000000000000000000, -0.000000000000000000 ) ) ;
#749 = VERTEX_POINT ( 'NONE', #2084 ) ;
#750 = CARTESIAN_POINT ( 'NONE',  ( -4.654810959617239341, 1.000000000000000222, -9.437071278685762010 ) ) ;
#751 = CARTESIAN_POINT ( 'NONE',  ( 27.54951112778509170, 29.93519451852461799, -0.000000000000000000 ) ) ;
#752 = CARTESIAN_POINT ( 'NONE',  ( 6.605420996424807178, 2.999999999999999556, 19.45298514409092050 ) ) ;
#753 = CARTESIAN_POINT ( 'NONE',  ( 4.336808689942017736E-16, 30.00000000000000000, -34.50153451497305923 ) ) ;
#754 = CARTESIAN_POINT ( 'NONE',  ( -2.076578408473542581, 25.63110457668687658, 33.30870410799555970 ) ) ;
#755 = CARTESIAN_POINT ( 'NONE',  ( 2.256769565372297226, 22.00000000000000000, -33.42589929390185688 ) ) ;
#756 = ADVANCED_FACE ( 'NONE', ( #2986 ), #2772, .T. ) ;
#757 = CARTESIAN_POINT ( 'NONE',  ( 5.847788534377178493, 18.13361324292860743, -18.77704700034292884 ) ) ;
#758 = CARTESIAN_POINT ( 'NONE',  ( 34.48730428967538586, 22.52096340499247162, -0.000000000000000000 ) ) ;
#759 = CARTESIAN_POINT ( 'NONE',  ( -7.910561523085018365, 0.9999999999999991118, -6.938680881832183012 ) ) ;
#760 = EDGE_LOOP ( 'NONE', ( #1489, #1702, #1342, #96, #2760, #2775 ) ) ;
#761 = CARTESIAN_POINT ( 'NONE',  ( -1.341721860442337766, 2.999999999999999112, -20.49999999999999645 ) ) ;
#762 = CARTESIAN_POINT ( 'NONE',  ( -33.44027148107333858, 26.01355228132176833, 0.000000000000000000 ) ) ;
#763 = CARTESIAN_POINT ( 'NONE',  ( -4.140118287344681569, 29.75277173047628310, 28.23563566806728886 ) ) ;
#764 = VERTEX_POINT ( 'NONE', #855 ) ;
#765 = CARTESIAN_POINT ( 'NONE',  ( -0.6890737449061132835, 1.000000000000000222, -10.50003603626400306 ) ) ;
#766 = CARTESIAN_POINT ( 'NONE',  ( 10.50000000000000000, 0.9999999999999991118, 0.6872233919338813779 ) ) ;
#767 = CYLINDRICAL_SURFACE ( 'NONE', #435, 19.25000000000000000 ) ;
#768 = MANIFOLD_SOLID_BREP ( 'Intersect1[2]', #1037 ) ;
#769 = CARTESIAN_POINT ( 'NONE',  ( 19.45298514331478046, 2.999999999999999112, -6.605420998298575874 ) ) ;
#770 = DIRECTION ( 'NONE',  ( 0.000000000000000000, 1.000000000000000000, -0.000000000000000000 ) ) ;
#771 = ORIENTED_EDGE ( 'NONE', *, *, #1509, .F. ) ;
#772 = EDGE_CURVE ( 'NONE', #2699, #2923, #254, .T. ) ;
#773 = CARTESIAN_POINT ( 'NONE',  ( 5.074827862597999228, 25.48784278301420159, 18.57292515218540530 ) ) ;
#774 = FACE_OUTER_BOUND ( 'NONE', #2571, .T. ) ;
#775 = CARTESIAN_POINT ( 'NONE',  ( -10.50000000000000000, 0.9999999999999991118, -0.6872233919338648356 ) ) ;
#776 = EDGE_CURVE ( 'NONE', #102, #73, #1023, .T. ) ;
#777 = CARTESIAN_POINT ( 'NONE',  ( -9.084599728670495367, 2.999999999999999112, 18.42607568964781350 ) ) ;
#778 = CARTESIAN_POINT ( 'NONE',  ( -32.84383338425357124, 26.88101738553908504, 0.000000000000000000 ) ) ;
#779 = CARTESIAN_POINT ( 'NONE',  ( -4.458441463563169727, 30.00000000023852209, 26.64519662444487125 ) ) ;
#780 = ORIENTED_EDGE ( 'NONE', *, *, #1107, .T. ) ;
#781 = DIRECTION ( 'NONE',  ( 0.000000000000000000, 0.000000000000000000, 1.000000000000000000 ) ) ;
#782 = AXIS2_PLACEMENT_3D ( 'NONE', #653, #3001, #882 ) ;
#783 = CARTESIAN_POINT ( 'NONE',  ( 6.404892813961973630, 0.9999999999999991118, 8.348630069183970548 ) ) ;
#784 = CARTESIAN_POINT ( 'NONE',  ( -10.16377848160972164, 1.000000000000000000, -2.724274736950272668 ) ) ;
#785 = CARTESIAN_POINT ( 'NONE',  ( 30.51113176406940042, 28.94137469763813186, 0.000000000000000000 ) ) ;
#786 = AXIS2_PLACEMENT_3D ( 'NONE', #2901, #1958, #976 ) ;
#787 = CIRCLE ( 'NONE', #1644, 20.50000000000000000 ) ;
#788 = AXIS2_PLACEMENT_3D ( 'NONE', #1477, #488, #36 ) ;
#789 = CARTESIAN_POINT ( 'NONE',  ( 17.79054777885586702, 2.999999999999999112, -10.27358882178164023 ) ) ;
#790 = LINE ( 'NONE', #803, #1185 ) ;
#791 = CARTESIAN_POINT ( 'NONE',  ( 2.561043497767090393, 26.96752470052414097, 32.50967764664935800 ) ) ;
#792 = FACE_OUTER_BOUND ( 'NONE', #1017, .T. ) ;
#793 = CARTESIAN_POINT ( 'NONE',  ( 32.52969001060137799, 27.28367604543966962, -0.000000000000000000 ) ) ;
#794 = CARTESIAN_POINT ( 'NONE',  ( 9.963724097794903756, 0.9999999999999991118, -3.383264413762903988 ) ) ;
#795 = CARTESIAN_POINT ( 'NONE',  ( 4.474844081315987765, 30.00000000000000000, -26.12145274640364079 ) ) ;
#796 = CARTESIAN_POINT ( 'NONE',  ( -34.08686134581355276, 24.59070557534521484, 0.000000000000000000 ) ) ;
#797 = CARTESIAN_POINT ( 'NONE',  ( -10.27358882009553298, 2.999999999999999556, -17.79054777998248937 ) ) ;
#798 = ORIENTED_EDGE ( 'NONE', *, *, #2852, .F. ) ;
#799 = ADVANCED_FACE ( 'NONE', ( #3045 ), #2557, .F. ) ;
#800 = CARTESIAN_POINT ( 'NONE',  ( -9.112231789170060381, 0.9999999999999991118, -5.262082079449105443 ) ) ;
#801 = CARTESIAN_POINT ( 'NONE',  ( 33.29633615151501402, 26.22827015545919238, -0.000000000000000000 ) ) ;
#802 = CARTESIAN_POINT ( 'NONE',  ( 0.000000000000000000, 0.9999999999999992228, 20.50000000000000000 ) ) ;
#803 = CARTESIAN_POINT ( 'NONE',  ( 0.000000000000000000, 30.00000000000000000, 0.000000000000000000 ) ) ;
#804 = CARTESIAN_POINT ( 'NONE',  ( 1.861108441285161286, 24.90517842327486875, 33.60504735733450588 ) ) ;
#805 = CARTESIAN_POINT ( 'NONE',  ( -5.441048330687100254, 22.00348777901850994, -18.46895827075282526 ) ) ;
#806 = CARTESIAN_POINT ( 'NONE',  ( -4.078240345441960457, 29.74594007208294499, -28.22538248038020114 ) ) ;
#807 = CARTESIAN_POINT ( 'NONE',  ( -9.084599728669981999, 0.9999999999999992228, -18.42607568964774245 ) ) ;
#808 = B_SPLINE_CURVE_WITH_KNOTS ( 'NONE', 3,
 ( #1257, #2717, #2686, #590, #350, #1305, #804, #2236, #1513, #2914, #1791, #791, #2255, #1529, #1550, #80, #1042, #2701, #1775, #2490, #573, #2270, #1987, #2459, #2944, #2471, #822, #1758 ),
 .UNSPECIFIED., .F., .F.,
 ( 4, 2, 2, 2, 2, 2, 2, 2, 2, 2, 2, 2, 2, 4 ),
 ( 0.000000000000000000, 0.001624797090129522425, 0.002437195635194278325, 0.003249594180259034876, 0.004061992725323790993, 0.004874391270388547109, 0.006499188360518050669, 0.007311586905582800715, 0.008123985450647557699, 0.009748782540777056055, 0.01137357963090655615, 0.01218597817597130532, 0.01259217744850367471, 0.01299837672103604409 ),
 .UNSPECIFIED. ) ;
#809 = CARTESIAN_POINT ( 'NONE',  ( -8.348630069183379021, 0.9999999999999991118, -6.404892813962559828 ) ) ;
#810 = UNCERTAINTY_MEASURE_WITH_UNIT (LENGTH_MEASURE( 1.000000000000000082E-05 ), #2221, 'distance_accuracy_value', 'NONE');
#811 = CARTESIAN_POINT ( 'NONE',  ( -9.437746084942089553, 0.9999999999999991118, 4.653087665903948178 ) ) ;
#812 = CARTESIAN_POINT ( 'NONE',  ( 3.185468429562638981, 28.11078561882571591, 31.50758939457693586 ) ) ;
#813 = VERTEX_POINT ( 'NONE', #1660 ) ;
#814 = CARTESIAN_POINT ( 'NONE',  ( -10.50000000000000000, 0.9999999999999991118, -0.6872233919338648356 ) ) ;
#815 = ADVANCED_FACE ( 'NONE', ( #421 ), #2572, .F. ) ;
#816 = CARTESIAN_POINT ( 'NONE',  ( -27.02340536378404678, 30.00000000000000355, -0.000000000000000000 ) ) ;
#817 = CARTESIAN_POINT ( 'NONE',  ( -1.372440715917758070, 1.000000000000000000, 10.43274848141130562 ) ) ;
#818 = ORIENTED_EDGE ( 'NONE', *, *, #951, .F. ) ;
#819 = ORIENTED_EDGE ( 'NONE', *, *, #2351, .T. ) ;
#820 = CARTESIAN_POINT ( 'NONE',  ( -16.29970632554858767, 2.999999999999999112, -12.50479073202189539 ) ) ;
#821 = CARTESIAN_POINT ( 'NONE',  ( -4.336808689942017736E-16, 22.00000000000000000, -0.002000791051989803115 ) ) ;
#822 = CARTESIAN_POINT ( 'NONE',  ( 4.522967797375501142, 30.00000000000000355, 26.23800979346833273 ) ) ;
#823 = CARTESIAN_POINT ( 'NONE',  ( 2.409573430204807298, 26.20444059350755950, -33.22996425804436882 ) ) ;
#824 = DIRECTION ( 'NONE',  ( 0.000000000000000000, 1.000000000000000000, -0.000000000000000000 ) ) ;
#825 = CARTESIAN_POINT ( 'NONE',  ( -20.50000000000000000, 0.9999999999999992228, 1.341721860442373071 ) ) ;
#826 = ORIENTED_EDGE ( 'NONE', *, *, #1009, .T. ) ;
#827 = CARTESIAN_POINT ( 'NONE',  ( 5.262082079449676542, 0.9999999999999991118, 9.112231789169477736 ) ) ;
#828 = CARTESIAN_POINT ( 'NONE',  ( -9.437746084941482039, 0.9999999999999991118, -4.653087665903978376 ) ) ;
#829 = CARTESIAN_POINT ( 'NONE',  ( 3.683769537467159072, 29.21016867248621196, 29.71208027807798402 ) ) ;
#830 = ORIENTED_EDGE ( 'NONE', *, *, #1530, .F. ) ;
#831 = CARTESIAN_POINT ( 'NONE',  ( 2.683410550213382262, 0.9999999999999992228, -20.36785519807735767 ) ) ;
#832 = FACE_OUTER_BOUND ( 'NONE', #657, .T. ) ;
#833 = CARTESIAN_POINT ( 'NONE',  ( 9.963724097795504164, 0.9999999999999991118, 3.383264413762896439 ) ) ;
#834 = CARTESIAN_POINT ( 'NONE',  ( -7.911844438737259289, 1.000000000000000000, 6.937347003207497309 ) ) ;
#835 = ORIENTED_EDGE ( 'NONE', *, *, #874, .T. ) ;
#836 = AXIS2_PLACEMENT_3D ( 'NONE', #1670, #175, #1132 ) ;
#837 = CARTESIAN_POINT ( 'NONE',  ( -17.79054777885574978, 2.999999999999999112, 10.27358882178180544 ) ) ;
#838 = CARTESIAN_POINT ( 'NONE',  ( 5.049427859025316323, 25.72950767414547002, -19.87373710035339514 ) ) ;
#839 = AXIS2_PLACEMENT_3D ( 'NONE', #275, #1233, #1765 ) ;
#840 = AXIS2_PLACEMENT_3D ( 'NONE', #684, #2562, #1389 ) ;
#841 = ADVANCED_FACE ( 'NONE', ( #1401 ), #1989, .F. ) ;
#842 = CIRCLE ( 'NONE', #2576, 1.500000000000022204 ) ;
#843 = CARTESIAN_POINT ( 'NONE',  ( -5.074827862597999228, 25.48784278301420159, -18.57292515218540530 ) ) ;
#844 = CARTESIAN_POINT ( 'NONE',  ( -4.333927384934870730, 29.94892957983912041, -27.19807636079759305 ) ) ;
#845 = CARTESIAN_POINT ( 'NONE',  ( -2.683410550213649159, 0.9999999999999992228, -20.36785519807617106 ) ) ;
#846 = EDGE_LOOP ( 'NONE', ( #2525, #340, #704, #1534, #440, #140, #2501, #354, #2907, #2666, #1637 ) ) ;
#847 = CARTESIAN_POINT ( 'NONE',  ( 6.404892813961973630, 0.9999999999999991118, 8.348630069183970548 ) ) ;
#848 = CARTESIAN_POINT ( 'NONE',  ( 18.42607568964773179, 0.9999999999999992228, -9.084599728670614383 ) ) ;
#849 = CARTESIAN_POINT ( 'NONE',  ( 1.945805706859915940, 24.73702918139303009, 33.96626102271638814 ) ) ;
#850 = VERTEX_POINT ( 'NONE', #2139 ) ;
#851 = CARTESIAN_POINT ( 'NONE',  ( 2.683410550213493728, 0.9999999999999992228, 20.36785519807512657 ) ) ;
#852 = CARTESIAN_POINT ( 'NONE',  ( -27.54162992533946763, 29.94912344463737242, -0.000000000000000000 ) ) ;
#853 = VERTEX_POINT ( 'NONE', #961 ) ;
#854 = EDGE_LOOP ( 'NONE', ( #2487, #2268, #2278, #1984 ) ) ;
#855 = CARTESIAN_POINT ( 'NONE',  ( -4.705685264174112703, 28.99999999999999645, 18.66598580826993725 ) ) ;
#856 = CARTESIAN_POINT ( 'NONE',  ( 4.072064276013457551, 29.58754216754174848, -28.76400644855912958 ) ) ;
#857 = EDGE_CURVE ( 'NONE', #1173, #2690, #947, .T. ) ;
#858 = CARTESIAN_POINT ( 'NONE',  ( -4.388070101654649946, 29.99999999923890215, -26.65704951263298739 ) ) ;
#859 = CARTESIAN_POINT ( 'NONE',  ( -10.27358882178150523, 0.9999999999999992228, 17.79054777885495042 ) ) ;
#860 = ORIENTED_EDGE ( 'NONE', *, *, #2532, .T. ) ;
#861 = CARTESIAN_POINT ( 'NONE',  ( 10.16417481140403289, 0.9999999999999991118, -2.722466968326739511 ) ) ;
#862 = CARTESIAN_POINT ( 'NONE',  ( 12.50479073202117775, 1.000000000000890621, 16.29970632554928400 ) ) ;
#863 = CARTESIAN_POINT ( 'NONE',  ( 2.635103000660643957, 26.10285698121883158, 33.26674745515138909 ) ) ;
#864 = ORIENTED_EDGE ( 'NONE', *, *, #544, .F. ) ;
#865 = CARTESIAN_POINT ( 'NONE',  ( 4.468697558061649033, 29.99999999999999645, 26.64914822567696362 ) ) ;
#866 = CARTESIAN_POINT ( 'NONE',  ( -10.43231607706324482, 0.9999999999999991118, 1.374429794011774675 ) ) ;
#867 = CARTESIAN_POINT ( 'NONE',  ( -33.00193948929077692, 26.66838032224150012, -0.000000000000000000 ) ) ;
#868 = ORIENTED_EDGE ( 'NONE', *, *, #123, .F. ) ;
#869 = CARTESIAN_POINT ( 'NONE',  ( -19.84434129845643824, 2.999999999999999112, 5.315292652447787702 ) ) ;
#870 = CARTESIAN_POINT ( 'NONE',  ( 3.432674985310980365, 28.08855071001805115, -31.53109853646760641 ) ) ;
#871 = CARTESIAN_POINT ( 'NONE',  ( -4.165635564847418593, 29.73844792936779413, -28.24168108315549475 ) ) ;
#872 = CARTESIAN_POINT ( 'NONE',  ( -10.27358882178238275, 2.999999999999999112, 17.79054777885537320 ) ) ;
#873 = VERTEX_POINT ( 'NONE', #193 ) ;
#874 = EDGE_CURVE ( 'NONE', #2923, #1032, #181, .T. ) ;
#875 = CARTESIAN_POINT ( 'NONE',  ( -10.50000000000000000, 0.9999999999999991118, 0.6872233919338982533 ) ) ;
#876 = CARTESIAN_POINT ( 'NONE',  ( 20.50000000000000000, 0.9999999999999992228, -1.341721860442337544 ) ) ;
#877 = CARTESIAN_POINT ( 'NONE',  ( 2.909362498670230668, 26.96981381847290038, 32.65971203251294952 ) ) ;
#878 = ORIENTED_EDGE ( 'NONE', *, *, #2619, .T. ) ;
#879 = EDGE_CURVE ( 'NONE', #2846, #620, #512, .T. ) ;
#880 = CARTESIAN_POINT ( 'NONE',  ( -20.50000000000000000, 0.9999999999999992228, 1.341721860442373071 ) ) ;
#881 = CARTESIAN_POINT ( 'NONE',  ( -32.84383338425357124, 26.88101738553908504, 0.000000000000000000 ) ) ;
#882 = DIRECTION ( 'NONE',  ( 0.000000000000000000, 0.000000000000000000, 1.000000000000000000 ) ) ;
#883 = MECHANICAL_DESIGN_GEOMETRIC_PRESENTATION_REPRESENTATION (  '', ( #428 ), #730 ) ;
#884 = DIRECTION ( 'NONE',  ( 0.000000000000000000, 0.000000000000000000, 1.000000000000000000 ) ) ;
#885 = CIRCLE ( 'NONE', #236, 19.25000000000000000 ) ;
#886 = VECTOR ( 'NONE', #671, 1000.000000000000000 ) ;
#887 = CARTESIAN_POINT ( 'NONE',  ( 3.167291664048955901, 28.55274752302737440, -30.75746160583098998 ) ) ;
#888 = CARTESIAN_POINT ( 'NONE',  ( 19.84434129845641692, 2.999999999999999112, 5.315292652447871191 ) ) ;
#889 = EDGE_LOOP ( 'NONE', ( #2884, #1394, #577, #2246 ) ) ;
#890 = CIRCLE ( 'NONE', #2780, 20.50000000000000000 ) ;
#891 = CARTESIAN_POINT ( 'NONE',  ( 19.84434129845509176, 0.9999999999999992228, 5.315292652447308974 ) ) ;
#892 = CARTESIAN_POINT ( 'NONE',  ( 6.605420998298596302, 2.999999999999999112, -19.45298514331476980 ) ) ;
#893 = EDGE_CURVE ( 'NONE', #325, #2846, #2945, .T. ) ;
#894 = CARTESIAN_POINT ( 'NONE',  ( 0.000000000000000000, 30.00000000000000000, 0.000000000000000000 ) ) ;
#895 = CARTESIAN_POINT ( 'NONE',  ( -4.207980335518764825, 29.79839288055442736, -27.99081675965947369 ) ) ;
#896 = CARTESIAN_POINT ( 'NONE',  ( 1.964225604963704575, 22.00000000000000000, 34.44203813838840489 ) ) ;
#897 = CARTESIAN_POINT ( 'NONE',  ( 17.79054777885586702, 2.999999999999999112, -10.27358882178164023 ) ) ;
#898 = CYLINDRICAL_SURFACE ( 'NONE', #836, 1.000000000000000888 ) ;
#899 = ADVANCED_FACE ( 'NONE', ( #1704 ), #298, .F. ) ;
#900 = B_SPLINE_CURVE_WITH_KNOTS ( 'NONE', 3,
 ( #2609, #757, #2190, #1010 ),
 .UNSPECIFIED., .F., .F.,
 ( 4, 4 ),
 ( 4.906538933386797396E-18, 0.001785220776505161292 ),
 .UNSPECIFIED. ) ;
#901 = CARTESIAN_POINT ( 'NONE',  ( -2.832652706253176333, 27.90075492665124202, -31.54804126251436358 ) ) ;
#902 = CARTESIAN_POINT ( 'NONE',  ( 3.088577077239676782, 28.41510448899018471, -30.96535519430922534 ) ) ;
#903 = CARTESIAN_POINT ( 'NONE',  ( 2.410907862082415587, 26.95729104459767811, -32.39624493099290703 ) ) ;
#904 = CARTESIAN_POINT ( 'NONE',  ( -20.49999999999999289, 2.999999999999999112, 1.341721860442373071 ) ) ;
#905 = CARTESIAN_POINT ( 'NONE',  ( 4.336808689942017736E-16, 22.00000000000000000, -34.50153451497305923 ) ) ;
#906 = CARTESIAN_POINT ( 'NONE',  ( -5.262082079449105443, 0.9999999999999991118, 9.112231789169463525 ) ) ;
#907 = CARTESIAN_POINT ( 'NONE',  ( -19.84434129845624994, 0.9999999999999992228, -5.315292652448094124 ) ) ;
#908 = CARTESIAN_POINT ( 'NONE',  ( 4.547635486306341512, 30.00000000000000000, 26.10487591765615534 ) ) ;
#909 = CARTESIAN_POINT ( 'NONE',  ( 9.112231789170074592, 0.9999999999999991118, 5.262082079449374561 ) ) ;
#910 = CARTESIAN_POINT ( 'NONE',  ( 1.084202172485504434E-16, 22.00000000000000000, 34.44567992468615358 ) ) ;
#911 = ORIENTED_EDGE ( 'NONE', *, *, #84, .T. ) ;
#912 = CARTESIAN_POINT ( 'NONE',  ( 19.45298514331478046, 2.999999999999999112, -6.605420998298575874 ) ) ;
#913 = CARTESIAN_POINT ( 'NONE',  ( 0.000000000000000000, 17.30000000000000071, 0.000000000000000000 ) ) ;
#914 = CARTESIAN_POINT ( 'NONE',  ( -1.554897506392151740, 22.57813629888192608, 34.46538071601325015 ) ) ;
#915 = ORIENTED_EDGE ( 'NONE', *, *, #2180, .F. ) ;
#916 = EDGE_CURVE ( 'NONE', #1482, #749, #1936, .T. ) ;
#917 = CARTESIAN_POINT ( 'NONE',  ( -10.50000000000000000, 0.9999999999999995559, 1.702197410802241961E-14 ) ) ;
#918 = CARTESIAN_POINT ( 'NONE',  ( 3.408895999152533385, 28.97549906830030508, -30.11975508558744963 ) ) ;
#919 = LINE ( 'NONE', #2357, #1999 ) ;
#920 = CARTESIAN_POINT ( 'NONE',  ( 2.683410550213129131, 2.999999999999999112, -20.36785519807608225 ) ) ;
#921 = CARTESIAN_POINT ( 'NONE',  ( -10.43264171918367467, 0.9999999999999997780, 1.372607964721305418 ) ) ;
#922 = CARTESIAN_POINT ( 'NONE',  ( -1.341721860442337766, 0.9999999999999992228, -20.50000000000000000 ) ) ;
#923 = CARTESIAN_POINT ( 'NONE',  ( 16.29970632554877596, 2.999999999999999112, 12.50479073202162539 ) ) ;
#924 = CARTESIAN_POINT ( 'NONE',  ( 4.547635486306341512, 30.00000000000000000, 26.10487591765615534 ) ) ;
#925 = CARTESIAN_POINT ( 'NONE',  ( -4.291501452187144849, 29.89844167284959298, -27.46548576398796726 ) ) ;
#926 = CARTESIAN_POINT ( 'NONE',  ( -12.50479073202235725, 0.9999999999999992228, -16.29970632554810450 ) ) ;
#927 = LINE ( 'NONE', #2556, #2865 ) ;
#928 = CARTESIAN_POINT ( 'NONE',  ( -2.871081816849304857, 27.40554951273271200, 32.29212311449438744 ) ) ;
#929 = ORIENTED_EDGE ( 'NONE', *, *, #2781, .T. ) ;
#930 = CARTESIAN_POINT ( 'NONE',  ( 0.000000000000000000, 18.55000000000000426, 0.000000000000000000 ) ) ;
#931 = CARTESIAN_POINT ( 'NONE',  ( 3.562503780437784595, 29.21315887680999523, -29.66859873305044815 ) ) ;
#932 = FACE_OUTER_BOUND ( 'NONE', #854, .T. ) ;
#933 = EDGE_CURVE ( 'NONE', #1708, #1324, #3033, .T. ) ;
#934 = CARTESIAN_POINT ( 'NONE',  ( 19.45298514331478401, 2.999999999999999112, 6.605420998298558999 ) ) ;
#935 = LINE ( 'NONE', #2800, #886 ) ;
#936 = AXIS2_PLACEMENT_3D ( 'NONE', #2697, #2201, #510 ) ;
#937 = CARTESIAN_POINT ( 'NONE',  ( -2.722466968326775039, 0.9999999999999991118, 10.16417481140399914 ) ) ;
#938 = AXIS2_PLACEMENT_3D ( 'NONE', #2913, #1289, #1512 ) ;
#939 = AXIS2_PLACEMENT_3D ( 'NONE', #1395, #2334, #185 ) ;
#940 = CARTESIAN_POINT ( 'NONE',  ( -2.683410550214113233, 0.9999999999999992228, 20.36785519807619593 ) ) ;
#941 = CARTESIAN_POINT ( 'NONE',  ( 5.804024522700433231, 18.55000000000001137, -18.35417661841282566 ) ) ;
#942 = DIRECTION ( 'NONE',  ( 0.000000000000000000, -0.000000000000000000, -1.000000000000000000 ) ) ;
#943 = CARTESIAN_POINT ( 'NONE',  ( 2.683410550213662482, 2.999999999999999112, 20.36785519807597211 ) ) ;
#944 = CARTESIAN_POINT ( 'NONE',  ( -34.49999994198311981, 22.00000000000000000, 0.000000000000000000 ) ) ;
#945 = CARTESIAN_POINT ( 'NONE',  ( -1.628394559524758201, 23.89224011516977342, 33.88395094468908297 ) ) ;
#946 = ORIENTED_EDGE ( 'NONE', *, *, #951, .T. ) ;
#947 = LINE ( 'NONE', #2379, #2522 ) ;
#948 = CARTESIAN_POINT ( 'NONE',  ( -3.304358993881785445, 28.55440235312454789, 30.81845000172043569 ) ) ;
#949 = CARTESIAN_POINT ( 'NONE',  ( 0.000000000000000000, 42.07074862707557372, 0.000000000000000000 ) ) ;
#950 = LINE ( 'NONE', #1633, #1942 ) ;
#951 = EDGE_CURVE ( 'NONE', #2337, #1096, #1594, .T. ) ;
#952 = CARTESIAN_POINT ( 'NONE',  ( 10.27358882178261368, 2.999999999999999112, 17.79054777885520977 ) ) ;
#953 = CARTESIAN_POINT ( 'NONE',  ( 10.50003603626400306, 1.000000000000000000, -0.6890737449116036695 ) ) ;
#954 = CARTESIAN_POINT ( 'NONE',  ( 26.49999992446859665, 30.00000000000000000, 0.000000000000000000 ) ) ;
#955 = ORIENTED_EDGE ( 'NONE', *, *, #2013, .F. ) ;
#956 = CARTESIAN_POINT ( 'NONE',  ( 4.653087665904296344, 0.9999999999999991118, -9.437746084941514013 ) ) ;
#957 = EDGE_LOOP ( 'NONE', ( #2587, #112, #26, #2179 ) ) ;
#958 = CARTESIAN_POINT ( 'NONE',  ( -13.54694838833926696, 2.999999999999999112, 15.44442964030918652 ) ) ;
#959 = DIRECTION ( 'NONE',  ( 0.000000000000000000, 0.000000000000000000, -1.000000000000000000 ) ) ;
#960 = CARTESIAN_POINT ( 'NONE',  ( -2.729145446449963597, 27.36404700449658023, 32.18180257993609672 ) ) ;
#961 = CARTESIAN_POINT ( 'NONE',  ( 0.000000000000000000, 17.30000000000000071, 20.50000000000000355 ) ) ;
#962 = CARTESIAN_POINT ( 'NONE',  ( 1.964225604963704575, 22.00000000000000000, 34.44203813838840489 ) ) ;
#963 = CARTESIAN_POINT ( 'NONE',  ( 4.547635486306341512, 30.00000000000000000, 26.10487591765615534 ) ) ;
#964 = CARTESIAN_POINT ( 'NONE',  ( -17.79054777885574978, 2.999999999999999112, 10.27358882178180544 ) ) ;
#965 = CARTESIAN_POINT ( 'NONE',  ( -1.646347093763640412, 22.58365332026580674, -34.46939165514820758 ) ) ;
#966 = CARTESIAN_POINT ( 'NONE',  ( -3.383264413762636647, 0.9999999999999991118, 9.963724097795530810 ) ) ;
#967 = CARTESIAN_POINT ( 'NONE',  ( -20.36785519807607514, 2.999999999999999112, -2.683410550213193524 ) ) ;
#968 = CARTESIAN_POINT ( 'NONE',  ( 9.112231789170074592, 0.9999999999999991118, 5.262082079449374561 ) ) ;
#969 = CARTESIAN_POINT ( 'NONE',  ( -2.635103000660518280, 26.10285698121879960, 33.26674745515141041 ) ) ;
#970 = ORIENTED_EDGE ( 'NONE', *, *, #2881, .T. ) ;
#971 = EDGE_CURVE ( 'NONE', #1627, #44, #1089, .T. ) ;
#972 = FACE_OUTER_BOUND ( 'NONE', #495, .T. ) ;
#973 = CARTESIAN_POINT ( 'NONE',  ( 33.68049744740554274, 25.53691935114153111, -0.000000000000000000 ) ) ;
#974 = CYLINDRICAL_SURFACE ( 'NONE', #2339, 34.50000000000000711 ) ;
#975 = DIRECTION ( 'NONE',  ( 0.000000000000000000, 0.000000000000000000, 1.000000000000000000 ) ) ;
#976 = DIRECTION ( 'NONE',  ( 0.000000000000000000, 0.000000000000000000, -1.000000000000000000 ) ) ;
#977 = CARTESIAN_POINT ( 'NONE',  ( -1.994332987708343330, 24.76972556733654329, -33.95924795351363201 ) ) ;
#978 = CARTESIAN_POINT ( 'NONE',  ( 0.6872233919338827102, 0.9999999999999991118, -10.50000000000000000 ) ) ;
#979 = COLOUR_RGB ( '',0.7921568627450980005, 0.8196078431372548767, 0.9333333333333333481 ) ;
#980 = CARTESIAN_POINT ( 'NONE',  ( -2.683410550213612300, 2.999999999999999112, -20.36785519807598632 ) ) ;
#981 = CARTESIAN_POINT ( 'NONE',  ( 5.262082079449085903, 0.9999999999999991118, -9.112231789169474183 ) ) ;
#982 = CARTESIAN_POINT ( 'NONE',  ( 10.50000000000000000, 0.9999999999999995559, 3.252606517456513302E-16 ) ) ;
#983 = ORIENTED_EDGE ( 'NONE', *, *, #454, .F. ) ;
#984 = VECTOR ( 'NONE', #2659, 1000.000000000000000 ) ;
#985 = STYLED_ITEM ( 'NONE', ( #2489 ), #1826 ) ;
#986 = CARTESIAN_POINT ( 'NONE',  ( -1.935758567210607017, 30.00000000000000000, 33.94284916839650634 ) ) ;
#987 = EDGE_CURVE ( 'NONE', #1104, #1832, #1085, .T. ) ;
#988 = CARTESIAN_POINT ( 'NONE',  ( 1.301042606982605321E-15, 0.9999999999999995559, -10.50000000000000000 ) ) ;
#989 = CARTESIAN_POINT ( 'NONE',  ( 7.910561523085007707, 0.9999999999999991118, -6.938680881832492098 ) ) ;
#990 = ORIENTED_EDGE ( 'NONE', *, *, #163, .T. ) ;
#991 = FACE_OUTER_BOUND ( 'NONE', #1517, .T. ) ;
#992 = CARTESIAN_POINT ( 'NONE',  ( -1.625978562157302632, 23.87908379189208219, 33.88662884710070244 ) ) ;
#993 = DIRECTION ( 'NONE',  ( -0.000000000000000000, -1.000000000000000000, 0.000000000000000000 ) ) ;
#994 = DIRECTION ( 'NONE',  ( 0.000000000000000000, 0.000000000000000000, 1.000000000000000000 ) ) ;
#995 = CARTESIAN_POINT ( 'NONE',  ( -1.674503602917117862, 24.66291590056092176, -33.49913731104055614 ) ) ;
#996 = CARTESIAN_POINT ( 'NONE',  ( 10.16417481140403289, 0.9999999999999991118, -2.722466968326739511 ) ) ;
#997 = LINE ( 'NONE', #1454, #1545 ) ;
#998 = CARTESIAN_POINT ( 'NONE',  ( 2.722466968326841208, 0.9999999999999991118, 10.16417481140454804 ) ) ;
#999 = CARTESIAN_POINT ( 'NONE',  ( -4.380196967094036609, 29.94859343565389409, 27.18994719076993150 ) ) ;
#1000 = ORIENTED_EDGE ( 'NONE', *, *, #680, .F. ) ;
#1001 = DIRECTION ( 'NONE',  ( 0.000000000000000000, 1.000000000000000000, -0.000000000000000000 ) ) ;
#1002 = FACE_OUTER_BOUND ( 'NONE', #1525, .T. ) ;
#1003 = DIRECTION ( 'NONE',  ( 0.000000000000000000, 0.000000000000000000, 1.000000000000000000 ) ) ;
#1004 = EDGE_CURVE ( 'NONE', #1333, #2030, #1432, .T. ) ;
#1005 = CARTESIAN_POINT ( 'NONE',  ( 20.49999999999999645, 2.999999999999999112, -1.341721860442337544 ) ) ;
#1006 = CARTESIAN_POINT ( 'NONE',  ( -4.444850235142557615, 29.98422224370617784, 26.64122733017262235 ) ) ;
#1007 = CARTESIAN_POINT ( 'NONE',  ( 0.000000000000000000, 30.00100000000000122, 0.000000000000000000 ) ) ;
#1008 = ORIENTED_EDGE ( 'NONE', *, *, #3063, .T. ) ;
#1009 = EDGE_CURVE ( 'NONE', #235, #2690, #2720, .T. ) ;
#1010 = CARTESIAN_POINT ( 'NONE',  ( 5.935404816782529736, 17.30000000000000071, -19.62195121951215881 ) ) ;
#1011 = CARTESIAN_POINT ( 'NONE',  ( 20.50000000000000000, 30.00000000000000000, 0.000000000000000000 ) ) ;
#1012 = CARTESIAN_POINT ( 'NONE',  ( 6.605420998298543900, 0.9999999999999992228, 19.45298514331413742 ) ) ;
#1013 = ORIENTED_EDGE ( 'NONE', *, *, #544, .T. ) ;
#1014 = CARTESIAN_POINT ( 'NONE',  ( 1.372607964725878205, 1.000000000000000000, 10.43264171918307248 ) ) ;
#1015 = CARTESIAN_POINT ( 'NONE',  ( 2.722466968327052150, 0.9999999999999991118, -10.16417481140403112 ) ) ;
#1016 = CARTESIAN_POINT ( 'NONE',  ( -15.44442964174346500, 2.999999999999995559, -13.54694838690498848 ) ) ;
#1017 = EDGE_LOOP ( 'NONE', ( #2172, #878, #2064, #570 ) ) ;
#1018 = DIRECTION ( 'NONE',  ( 0.000000000000000000, 0.000000000000000000, 1.000000000000000000 ) ) ;
#1019 = CARTESIAN_POINT ( 'NONE',  ( 28.57436087701515959, 29.74393913746772000, -0.000000000000000000 ) ) ;
#1020 = CARTESIAN_POINT ( 'NONE',  ( -2.683410550214113233, 0.9999999999999992228, 20.36785519807619593 ) ) ;
#1021 = CARTESIAN_POINT ( 'NONE',  ( -4.705685264174112703, 28.99999999999999645, 18.66598580826993725 ) ) ;
#1022 = FACE_OUTER_BOUND ( 'NONE', #135, .T. ) ;
#1023 =( BOUNDED_CURVE ( )  B_SPLINE_CURVE ( 2, ( #917, #2592, #2340 ),
 .UNSPECIFIED., .F., .T. ) 
 B_SPLINE_CURVE_WITH_KNOTS ( ( 3, 3 ),
 ( 0.000000000000000000, 0.01049580496221985855 ),
 .UNSPECIFIED. ) 
 CURVE ( )  GEOMETRIC_REPRESENTATION_ITEM ( )  RATIONAL_B_SPLINE_CURVE ( ( 1.000000000000000000, 0.7071067811865475727, 1.000000000000000000 ) ) 
 REPRESENTATION_ITEM ( '' )  );
#1024 = ADVANCED_FACE ( 'NONE', ( #1002 ), #1069, .T. ) ;
#1025 = CARTESIAN_POINT ( 'NONE',  ( -1.354061739223345606, 0.000000000000000000, -33.85615338233036198 ) ) ;
#1026 = CARTESIAN_POINT ( 'NONE',  ( -2.355414330306047521, 23.09125859349610010, -34.36505840479568974 ) ) ;
#1027 = CARTESIAN_POINT ( 'NONE',  ( -4.653087665904267922, 0.9999999999999991118, -9.437746084942123304 ) ) ;
#1028 = EDGE_LOOP ( 'NONE', ( #2430, #1124, #1162 ) ) ;
#1029 = CARTESIAN_POINT ( 'NONE',  ( 5.262082079449085903, 0.9999999999999991118, -9.112231789169474183 ) ) ;
#1030 = CARTESIAN_POINT ( 'NONE',  ( 5.262082079449676542, 0.9999999999999991118, 9.112231789169477736 ) ) ;
#1031 = DIRECTION ( 'NONE',  ( 0.000000000000000000, 1.000000000000000000, -0.000000000000000000 ) ) ;
#1032 = VERTEX_POINT ( 'NONE', #619 ) ;
#1033 = AXIS2_PLACEMENT_3D ( 'NONE', #720, #217, #2793 ) ;
#1034 = CARTESIAN_POINT ( 'NONE',  ( -10.43271240685811740, 1.000000000000000222, -1.372622025388446021 ) ) ;
#1035 = CARTESIAN_POINT ( 'NONE',  ( 34.49999994198313402, 22.00000000000000000, 0.000000000000000000 ) ) ;
#1036 = AXIS2_PLACEMENT_3D ( 'NONE', #1971, #267, #3064 ) ;
#1037 = CLOSED_SHELL ( 'NONE', ( #500, #127, #2329, #1427, #1462, #899, #2756, #2071, #1771, #739, #2795, #2124, #2900, #107, #2658, #66, #1110, #1865, #1615, #375, #1238, #1570, #486, #1199, #1575, #450, #2312, #1411 ) ) ;
#1038 = ORIENTED_EDGE ( 'NONE', *, *, #3068, .F. ) ;
#1039 = CIRCLE ( 'NONE', #1092, 19.25000000000000000 ) ;
#1040 = CARTESIAN_POINT ( 'NONE',  ( 2.683410550213129131, 2.999999999999999112, -20.36785519807608225 ) ) ;
#1041 = CARTESIAN_POINT ( 'NONE',  ( -34.49999994198311981, 0.000000000000000000, 0.000000000000000000 ) ) ;
#1042 = CARTESIAN_POINT ( 'NONE',  ( 3.304358993881789885, 28.55440235312454433, 30.81845000172043569 ) ) ;
#1043 = CARTESIAN_POINT ( 'NONE',  ( 2.094111446697760393, 26.09933400121907354, -32.91796108319705638 ) ) ;
#1044 = CARTESIAN_POINT ( 'NONE',  ( -2.256769565372296338, 30.00000000000000000, -33.42589929390185688 ) ) ;
#1045 = CARTESIAN_POINT ( 'NONE',  ( -13.54694838833948189, 1.000000000002085443, -15.44442964031015819 ) ) ;
#1046 = VERTEX_POINT ( 'NONE', #1054 ) ;
#1047 = EDGE_CURVE ( 'NONE', #1909, #1333, #1692, .T. ) ;
#1048 =( BOUNDED_CURVE ( )  B_SPLINE_CURVE ( 2, ( #1251, #1491, #2862 ),
 .UNSPECIFIED., .F., .T. ) 
 B_SPLINE_CURVE_WITH_KNOTS ( ( 3, 3 ),
 ( 0.000000000000000000, 1.000000000000000000 ),
 .UNSPECIFIED. ) 
 CURVE ( )  GEOMETRIC_REPRESENTATION_ITEM ( )  RATIONAL_B_SPLINE_CURVE ( ( 1.000000000000000000, 0.7071067811865475727, 1.000000000000000000 ) ) 
 REPRESENTATION_ITEM ( '' )  );
#1049 = CARTESIAN_POINT ( 'NONE',  ( -10.43231607706383635, 0.9999999999999991118, -1.374429794011796879 ) ) ;
#1050 = CARTESIAN_POINT ( 'NONE',  ( 17.79054777885626137, 1.000000000000001776, 10.27358882178251065 ) ) ;
#1051 = CARTESIAN_POINT ( 'NONE',  ( 2.729145446450540913, 27.36404700449686445, 32.18180257993629567 ) ) ;
#1052 = VERTEX_POINT ( 'NONE', #1084 ) ;
#1053 = CARTESIAN_POINT ( 'NONE',  ( 13.54694838833946235, 0.9999999999989590549, -15.44442964030898935 ) ) ;
#1054 = CARTESIAN_POINT ( 'NONE',  ( 4.705685264174112703, 28.99999999999999645, -18.66598580826993725 ) ) ;
#1055 = ORIENTED_EDGE ( 'NONE', *, *, #2938, .F. ) ;
#1056 = CARTESIAN_POINT ( 'NONE',  ( 13.54694838833887793, 2.999999999999999112, 15.44442964030957199 ) ) ;
#1057 = CARTESIAN_POINT ( 'NONE',  ( -5.441048330687330292, 22.00348777901853836, 18.46895827075275776 ) ) ;
#1058 = FACE_OUTER_BOUND ( 'NONE', #585, .T. ) ;
#1059 = CARTESIAN_POINT ( 'NONE',  ( 2.694265254234813334, 25.40040167746841959, -33.64053359196244486 ) ) ;
#1060 = CARTESIAN_POINT ( 'NONE',  ( -4.408871683564893118, 30.00000000000000000, -26.66041628999011692 ) ) ;
#1061 = CARTESIAN_POINT ( 'NONE',  ( 12.50479073202119373, 0.9999999999999992228, -16.29970632554927334 ) ) ;
#1062 = ORIENTED_EDGE ( 'NONE', *, *, #2558, .T. ) ;
#1063 = CARTESIAN_POINT ( 'NONE',  ( -4.653087665904267922, 0.9999999999999991118, -9.437746084942123304 ) ) ;
#1064 = CARTESIAN_POINT ( 'NONE',  ( 9.084599728670138319, 0.9999999999999992228, 18.42607568964861997 ) ) ;
#1065 = CARTESIAN_POINT ( 'NONE',  ( 3.410659211661767554, 28.57514506337888349, 30.87495191035759490 ) ) ;
#1066 = ORIENTED_EDGE ( 'NONE', *, *, #220, .F. ) ;
#1067 =( BOUNDED_CURVE ( )  B_SPLINE_CURVE ( 3, ( #2206, #773, #2390, #1200 ),
 .UNSPECIFIED., .F., .T. ) 
 B_SPLINE_CURVE_WITH_KNOTS ( ( 4, 4 ),
 ( 4.959342643868476230, 5.018662597794526725 ),
 .UNSPECIFIED. ) 
 CURVE ( )  GEOMETRIC_REPRESENTATION_ITEM ( )  RATIONAL_B_SPLINE_CURVE ( ( 1.000000000000000000, 0.9997067834186964541, 0.9997067834186964541, 1.000000000000000000 ) ) 
 REPRESENTATION_ITEM ( '' )  );
#1068 = CARTESIAN_POINT ( 'NONE',  ( 20.36785519807735767, 0.9999999999999992228, 2.683410550213978674 ) ) ;
#1069 = PLANE ( 'NONE',  #1849 ) ;
#1070 = EDGE_CURVE ( 'NONE', #1088, #1672, #1226, .T. ) ;
#1071 = ORIENTED_EDGE ( 'NONE', *, *, #1764, .T. ) ;
#1072 = ORIENTED_EDGE ( 'NONE', *, *, #2511, .T. ) ;
#1073 = CARTESIAN_POINT ( 'NONE',  ( -13.54694838833926696, 2.999999999999999112, 15.44442964030918652 ) ) ;
#1074 = CARTESIAN_POINT ( 'NONE',  ( -5.074827862598228378, 25.48784278301421224, 18.57292515218534135 ) ) ;
#1075 = CARTESIAN_POINT ( 'NONE',  ( 20.50000000000000000, 30.00100000000000122, 0.000000000000000000 ) ) ;
#1076 = CARTESIAN_POINT ( 'NONE',  ( -3.903037049796924229, 29.51940959195083281, -28.98376504183282165 ) ) ;
#1077 = CARTESIAN_POINT ( 'NONE',  ( 13.54694838833946235, 0.9999999999989590549, -15.44442964030898935 ) ) ;
#1078 = EDGE_LOOP ( 'NONE', ( #1116, #1864, #1112, #2874, #480 ) ) ;
#1079 = CARTESIAN_POINT ( 'NONE',  ( 10.50000000000000000, 0.9999999999999995559, 3.252606517456513302E-16 ) ) ;
#1080 = CARTESIAN_POINT ( 'NONE',  ( -9.112231789170067486, 0.9999999999999991118, 5.262082079449392324 ) ) ;
#1081 = CARTESIAN_POINT ( 'NONE',  ( 2.237242643438929424, 25.70757627108558907, 33.51895085284041187 ) ) ;
#1082 = EDGE_LOOP ( 'NONE', ( #1969, #2259, #1611, #1449 ) ) ;
#1083 = CARTESIAN_POINT ( 'NONE',  ( -5.262082079449071692, 0.9999999999999991118, -9.112231789170078144 ) ) ;
#1084 = CARTESIAN_POINT ( 'NONE',  ( -1.451818925407959204, 22.00000000000000000, 34.06855685746891282 ) ) ;
#1085 = CIRCLE ( 'NONE', #2959, 34.50000000000000000 ) ;
#1086 = CARTESIAN_POINT ( 'NONE',  ( -0.6896245888613045105, 1.000000000000000222, 10.50000000000000178 ) ) ;
#1087 = EDGE_CURVE ( 'NONE', #749, #73, #124, .T. ) ;
#1088 = VERTEX_POINT ( 'NONE', #2295 ) ;
#1089 = CIRCLE ( 'NONE', #1280, 19.25000000000000000 ) ;
#1090 = CARTESIAN_POINT ( 'NONE',  ( 2.256769565372297226, 22.00000000000000000, -34.42589929390185688 ) ) ;
#1091 = AXIS2_PLACEMENT_3D ( 'NONE', #2789, #1393, #2599 ) ;
#1092 = AXIS2_PLACEMENT_3D ( 'NONE', #264, #2181, #14 ) ;
#1093 = CARTESIAN_POINT ( 'NONE',  ( 1.674503602917043255, 24.66291590056086136, -33.49913731104047088 ) ) ;
#1094 = CARTESIAN_POINT ( 'NONE',  ( -3.854236094521783507, 29.59104282353855453, -28.70342016908391614 ) ) ;
#1095 = CARTESIAN_POINT ( 'NONE',  ( -9.084599728671049590, 0.9999999999999992228, 18.42607568964771048 ) ) ;
#1096 = VERTEX_POINT ( 'NONE', #2067 ) ;
#1097 = CARTESIAN_POINT ( 'NONE',  ( 10.16377848160972164, 1.000000000000000000, 2.724274736965476507 ) ) ;
#1098 = CARTESIAN_POINT ( 'NONE',  ( -6.938680881832491210, 0.9999999999999991118, -7.910561523085306135 ) ) ;
#1099 = CARTESIAN_POINT ( 'NONE',  ( 2.320570944924163825, 24.91808747998261353, 33.87218181753796387 ) ) ;
#1100 = ORIENTED_EDGE ( 'NONE', *, *, #2737, .T. ) ;
#1101 = CARTESIAN_POINT ( 'NONE',  ( 3.843734947464640506, 29.20685429595059901, 29.76285495196439257 ) ) ;
#1102 = CARTESIAN_POINT ( 'NONE',  ( -6.938680881832491210, 0.9999999999999991118, -7.910561523085306135 ) ) ;
#1103 = CARTESIAN_POINT ( 'NONE',  ( -5.049427859025316323, 25.72950767414547002, 19.87373710035339514 ) ) ;
#1104 = VERTEX_POINT ( 'NONE', #2999 ) ;
#1105 = DIRECTION ( 'NONE',  ( -0.000000000000000000, -1.000000000000000000, 0.000000000000000000 ) ) ;
#1106 = CARTESIAN_POINT ( 'NONE',  ( -1.817671771968345951, 24.22013909671859722, 34.14245374285081880 ) ) ;
#1107 = EDGE_CURVE ( 'NONE', #1822, #1222, #1165, .T. ) ;
#1108 = CARTESIAN_POINT ( 'NONE',  ( 2.173891955099240381, 26.32493672442648958, -32.79246244221434381 ) ) ;
#1109 = CARTESIAN_POINT ( 'NONE',  ( 5.049427859025087173, 25.72950767414544515, 19.87373710035345198 ) ) ;
#1110 = ADVANCED_FACE ( 'NONE', ( #832 ), #2985, .T. ) ;
#1111 = CARTESIAN_POINT ( 'NONE',  ( -19.84434129845625705, 0.9999999999999992228, 5.315292652447752175 ) ) ;
#1112 = ORIENTED_EDGE ( 'NONE', *, *, #1813, .F. ) ;
#1113 = CARTESIAN_POINT ( 'NONE',  ( -16.29970632554699250, 0.9999999999999992228, -12.50479073202162539 ) ) ;
#1114 = CARTESIAN_POINT ( 'NONE',  ( 15.44442964030897514, 0.9999999999999992228, 13.54694838833887971 ) ) ;
#1115 = CARTESIAN_POINT ( 'NONE',  ( 1.817671771968152550, 24.22013909671871090, 34.14245374284986667 ) ) ;
#1116 = ORIENTED_EDGE ( 'NONE', *, *, #2126, .T. ) ;
#1117 = FACE_OUTER_BOUND ( 'NONE', #88, .T. ) ;
#1118 = CARTESIAN_POINT ( 'NONE',  ( -3.383264413762588685, 0.9999999999999991118, -9.963724097794910861 ) ) ;
#1119 = DIRECTION ( 'NONE',  ( -0.1045284632676537068, -0.9945218953682734009, 0.000000000000000000 ) ) ;
#1120 = ORIENTED_EDGE ( 'NONE', *, *, #1365, .T. ) ;
#1121 = CARTESIAN_POINT ( 'NONE',  ( 0.000000000000000000, 30.00000000000000000, 0.000000000000000000 ) ) ;
#1122 = CARTESIAN_POINT ( 'NONE',  ( -5.315292654437035580, 2.999999999999999556, 19.84434129806075831 ) ) ;
#1123 = CARTESIAN_POINT ( 'NONE',  ( 20.36785519807602896, 2.999999999999999112, 2.683410550213416901 ) ) ;
#1124 = ORIENTED_EDGE ( 'NONE', *, *, #2635, .F. ) ;
#1125 = EDGE_CURVE ( 'NONE', #1832, #343, #2969, .T. ) ;
#1126 = CARTESIAN_POINT ( 'NONE',  ( 1.341721860442342873, 0.9999999999999992228, -20.50000000000000000 ) ) ;
#1127 = CARTESIAN_POINT ( 'NONE',  ( 12.50479073202109248, 2.999999999999999112, -16.29970632554912768 ) ) ;
#1128 = CARTESIAN_POINT ( 'NONE',  ( 28.57436087701515959, 29.74393913746772000, -0.000000000000000000 ) ) ;
#1129 = CARTESIAN_POINT ( 'NONE',  ( 2.722466968326841208, 0.9999999999999991118, 10.16417481140454804 ) ) ;
#1130 = CARTESIAN_POINT ( 'NONE',  ( 3.254868706016673219, 27.89851480714262166, 31.74228533765419868 ) ) ;
#1131 = CARTESIAN_POINT ( 'NONE',  ( 20.36785519807598277, 2.999999999999999112, -2.683410550213615409 ) ) ;
#1132 = DIRECTION ( 'NONE',  ( 0.000000000000000000, 0.000000000000000000, -1.000000000000000000 ) ) ;
#1133 = CARTESIAN_POINT ( 'NONE',  ( -4.705685264174112703, 28.99999999999999645, 18.66598580826993725 ) ) ;
#1134 = CARTESIAN_POINT ( 'NONE',  ( 4.074095378464745565, 29.59104282353881743, -28.75305840601209795 ) ) ;
#1135 = AXIS2_PLACEMENT_3D ( 'NONE', #364, #351, #2005 ) ;
#1136 = CIRCLE ( 'NONE', #2242, 1.500000000000022204 ) ;
#1137 = CARTESIAN_POINT ( 'NONE',  ( -12.50479073370815719, 2.999999999999999112, 16.29970632442186940 ) ) ;
#1138 = CARTESIAN_POINT ( 'NONE',  ( 0.000000000000000000, 2.999999999999999112, 20.49999999999999645 ) ) ;
#1139 = VECTOR ( 'NONE', #18, 1000.000000000000000 ) ;
#1140 = CARTESIAN_POINT ( 'NONE',  ( -10.16417481140460133, 0.9999999999999991118, 2.722466968326901160 ) ) ;
#1141 = CARTESIAN_POINT ( 'NONE',  ( 18.42607568964797693, 2.999999999999999112, 9.084599728670106344 ) ) ;
#1142 = CARTESIAN_POINT ( 'NONE',  ( -4.600581028908203862, 30.00000000000000000, -19.97710324838038076 ) ) ;
#1143 = CARTESIAN_POINT ( 'NONE',  ( 10.50000000000000000, 0.9999999999999991118, 0.6872233919338813779 ) ) ;
#1144 = CARTESIAN_POINT ( 'NONE',  ( 1.084202172485504434E-16, 0.000000000000000000, 32.94567992468613227 ) ) ;
#1145 = ADVANCED_FACE ( 'NONE', ( #1803 ), #159, .T. ) ;
#1146 = CARTESIAN_POINT ( 'NONE',  ( 18.42607568964797693, 2.999999999999999112, 9.084599728670106344 ) ) ;
#1147 = B_SPLINE_CURVE_WITH_KNOTS ( 'NONE', 3,
 ( #1278, #1730, #1948, #2197, #2906, #293, #2661, #2435, #1016, #562, #2245, #797, #91, #1247, #1933, #1980, #494, #2693 ),
 .UNSPECIFIED., .F., .F.,
 ( 4, 2, 2, 2, 2, 2, 2, 2, 4 ),
 ( 0.2500000000000000000, 0.2812500000000000000, 0.3125000000000000000, 0.3437500000000000000, 0.3750000000000000000, 0.4062500000000000000, 0.4375000000000000000, 0.4687500000000000000, 0.5000000000000000000 ),
 .UNSPECIFIED. ) ;
#1148 = CARTESIAN_POINT ( 'NONE',  ( -34.49999994198311981, 22.00000000000000000, 0.000000000000000000 ) ) ;
#1149 = CARTESIAN_POINT ( 'NONE',  ( 5.315292654437022257, 2.999999999999997780, -19.84434129806074765 ) ) ;
#1150 = CARTESIAN_POINT ( 'NONE',  ( 4.025956279926569792, 29.50481350549072701, -29.00685535301058593 ) ) ;
#1151 = CARTESIAN_POINT ( 'NONE',  ( -9.084599730543876817, 2.999999999999999556, 18.42607568887184044 ) ) ;
#1152 = CARTESIAN_POINT ( 'NONE',  ( -20.49999999999999645, 2.999999999999999112, 1.825434725822017301E-14 ) ) ;
#1153 = CARTESIAN_POINT ( 'NONE',  ( 5.935404816782297033, 17.30000000000000426, 19.62195121951223342 ) ) ;
#1154 = CARTESIAN_POINT ( 'NONE',  ( 12.50479073202119373, 0.9999999999999992228, -16.29970632554927334 ) ) ;
#1155 = CARTESIAN_POINT ( 'NONE',  ( -20.50000000000000000, 0.9999999999999992228, -1.341721860442307568 ) ) ;
#1156 = CARTESIAN_POINT ( 'NONE',  ( 4.547635486306341512, 30.00000000000000000, 26.10487591765615534 ) ) ;
#1157 = ORIENTED_EDGE ( 'NONE', *, *, #2546, .F. ) ;
#1158 = B_SPLINE_CURVE_WITH_KNOTS ( 'NONE', 3,
 ( #1907, #1889, #452, #2336, #2835, #1377, #2353, #233, #2820, #2136, #3030, #692, #2613, #1363, #708, #2590, #1175, #465, #2122, #2324, #664, #3057, #1626, #1877, #1425, #2153, #3043, #1191 ),
 .UNSPECIFIED., .F., .F.,
 ( 4, 2, 2, 2, 2, 2, 2, 2, 2, 2, 2, 2, 2, 4 ),
 ( 0.000000000000000000, 0.001632231067371715458, 0.002448346601057576222, 0.003264462134743436987, 0.004080577668429297318, 0.004896693202115158516, 0.006528924269486899995, 0.007345039803172777673, 0.008161155336858646678, 0.009793386404230381218, 0.01142561747160211576, 0.01224173300528797956, 0.01264979077213091579, 0.01305784853897385203 ),
 .UNSPECIFIED. ) ;
#1159 = CARTESIAN_POINT ( 'NONE',  ( 6.605420998298775714, 2.999999999999999112, 19.45298514331469519 ) ) ;
#1160 = DIRECTION ( 'NONE',  ( 0.000000000000000000, 0.000000000000000000, 1.000000000000000000 ) ) ;
#1161 = CARTESIAN_POINT ( 'NONE',  ( -2.562042029942789068, 26.96981381812803846, 32.50768801494049853 ) ) ;
#1162 = ORIENTED_EDGE ( 'NONE', *, *, #355, .F. ) ;
#1163 = EDGE_CURVE ( 'NONE', #1782, #2962, #2249, .T. ) ;
#1164 = DIRECTION ( 'NONE',  ( 0.000000000000000000, 1.000000000000000000, -0.000000000000000000 ) ) ;
#1165 =( BOUNDED_CURVE ( )  B_SPLINE_CURVE ( 3, ( #2712, #1103, #109, #583 ),
 .UNSPECIFIED., .F., .F. ) 
 B_SPLINE_CURVE_WITH_KNOTS ( ( 4, 4 ),
 ( 4.938735343932750155, 5.006126779442011454 ),
 .UNSPECIFIED. ) 
 CURVE ( )  GEOMETRIC_REPRESENTATION_ITEM ( )  RATIONAL_B_SPLINE_CURVE ( ( 1.000000000000000000, 0.9996215686763205710, 0.9996215686763205710, 1.000000000000000000 ) ) 
 REPRESENTATION_ITEM ( '' )  );
#1166 = CARTESIAN_POINT ( 'NONE',  ( 3.876988726163258736, 29.21315887674931489, -29.74878558715275645 ) ) ;
#1167 = CARTESIAN_POINT ( 'NONE',  ( -20.50000000000000711, 2.999999999999999556, 1.341721862470643734 ) ) ;
#1168 = CARTESIAN_POINT ( 'NONE',  ( -5.315292652447612731, 2.999999999999999112, -19.84434129845647377 ) ) ;
#1169 = DIRECTION ( 'NONE',  ( 0.000000000000000000, 0.000000000000000000, 1.000000000000000000 ) ) ;
#1170 = CARTESIAN_POINT ( 'NONE',  ( -15.44442964030898757, 0.9999999999979128917, -13.54694838833827220 ) ) ;
#1171 = CARTESIAN_POINT ( 'NONE',  ( -17.79054777885734850, 0.9999999999999992228, 10.27358882178207544 ) ) ;
#1172 = CARTESIAN_POINT ( 'NONE',  ( 4.469020561361206845, 30.00000000000000000, 26.64694145595567676 ) ) ;
#1173 = VERTEX_POINT ( 'NONE', #2937 ) ;
#1174 = CARTESIAN_POINT ( 'NONE',  ( 17.79054777885558281, 2.999999999999999112, 10.27358882178205945 ) ) ;
#1175 = CARTESIAN_POINT ( 'NONE',  ( -3.526212445844020493, 28.54578811849031439, 30.90393363618521150 ) ) ;
#1176 = FACE_OUTER_BOUND ( 'NONE', #1981, .T. ) ;
#1177 = CARTESIAN_POINT ( 'NONE',  ( -3.992386049282379279, 29.73910468346596048, -28.20244645537834316 ) ) ;
#1178 = EDGE_CURVE ( 'NONE', #2030, #2940, #94, .T. ) ;
#1179 = CARTESIAN_POINT ( 'NONE',  ( -3.062424404649583654, 28.08090431007031995, 31.43273793363583835 ) ) ;
#1180 = CARTESIAN_POINT ( 'NONE',  ( 0.000000000000000000, 30.00000000000000000, 0.000000000000000000 ) ) ;
#1181 = CARTESIAN_POINT ( 'NONE',  ( 13.54694838690498315, 3.000000000000000444, 15.44442964174346855 ) ) ;
#1182 = DIRECTION ( 'NONE',  ( 0.000000000000000000, 0.000000000000000000, 1.000000000000000000 ) ) ;
#1183 = CIRCLE ( 'NONE', #1939, 19.25000000000000000 ) ;
#1184 = CARTESIAN_POINT ( 'NONE',  ( 20.49999999999999645, 2.999999999999999112, 1.341721860442340208 ) ) ;
#1185 = VECTOR ( 'NONE', #2927, 1000.000000000000000 ) ;
#1186 = CARTESIAN_POINT ( 'NONE',  ( -19.45298514331505046, 0.9999999999999992228, 6.605420998298817459 ) ) ;
#1187 = DIRECTION ( 'NONE',  ( 0.000000000000000000, -1.000000000000000000, 0.000000000000000000 ) ) ;
#1188 = CARTESIAN_POINT ( 'NONE',  ( 0.6872233919333533558, 0.9999999999999991118, 10.50000000000000000 ) ) ;
#1189 = AXIS2_PLACEMENT_3D ( 'NONE', #2492, #2272, #2579 ) ;
#1190 = CARTESIAN_POINT ( 'NONE',  ( -18.42607568964771048, 0.9999999999999992228, -9.084599728670452734 ) ) ;
#1191 = CARTESIAN_POINT ( 'NONE',  ( -4.547635486306329966, 30.00000000000000000, 26.10487591765614823 ) ) ;
#1192 = CARTESIAN_POINT ( 'NONE',  ( -2.004999986565385139, 25.40428863699233730, 33.41086670500499167 ) ) ;
#1193 = ORIENTED_EDGE ( 'NONE', *, *, #1813, .T. ) ;
#1194 = DIRECTION ( 'NONE',  ( 0.000000000000000000, 1.000000000000000000, 0.000000000000000000 ) ) ;
#1195 = EDGE_CURVE ( 'NONE', #2283, #2337, #1658, .T. ) ;
#1196 = DIRECTION ( 'NONE',  ( -0.000000000000000000, -1.000000000000000000, 0.000000000000000000 ) ) ;
#1197 = CARTESIAN_POINT ( 'NONE',  ( 0.000000000000000000, 0.000000000000000000, 0.000000000000000000 ) ) ;
#1198 = CARTESIAN_POINT ( 'NONE',  ( 20.36785519807598277, 2.999999999999999112, -2.683410550213615409 ) ) ;
#1199 = ADVANCED_FACE ( 'NONE', ( #2109 ), #898, .T. ) ;
#1200 = CARTESIAN_POINT ( 'NONE',  ( 5.804024522700200528, 18.55000000000001137, 18.35417661841289672 ) ) ;
#1201 = CARTESIAN_POINT ( 'NONE',  ( 31.16142176900775240, 28.50685114357134253, -0.000000000000000000 ) ) ;
#1202 = CARTESIAN_POINT ( 'NONE',  ( -6.938680881832491210, 0.9999999999999991118, -7.910561523085306135 ) ) ;
#1203 = CARTESIAN_POINT ( 'NONE',  ( -19.84434129845637074, 2.999999999999999112, -5.315292652448117217 ) ) ;
#1204 = CARTESIAN_POINT ( 'NONE',  ( -31.15747812726571908, 28.50977845154566026, 0.000000000000000000 ) ) ;
#1205 = CARTESIAN_POINT ( 'NONE',  ( -1.554897504270377651, 21.99999999999999289, 34.46538071844587137 ) ) ;
#1206 = DIRECTION ( 'NONE',  ( 0.000000000000000000, 1.000000000000000000, -0.000000000000000000 ) ) ;
#1207 = CARTESIAN_POINT ( 'NONE',  ( -4.367593864345854726, 30.00000000000000355, -26.65191792361438416 ) ) ;
#1208 = PLANE ( 'NONE',  #2724 ) ;
#1209 = CARTESIAN_POINT ( 'NONE',  ( 1.084202172485504434E-16, 30.00000000000000000, 34.44567992468615358 ) ) ;
#1210 = ORIENTED_EDGE ( 'NONE', *, *, #1705, .F. ) ;
#1211 = CARTESIAN_POINT ( 'NONE',  ( -15.44442964030926646, 2.999999999999999112, 13.54694838833917636 ) ) ;
#1212 = CARTESIAN_POINT ( 'NONE',  ( -2.710466213652495959, 27.05753301779519049, -32.61275517324580164 ) ) ;
#1213 = CARTESIAN_POINT ( 'NONE',  ( -1.374429794011788886, 0.9999999999999991118, -10.43231607706381325 ) ) ;
#1214 = EDGE_CURVE ( 'NONE', #1559, #1104, #2602, .T. ) ;
#1215 = CARTESIAN_POINT ( 'NONE',  ( -12.50479073202135005, 2.999999999999999112, 16.29970632554895715 ) ) ;
#1216 = CARTESIAN_POINT ( 'NONE',  ( -29.31759919938749448, 29.49193345749879924, -0.000000000000000000 ) ) ;
#1217 = CARTESIAN_POINT ( 'NONE',  ( -3.965915804889864393, 29.60169011660546445, 28.73077508654968426 ) ) ;
#1218 = ORIENTED_EDGE ( 'NONE', *, *, #2260, .T. ) ;
#1219 = DIRECTION ( 'NONE',  ( 0.000000000000000000, 0.000000000000000000, -1.000000000000000000 ) ) ;
#1220 = CARTESIAN_POINT ( 'NONE',  ( 0.000000000000000000, 18.55000000000000426, 0.000000000000000000 ) ) ;
#1221 = CARTESIAN_POINT ( 'NONE',  ( 9.112231789170078144, 0.9999999999999991118, -5.262082079449371008 ) ) ;
#1222 = VERTEX_POINT ( 'NONE', #2376 ) ;
#1223 = CARTESIAN_POINT ( 'NONE',  ( 4.336808689942017736E-16, 22.00000000000000000, -34.50153451497305923 ) ) ;
#1224 = DIRECTION ( 'NONE',  ( 1.000000000000000000, 0.000000000000000000, -0.000000000000000000 ) ) ;
#1225 = DIRECTION ( 'NONE',  ( 0.000000000000000000, -1.000000000000000000, -0.000000000000000000 ) ) ;
#1226 = B_SPLINE_CURVE_WITH_KNOTS ( 'NONE', 3,
 ( #1577, #1592, #391, #1316, #2954, #2529, #2513, #867, #881, #1349, #1614, #2049, #1301, #1848, #2764, #2544, #2309, #2280, #2266, #603, #852, #816, #1561 ),
 .UNSPECIFIED., .F., .F.,
 ( 4, 2, 2, 2, 2, 1, 2, 2, 2, 2, 2, 4 ),
 ( 0.04773263691649816398, 0.04929477457937334745, 0.05085691224224853091, 0.05241904990512372131, 0.05320011873656131651, 0.05398118756799891865, 0.05476225639943652079, 0.05554332523087412293, 0.05710546289374934109, 0.05788653172518695017, 0.05866760055662456619, 0.06022973821949978435 ),
 .UNSPECIFIED. ) ;
#1227 = DIRECTION ( 'NONE',  ( 0.000000000000000000, 0.000000000000000000, -1.000000000000000000 ) ) ;
#1228 = CARTESIAN_POINT ( 'NONE',  ( -2.058054546592096745, 25.02242479072870651, -33.85681948396745611 ) ) ;
#1229 = CARTESIAN_POINT ( 'NONE',  ( -9.437746084941482039, 0.9999999999999991118, -4.653087665903978376 ) ) ;
#1230 = CARTESIAN_POINT ( 'NONE',  ( -17.79054777885573912, 2.999999999999999112, -10.27358882178182853 ) ) ;
#1231 = CARTESIAN_POINT ( 'NONE',  ( -32.51110359713176479, 27.28537475518151112, -0.000000000000000000 ) ) ;
#1232 = EDGE_CURVE ( 'NONE', #1782, #1965, #420, .T. ) ;
#1233 = DIRECTION ( 'NONE',  ( 0.000000000000000000, 1.000000000000000000, -0.000000000000000000 ) ) ;
#1234 = ORIENTED_EDGE ( 'NONE', *, *, #772, .T. ) ;
#1235 = CIRCLE ( 'NONE', #1383, 20.50000000000000000 ) ;
#1236 = DIRECTION ( 'NONE',  ( 0.000000000000000000, 1.000000000000000000, -0.000000000000000000 ) ) ;
#1237 = DIRECTION ( 'NONE',  ( -0.000000000000000000, -1.000000000000000000, 0.000000000000000000 ) ) ;
#1238 = ADVANCED_FACE ( 'NONE', ( #419 ), #1332, .F. ) ;
#1239 = DIRECTION ( 'NONE',  ( 0.000000000000000000, 0.000000000000000000, 1.000000000000000000 ) ) ;
#1240 = CARTESIAN_POINT ( 'NONE',  ( -4.097456968835550661, 29.75054827169105920, 28.21859938109260924 ) ) ;
#1241 = DIRECTION ( 'NONE',  ( 0.000000000000000000, -1.000000000000000000, 0.000000000000000000 ) ) ;
#1242 = CARTESIAN_POINT ( 'NONE',  ( 0.000000000000000000, 2.999999999999999112, 20.49999999999999645 ) ) ;
#1243 = CARTESIAN_POINT ( 'NONE',  ( -2.485166105033032036, 26.42679158779087345, -33.08139557160165367 ) ) ;
#1244 = CARTESIAN_POINT ( 'NONE',  ( -8.348630069183386126, 0.9999999999999991118, 6.404892813962249853 ) ) ;
#1245 = DIRECTION ( 'NONE',  ( -0.000000000000000000, -1.000000000000000000, -0.000000000000000000 ) ) ;
#1246 = CARTESIAN_POINT ( 'NONE',  ( 7.910561523085007707, 0.9999999999999991118, -6.938680881832492098 ) ) ;
#1247 = CARTESIAN_POINT ( 'NONE',  ( -6.605420996424789415, 2.999999999999999556, -19.45298514409092761 ) ) ;
#1248 = ORIENTED_EDGE ( 'NONE', *, *, #2781, .F. ) ;
#1249 = PRODUCT_DEFINITION ( 'UNKNOWN', '', #1495, #1797 ) ;
#1250 = CARTESIAN_POINT ( 'NONE',  ( 3.383264413762530509, 0.9999999999999991118, 9.963724097795060075 ) ) ;
#1251 = CARTESIAN_POINT ( 'NONE',  ( 0.000000000000000000, 0.9999999999999995559, 10.50000000000000000 ) ) ;
#1252 = CARTESIAN_POINT ( 'NONE',  ( 32.52969001060137799, 27.28367604543966962, -0.000000000000000000 ) ) ;
#1253 = DIRECTION ( 'NONE',  ( 1.000000000000000000, -0.000000000000000000, 0.000000000000000000 ) ) ;
#1254 = EDGE_CURVE ( 'NONE', #1173, #250, #1158, .T. ) ;
#1255 = CARTESIAN_POINT ( 'NONE',  ( -20.50000000000000000, 0.9999999999999992228, -1.341721860442307568 ) ) ;
#1256 = CARTESIAN_POINT ( 'NONE',  ( 5.935404816782529736, 17.30000000000000071, -19.62195121951215881 ) ) ;
#1257 = CARTESIAN_POINT ( 'NONE',  ( 1.451818925407959648, 22.00000000000000000, 34.06855685746891282 ) ) ;
#1258 = PLANE ( 'NONE',  #1643 ) ;
#1259 = CARTESIAN_POINT ( 'NONE',  ( 33.29633615151501402, 26.22827015545919238, -0.000000000000000000 ) ) ;
#1260 = CARTESIAN_POINT ( 'NONE',  ( -9.437746084942089553, 0.9999999999999991118, 4.653087665903948178 ) ) ;
#1261 = CARTESIAN_POINT ( 'NONE',  ( 6.938680881832189229, 0.9999999999999991118, 7.910561523085608115 ) ) ;
#1262 = CARTESIAN_POINT ( 'NONE',  ( 7.910561523085311464, 0.9999999999999991118, 6.938680881831890801 ) ) ;
#1263 = CARTESIAN_POINT ( 'NONE',  ( -4.358393032691173730, 29.94914148829327161, 27.18680762969729514 ) ) ;
#1264 = ORIENTED_EDGE ( 'NONE', *, *, #1995, .F. ) ;
#1265 = CYLINDRICAL_SURFACE ( 'NONE', #238, 0.5000000000000004441 ) ;
#1266 = CARTESIAN_POINT ( 'NONE',  ( 34.49999994198312692, 22.26052603450800049, -0.000000000000000000 ) ) ;
#1267 = ORIENTED_EDGE ( 'NONE', *, *, #1652, .F. ) ;
#1268 = CARTESIAN_POINT ( 'NONE',  ( 16.29970632554850596, 2.999999999999999112, -12.50479073202203217 ) ) ;
#1269 = CARTESIAN_POINT ( 'NONE',  ( 2.847603738686944386, 26.07914072107565673, -33.26734204157015995 ) ) ;
#1270 = DIRECTION ( 'NONE',  ( 0.000000000000000000, 1.000000000000000000, -0.000000000000000000 ) ) ;
#1271 = EDGE_CURVE ( 'NONE', #850, #2378, #927, .T. ) ;
#1272 = CARTESIAN_POINT ( 'NONE',  ( 2.745356642092553479, 25.63754277888396871, -33.51988595896092704 ) ) ;
#1273 = CARTESIAN_POINT ( 'NONE',  ( -4.474844081315666244, 30.00000000000000000, -26.12145274640347026 ) ) ;
#1274 = CARTESIAN_POINT ( 'NONE',  ( 1.341721860441308367, 2.999999999999999112, 20.49999999999999645 ) ) ;
#1275 = ORIENTED_EDGE ( 'NONE', *, *, #776, .T. ) ;
#1276 = CARTESIAN_POINT ( 'NONE',  ( -6.404892813962561604, 0.9999999999999991118, -8.348630069183379021 ) ) ;
#1277 = CARTESIAN_POINT ( 'NONE',  ( -6.404892813962559828, 0.9999999999999991118, 8.348630069183972324 ) ) ;
#1278 = CARTESIAN_POINT ( 'NONE',  ( -20.49999999999999645, 2.999999999999999112, 1.825434725822017301E-14 ) ) ;
#1279 = ORIENTED_EDGE ( 'NONE', *, *, #2558, .F. ) ;
#1280 = AXIS2_PLACEMENT_3D ( 'NONE', #1220, #2421, #1952 ) ;
#1281 = CARTESIAN_POINT ( 'NONE',  ( 15.44442964030896448, 1.000000000001045608, -13.54694838833948545 ) ) ;
#1282 = CARTESIAN_POINT ( 'NONE',  ( 34.43620690317789013, 23.04165861956968442, 0.000000000000000000 ) ) ;
#1283 = CIRCLE ( 'NONE', #1694, 34.50000000000000711 ) ;
#1284 = CARTESIAN_POINT ( 'NONE',  ( -4.654783378654156145, 1.000000000000000000, 9.437004692351754542 ) ) ;
#1285 = VERTEX_POINT ( 'NONE', #1148 ) ;
#1286 = AXIS2_PLACEMENT_3D ( 'NONE', #1044, #2503, #2038 ) ;
#1287 = ORIENTED_EDGE ( 'NONE', *, *, #667, .F. ) ;
#1288 = CARTESIAN_POINT ( 'NONE',  ( -13.54694838833918702, 2.999999999999999112, -15.44442964030926468 ) ) ;
#1289 = DIRECTION ( 'NONE',  ( -0.000000000000000000, -1.000000000000000000, -0.000000000000000000 ) ) ;
#1290 = CARTESIAN_POINT ( 'NONE',  ( 5.847788534376945790, 18.13361324292860388, 18.77704700034299634 ) ) ;
#1291 = CARTESIAN_POINT ( 'NONE',  ( 1.354061739223343386, 22.00000000000000000, -33.85615338233035487 ) ) ;
#1292 = DIRECTION ( 'NONE',  ( -0.000000000000000000, -1.000000000000000000, -0.000000000000000000 ) ) ;
#1293 = CARTESIAN_POINT ( 'NONE',  ( -12.50479073202235725, 0.9999999999999992228, -16.29970632554810450 ) ) ;
#1294 = ORIENTED_EDGE ( 'NONE', *, *, #893, .F. ) ;
#1295 = EDGE_CURVE ( 'NONE', #1222, #853, #3055, .T. ) ;
#1296 = CARTESIAN_POINT ( 'NONE',  ( 9.963724097794903756, 0.9999999999999991118, -3.383264413762903988 ) ) ;
#1297 = CARTESIAN_POINT ( 'NONE',  ( -7.910561523085213764, 0.9999999999999991118, 6.938680881832284264 ) ) ;
#1298 = CARTESIAN_POINT ( 'NONE',  ( 2.264597553340817804, 24.66872622399419157, 33.96917824046278156 ) ) ;
#1299 = ORIENTED_EDGE ( 'NONE', *, *, #1396, .F. ) ;
#1300 = CARTESIAN_POINT ( 'NONE',  ( 16.29970632554810450, 0.9999999999999992228, -12.50479073202116531 ) ) ;
#1301 = CARTESIAN_POINT ( 'NONE',  ( -31.36965974025251214, 28.35253847763582868, -0.000000000000000000 ) ) ;
#1302 = VERTEX_POINT ( 'NONE', #204 ) ;
#1303 = CARTESIAN_POINT ( 'NONE',  ( -10.27358882178238275, 2.999999999999999112, 17.79054777885537320 ) ) ;
#1304 = SURFACE_SIDE_STYLE ('',( #2943 ) ) ;
#1305 = CARTESIAN_POINT ( 'NONE',  ( 1.795660732966585904, 24.65521014991743698, 33.68741265517753192 ) ) ;
#1306 = CARTESIAN_POINT ( 'NONE',  ( -4.705685264173880888, 28.99999999999999645, -18.66598580826999054 ) ) ;
#1307 = CARTESIAN_POINT ( 'NONE',  ( 5.935404816782297033, 17.30000000000000426, 19.62195121951223342 ) ) ;
#1308 = CARTESIAN_POINT ( 'NONE',  ( -5.315292652447575428, 0.9999999999999992228, -19.84434129845628902 ) ) ;
#1309 = ORIENTED_EDGE ( 'NONE', *, *, #1810, .T. ) ;
#1310 = CARTESIAN_POINT ( 'NONE',  ( -10.16417481140399914, 0.9999999999999991118, -2.722466968326923364 ) ) ;
#1311 = CARTESIAN_POINT ( 'NONE',  ( 10.27358882178251243, 0.9999999999991024957, 17.79054777885506056 ) ) ;
#1312 = CARTESIAN_POINT ( 'NONE',  ( 4.140118287347152481, 29.75277173047717838, 28.23563566806729597 ) ) ;
#1313 = ORIENTED_EDGE ( 'NONE', *, *, #1919, .F. ) ;
#1314 = ADVANCED_FACE ( 'NONE', ( #2805 ), #1742, .T. ) ;
#1315 = CARTESIAN_POINT ( 'NONE',  ( 5.315292652447763722, 0.9999999999999992228, 19.84434129845731931 ) ) ;
#1316 = CARTESIAN_POINT ( 'NONE',  ( -34.24208312329955817, 24.08233677553240426, -0.000000000000000000 ) ) ;
#1317 = CARTESIAN_POINT ( 'NONE',  ( -6.406411305559089442, 1.000000000000000000, 8.347572105091018102 ) ) ;
#1318 = EDGE_LOOP ( 'NONE', ( #1279, #231, #1100, #361, #1574, #2317, #2284, #946, #601, #2723 ) ) ;
#1319 = CARTESIAN_POINT ( 'NONE',  ( -15.44442964030926646, 2.999999999999999112, 13.54694838833917636 ) ) ;
#1320 = CARTESIAN_POINT ( 'NONE',  ( 4.023655267981871120, 29.50057441712087325, -29.01877983357077539 ) ) ;
#1321 = CYLINDRICAL_SURFACE ( 'NONE', #3013, 1.000000000000000888 ) ;
#1322 = DIRECTION ( 'NONE',  ( 0.000000000000000000, 0.000000000000000000, -1.000000000000000000 ) ) ;
#1323 = CARTESIAN_POINT ( 'NONE',  ( 5.315292652447904942, 0.9999999999999992228, -19.84434129845509176 ) ) ;
#1324 = VERTEX_POINT ( 'NONE', #1640 ) ;
#1325 = CARTESIAN_POINT ( 'NONE',  ( 9.112231789170078144, 0.9999999999999991118, -5.262082079449371008 ) ) ;
#1326 = CARTESIAN_POINT ( 'NONE',  ( -2.683410550213649159, 0.9999999999999992228, -20.36785519807617106 ) ) ;
#1327 = CARTESIAN_POINT ( 'NONE',  ( 1.611454343611022688, 23.12953300340478435, 34.40292650054437473 ) ) ;
#1328 = EDGE_LOOP ( 'NONE', ( #1066, #632, #3000, #1727 ) ) ;
#1329 = CARTESIAN_POINT ( 'NONE',  ( -9.437746084942089553, 0.9999999999999991118, 4.653087665903948178 ) ) ;
#1330 = EDGE_CURVE ( 'NONE', #1285, #1482, #332, .T. ) ;
#1331 = CARTESIAN_POINT ( 'NONE',  ( -20.50000000000000000, 30.00100000000000122, 0.000000000000000000 ) ) ;
#1332 = CONICAL_SURFACE ( 'NONE', #1033, 19.25000000000000000, 0.7853981633974482790 ) ;
#1333 = VERTEX_POINT ( 'NONE', #57 ) ;
#1334 = AXIS2_PLACEMENT_3D ( 'NONE', #910, #1638, #2567 ) ;
#1335 = ADVANCED_FACE ( 'NONE', ( #2417 ), #2346, .T. ) ;
#1336 = CARTESIAN_POINT ( 'NONE',  ( -12.50479073202135005, 2.999999999999999112, 16.29970632554895715 ) ) ;
#1337 = CARTESIAN_POINT ( 'NONE',  ( -1.499785028824592858, 23.09600372581260075, 34.02326849888537907 ) ) ;
#1338 = AXIS2_PLACEMENT_3D ( 'NONE', #554, #1270, #252 ) ;
#1339 = CARTESIAN_POINT ( 'NONE',  ( 1.870662750894524828, 25.40040167729179643, -33.24390170189195715 ) ) ;
#1340 = CARTESIAN_POINT ( 'NONE',  ( 0.000000000000000000, 18.55000000000000426, 19.25000000000000000 ) ) ;
#1341 = CARTESIAN_POINT ( 'NONE',  ( 9.084599728669905616, 2.999999999999999112, 18.42607568964806575 ) ) ;
#1342 = ORIENTED_EDGE ( 'NONE', *, *, #2110, .F. ) ;
#1343 = CARTESIAN_POINT ( 'NONE',  ( 6.605420998298696666, 0.9999999999999992228, -19.45298514331501494 ) ) ;
#1344 = CARTESIAN_POINT ( 'NONE',  ( -3.383264413762636647, 0.9999999999999991118, 9.963724097795530810 ) ) ;
#1345 = CARTESIAN_POINT ( 'NONE',  ( 2.235951442727226457, 26.10285698096778617, 33.06493139692829430 ) ) ;
#1346 = ORIENTED_EDGE ( 'NONE', *, *, #1551, .F. ) ;
#1347 = CARTESIAN_POINT ( 'NONE',  ( -7.910561523085213764, 0.9999999999999991118, 6.938680881832284264 ) ) ;
#1348 =( BOUNDED_CURVE ( )  B_SPLINE_CURVE ( 2, ( #2784, #655, #3035 ),
 .UNSPECIFIED., .F., .F. ) 
 B_SPLINE_CURVE_WITH_KNOTS ( ( 3, 3 ),
 ( 0.000000000000000000, 0.01064315874372967138 ),
 .UNSPECIFIED. ) 
 CURVE ( )  GEOMETRIC_REPRESENTATION_ITEM ( )  RATIONAL_B_SPLINE_CURVE ( ( 1.000000000000000000, 0.7071067811865475727, 1.000000000000000000 ) ) 
 REPRESENTATION_ITEM ( '' )  );
#1349 = CARTESIAN_POINT ( 'NONE',  ( -32.51110359713176479, 27.28537475518151112, -0.000000000000000000 ) ) ;
#1350 = EDGE_LOOP ( 'NONE', ( #1503, #2952, #1569, #1000 ) ) ;
#1351 = DIRECTION ( 'NONE',  ( 0.000000000000000000, 1.000000000000000000, 0.000000000000000000 ) ) ;
#1352 = EDGE_CURVE ( 'NONE', #517, #813, #900, .T. ) ;
#1353 = DIRECTION ( 'NONE',  ( 0.000000000000000000, 0.000000000000000000, -1.000000000000000000 ) ) ;
#1354 = DIRECTION ( 'NONE',  ( -1.000000000000000000, 0.000000000000000000, 0.000000000000000000 ) ) ;
#1355 = CARTESIAN_POINT ( 'NONE',  ( -2.683410550213612300, 2.999999999999999112, -20.36785519807598632 ) ) ;
#1356 = ORIENTED_EDGE ( 'NONE', *, *, #1232, .F. ) ;
#1357 = CARTESIAN_POINT ( 'NONE',  ( -0.6872233919333541330, 0.9999999999999991118, 10.50000000000000000 ) ) ;
#1358 = CARTESIAN_POINT ( 'NONE',  ( 18.42607568964797338, 2.999999999999999112, -9.084599728670118779 ) ) ;
#1359 = CARTESIAN_POINT ( 'NONE',  ( 1.628394559524739549, 23.89224011516974500, 33.88395094468904034 ) ) ;
#1360 = CARTESIAN_POINT ( 'NONE',  ( 0.000000000000000000, 18.55000000000000426, 19.25000000000000000 ) ) ;
#1361 = CARTESIAN_POINT ( 'NONE',  ( 2.262538369657193016, 24.65910026134991284, 33.97269646213803185 ) ) ;
#1362 = CARTESIAN_POINT ( 'NONE',  ( -2.683410550214113233, 0.9999999999999992228, 20.36785519807619593 ) ) ;
#1363 = CARTESIAN_POINT ( 'NONE',  ( -3.254900707475723465, 27.89859581829523805, 31.74219352472500688 ) ) ;
#1364 = DIRECTION ( 'NONE',  ( 0.000000000000000000, 0.000000000000000000, -1.000000000000000000 ) ) ;
#1365 = EDGE_CURVE ( 'NONE', #314, #2378, #2710, .T. ) ;
#1366 = CARTESIAN_POINT ( 'NONE',  ( 3.771603963190176767, 28.97549906839969935, -30.21820955901581129 ) ) ;
#1367 = CARTESIAN_POINT ( 'NONE',  ( -13.54694838690498848, 2.999999999999999556, 15.44442964174346500 ) ) ;
#1368 = CARTESIAN_POINT ( 'NONE',  ( -17.79054777885574978, 2.999999999999999112, 10.27358882178180544 ) ) ;
#1369 = B_SPLINE_CURVE_WITH_KNOTS ( 'NONE', 3,
 ( #2159, #5, #1447, #2928 ),
 .UNSPECIFIED., .F., .F.,
 ( 4, 4 ),
 ( 0.000000000000000000, 0.001457050247459668740 ),
 .UNSPECIFIED. ) ;
#1370 = CARTESIAN_POINT ( 'NONE',  ( 2.683410550213382262, 0.9999999999999992228, -20.36785519807735767 ) ) ;
#1371 = CARTESIAN_POINT ( 'NONE',  ( 15.44442964030957199, 2.999999999999999112, 13.54694838833887793 ) ) ;
#1372 = CARTESIAN_POINT ( 'NONE',  ( 4.380196967092459204, 29.94859343565380527, 27.18994719077063849 ) ) ;
#1373 = CARTESIAN_POINT ( 'NONE',  ( 9.963724097795504164, 0.9999999999999991118, 3.383264413762896439 ) ) ;
#1374 = CARTESIAN_POINT ( 'NONE',  ( 3.383264413762617107, 0.9999999999999991118, -9.963724097795495283 ) ) ;
#1375 = CARTESIAN_POINT ( 'NONE',  ( 2.437208367117558172, 25.39388565705438694, 33.65918101724660971 ) ) ;
#1376 = CARTESIAN_POINT ( 'NONE',  ( 10.27358882178261368, 2.999999999999999112, 17.79054777885520977 ) ) ;
#1377 = CARTESIAN_POINT ( 'NONE',  ( -2.262548256799238544, 24.65914666613222295, 33.97267959116327773 ) ) ;
#1378 = ORIENTED_EDGE ( 'NONE', *, *, #686, .T. ) ;
#1379 = B_SPLINE_CURVE_WITH_KNOTS ( 'NONE', 3,
 ( #2224, #953, #288, #1916, #2161, #727, #2623, #2400, #2023, #2916, #2738, #2946, #2037, #2702, #624, #555, #574, #2491 ),
 .UNSPECIFIED., .F., .F.,
 ( 4, 2, 2, 2, 2, 2, 2, 2, 4 ),
 ( 0.2500000000000000000, 0.2812500000000000000, 0.3125000000000000000, 0.3437500000000000000, 0.3750000000000000000, 0.4062500000000000000, 0.4375000000000000000, 0.4687500000000000000, 0.5000000000000000000 ),
 .UNSPECIFIED. ) ;
#1380 = DIRECTION ( 'NONE',  ( 0.000000000000000000, -1.000000000000000000, 0.000000000000000000 ) ) ;
#1381 =( BOUNDED_CURVE ( )  B_SPLINE_CURVE ( 3, ( #1021, #1074, #1057, #2055 ),
 .UNSPECIFIED., .F., .F. ) 
 B_SPLINE_CURVE_WITH_KNOTS ( ( 4, 4 ),
 ( 4.959342643868488665, 5.018662597794539160 ),
 .UNSPECIFIED. ) 
 CURVE ( )  GEOMETRIC_REPRESENTATION_ITEM ( )  RATIONAL_B_SPLINE_CURVE ( ( 1.000000000000000000, 0.9997067834186964541, 0.9997067834186964541, 1.000000000000000000 ) ) 
 REPRESENTATION_ITEM ( '' )  );
#1382 = AXIS2_PLACEMENT_3D ( 'NONE', #2971, #161, #1364 ) ;
#1383 = AXIS2_PLACEMENT_3D ( 'NONE', #2734, #1351, #394 ) ;
#1384 = CARTESIAN_POINT ( 'NONE',  ( 3.197977307153395898, 27.36717726197762701, -32.29929565986230244 ) ) ;
#1385 = CIRCLE ( 'NONE', #1804, 1.000000000000000888 ) ;
#1386 = AXIS2_PLACEMENT_3D ( 'NONE', #177, #208, #1353 ) ;
#1387 = CARTESIAN_POINT ( 'NONE',  ( 1.354061739223343164, 22.54182824906980542, -33.85615338233035487 ) ) ;
#1388 = CARTESIAN_POINT ( 'NONE',  ( 18.42607568964797338, 2.999999999999999112, -9.084599728670118779 ) ) ;
#1389 = DIRECTION ( 'NONE',  ( 0.000000000000000000, 0.000000000000000000, -1.000000000000000000 ) ) ;
#1390 = AXIS2_PLACEMENT_3D ( 'NONE', #1753, #1935, #1508 ) ;
#1391 = CARTESIAN_POINT ( 'NONE',  ( 9.084599728670037067, 0.9999999999999992228, -18.42607568964771758 ) ) ;
#1392 = CARTESIAN_POINT ( 'NONE',  ( -10.27358882178130806, 0.9999999999999992228, -17.79054777885626848 ) ) ;
#1393 = DIRECTION ( 'NONE',  ( 0.000000000000000000, 1.000000000000000000, -0.000000000000000000 ) ) ;
#1394 = ORIENTED_EDGE ( 'NONE', *, *, #2382, .T. ) ;
#1395 = CARTESIAN_POINT ( 'NONE',  ( -4.336808689942017736E-16, 0.000000000000000000, -0.002000791051989803115 ) ) ;
#1396 = EDGE_CURVE ( 'NONE', #764, #1772, #1183, .T. ) ;
#1397 = CARTESIAN_POINT ( 'NONE',  ( -19.45298514331502560, 0.9999999999999992228, -6.605420998298281887 ) ) ;
#1398 = DIRECTION ( 'NONE',  ( -0.000000000000000000, -0.000000000000000000, -1.000000000000000000 ) ) ;
#1399 = CARTESIAN_POINT ( 'NONE',  ( 2.438697279989670896, 23.87103283755170935, -34.19792259757351616 ) ) ;
#1400 = ORIENTED_EDGE ( 'NONE', *, *, #971, .T. ) ;
#1401 = FACE_OUTER_BOUND ( 'NONE', #1808, .T. ) ;
#1402 = CARTESIAN_POINT ( 'NONE',  ( 3.080240984672495852, 26.97221163369720287, -32.64632944099788148 ) ) ;
#1403 = CARTESIAN_POINT ( 'NONE',  ( 2.166498036020559681, 26.30446060806729491, -32.80436809544940502 ) ) ;
#1404 = CARTESIAN_POINT ( 'NONE',  ( 19.45298514409092050, 2.999999999999998224, 6.605420996424791191 ) ) ;
#1405 = CARTESIAN_POINT ( 'NONE',  ( -10.16384916928416793, 1.000000000000000000, 2.724288797617368640 ) ) ;
#1406 = CARTESIAN_POINT ( 'NONE',  ( -6.938680881832327785, 0.9999999999999991118, 7.910561523085170244 ) ) ;
#1407 = CARTESIAN_POINT ( 'NONE',  ( 2.683410550213662482, 2.999999999999999112, 20.36785519807597211 ) ) ;
#1408 = CARTESIAN_POINT ( 'NONE',  ( -4.441223715302642816, 29.99680744836929236, -26.39185253862123304 ) ) ;
#1409 = CARTESIAN_POINT ( 'NONE',  ( 20.36785519807602896, 2.999999999999999112, 2.683410550213416901 ) ) ;
#1410 = CARTESIAN_POINT ( 'NONE',  ( 1.084202172485504434E-16, 22.00000000000000000, 34.44567992468615358 ) ) ;
#1411 = ADVANCED_FACE ( 'NONE', ( #1479 ), #1258, .T. ) ;
#1412 = CARTESIAN_POINT ( 'NONE',  ( -1.945805706859663253, 24.73702918139291640, 33.96626102271554259 ) ) ;
#1413 = ORIENTED_EDGE ( 'NONE', *, *, #1448, .T. ) ;
#1414 = DIRECTION ( 'NONE',  ( 0.000000000000000000, 0.000000000000000000, -1.000000000000000000 ) ) ;
#1415 = CARTESIAN_POINT ( 'NONE',  ( -1.861108441285159287, 24.90517842327487230, 33.60504735733449877 ) ) ;
#1416 = CARTESIAN_POINT ( 'NONE',  ( -17.79054777998248937, 2.999999999999999556, 10.27358882009553298 ) ) ;
#1417 = CARTESIAN_POINT ( 'NONE',  ( 17.79054777998249293, 2.999999999999999112, 10.27358882009552410 ) ) ;
#1418 = CARTESIAN_POINT ( 'NONE',  ( 10.27358882009553476, 2.999999999999999556, 17.79054777998248227 ) ) ;
#1419 = CARTESIAN_POINT ( 'NONE',  ( 0.6872233919338827102, 0.9999999999999991118, -10.50000000000000000 ) ) ;
#1420 = CARTESIAN_POINT ( 'NONE',  ( 19.45298514331478401, 2.999999999999999112, 6.605420998298558999 ) ) ;
#1421 = CARTESIAN_POINT ( 'NONE',  ( 16.29970632554850596, 2.999999999999999112, -12.50479073202203217 ) ) ;
#1422 = CARTESIAN_POINT ( 'NONE',  ( 0.000000000000000000, 0.000000000000000000, 0.000000000000000000 ) ) ;
#1423 = ORIENTED_EDGE ( 'NONE', *, *, #2811, .T. ) ;
#1424 = CARTESIAN_POINT ( 'NONE',  ( -16.29970632554699250, 0.9999999999999992228, -12.50479073202162539 ) ) ;
#1425 = CARTESIAN_POINT ( 'NONE',  ( -4.465746118100750728, 29.98404160271267926, 26.64808824819807143 ) ) ;
#1426 = CARTESIAN_POINT ( 'NONE',  ( -2.909362498671336006, 26.96981381847285775, 32.65971203251287847 ) ) ;
#1427 = ADVANCED_FACE ( 'NONE', ( #538 ), #257, .T. ) ;
#1428 = CARTESIAN_POINT ( 'NONE',  ( -2.086400912653992634, 26.07696796707797304, -32.92986573852299870 ) ) ;
#1429 = EDGE_CURVE ( 'NONE', #2079, #1627, #1067, .T. ) ;
#1430 = CARTESIAN_POINT ( 'NONE',  ( -10.50000000000000000, 0.9999999999999995559, 1.702197410802241961E-14 ) ) ;
#1431 = CARTESIAN_POINT ( 'NONE',  ( -1.964225604963708571, 0.000000000000000000, 34.44203813838840489 ) ) ;
#1432 = CIRCLE ( 'NONE', #936, 34.50000000000000711 ) ;
#1433 = B_SPLINE_CURVE_WITH_KNOTS ( 'NONE', 3,
 ( #215, #3010, #463, #416, #661, #230, #2566, #3041, #2350, #402, #2817, #431, #1874, #2585, #2106, #675, #689, #1918, #2844, #449, #895, #925, #1860, #2374, #1656, #1408, #201, #3027 ),
 .UNSPECIFIED., .F., .F.,
 ( 4, 2, 2, 2, 2, 2, 2, 2, 2, 2, 2, 2, 2, 4 ),
 ( 0.000000000000000000, 0.001617707092676585936, 0.002426560639014880855, 0.003235414185353176209, 0.004044267731691471128, 0.004853121278029766048, 0.006470828370706352417, 0.008088535463382938787, 0.009706242556059523421, 0.01051509610239781747, 0.01132394964873611326, 0.01213280319507440731, 0.01253722996824356214, 0.01294165674141271351 ),
 .UNSPECIFIED. ) ;
#1434 = CARTESIAN_POINT ( 'NONE',  ( -19.84434129845625705, 0.9999999999999992228, 5.315292652447752175 ) ) ;
#1435 = AXIS2_PLACEMENT_3D ( 'NONE', #821, #113, #2036 ) ;
#1436 = VECTOR ( 'NONE', #942, 1000.000000000000000 ) ;
#1437 = DIRECTION ( 'NONE',  ( 1.000000000000000000, 0.000000000000000000, -0.000000000000000000 ) ) ;
#1438 = CARTESIAN_POINT ( 'NONE',  ( 27.02752433654762854, 29.98689575510282523, 0.000000000000000000 ) ) ;
#1439 = CARTESIAN_POINT ( 'NONE',  ( -9.112231789170067486, 0.9999999999999991118, 5.262082079449392324 ) ) ;
#1440 = CIRCLE ( 'NONE', #35, 34.50000000000000711 ) ;
#1441 = CARTESIAN_POINT ( 'NONE',  ( -6.605420998298539459, 2.999999999999999112, -19.45298514331479112 ) ) ;
#1442 = CARTESIAN_POINT ( 'NONE',  ( 6.938680881832189229, 0.9999999999999991118, 7.910561523085608115 ) ) ;
#1443 = CARTESIAN_POINT ( 'NONE',  ( -3.257826284407387529, 27.90598324333829794, 31.73377471453362730 ) ) ;
#1444 = CARTESIAN_POINT ( 'NONE',  ( -9.113289753260042758, 1.000000000000000222, -5.260563587857769896 ) ) ;
#1445 = CARTESIAN_POINT ( 'NONE',  ( -3.408588648697683965, 28.97509471149255944, -30.12075934796731502 ) ) ;
#1446 = LINE ( 'NONE', #2897, #1693 ) ;
#1447 = CARTESIAN_POINT ( 'NONE',  ( 4.670707800282177580, 29.33278833915228034, -19.01800410146850240 ) ) ;
#1448 = EDGE_CURVE ( 'NONE', #2167, #325, #1379, .T. ) ;
#1449 = ORIENTED_EDGE ( 'NONE', *, *, #1352, .F. ) ;
#1450 = CARTESIAN_POINT ( 'NONE',  ( -1.341721860441310143, 2.999999999999999112, 20.49999999999999645 ) ) ;
#1451 = CARTESIAN_POINT ( 'NONE',  ( -3.161192518241459748, 28.14488621833217508, -31.49341751590034733 ) ) ;
#1452 = CARTESIAN_POINT ( 'NONE',  ( -0.6872233919333541330, 0.9999999999999991118, 10.50000000000000000 ) ) ;
#1453 = VERTEX_POINT ( 'NONE', #1025 ) ;
#1454 = CARTESIAN_POINT ( 'NONE',  ( 1.354061739223346494, 30.00000000000000000, -33.85615338233036198 ) ) ;
#1455 = CARTESIAN_POINT ( 'NONE',  ( -3.383264413762588685, 0.9999999999999991118, -9.963724097794910861 ) ) ;
#1456 = CARTESIAN_POINT ( 'NONE',  ( -4.469020561360945720, 30.00000000000000000, 26.64694145595633756 ) ) ;
#1457 = ORIENTED_EDGE ( 'NONE', *, *, #188, .T. ) ;
#1458 = CARTESIAN_POINT ( 'NONE',  ( 31.37151773387306264, 28.35117670878905116, 0.000000000000000000 ) ) ;
#1459 = CARTESIAN_POINT ( 'NONE',  ( 9.963724097794903756, 0.9999999999999991118, -3.383264413762903988 ) ) ;
#1460 = CARTESIAN_POINT ( 'NONE',  ( -2.728829151721329449, 27.36340897439997732, 32.18257135328822471 ) ) ;
#1461 = DIRECTION ( 'NONE',  ( 0.000000000000000000, -1.000000000000000000, 0.000000000000000000 ) ) ;
#1462 = ADVANCED_FACE ( 'NONE', ( #1514 ), #592, .F. ) ;
#1463 =( BOUNDED_CURVE ( )  B_SPLINE_CURVE ( 2, ( #1430, #1937, #2143 ),
 .UNSPECIFIED., .F., .F. ) 
 B_SPLINE_CURVE_WITH_KNOTS ( ( 3, 3 ),
 ( 0.000000000000000000, 0.01049580496221985855 ),
 .UNSPECIFIED. ) 
 CURVE ( )  GEOMETRIC_REPRESENTATION_ITEM ( )  RATIONAL_B_SPLINE_CURVE ( ( 1.000000000000000000, 0.7071067811865475727, 1.000000000000000000 ) ) 
 REPRESENTATION_ITEM ( '' )  );
#1464 = CARTESIAN_POINT ( 'NONE',  ( -20.36785519807602185, 2.999999999999999112, 2.683410550213436441 ) ) ;
#1465 = CARTESIAN_POINT ( 'NONE',  ( 31.77803030812126295, 28.01760140263559151, -0.000000000000000000 ) ) ;
#1466 = CARTESIAN_POINT ( 'NONE',  ( 6.938680881832481440, 0.9999999999999991118, -7.910561523085020141 ) ) ;
#1467 = ORIENTED_EDGE ( 'NONE', *, *, #148, .T. ) ;
#1468 = CARTESIAN_POINT ( 'NONE',  ( 2.683410550213129131, 2.999999999999999112, -20.36785519807608225 ) ) ;
#1469 = CARTESIAN_POINT ( 'NONE',  ( 1.374429794011656103, 0.9999999999999991118, -10.43231607706380970 ) ) ;
#1470 = CARTESIAN_POINT ( 'NONE',  ( -5.847788534377178493, 18.13361324292860743, 18.77704700034292884 ) ) ;
#1471 = ORIENTED_EDGE ( 'NONE', *, *, #1047, .T. ) ;
#1472 = DIRECTION ( 'NONE',  ( 0.000000000000000000, 1.000000000000000000, -0.000000000000000000 ) ) ;
#1473 = CARTESIAN_POINT ( 'NONE',  ( 0.000000000000000000, 30.00000000000000000, 0.000000000000000000 ) ) ;
#1474 = CARTESIAN_POINT ( 'NONE',  ( 1.084202172485504434E-16, 22.00000000000000000, 34.44567992468615358 ) ) ;
#1475 = DIRECTION ( 'NONE',  ( 0.000000000000000000, 1.000000000000000000, -0.000000000000000000 ) ) ;
#1476 = CARTESIAN_POINT ( 'NONE',  ( -3.537428729394791471, 28.97461004189688794, 30.16805467659259321 ) ) ;
#1477 = CARTESIAN_POINT ( 'NONE',  ( 0.000000000000000000, 30.00100000000000122, 0.000000000000000000 ) ) ;
#1478 = EDGE_LOOP ( 'NONE', ( #2537, #524, #2709, #2749 ) ) ;
#1479 = FACE_OUTER_BOUND ( 'NONE', #723, .T. ) ;
#1480 = VECTOR ( 'NONE', #1398, 1000.000000000000000 ) ;
#1481 = CARTESIAN_POINT ( 'NONE',  ( -7.910561523085213764, 0.9999999999999991118, 6.938680881832284264 ) ) ;
#1482 = VERTEX_POINT ( 'NONE', #1552 ) ;
#1483 =( BOUNDED_SURFACE ( )  B_SPLINE_SURFACE ( 3, 2, ( 
 ( #1725, #1743, #68 ),
 ( #1696, #965, #2447 ),
 ( #1026, #556, #2391 ),
 ( #1944, #490, #7 ),
 ( #1928, #289, #2886 ),
 ( #2872, #977, #995 ),
 ( #304, #1228, #1959 ),
 ( #518, #1976, #2174 ),
 ( #258, #2428, #53 ),
 ( #2856, #1990, #1710 ),
 ( #743, #1243, #245 ),
 ( #2902, #1212, #2637 ),
 ( #539, #1501, #502 ),
 ( #2624, #1451, #2401 ),
 ( #2191, #2960, #2287 ),
 ( #609, #2300, #1532 ),
 ( #1793, #320, #2721 ),
 ( #150, #1076, #133 ),
 ( #2024, #1824, #1094 ),
 ( #871, #806, #2238 ),
 ( #115, #2073, #352 ),
 ( #844, #2058, #2976 ),
 ( #1060, #858, #365 ),
 ( #2753, #1273, #86 ) ),
 .UNSPECIFIED., .F., .F., .F. ) 
 B_SPLINE_SURFACE_WITH_KNOTS ( ( 4, 2, 2, 2, 2, 2, 2, 2, 2, 2, 2, 4 ),
 ( 3, 3 ),
 ( 0.000000000000000000, 0.001427126249928921441, 0.002140689374893382270, 0.002854252499857842882, 0.003567815624822303494, 0.004281378749786764540, 0.005708504999715685764, 0.007135631249644606988, 0.008562757499573529080, 0.009276320624537990125, 0.009989883749502451171, 0.01141700999943137153 ),
 ( 0.000000000000000000, 1.000000000000000000 ),
 .UNSPECIFIED. ) 
 GEOMETRIC_REPRESENTATION_ITEM ( )  RATIONAL_B_SPLINE_SURFACE ( (
 ( 1.000000000000000000, 0.8271833653455483715, 1.000000000000000000),
 ( 1.000000000000000000, 0.8270950226709745667, 1.000000000000000000),
 ( 1.000000000000000000, 0.8336952631195907459, 1.000000000000000000),
 ( 1.000000000000000000, 0.8493480289121663196, 1.000000000000000000),
 ( 1.000000000000000000, 0.8555328705107729803, 1.000000000000000000),
 ( 1.000000000000000000, 0.8687114135399414128, 1.000000000000000000),
 ( 1.000000000000000000, 0.8756633505131430351, 1.000000000000000000),
 ( 1.000000000000000000, 0.8895673438956688273, 1.000000000000000000),
 ( 1.000000000000000000, 0.8965214696004659700, 1.000000000000000000),
 ( 1.000000000000000000, 0.9099959134513646575, 1.000000000000000000),
 ( 1.000000000000000000, 0.9165452990710933889, 1.000000000000000000),
 ( 1.000000000000000000, 0.9349069551450982507, 1.000000000000000000),
 ( 1.000000000000000000, 0.9454872847728575946, 1.000000000000000000),
 ( 1.000000000000000000, 0.9634235668141611919, 1.000000000000000000),
 ( 1.000000000000000000, 0.9708049191924468246, 1.000000000000000000),
 ( 1.000000000000000000, 0.9825740859387361859, 1.000000000000000000),
 ( 1.000000000000000000, 0.9870674073873416665, 1.000000000000000000),
 ( 1.000000000000000000, 0.9922427293524138658, 1.000000000000000000),
 ( 1.000000000000000000, 0.9937017987576644007, 1.000000000000000000),
 ( 1.000000000000000000, 0.9961147863479304920, 1.000000000000000000),
 ( 1.000000000000000000, 0.9970770879842778545, 1.000000000000000000),
 ( 1.000000000000000000, 0.9993336122788608611, 1.000000000000000000),
 ( 1.000000000000000000, 0.9999998746913297820, 1.000000000000000000),
 ( 1.000000000000000000, 1.000000000000000000, 1.000000000000000000) ) ) 
 REPRESENTATION_ITEM ( '' )  SURFACE ( )  );
#1484 = COLOUR_RGB ( '',0.7921568627450980005, 0.8196078431372548767, 0.9333333333333333481 ) ;
#1485 = AXIS2_PLACEMENT_3D ( 'NONE', #511, #1650, #1182 ) ;
#1486 = CARTESIAN_POINT ( 'NONE',  ( -34.49999994198311981, 0.000000000000000000, 0.000000000000000000 ) ) ;
#1487 = CARTESIAN_POINT ( 'NONE',  ( 9.963724097795504164, 0.9999999999999991118, 3.383264413762896439 ) ) ;
#1488 = CARTESIAN_POINT ( 'NONE',  ( -3.535477151453443767, 28.97131501738285664, 30.17387162683991519 ) ) ;
#1489 = ORIENTED_EDGE ( 'NONE', *, *, #2811, .F. ) ;
#1490 = AXIS2_PLACEMENT_3D ( 'NONE', #3026, #1904, #1873 ) ;
#1491 = CARTESIAN_POINT ( 'NONE',  ( 0.000000000000000000, 0.9999999999999991118, 20.49999999999999645 ) ) ;
#1492 = CARTESIAN_POINT ( 'NONE',  ( 13.54694838690497072, 2.999999999999995559, -15.44442964174347743 ) ) ;
#1493 = CARTESIAN_POINT ( 'NONE',  ( 9.112231789170074592, 0.9999999999999991118, 5.262082079449374561 ) ) ;
#1494 = FACE_OUTER_BOUND ( 'NONE', #2899, .T. ) ;
#1495 = PRODUCT_DEFINITION_FORMATION_WITH_SPECIFIED_SOURCE ( 'ANY', '', #2586, .NOT_KNOWN. ) ;
#1496 = EDGE_LOOP ( 'NONE', ( #1071, #106, #734, #864 ) ) ;
#1497 = CARTESIAN_POINT ( 'NONE',  ( 15.44442964030896626, 2.999999999999999112, -13.54694838833948545 ) ) ;
#1498 = CARTESIAN_POINT ( 'NONE',  ( 3.768072402914387276, 28.96726263016732261, -30.23348542324576727 ) ) ;
#1499 = DIRECTION ( 'NONE',  ( -3.552713678800500929E-15, 0.000000000000000000, 1.000000000000000000 ) ) ;
#1500 = CARTESIAN_POINT ( 'NONE',  ( 0.000000000000000000, 0.000000000000000000, 0.000000000000000000 ) ) ;
#1501 = CARTESIAN_POINT ( 'NONE',  ( -2.862815552405012731, 27.44417914901788080, -32.26266073898986519 ) ) ;
#1502 = CARTESIAN_POINT ( 'NONE',  ( 10.50000000000000000, 0.9999999999999991118, -0.6872233919338800456 ) ) ;
#1503 = ORIENTED_EDGE ( 'NONE', *, *, #2382, .F. ) ;
#1504 = CARTESIAN_POINT ( 'NONE',  ( 0.000000000000000000, 18.55000000000000426, 0.000000000000000000 ) ) ;
#1505 = CARTESIAN_POINT ( 'NONE',  ( 0.6872233919338827102, 0.9999999999999991118, -10.50000000000000000 ) ) ;
#1506 = CARTESIAN_POINT ( 'NONE',  ( -4.336920121063056577, 29.94859343565953580, 27.18202033433196974 ) ) ;
#1507 = EDGE_LOOP ( 'NONE', ( #2034, #1538, #2648, #929 ) ) ;
#1508 = DIRECTION ( 'NONE',  ( 0.000000000000000000, 0.000000000000000000, 1.000000000000000000 ) ) ;
#1509 = EDGE_CURVE ( 'NONE', #314, #2011, #81, .T. ) ;
#1510 = CARTESIAN_POINT ( 'NONE',  ( 2.606598808361735887E-15, 0.9999999999999991118, -20.49999999999999645 ) ) ;
#1511 = CARTESIAN_POINT ( 'NONE',  ( 9.084599728669905616, 2.999999999999999112, 18.42607568964806575 ) ) ;
#1512 = DIRECTION ( 'NONE',  ( 0.000000000000000000, 0.000000000000000000, -1.000000000000000000 ) ) ;
#1513 = CARTESIAN_POINT ( 'NONE',  ( 2.076578408473545689, 25.63110457668688014, 33.30870410799557391 ) ) ;
#1514 = FACE_OUTER_BOUND ( 'NONE', #1082, .T. ) ;
#1515 = CARTESIAN_POINT ( 'NONE',  ( -4.600581028908203862, 30.00000000000000000, -19.72047550634745150 ) ) ;
#1516 = CARTESIAN_POINT ( 'NONE',  ( -20.50000000000000000, 0.9999999999999992228, -1.341721860442307568 ) ) ;
#1517 = EDGE_LOOP ( 'NONE', ( #294, #835, #2289, #1013, #955 ) ) ;
#1518 = CARTESIAN_POINT ( 'NONE',  ( -2.722466968326886949, 0.9999999999999991118, -10.16417481140403467 ) ) ;
#1519 = CARTESIAN_POINT ( 'NONE',  ( 16.29970632554810450, 0.9999999999999992228, -12.50479073202116531 ) ) ;
#1520 = DIRECTION ( 'NONE',  ( 0.000000000000000000, 0.000000000000000000, 1.000000000000000000 ) ) ;
#1521 = ORIENTED_EDGE ( 'NONE', *, *, #1764, .F. ) ;
#1522 = CARTESIAN_POINT ( 'NONE',  ( -9.963724097795530810, 0.9999999999999991118, -3.383264413762934186 ) ) ;
#1523 = CARTESIAN_POINT ( 'NONE',  ( 0.000000000000000000, 42.07074862707557372, 0.000000000000000000 ) ) ;
#1524 = CARTESIAN_POINT ( 'NONE',  ( -5.260563587852574052, 1.000000000000000000, 9.113289753262419524 ) ) ;
#1525 = EDGE_LOOP ( 'NONE', ( #819, #970, #95, #1992, #2505 ) ) ;
#1526 = ORIENTED_EDGE ( 'NONE', *, *, #2762, .T. ) ;
#1527 = CARTESIAN_POINT ( 'NONE',  ( 12.50479073202107827, 2.999999999999999112, 16.29970632554913834 ) ) ;
#1528 = CARTESIAN_POINT ( 'NONE',  ( -4.600581028908435677, 30.00000000000000000, 19.97710324838032747 ) ) ;
#1529 = CARTESIAN_POINT ( 'NONE',  ( 2.979014323283094345, 27.90757550120757102, 31.62861205017992461 ) ) ;
#1530 = EDGE_CURVE ( 'NONE', #1032, #2967, #2383, .T. ) ;
#1531 = CARTESIAN_POINT ( 'NONE',  ( 1.695415793880266753, 23.14644306653917027, -34.40473893058319277 ) ) ;
#1532 = CARTESIAN_POINT ( 'NONE',  ( -3.408895999152274037, 28.97549906829988942, -30.11975508558806425 ) ) ;
#1533 = CARTESIAN_POINT ( 'NONE',  ( 15.44442964030957199, 2.999999999999999112, 13.54694838833887793 ) ) ;
#1534 = ORIENTED_EDGE ( 'NONE', *, *, #1271, .T. ) ;
#1535 = CARTESIAN_POINT ( 'NONE',  ( -9.963724097795530810, 0.9999999999999991118, -3.383264413762934186 ) ) ;
#1536 = CARTESIAN_POINT ( 'NONE',  ( -9.112231789170060381, 0.9999999999999991118, -5.262082079449105443 ) ) ;
#1537 = CARTESIAN_POINT ( 'NONE',  ( 2.393657066432388625, 26.16480271463352025, 33.24867601262814532 ) ) ;
#1538 = ORIENTED_EDGE ( 'NONE', *, *, #1178, .T. ) ;
#1539 = AXIS2_PLACEMENT_3D ( 'NONE', #1410, #2569, #1160 ) ;
#1540 = CARTESIAN_POINT ( 'NONE',  ( 10.27358882178252841, 0.9999999999999992228, -17.79054777885505345 ) ) ;
#1541 = DIRECTION ( 'NONE',  ( -0.9945218953682734009, 0.1045284632676537068, 0.000000000000000000 ) ) ;
#1542 = CIRCLE ( 'NONE', #1435, 34.50000000000000000 ) ;
#1543 = AXIS2_PLACEMENT_3D ( 'NONE', #905, #2115, #2813 ) ;
#1544 = CARTESIAN_POINT ( 'NONE',  ( 0.000000000000000000, 0.9999999999999995559, 10.50000000000000000 ) ) ;
#1545 = VECTOR ( 'NONE', #1245, 1000.000000000000000 ) ;
#1546 = VECTOR ( 'NONE', #3048, 1000.000000000000000 ) ;
#1547 = ORIENTED_EDGE ( 'NONE', *, *, #2296, .T. ) ;
#1548 = CYLINDRICAL_SURFACE ( 'NONE', #1382, 34.50000000000000000 ) ;
#1549 = CARTESIAN_POINT ( 'NONE',  ( 4.474844081315987765, 30.00000000000000000, -26.12145274640364079 ) ) ;
#1550 = CARTESIAN_POINT ( 'NONE',  ( 3.062424404649588983, 28.08090431007033416, 31.43273793363585256 ) ) ;
#1551 = EDGE_CURVE ( 'NONE', #620, #2310, #1988, .T. ) ;
#1552 = CARTESIAN_POINT ( 'NONE',  ( -26.49999992446859309, 30.00000000000000000, 0.000000000000000000 ) ) ;
#1553 = DIRECTION ( 'NONE',  ( 0.000000000000000000, 0.000000000000000000, -1.000000000000000000 ) ) ;
#1554 = CARTESIAN_POINT ( 'NONE',  ( -1.341721860442337766, 0.9999999999999992228, -20.50000000000000000 ) ) ;
#1555 = ORIENTED_EDGE ( 'NONE', *, *, #2603, .F. ) ;
#1556 = CARTESIAN_POINT ( 'NONE',  ( 7.910561523085007707, 0.9999999999999991118, -6.938680881832492098 ) ) ;
#1557 = CARTESIAN_POINT ( 'NONE',  ( -8.348630069183386126, 0.9999999999999991118, 6.404892813962249853 ) ) ;
#1558 = CARTESIAN_POINT ( 'NONE',  ( 4.184884211557680977, 29.74914940050954826, 28.24360027707017551 ) ) ;
#1559 = VERTEX_POINT ( 'NONE', #1581 ) ;
#1560 = CARTESIAN_POINT ( 'NONE',  ( -7.910561523085018365, 0.9999999999999991118, -6.938680881832183012 ) ) ;
#1561 = CARTESIAN_POINT ( 'NONE',  ( -26.49999992446859309, 30.00000000000000000, 0.000000000000000000 ) ) ;
#1562 = CARTESIAN_POINT ( 'NONE',  ( 10.43231607706321462, 0.9999999999999991118, 1.374429794011805539 ) ) ;
#1563 = ORIENTED_EDGE ( 'NONE', *, *, #3068, .T. ) ;
#1564 = CARTESIAN_POINT ( 'NONE',  ( -4.600581028908435677, 30.00000000000000000, 19.72047550634739821 ) ) ;
#1565 = CARTESIAN_POINT ( 'NONE',  ( 4.333228273881728931, 29.94843625577911794, -27.20305022565370123 ) ) ;
#1566 = CARTESIAN_POINT ( 'NONE',  ( 1.825704112408085722, 23.97497435202192761, -34.21683627558186913 ) ) ;
#1567 = CARTESIAN_POINT ( 'NONE',  ( 4.600581028908203862, 30.00000000000000000, 19.97710324838038076 ) ) ;
#1568 = CARTESIAN_POINT ( 'NONE',  ( 9.084599728670037067, 0.9999999999999992228, -18.42607568964771758 ) ) ;
#1569 = ORIENTED_EDGE ( 'NONE', *, *, #2881, .F. ) ;
#1570 = ADVANCED_FACE ( 'NONE', ( #792 ), #1321, .T. ) ;
#1571 = CARTESIAN_POINT ( 'NONE',  ( 20.49999999999999645, 2.999999999999999112, -2.487636119323790244E-15 ) ) ;
#1572 = CARTESIAN_POINT ( 'NONE',  ( 5.315292652447904942, 0.9999999999999992228, -19.84434129845509176 ) ) ;
#1573 = CARTESIAN_POINT ( 'NONE',  ( 2.439906140331094875, 25.40428863723828101, 33.65410816582297571 ) ) ;
#1574 = ORIENTED_EDGE ( 'NONE', *, *, #1901, .F. ) ;
#1575 = ADVANCED_FACE ( 'NONE', ( #2518 ), #1596, .T. ) ;
#1576 = CARTESIAN_POINT ( 'NONE',  ( 18.42607568964773179, 0.9999999999999992228, -9.084599728670614383 ) ) ;
#1577 = CARTESIAN_POINT ( 'NONE',  ( -34.49999994198311981, 22.00000000000000000, 0.000000000000000000 ) ) ;
#1578 = ORIENTED_EDGE ( 'NONE', *, *, #2472, .F. ) ;
#1579 = CARTESIAN_POINT ( 'NONE',  ( -2.683410550213769064, 2.999999999999999112, 20.36785519807595790 ) ) ;
#1580 = CARTESIAN_POINT ( 'NONE',  ( -1.964225606630890075, 22.55422230875741363, 34.44203813829332006 ) ) ;
#1581 = CARTESIAN_POINT ( 'NONE',  ( -2.324135821055048456, 22.00000000000000000, -34.42362760741976757 ) ) ;
#1582 = CYLINDRICAL_SURFACE ( 'NONE', #1286, 1.000000000000000888 ) ;
#1583 = CARTESIAN_POINT ( 'NONE',  ( 0.000000000000000000, 0.9999999999999992228, 20.50000000000000000 ) ) ;
#1584 = VERTEX_POINT ( 'NONE', #442 ) ;
#1585 = CARTESIAN_POINT ( 'NONE',  ( 10.49996396373599872, 1.000000000000000000, 0.6890737449116042246 ) ) ;
#1586 = CARTESIAN_POINT ( 'NONE',  ( -6.605420998298641599, 0.9999999999999992228, -19.45298514331503981 ) ) ;
#1587 = EDGE_CURVE ( 'NONE', #1841, #371, #2356, .T. ) ;
#1588 = CARTESIAN_POINT ( 'NONE',  ( 3.722480664629801428, 28.97131501744801341, 30.22770997559860007 ) ) ;
#1589 = ORIENTED_EDGE ( 'NONE', *, *, #2110, .T. ) ;
#1590 = CARTESIAN_POINT ( 'NONE',  ( 2.116703345087501908, 23.88446631109076534, 34.21218126233819135 ) ) ;
#1591 = CARTESIAN_POINT ( 'NONE',  ( 18.42607568964773179, 0.9999999999999992228, 9.084599728670003316 ) ) ;
#1592 = CARTESIAN_POINT ( 'NONE',  ( -34.49999994198312692, 22.52286197276515267, 0.000000000000000000 ) ) ;
#1593 = EDGE_CURVE ( 'NONE', #1052, #1173, #186, .T. ) ;
#1594 = CIRCLE ( 'NONE', #2423, 20.24999999999999645 ) ;
#1595 = ORIENTED_EDGE ( 'NONE', *, *, #1786, .T. ) ;
#1596 =( BOUNDED_SURFACE ( )  B_SPLINE_SURFACE ( 3, 2, ( 
 ( #1291, #2687, #99 ),
 ( #1823, #594, #1811 ),
 ( #130, #1531, #608 ),
 ( #2929, #1566, #2502 ),
 ( #2460, #1792, #2286 ),
 ( #1093, #2057, #2975 ),
 ( #2473, #2752, #379 ),
 ( #1339, #85, #1059 ),
 ( #319, #67, #1272 ),
 ( #1043, #823, #2100 ),
 ( #1108, #409, #681 ),
 ( #3020, #2988, #1402 ),
 ( #3002, #1867, #1384 ),
 ( #2342, #194, #870 ),
 ( #902, #2797, #422 ),
 ( #918, #1645, #1366 ),
 ( #931, #2826, #1166 ),
 ( #668, #2593, #1150 ),
 ( #2299, #2809, #1134 ),
 ( #1881, #1629, #2112 ),
 ( #697, #2767, #1853 ),
 ( #3034, #1661, #2072 ),
 ( #456, #2578, #1838 ),
 ( #2559, #149, #639 ) ),
 .UNSPECIFIED., .F., .F., .F. ) 
 B_SPLINE_SURFACE_WITH_KNOTS ( ( 4, 2, 2, 2, 2, 2, 2, 2, 2, 2, 2, 4 ),
 ( 3, 3 ),
 ( 0.000000000000000000, 0.001427126249928922308, 0.002140689374893383571, 0.002854252499857844617, 0.003567815624822306096, 0.004281378749786767142, 0.005708504999715689233, 0.007135631249644612192, 0.008562757499573534284, 0.009276320624537995330, 0.009989883749502456375, 0.01141700999943137847 ),
 ( 0.000000000000000000, 1.000000000000000000 ),
 .UNSPECIFIED. ) 
 GEOMETRIC_REPRESENTATION_ITEM ( )  RATIONAL_B_SPLINE_SURFACE ( (
 ( 1.000000000000000000, 0.8271833653455483715, 1.000000000000000000),
 ( 1.000000000000000000, 0.8270950226710910291, 1.000000000000000000),
 ( 1.000000000000000000, 0.8336952631194316510, 1.000000000000000000),
 ( 1.000000000000000000, 0.8493480289122455895, 1.000000000000000000),
 ( 1.000000000000000000, 0.8555328705109329634, 1.000000000000000000),
 ( 1.000000000000000000, 0.8687114135397814296, 1.000000000000000000),
 ( 1.000000000000000000, 0.8756633505131427020, 1.000000000000000000),
 ( 1.000000000000000000, 0.8895673438956684942, 1.000000000000000000),
 ( 1.000000000000000000, 0.8965214696004127903, 1.000000000000000000),
 ( 1.000000000000000000, 0.9099959134514178372, 1.000000000000000000),
 ( 1.000000000000000000, 0.9165452990710402092, 1.000000000000000000),
 ( 1.000000000000000000, 0.9349069551452044990, 1.000000000000000000),
 ( 1.000000000000000000, 0.9454872847728575946, 1.000000000000000000),
 ( 1.000000000000000000, 0.9634235668141614140, 1.000000000000000000),
 ( 1.000000000000000000, 0.9708049191925260946, 1.000000000000000000),
 ( 1.000000000000000000, 0.9825740859386571380, 1.000000000000000000),
 ( 1.000000000000000000, 0.9870674073873150212, 1.000000000000000000),
 ( 1.000000000000000000, 0.9922427293524271885, 1.000000000000000000),
 ( 1.000000000000000000, 0.9937017987576776124, 1.000000000000000000),
 ( 1.000000000000000000, 0.9961147863479172804, 1.000000000000000000),
 ( 1.000000000000000000, 0.9970770879842778545, 1.000000000000000000),
 ( 1.000000000000000000, 0.9993336122788608611, 1.000000000000000000),
 ( 1.000000000000000000, 0.9999998746913297820, 1.000000000000000000),
 ( 1.000000000000000000, 1.000000000000000000, 1.000000000000000000) ) ) 
 REPRESENTATION_ITEM ( '' )  SURFACE ( )  );
#1597 = ORIENTED_EDGE ( 'NONE', *, *, #1828, .F. ) ;
#1598 = AXIS2_PLACEMENT_3D ( 'NONE', #703, #1187, #3070 ) ;
#1599 = VECTOR ( 'NONE', #1968, 1000.000000000000000 ) ;
#1600 = CARTESIAN_POINT ( 'NONE',  ( -19.45298514331470940, 2.999999999999999112, -6.605420998298747293 ) ) ;
#1601 = APPLICATION_CONTEXT ( 'automotive_design' ) ;
#1602 = AXIS2_PLACEMENT_3D ( 'NONE', #2222, #286, #1690 ) ;
#1603 = DIRECTION ( 'NONE',  ( 0.9945218953682734009, 0.1045284632676537068, 0.000000000000000000 ) ) ;
#1604 = DIRECTION ( 'NONE',  ( 0.000000000000000000, 0.000000000000000000, 1.000000000000000000 ) ) ;
#1605 = CARTESIAN_POINT ( 'NONE',  ( 15.44442964030896626, 2.999999999999999112, -13.54694838833948545 ) ) ;
#1606 = ORIENTED_EDGE ( 'NONE', *, *, #1125, .T. ) ;
#1607 = B_SPLINE_CURVE_WITH_KNOTS ( 'NONE', 3,
 ( #507, #1470, #2418, #1997 ),
 .UNSPECIFIED., .F., .F.,
 ( 4, 4 ),
 ( 4.906538933386797396E-18, 0.001785220776505161292 ),
 .UNSPECIFIED. ) ;
#1608 = CARTESIAN_POINT ( 'NONE',  ( 13.54694838833947479, 0.9999999999999992228, 15.44442964030957199 ) ) ;
#1609 = CARTESIAN_POINT ( 'NONE',  ( 19.45298514331478046, 2.999999999999999112, -6.605420998298575874 ) ) ;
#1610 = CARTESIAN_POINT ( 'NONE',  ( 3.327225996372481287, 28.07859708503383445, 31.53046176241364051 ) ) ;
#1611 = ORIENTED_EDGE ( 'NONE', *, *, #2200, .F. ) ;
#1612 = CARTESIAN_POINT ( 'NONE',  ( 3.324387048743612016, 28.07163662929944792, 31.53893921631231123 ) ) ;
#1613 = CARTESIAN_POINT ( 'NONE',  ( 12.50479073202107827, 2.999999999999999112, 16.29970632554913834 ) ) ;
#1614 = CARTESIAN_POINT ( 'NONE',  ( -32.16030587403987795, 27.67132946754720990, -0.000000000000000000 ) ) ;
#1615 = ADVANCED_FACE ( 'NONE', ( #2127 ), #3047, .T. ) ;
#1616 = SURFACE_STYLE_USAGE ( .BOTH. , #176 ) ;
#1617 = FACE_OUTER_BOUND ( 'NONE', #533, .T. ) ;
#1618 = CARTESIAN_POINT ( 'NONE',  ( 4.474844081315987765, 30.00000000000000000, -26.12145274640364079 ) ) ;
#1619 = CARTESIAN_POINT ( 'NONE',  ( 10.27358882178262789, 2.999999999999999112, -17.79054777885520267 ) ) ;
#1620 = CARTESIAN_POINT ( 'NONE',  ( 20.50000000000000000, 0.9999999999999992228, 1.341721860442340208 ) ) ;
#1621 = CARTESIAN_POINT ( 'NONE',  ( -1.341721860442337766, 2.999999999999999112, -20.49999999999999645 ) ) ;
#1622 = CARTESIAN_POINT ( 'NONE',  ( -5.049427859025087173, 25.72950767414544515, -19.87373710035345198 ) ) ;
#1623 = CARTESIAN_POINT ( 'NONE',  ( 8.348630069183377245, 0.9999999999999991118, 6.404892813962268505 ) ) ;
#1624 = CARTESIAN_POINT ( 'NONE',  ( 2.256769565372297226, 0.000000000000000000, -34.42589929390185688 ) ) ;
#1625 = CARTESIAN_POINT ( 'NONE',  ( -9.084599728669981999, 0.9999999999999992228, -18.42607568964774245 ) ) ;
#1626 = CARTESIAN_POINT ( 'NONE',  ( -4.377609285750304835, 29.93631866354289883, 27.18854406806766377 ) ) ;
#1627 = VERTEX_POINT ( 'NONE', #2313 ) ;
#1628 = CARTESIAN_POINT ( 'NONE',  ( -1.863042802092524930, 25.37440821956749559, -33.25434828683096811 ) ) ;
#1629 = CARTESIAN_POINT ( 'NONE',  ( 4.078240345441655812, 29.74594007208336066, -28.22538248038061326 ) ) ;
#1630 = CARTESIAN_POINT ( 'NONE',  ( 3.408588648697695511, 28.97509471149255234, -30.12075934796730792 ) ) ;
#1631 = EDGE_CURVE ( 'NONE', #1708, #605, #1805, .T. ) ;
#1632 = CARTESIAN_POINT ( 'NONE',  ( 20.36785519807598277, 2.999999999999999112, -2.683410550213615409 ) ) ;
#1633 = CARTESIAN_POINT ( 'NONE',  ( 0.000000000000000000, 1.000000000000000000, 0.000000000000000000 ) ) ;
#1634 = CARTESIAN_POINT ( 'NONE',  ( 20.36785519807616396, 0.9999999999999992228, -2.683410550213652268 ) ) ;
#1635 = CARTESIAN_POINT ( 'NONE',  ( -6.605420998297686808, 0.9999999999999992228, 19.45298514331502560 ) ) ;
#1636 = LINE ( 'NONE', #448, #283 ) ;
#1637 = ORIENTED_EDGE ( 'NONE', *, *, #706, .T. ) ;
#1638 = DIRECTION ( 'NONE',  ( 0.000000000000000000, 1.000000000000000000, -0.000000000000000000 ) ) ;
#1639 = CARTESIAN_POINT ( 'NONE',  ( 0.000000000000000000, 0.9999999999999992228, 20.50000000000000000 ) ) ;
#1640 = CARTESIAN_POINT ( 'NONE',  ( 34.49999994198313402, 22.00000000000000000, 0.000000000000000000 ) ) ;
#1641 = CARTESIAN_POINT ( 'NONE',  ( 2.324135821055055562, 22.00000000000000000, -34.42362760741976757 ) ) ;
#1642 = CARTESIAN_POINT ( 'NONE',  ( 12.50479073370815186, 2.999999999999999112, -16.29970632442187295 ) ) ;
#1643 = AXIS2_PLACEMENT_3D ( 'NONE', #1500, #994, #1437 ) ;
#1644 = AXIS2_PLACEMENT_3D ( 'NONE', #2746, #142, #2307 ) ;
#1645 = CARTESIAN_POINT ( 'NONE',  ( 3.585411029519613546, 29.00541965347159135, -30.18681260597406890 ) ) ;
#1646 = AXIS2_PLACEMENT_3D ( 'NONE', #894, #1859, #1886 ) ;
#1647 = TOROIDAL_SURFACE ( 'NONE', #1485, 26.50000000000001066, 8.000000000000000000 ) ;
#1648 = CARTESIAN_POINT ( 'NONE',  ( -6.605420996424781421, 2.999999999999999112, 19.45298514409093116 ) ) ;
#1649 = CARTESIAN_POINT ( 'NONE',  ( -2.683410550213769064, 2.999999999999999112, 20.36785519807595790 ) ) ;
#1650 = DIRECTION ( 'NONE',  ( 0.000000000000000000, 1.000000000000000000, -0.000000000000000000 ) ) ;
#1651 = VECTOR ( 'NONE', #2006, 1000.000000000000114 ) ;
#1652 = EDGE_CURVE ( 'NONE', #2378, #1887, #334, .T. ) ;
#1653 = CARTESIAN_POINT ( 'NONE',  ( -6.605420998298641599, 0.9999999999999992228, -19.45298514331503981 ) ) ;
#1654 = CARTESIAN_POINT ( 'NONE',  ( -15.44442964030986687, 1.000000000001045608, 13.54694838833977677 ) ) ;
#1655 = DIRECTION ( 'NONE',  ( 0.000000000000000000, 0.000000000000000000, -1.000000000000000000 ) ) ;
#1656 = CARTESIAN_POINT ( 'NONE',  ( -4.405863262708799688, 29.98405145660033355, -26.66189481206825107 ) ) ;
#1657 = CARTESIAN_POINT ( 'NONE',  ( 19.84434129845641692, 2.999999999999999112, 5.315292652447871191 ) ) ;
#1658 = LINE ( 'NONE', #1683, #1480 ) ;
#1659 = CARTESIAN_POINT ( 'NONE',  ( 2.595493875286745133, 24.89439245886356034, -33.86545583690184458 ) ) ;
#1660 = CARTESIAN_POINT ( 'NONE',  ( 5.935404816782529736, 17.30000000000000071, -19.62195121951215881 ) ) ;
#1661 = CARTESIAN_POINT ( 'NONE',  ( 4.291384217277366631, 29.95014096881884313, -27.19127197251923889 ) ) ;
#1662 = CARTESIAN_POINT ( 'NONE',  ( -10.27358882009553476, 2.999999999999999112, 17.79054777998248582 ) ) ;
#1663 = CARTESIAN_POINT ( 'NONE',  ( -12.50479073202244074, 2.999999999999999112, -16.29970632554823240 ) ) ;
#1664 = CARTESIAN_POINT ( 'NONE',  ( -1.451818925407959204, 30.00000000000000000, 34.06855685746891282 ) ) ;
#1665 = CARTESIAN_POINT ( 'NONE',  ( 16.29970632554809740, 1.000000000000001776, 12.50479073202117597 ) ) ;
#1666 = CARTESIAN_POINT ( 'NONE',  ( 20.36785519807602896, 2.999999999999999112, 2.683410550213416901 ) ) ;
#1667 = FACE_OUTER_BOUND ( 'NONE', #1318, .T. ) ;
#1668 = ADVANCED_FACE ( 'NONE', ( #1617 ), #2547, .T. ) ;
#1669 = CARTESIAN_POINT ( 'NONE',  ( -15.44442964030898757, 0.9999999999979128917, -13.54694838833827220 ) ) ;
#1670 = CARTESIAN_POINT ( 'NONE',  ( -2.256769565372296338, 30.00000000000000000, -33.42589929390185688 ) ) ;
#1671 = CARTESIAN_POINT ( 'NONE',  ( 2.551608781116371460, 24.64499168193782097, -33.96117403047178840 ) ) ;
#1672 = VERTEX_POINT ( 'NONE', #2838 ) ;
#1673 = EDGE_CURVE ( 'NONE', #2406, #541, #2410, .T. ) ;
#1674 = DIRECTION ( 'NONE',  ( 0.000000000000000000, 0.000000000000000000, 1.000000000000000000 ) ) ;
#1675 = CARTESIAN_POINT ( 'NONE',  ( -4.497258869147452209, 29.99683915271376478, 26.37339563857386793 ) ) ;
#1676 = FACE_OUTER_BOUND ( 'NONE', #2541, .T. ) ;
#1677 = CARTESIAN_POINT ( 'NONE',  ( -20.36785519807620304, 0.9999999999999992228, 2.683410550213471968 ) ) ;
#1678 = CARTESIAN_POINT ( 'NONE',  ( -4.705685264173880888, 28.99999999999999645, -18.66598580826999054 ) ) ;
#1679 = CARTESIAN_POINT ( 'NONE',  ( 26.76250386380121427, 30.00000000000001066, -0.000000000000000000 ) ) ;
#1680 = CARTESIAN_POINT ( 'NONE',  ( 5.262082079449676542, 0.9999999999999991118, 9.112231789169477736 ) ) ;
#1681 = CARTESIAN_POINT ( 'NONE',  ( -19.84434129845643824, 2.999999999999999112, 5.315292652447787702 ) ) ;
#1682 = PRODUCT_RELATED_PRODUCT_CATEGORY ( 'part', '', ( #2586 ) ) ;
#1683 = CARTESIAN_POINT ( 'NONE',  ( 4.600581028908202974, 30.00000000000000000, 0.000000000000000000 ) ) ;
#1684 = CARTESIAN_POINT ( 'NONE',  ( -1.451818925407961203, 22.00000000000000000, 34.06855685746891993 ) ) ;
#1685 = ORIENTED_EDGE ( 'NONE', *, *, #2992, .T. ) ;
#1686 = CARTESIAN_POINT ( 'NONE',  ( 0.000000000000000000, 17.30000000000000071, 0.000000000000000000 ) ) ;
#1687 = EDGE_CURVE ( 'NONE', #2923, #1453, #1446, .T. ) ;
#1688 =( NAMED_UNIT ( * ) SI_UNIT ( $, .STERADIAN. ) SOLID_ANGLE_UNIT ( ) );
#1689 = DIRECTION ( 'NONE',  ( 0.000000000000000000, 0.000000000000000000, -1.000000000000000000 ) ) ;
#1690 = DIRECTION ( 'NONE',  ( 0.000000000000000000, 0.000000000000000000, 1.000000000000000000 ) ) ;
#1691 = ORIENTED_EDGE ( 'NONE', *, *, #2315, .F. ) ;
#1692 = CIRCLE ( 'NONE', #329, 0.5000000000000004441 ) ;
#1693 = VECTOR ( 'NONE', #2398, 1000.000000000000000 ) ;
#1694 = AXIS2_PLACEMENT_3D ( 'NONE', #2183, #33, #1736 ) ;
#1695 = CARTESIAN_POINT ( 'NONE',  ( -4.600581028908203862, 30.00000000000000000, -19.72047550634745150 ) ) ;
#1696 = CARTESIAN_POINT ( 'NONE',  ( -2.324135822465905665, 22.55141164616109251, -34.42362760732450511 ) ) ;
#1697 = CARTESIAN_POINT ( 'NONE',  ( 16.29970632554809740, 1.000000000000001776, 12.50479073202117597 ) ) ;
#1698 = CIRCLE ( 'NONE', #2621, 1.000000000000000888 ) ;
#1699 = CARTESIAN_POINT ( 'NONE',  ( -20.50000000000000000, 2.999999999999999112, -1.341721860442307568 ) ) ;
#1700 = CARTESIAN_POINT ( 'NONE',  ( 1.374429794011851946, 0.9999999999999991118, 10.43231607706329278 ) ) ;
#1701 = CARTESIAN_POINT ( 'NONE',  ( -4.547635486306329966, 30.00000000000000000, 26.10487591765614823 ) ) ;
#1702 = ORIENTED_EDGE ( 'NONE', *, *, #2956, .T. ) ;
#1703 = CARTESIAN_POINT ( 'NONE',  ( -7.911895401705585584, 1.000000000000000222, -6.937397966185203657 ) ) ;
#1704 = FACE_OUTER_BOUND ( 'NONE', #2498, .T. ) ;
#1705 = EDGE_CURVE ( 'NONE', #2851, #546, #1463, .T. ) ;
#1706 = CARTESIAN_POINT ( 'NONE',  ( -1.795660732966582351, 24.65521014991742987, 33.68741265517753192 ) ) ;
#1707 = DIRECTION ( 'NONE',  ( 0.1045284632676537068, 0.9945218953682734009, 0.000000000000000000 ) ) ;
#1708 = VERTEX_POINT ( 'NONE', #1722 ) ;
#1709 = CARTESIAN_POINT ( 'NONE',  ( -9.084599728670083252, 2.999999999999999112, -18.42607568964799114 ) ) ;
#1710 = CARTESIAN_POINT ( 'NONE',  ( -2.094111446697560996, 26.09933400121872182, -32.91796108319712744 ) ) ;
#1711 = CARTESIAN_POINT ( 'NONE',  ( 0.000000000000000000, 0.9999999999999992228, 20.50000000000000000 ) ) ;
#1712 =( BOUNDED_CURVE ( )  B_SPLINE_CURVE ( 3, ( #1567, #1109, #2474, #1307 ),
 .UNSPECIFIED., .F., .F. ) 
 B_SPLINE_CURVE_WITH_KNOTS ( ( 4, 4 ),
 ( 4.938735343932738608, 5.006126779441999908 ),
 .UNSPECIFIED. ) 
 CURVE ( )  GEOMETRIC_REPRESENTATION_ITEM ( )  RATIONAL_B_SPLINE_CURVE ( ( 1.000000000000000000, 0.9996215686763205710, 0.9996215686763205710, 1.000000000000000000 ) ) 
 REPRESENTATION_ITEM ( '' )  );
#1713 = CARTESIAN_POINT ( 'NONE',  ( -18.42607568964802667, 2.999999999999999112, -9.084599728669987329 ) ) ;
#1714 = CARTESIAN_POINT ( 'NONE',  ( 3.383264413762617107, 0.9999999999999991118, -9.963724097795495283 ) ) ;
#1715 = CARTESIAN_POINT ( 'NONE',  ( 1.084202172485504434E-16, 22.00000000000000000, 32.94567992468613227 ) ) ;
#1716 = ORIENTED_EDGE ( 'NONE', *, *, #3012, .F. ) ;
#1717 = LINE ( 'NONE', #736, #438 ) ;
#1718 = CARTESIAN_POINT ( 'NONE',  ( -4.336808689942017736E-16, 0.000000000000000000, -0.002000791051989803115 ) ) ;
#1719 = CARTESIAN_POINT ( 'NONE',  ( 1.341721862470648174, 2.999999999999999112, 20.49999999999999645 ) ) ;
#1720 = ORIENTED_EDGE ( 'NONE', *, *, #411, .F. ) ;
#1721 = DIRECTION ( 'NONE',  ( -0.000000000000000000, -1.000000000000000000, -0.000000000000000000 ) ) ;
#1722 = CARTESIAN_POINT ( 'NONE',  ( 26.49999992446859665, 30.00000000000000000, 0.000000000000000000 ) ) ;
#1723 = DIRECTION ( 'NONE',  ( 0.000000000000000000, 0.000000000000000000, 1.000000000000000000 ) ) ;
#1724 = CARTESIAN_POINT ( 'NONE',  ( -12.50479073202244074, 2.999999999999999112, -16.29970632554823240 ) ) ;
#1725 = CARTESIAN_POINT ( 'NONE',  ( -2.324135821055052009, 22.00000000000000000, -34.42362760741976757 ) ) ;
#1726 = CARTESIAN_POINT ( 'NONE',  ( 9.437746084942116198, 0.9999999999999991118, -4.653087665903988146 ) ) ;
#1727 = ORIENTED_EDGE ( 'NONE', *, *, #987, .T. ) ;
#1728 = CARTESIAN_POINT ( 'NONE',  ( -5.315292652447545230, 2.999999999999999112, 19.84434129845648798 ) ) ;
#1729 = CARTESIAN_POINT ( 'NONE',  ( 10.16417481140462620, 0.9999999999999991118, 2.722466968326903380 ) ) ;
#1730 = CARTESIAN_POINT ( 'NONE',  ( -20.50000000000000000, 2.999999999999998224, -1.341721862470637516 ) ) ;
#1731 = ORIENTED_EDGE ( 'NONE', *, *, #1232, .T. ) ;
#1732 = CARTESIAN_POINT ( 'NONE',  ( 34.49999994198313402, 22.00000000000000000, 0.000000000000000000 ) ) ;
#1733 = CARTESIAN_POINT ( 'NONE',  ( 31.77803030812126295, 28.01760140263559151, -0.000000000000000000 ) ) ;
#1734 = CARTESIAN_POINT ( 'NONE',  ( 10.50000000000000000, 0.9999999999999991118, -0.6872233919338800456 ) ) ;
#1735 = CARTESIAN_POINT ( 'NONE',  ( 0.000000000000000000, 42.07074862707557372, 0.000000000000000000 ) ) ;
#1736 = DIRECTION ( 'NONE',  ( -8.881784197001252323E-16, 0.000000000000000000, 1.000000000000000000 ) ) ;
#1737 = CARTESIAN_POINT ( 'NONE',  ( 5.315292652447594079, 2.999999999999999112, 19.84434129845647377 ) ) ;
#1738 = DIRECTION ( 'NONE',  ( 0.000000000000000000, 0.000000000000000000, -1.000000000000000000 ) ) ;
#1739 = DIRECTION ( 'NONE',  ( -0.000000000000000000, -1.000000000000000000, -0.000000000000000000 ) ) ;
#1740 = ORIENTED_EDGE ( 'NONE', *, *, #272, .T. ) ;
#1741 = CARTESIAN_POINT ( 'NONE',  ( -18.42607568964805509, 2.999999999999999112, 9.084599728669928709 ) ) ;
#1742 = TOROIDAL_SURFACE ( 'NONE', #1539, 9.500000000000021316, 8.000000000000000000 ) ;
#1743 = CARTESIAN_POINT ( 'NONE',  ( -1.646347091772300431, 21.99999999999999645, -34.46939165783020087 ) ) ;
#1744 = CARTESIAN_POINT ( 'NONE',  ( 9.084599728670138319, 0.9999999999999992228, 18.42607568964861997 ) ) ;
#1745 = ADVANCED_FACE ( 'NONE', ( #1911 ), #1208, .F. ) ;
#1746 = CIRCLE ( 'NONE', #2188, 20.50000000000000000 ) ;
#1747 = CIRCLE ( 'NONE', #381, 1.500000000000022204 ) ;
#1748 = CARTESIAN_POINT ( 'NONE',  ( -20.49999999999999645, 2.999999999999999112, 1.825434725822017301E-14 ) ) ;
#1749 = CARTESIAN_POINT ( 'NONE',  ( -1.374429794011788886, 0.9999999999999991118, -10.43231607706381325 ) ) ;
#1750 = CARTESIAN_POINT ( 'NONE',  ( -4.078279908345157523, 29.60169011658068428, 28.75687550597545084 ) ) ;
#1751 = ORIENTED_EDGE ( 'NONE', *, *, #1593, .T. ) ;
#1752 = AXIS2_PLACEMENT_3D ( 'NONE', #2622, #2425, #1707 ) ;
#1753 = CARTESIAN_POINT ( 'NONE',  ( 0.000000000000000000, 30.00000000000000000, 0.000000000000000000 ) ) ;
#1754 = CARTESIAN_POINT ( 'NONE',  ( 34.24330410286354009, 24.07816005198331766, 0.000000000000000000 ) ) ;
#1755 = B_SPLINE_CURVE_WITH_KNOTS ( 'NONE', 3,
 ( #2843, #415, #430, #717 ),
 .UNSPECIFIED., .F., .F.,
 ( 4, 4 ),
 ( 0.000000000000000000, 0.001457050247459667006 ),
 .UNSPECIFIED. ) ;
#1756 = CARTESIAN_POINT ( 'NONE',  ( -20.36785519807619593, 0.9999999999999992228, -2.683410550213216617 ) ) ;
#1757 = CARTESIAN_POINT ( 'NONE',  ( 3.427773559997316255, 28.07445723143575478, -31.54821998892736445 ) ) ;
#1758 = CARTESIAN_POINT ( 'NONE',  ( 4.547635486306341512, 30.00000000000000000, 26.10487591765615534 ) ) ;
#1759 = CARTESIAN_POINT ( 'NONE',  ( 2.256769565372297226, 30.00000000000000000, -33.42589929390185688 ) ) ;
#1760 = CARTESIAN_POINT ( 'NONE',  ( 34.49999994198312692, 22.26052603450800049, -0.000000000000000000 ) ) ;
#1761 = CARTESIAN_POINT ( 'NONE',  ( 12.50479073202107827, 2.999999999999999112, 16.29970632554913834 ) ) ;
#1762 = CARTESIAN_POINT ( 'NONE',  ( 2.722466968327052150, 0.9999999999999991118, -10.16417481140403112 ) ) ;
#1763 = CARTESIAN_POINT ( 'NONE',  ( -32.16030587403987795, 27.67132946754720990, -0.000000000000000000 ) ) ;
#1764 = EDGE_CURVE ( 'NONE', #2967, #1841, #528, .T. ) ;
#1765 = DIRECTION ( 'NONE',  ( 0.000000000000000000, 0.000000000000000000, 1.000000000000000000 ) ) ;
#1766 = ORIENTED_EDGE ( 'NONE', *, *, #569, .T. ) ;
#1767 = CARTESIAN_POINT ( 'NONE',  ( 4.653087665904354964, 0.9999999999999991118, 9.437746084941963431 ) ) ;
#1768 = CARTESIAN_POINT ( 'NONE',  ( -9.112231789170067486, 0.9999999999999991118, 5.262082079449392324 ) ) ;
#1769 = DIRECTION ( 'NONE',  ( 0.000000000000000000, 0.000000000000000000, 1.000000000000000000 ) ) ;
#1770 = AXIS2_PLACEMENT_3D ( 'NONE', #146, #362, #2325 ) ;
#1771 = ADVANCED_FACE ( 'NONE', ( #2386 ), #974, .T. ) ;
#1772 = VERTEX_POINT ( 'NONE', #498 ) ;
#1773 = CARTESIAN_POINT ( 'NONE',  ( 1.341721860441308367, 2.999999999999999112, 20.49999999999999645 ) ) ;
#1774 = FACE_OUTER_BOUND ( 'NONE', #504, .T. ) ;
#1775 = CARTESIAN_POINT ( 'NONE',  ( 3.685705417105127335, 29.21314371601200932, 29.70581310160871169 ) ) ;
#1776 = DIRECTION ( 'NONE',  ( 0.000000000000000000, 1.000000000000000000, -0.000000000000000000 ) ) ;
#1777 = CYLINDRICAL_SURFACE ( 'NONE', #693, 34.50000000000000711 ) ;
#1778 = CARTESIAN_POINT ( 'NONE',  ( -19.45298514331502560, 0.9999999999999992228, -6.605420998298281887 ) ) ;
#1779 = CARTESIAN_POINT ( 'NONE',  ( 7.910561523085311464, 0.9999999999999991118, 6.938680881831890801 ) ) ;
#1780 = CARTESIAN_POINT ( 'NONE',  ( 13.54694838833946235, 0.9999999999989590549, -15.44442964030898935 ) ) ;
#1781 = CARTESIAN_POINT ( 'NONE',  ( 2.163291606513363163, 24.15624127574582403, 34.13819726551014355 ) ) ;
#1782 = VERTEX_POINT ( 'NONE', #2669 ) ;
#1783 = CARTESIAN_POINT ( 'NONE',  ( 19.45298514331502915, 0.9999999999999992228, 6.605420998298662028 ) ) ;
#1784 = CARTESIAN_POINT ( 'NONE',  ( 34.49999994198313402, 30.00000000000000000, 0.000000000000000000 ) ) ;
#1785 = ORIENTED_EDGE ( 'NONE', *, *, #1271, .F. ) ;
#1786 = EDGE_CURVE ( 'NONE', #1052, #250, #1950, .T. ) ;
#1787 = ORIENTED_EDGE ( 'NONE', *, *, #776, .F. ) ;
#1788 = DIRECTION ( 'NONE',  ( 0.000000000000000000, -1.000000000000000000, 0.000000000000000000 ) ) ;
#1789 =( NAMED_UNIT ( * ) SI_UNIT ( $, .STERADIAN. ) SOLID_ANGLE_UNIT ( ) );
#1790 = CARTESIAN_POINT ( 'NONE',  ( 4.600581028908435677, 30.00000000000000000, -19.72047550634739821 ) ) ;
#1791 = CARTESIAN_POINT ( 'NONE',  ( 2.314820552894492067, 26.32101844483061726, 32.93682698527514674 ) ) ;
#1792 = CARTESIAN_POINT ( 'NONE',  ( 1.877837720184243553, 24.24538342467820584, -34.13980158255615294 ) ) ;
#1793 = CARTESIAN_POINT ( 'NONE',  ( -3.876988726162062360, 29.21315887674954226, -29.74878558715235499 ) ) ;
#1794 = CARTESIAN_POINT ( 'NONE',  ( -19.45298514331505046, 0.9999999999999992228, 6.605420998298817459 ) ) ;
#1795 = VERTEX_POINT ( 'NONE', #962 ) ;
#1796 = CARTESIAN_POINT ( 'NONE',  ( 9.437746084941522895, 0.9999999999999991118, 4.653087665903981041 ) ) ;
#1797 = PRODUCT_DEFINITION_CONTEXT ( 'detailed design', #1601, 'design' ) ;
#1798 = CARTESIAN_POINT ( 'NONE',  ( -9.963724097794946388, 0.9999999999999991118, 3.383264413762903544 ) ) ;
#1799 = CARTESIAN_POINT ( 'NONE',  ( 1.964225606629696141, 22.55422230875743139, 34.44203813829339822 ) ) ;
#1800 = VERTEX_POINT ( 'NONE', #2853 ) ;
#1801 = VECTOR ( 'NONE', #2779, 1000.000000000000000 ) ;
#1802 = CARTESIAN_POINT ( 'NONE',  ( 1.341721860441308367, 0.9999999999999992228, 20.50000000000119016 ) ) ;
#1803 = FACE_OUTER_BOUND ( 'NONE', #2630, .T. ) ;
#1804 = AXIS2_PLACEMENT_3D ( 'NONE', #2521, #2964, #2725 ) ;
#1805 = CIRCLE ( 'NONE', #1993, 26.50000000000001066 ) ;
#1806 = VECTOR ( 'NONE', #2894, 1000.000000000000000 ) ;
#1807 = CIRCLE ( 'NONE', #2825, 1.000000000000000888 ) ;
#1808 = EDGE_LOOP ( 'NONE', ( #92, #1691, #1299, #2786, #818 ) ) ;
#1809 = CARTESIAN_POINT ( 'NONE',  ( -5.315292652447545230, 2.999999999999999112, 19.84434129845648798 ) ) ;
#1810 = EDGE_CURVE ( 'NONE', #873, #371, #735, .T. ) ;
#1811 = CARTESIAN_POINT ( 'NONE',  ( 2.324135822466402157, 22.55141164616254557, -34.42362760732447668 ) ) ;
#1812 = FACE_OUTER_BOUND ( 'NONE', #2476, .T. ) ;
#1813 = EDGE_CURVE ( 'NONE', #2935, #813, #2213, .T. ) ;
#1814 = CARTESIAN_POINT ( 'NONE',  ( -20.36785519807620304, 0.9999999999999992228, 2.683410550213471968 ) ) ;
#1815 = ORIENTED_EDGE ( 'NONE', *, *, #9, .T. ) ;
#1816 = CARTESIAN_POINT ( 'NONE',  ( 10.16417481140462620, 0.9999999999999991118, 2.722466968326903380 ) ) ;
#1817 = CARTESIAN_POINT ( 'NONE',  ( 12.50479073202119373, 0.9999999999999992228, -16.29970632554927334 ) ) ;
#1818 = CARTESIAN_POINT ( 'NONE',  ( 2.117932381872981384, 23.89224011531340253, 34.21024868427198840 ) ) ;
#1819 = EDGE_LOOP ( 'NONE', ( #1157, #346, #1856, #830 ) ) ;
#1820 = CARTESIAN_POINT ( 'NONE',  ( 17.79054777885626137, 1.000000000000001776, 10.27358882178251065 ) ) ;
#1821 = DIRECTION ( 'NONE',  ( 0.9945218953682734009, 0.1045284632676537068, 0.000000000000000000 ) ) ;
#1822 = VERTEX_POINT ( 'NONE', #1528 ) ;
#1823 = CARTESIAN_POINT ( 'NONE',  ( 1.354061738872761822, 22.55141164604861359, -33.85615338159480103 ) ) ;
#1824 = CARTESIAN_POINT ( 'NONE',  ( -3.963284705067627645, 29.60304076435661003, -28.73215742902227632 ) ) ;
#1825 = CARTESIAN_POINT ( 'NONE',  ( -5.315292652447201505, 0.9999999999999992228, 19.84434129845624994 ) ) ;
#1826 = MANIFOLD_SOLID_BREP ( 'Intersect1[1]', #2618 ) ;
#1827 = ORIENTED_EDGE ( 'NONE', *, *, #1125, .F. ) ;
#1828 = EDGE_CURVE ( 'NONE', #1285, #1559, #1542, .T. ) ;
#1829 = CARTESIAN_POINT ( 'NONE',  ( 10.43231607706381148, 0.9999999999999991118, -1.374429794011939876 ) ) ;
#1830 = CARTESIAN_POINT ( 'NONE',  ( 20.36785519807616396, 0.9999999999999992228, -2.683410550213652268 ) ) ;
#1831 = CARTESIAN_POINT ( 'NONE',  ( 2.316983679190462553, 26.32686181778785439, 32.93320097804113544 ) ) ;
#1832 = VERTEX_POINT ( 'NONE', #1041 ) ;
#1833 = CARTESIAN_POINT ( 'NONE',  ( 2.500412861316412272, 25.63063272633058887, 33.53859474821229725 ) ) ;
#1834 = CARTESIAN_POINT ( 'NONE',  ( -8.348630069183386126, 0.9999999999999991118, 6.404892813962249853 ) ) ;
#1835 = CARTESIAN_POINT ( 'NONE',  ( -5.935404816782297033, 17.30000000000000071, 0.000000000000000000 ) ) ;
#1836 = ORIENTED_EDGE ( 'NONE', *, *, #1070, .F. ) ;
#1837 = CARTESIAN_POINT ( 'NONE',  ( -9.084599728670495367, 2.999999999999999112, 18.42607568964781350 ) ) ;
#1838 = CARTESIAN_POINT ( 'NONE',  ( 4.408871683565204869, 30.00000000000000000, -26.66041628999014179 ) ) ;
#1839 = CARTESIAN_POINT ( 'NONE',  ( 4.600581028908203862, 30.00000000000000000, 19.72047550634745150 ) ) ;
#1840 = CARTESIAN_POINT ( 'NONE',  ( -15.44442964030928422, 2.999999999999999112, -13.54694838833916393 ) ) ;
#1841 = VERTEX_POINT ( 'NONE', #1090 ) ;
#1842 = CARTESIAN_POINT ( 'NONE',  ( -7.910561523085213764, 0.9999999999999991118, 6.938680881832284264 ) ) ;
#1843 = CARTESIAN_POINT ( 'NONE',  ( -9.084599728671049590, 0.9999999999999992228, 18.42607568964771048 ) ) ;
#1844 = CARTESIAN_POINT ( 'NONE',  ( 2.562042029942189991, 26.96981381812760858, 32.50768801494015037 ) ) ;
#1845 = EDGE_LOOP ( 'NONE', ( #2240, #167, #2770, #1731 ) ) ;
#1846 = CARTESIAN_POINT ( 'NONE',  ( 3.720426910404373011, 28.96720017717144913, 30.23535970846951670 ) ) ;
#1847 = CARTESIAN_POINT ( 'NONE',  ( -6.605420998297686808, 0.9999999999999992228, 19.45298514331502560 ) ) ;
#1848 = CARTESIAN_POINT ( 'NONE',  ( -31.15747812726571908, 28.50977845154566026, 0.000000000000000000 ) ) ;
#1849 = AXIS2_PLACEMENT_3D ( 'NONE', #2033, #1821, #2748 ) ;
#1850 = CIRCLE ( 'NONE', #1091, 20.50000000000000000 ) ;
#1851 = FILL_AREA_STYLE_COLOUR ( '', #979 ) ;
#1852 = CIRCLE ( 'NONE', #2482, 1.000000000000000888 ) ;
#1853 = CARTESIAN_POINT ( 'NONE',  ( 4.209266229899840006, 29.80009677620971686, -27.98300275566123219 ) ) ;
#1854 = CARTESIAN_POINT ( 'NONE',  ( 1.255262969126037241E-15, 2.999999999999999112, 20.49999999999999645 ) ) ;
#1855 = CARTESIAN_POINT ( 'NONE',  ( -20.50000000000000000, 2.999999999999999112, -1.341721860442307568 ) ) ;
#1856 = ORIENTED_EDGE ( 'NONE', *, *, #2472, .T. ) ;
#1857 = CARTESIAN_POINT ( 'NONE',  ( -1.374429794011946759, 0.9999999999999991118, 10.43231607706383635 ) ) ;
#1858 = CARTESIAN_POINT ( 'NONE',  ( -19.45298514331502560, 0.9999999999999992228, -6.605420998298281887 ) ) ;
#1859 = DIRECTION ( 'NONE',  ( 0.000000000000000000, 1.000000000000000000, -0.000000000000000000 ) ) ;
#1860 = CARTESIAN_POINT ( 'NONE',  ( -4.331168428932288705, 29.93633305994299576, -27.19982749690968049 ) ) ;
#1861 = FACE_OUTER_BOUND ( 'NONE', #2891, .T. ) ;
#1862 = CARTESIAN_POINT ( 'NONE',  ( 16.29970632554850596, 2.999999999999999112, -12.50479073202203217 ) ) ;
#1863 = CARTESIAN_POINT ( 'NONE',  ( 20.49999999999999645, 0.9999999999999991118, 2.561858920674989269E-13 ) ) ;
#1864 = ORIENTED_EDGE ( 'NONE', *, *, #1352, .T. ) ;
#1865 = ADVANCED_FACE ( 'NONE', ( #2021 ), #331, .F. ) ;
#1866 = CARTESIAN_POINT ( 'NONE',  ( -2.166498036020554352, 26.30446060806728781, -32.80436809544939791 ) ) ;
#1867 = CARTESIAN_POINT ( 'NONE',  ( 2.862815552404815556, 27.44417914901872990, -32.26266073898820963 ) ) ;
#1868 = CARTESIAN_POINT ( 'NONE',  ( 1.668192383649603983, 24.63605986786511437, -33.50687029303674080 ) ) ;
#1869 = CARTESIAN_POINT ( 'NONE',  ( -6.605420998298539459, 2.999999999999999112, -19.45298514331479112 ) ) ;
#1870 = CARTESIAN_POINT ( 'NONE',  ( -1.451818925407959204, 0.000000000000000000, 34.06855685746891282 ) ) ;
#1871 = CARTESIAN_POINT ( 'NONE',  ( 0.000000000000000000, 0.9999999999999992228, 20.50000000000000000 ) ) ;
#1872 = CARTESIAN_POINT ( 'NONE',  ( -2.683410550213612300, 2.999999999999999112, -20.36785519807598632 ) ) ;
#1873 = DIRECTION ( 'NONE',  ( 0.000000000000000000, 0.000000000000000000, 1.000000000000000000 ) ) ;
#1874 = CARTESIAN_POINT ( 'NONE',  ( -3.192696274428044489, 27.34993615493633001, -32.31546107014976599 ) ) ;
#1875 = CARTESIAN_POINT ( 'NONE',  ( 2.700174592874581059, 26.31661729894061708, 33.12876749783913510 ) ) ;
#1876 = CARTESIAN_POINT ( 'NONE',  ( -19.84434129845625705, 0.9999999999999992228, 5.315292652447752175 ) ) ;
#1877 = CARTESIAN_POINT ( 'NONE',  ( -4.444187029919253185, 29.97448422280032432, 26.78344450475496785 ) ) ;
#1878 = CARTESIAN_POINT ( 'NONE',  ( -3.107478606119328912, 27.94097290537311551, 31.71059252340804591 ) ) ;
#1879 = CARTESIAN_POINT ( 'NONE',  ( 9.084599730543875040, 2.999999999999999556, -18.42607568887184399 ) ) ;
#1880 = EDGE_CURVE ( 'NONE', #764, #2657, #1381, .T. ) ;
#1881 = CARTESIAN_POINT ( 'NONE',  ( 3.991720173208157529, 29.73844792936800729, -28.20494029817721326 ) ) ;
#1882 = CARTESIAN_POINT ( 'NONE',  ( 3.992386049282393046, 29.73910468346596048, -28.20244645537835737 ) ) ;
#1883 = CARTESIAN_POINT ( 'NONE',  ( 1.341721860442342873, 2.999999999999999112, -20.49999999999999645 ) ) ;
#1884 = CARTESIAN_POINT ( 'NONE',  ( 10.27358882178252841, 0.9999999999999992228, -17.79054777885505345 ) ) ;
#1885 = CARTESIAN_POINT ( 'NONE',  ( 20.49999999999999645, 2.999999999999999112, -1.341721860442337544 ) ) ;
#1886 = DIRECTION ( 'NONE',  ( 0.000000000000000000, 0.000000000000000000, 1.000000000000000000 ) ) ;
#1887 = VERTEX_POINT ( 'NONE', #1790 ) ;
#1888 = CARTESIAN_POINT ( 'NONE',  ( -16.29970632554700671, 0.9999999999999992228, 12.50479073202160762 ) ) ;
#1889 = CARTESIAN_POINT ( 'NONE',  ( -1.964225604963704575, 22.55142336101420852, 34.44203813838840489 ) ) ;
#1890 = CARTESIAN_POINT ( 'NONE',  ( -1.864615242814605445, 24.91808748022855724, 33.60050684089073769 ) ) ;
#1891 = CARTESIAN_POINT ( 'NONE',  ( -1.558746045970862859, 24.12329852922616880, -33.63692096071991244 ) ) ;
#1892 = AXIS2_PLACEMENT_3D ( 'NONE', #1121, #2085, #2783 ) ;
#1893 = ADVANCED_FACE ( 'NONE', ( #1774 ), #553, .T. ) ;
#1894 = CARTESIAN_POINT ( 'NONE',  ( 5.935404816782529736, 17.30000000000000071, 0.000000000000000000 ) ) ;
#1895 = CIRCLE ( 'NONE', #1602, 34.50000000000000000 ) ;
#1896 = CARTESIAN_POINT ( 'NONE',  ( 2.917576890101120757, 28.07460884201655560, -31.35863297608540279 ) ) ;
#1897 = CARTESIAN_POINT ( 'NONE',  ( 12.50479073202109248, 2.999999999999999112, -16.29970632554912768 ) ) ;
#1898 = CARTESIAN_POINT ( 'NONE',  ( 1.255262969126037241E-15, 2.999999999999999112, 20.49999999999999645 ) ) ;
#1899 = AXIS2_PLACEMENT_3D ( 'NONE', #396, #1354, #682 ) ;
#1900 = CARTESIAN_POINT ( 'NONE',  ( 6.605420998298543900, 0.9999999999999992228, 19.45298514331413742 ) ) ;
#1901 = EDGE_CURVE ( 'NONE', #2962, #616, #790, .T. ) ;
#1902 = CARTESIAN_POINT ( 'NONE',  ( 1.374429794011656103, 0.9999999999999991118, -10.43231607706380970 ) ) ;
#1903 = CARTESIAN_POINT ( 'NONE',  ( -1.341721860441310143, 0.9999999999999992228, 20.49999999999880629 ) ) ;
#1904 = DIRECTION ( 'NONE',  ( 0.000000000000000000, 1.000000000000000000, -0.000000000000000000 ) ) ;
#1905 = ORIENTED_EDGE ( 'NONE', *, *, #2434, .T. ) ;
#1906 = CARTESIAN_POINT ( 'NONE',  ( -17.79054777885733429, 0.9999999999999992228, -10.27358882178209676 ) ) ;
#1907 = CARTESIAN_POINT ( 'NONE',  ( -1.964225604963708571, 22.00000000000000000, 34.44203813838840489 ) ) ;
#1908 = CARTESIAN_POINT ( 'NONE',  ( -2.439906140331312479, 25.40428863723827391, 33.65410816582295439 ) ) ;
#1909 = VERTEX_POINT ( 'NONE', #589 ) ;
#1910 = CARTESIAN_POINT ( 'NONE',  ( -3.854828076514867252, 29.59173417579909682, -28.70135263657367020 ) ) ;
#1911 = FACE_OUTER_BOUND ( 'NONE', #2970, .T. ) ;
#1912 = CARTESIAN_POINT ( 'NONE',  ( 1.511181207183281527, 23.86194254765261391, -33.69022036661575470 ) ) ;
#1913 = LINE ( 'NONE', #197, #1806 ) ;
#1914 =( BOUNDED_SURFACE ( )  B_SPLINE_SURFACE ( 3, 2, ( 
 ( #1684, #1205, #249 ),
 ( #2354, #914, #1580 ),
 ( #1337, #709, #2137 ),
 ( #945, #234, #678 ),
 ( #694, #1106, #722 ),
 ( #439, #1412, #2366 ),
 ( #1890, #3058, #2821 ),
 ( #1192, #2570, #1908 ),
 ( #2836, #466, #2298 ),
 ( #2395, #2123, #969 ),
 ( #2604, #2614, #205 ),
 ( #1161, #3044, #1426 ),
 ( #960, #928, #1921 ),
 ( #479, #1878, #1443 ),
 ( #2070, #2166, #147 ),
 ( #12, #2806, #2751 ),
 ( #2987, #623, #308 ),
 ( #1488, #2678, #324 ),
 ( #2230, #545, #25 ),
 ( #1217, #2629, #1750 ),
 ( #2465, #763, #2178 ),
 ( #1506, #1263, #999 ),
 ( #2451, #779, #1456 ),
 ( #733, #1701, #1964 ) ),
 .UNSPECIFIED., .F., .F., .T. ) 
 B_SPLINE_SURFACE_WITH_KNOTS ( ( 4, 2, 2, 2, 2, 2, 2, 2, 2, 2, 2, 4 ),
 ( 3, 3 ),
 ( 0.000000000000000000, 0.001537262183677611058, 0.002305893275516416804, 0.003074524367355222117, 0.003843155459194027863, 0.004611786551032833609, 0.006149048734710444233, 0.006917679826549250413, 0.007686310918388055725, 0.009223573102065667217, 0.01076083528574327784, 0.01229809746942088847 ),
 ( 0.000000000000000000, 1.000000000000000000 ),
 .UNSPECIFIED. ) 
 GEOMETRIC_REPRESENTATION_ITEM ( )  RATIONAL_B_SPLINE_SURFACE ( (
 ( 1.000000000000000000, 0.7732729967801821314, 1.000000000000000000),
 ( 1.000000000000000000, 0.7730902019326716390, 1.000000000000000000),
 ( 1.000000000000000000, 0.7842039749903415569, 1.000000000000000000),
 ( 1.000000000000000000, 0.8087670434240514794, 1.000000000000000000),
 ( 1.000000000000000000, 0.8182669567848104286, 1.000000000000000000),
 ( 1.000000000000000000, 0.8377592761846384128, 1.000000000000000000),
 ( 1.000000000000000000, 0.8477645748502917744, 1.000000000000000000),
 ( 1.000000000000000000, 0.8672357797195442419, 1.000000000000000000),
 ( 1.000000000000000000, 0.8767092161478459156, 1.000000000000000000),
 ( 1.000000000000000000, 0.8946297080636184118, 1.000000000000000000),
 ( 1.000000000000000000, 0.9030453147996364560, 1.000000000000000000),
 ( 1.000000000000000000, 0.9261588939928564468, 1.000000000000000000),
 ( 1.000000000000000000, 0.9388783982298799513, 1.000000000000000000),
 ( 1.000000000000000000, 0.9546911780906565115, 1.000000000000000000),
 ( 1.000000000000000000, 0.9594287990789329701, 1.000000000000000000),
 ( 1.000000000000000000, 0.9678277649196787014, 1.000000000000000000),
 ( 1.000000000000000000, 0.9715164366498751924, 1.000000000000000000),
 ( 1.000000000000000000, 0.9813306381550928048, 1.000000000000000000),
 ( 1.000000000000000000, 0.9862235398656449270, 1.000000000000000000),
 ( 1.000000000000000000, 0.9936765129976046218, 1.000000000000000000),
 ( 1.000000000000000000, 0.9961383251464013266, 1.000000000000000000),
 ( 1.000000000000000000, 0.9993085973034283587, 1.000000000000000000),
 ( 1.000000000000000000, 1.000000661208080954, 1.000000000000000000),
 ( 1.000000000000000000, 1.000000000000000000, 1.000000000000000000) ) ) 
 REPRESENTATION_ITEM ( '' )  SURFACE ( )  );
#1915 = CARTESIAN_POINT ( 'NONE',  ( -18.42607568964773535, 0.9999999999999992228, 9.084599728669797258 ) ) ;
#1916 = CARTESIAN_POINT ( 'NONE',  ( 10.16384916928388549, 1.000000000000000222, -2.724288797611755353 ) ) ;
#1917 = CARTESIAN_POINT ( 'NONE',  ( 10.50000000000000000, 0.9999999999999995559, 3.252606517456513302E-16 ) ) ;
#1918 = CARTESIAN_POINT ( 'NONE',  ( -4.023690770928073590, 29.50064035323034517, -29.01859677344891963 ) ) ;
#1919 = EDGE_CURVE ( 'NONE', #605, #2406, #2012, .T. ) ;
#1920 = CARTESIAN_POINT ( 'NONE',  ( 0.000000000000000000, 0.9999999999999995559, 10.50000000000000000 ) ) ;
#1921 = CARTESIAN_POINT ( 'NONE',  ( -3.049405252690654322, 27.36404700424824910, 32.31265122005622459 ) ) ;
#1922 = ORIENTED_EDGE ( 'NONE', *, *, #297, .T. ) ;
#1923 = CARTESIAN_POINT ( 'NONE',  ( 2.683410548224200110, 2.999999999999999112, -20.36785519847170889 ) ) ;
#1924 = DIRECTION ( 'NONE',  ( 0.000000000000000000, 0.000000000000000000, 1.000000000000000000 ) ) ;
#1925 = LINE ( 'NONE', #499, #2530 ) ;
#1926 = ORIENTED_EDGE ( 'NONE', *, *, #1163, .F. ) ;
#1927 = DIRECTION ( 'NONE',  ( 0.000000000000000000, 1.000000000000000000, 0.000000000000000000 ) ) ;
#1928 = CARTESIAN_POINT ( 'NONE',  ( -2.475245825664776245, 24.14844952587540661, -34.12319947092836259 ) ) ;
#1929 = CARTESIAN_POINT ( 'NONE',  ( 13.54694838833947479, 0.9999999999999992228, 15.44442964030957199 ) ) ;
#1930 = CARTESIAN_POINT ( 'NONE',  ( 9.113289753259559589, 1.000000000000000222, 5.260563587857337353 ) ) ;
#1931 = CARTESIAN_POINT ( 'NONE',  ( 10.43231607706321462, 0.9999999999999991118, 1.374429794011805539 ) ) ;
#1932 = EDGE_CURVE ( 'NONE', #160, #2011, #628, .T. ) ;
#1933 = CARTESIAN_POINT ( 'NONE',  ( -5.315292654437032915, 2.999999999999999112, -19.84434129806075120 ) ) ;
#1934 = ORIENTED_EDGE ( 'NONE', *, *, #2919, .T. ) ;
#1935 = DIRECTION ( 'NONE',  ( 0.000000000000000000, 1.000000000000000000, -0.000000000000000000 ) ) ;
#1936 = LINE ( 'NONE', #1473, #2616 ) ;
#1937 = CARTESIAN_POINT ( 'NONE',  ( -20.50000000000000000, 0.9999999999999991118, 4.331779861504508699E-13 ) ) ;
#1938 = DIRECTION ( 'NONE',  ( 0.000000000000000000, 0.000000000000000000, 1.000000000000000000 ) ) ;
#1939 = AXIS2_PLACEMENT_3D ( 'NONE', #716, #1927, #1227 ) ;
#1940 = AXIS2_PLACEMENT_3D ( 'NONE', #1504, #291, #41 ) ;
#1941 = AXIS2_PLACEMENT_3D ( 'NONE', #1894, #1603, #2534 ) ;
#1942 = VECTOR ( 'NONE', #1253, 1000.000000000000000 ) ;
#1943 = CARTESIAN_POINT ( 'NONE',  ( -18.42607568964802667, 2.999999999999999112, -9.084599728669987329 ) ) ;
#1944 = CARTESIAN_POINT ( 'NONE',  ( -2.440404458843268731, 23.88511791507554349, -34.19445595690631023 ) ) ;
#1945 = CARTESIAN_POINT ( 'NONE',  ( 0.000000000000000000, 0.9999999999999991118, 10.50000000000000000 ) ) ;
#1946 = CARTESIAN_POINT ( 'NONE',  ( -13.54694838833918702, 2.999999999999999112, -15.44442964030926468 ) ) ;
#1947 = CARTESIAN_POINT ( 'NONE',  ( 6.404892813962575815, 0.9999999999999991118, -8.348630069183966995 ) ) ;
#1948 = CARTESIAN_POINT ( 'NONE',  ( -20.36785519847170889, 2.999999999999999112, -2.683410548224200554 ) ) ;
#1949 = ORIENTED_EDGE ( 'NONE', *, *, #1163, .T. ) ;
#1950 = B_SPLINE_CURVE_WITH_KNOTS ( 'NONE', 3,
 ( #487, #284, #740, #992, #2158, #1706, #1415, #2369, #754, #2633, #2882, #2650, #1460, #223, #1179, #514, #948, #1476, #2424, #4, #1240, #2204, #50, #713, #1006, #1675, #2606, #470 ),
 .UNSPECIFIED., .F., .F.,
 ( 4, 2, 2, 2, 2, 2, 2, 2, 2, 2, 2, 2, 2, 4 ),
 ( 0.000000000000000000, 0.001624797090129499223, 0.002437195635194243631, 0.003249594180258988038, 0.004061992725323732879, 0.004874391270388477720, 0.006499188360517975209, 0.007311586905582735663, 0.008123985450647502188, 0.009748782540777021360, 0.01137357963090654053, 0.01218597817597130012, 0.01259217744850367471, 0.01299837672103605103 ),
 .UNSPECIFIED. ) ;
#1951 = CARTESIAN_POINT ( 'NONE',  ( -5.260523546507691606, 1.000000000000000000, -9.113229827140596484 ) ) ;
#1952 = DIRECTION ( 'NONE',  ( -5.329070518200750605E-15, 0.000000000000000000, -1.000000000000000000 ) ) ;
#1953 = ADVANCED_FACE ( 'NONE', ( #1176 ), #1914, .T. ) ;
#1954 = EDGE_LOOP ( 'NONE', ( #1287, #3005, #780, #2837, #2134, #156, #2053, #1926, #911, #1072 ) ) ;
#1955 = CYLINDRICAL_SURFACE ( 'NONE', #531, 1.499999999999904077 ) ;
#1956 = DIRECTION ( 'NONE',  ( -0.000000000000000000, -1.000000000000000000, -0.000000000000000000 ) ) ;
#1957 = LINE ( 'NONE', #471, #2052 ) ;
#1958 = DIRECTION ( 'NONE',  ( -0.000000000000000000, -1.000000000000000000, -0.000000000000000000 ) ) ;
#1959 = CARTESIAN_POINT ( 'NONE',  ( -1.736570027741344502, 24.91308663510838528, -33.42179937633559206 ) ) ;
#1960 = CARTESIAN_POINT ( 'NONE',  ( 2.722466968327052150, 0.9999999999999991118, -10.16417481140403112 ) ) ;
#1961 = ORIENTED_EDGE ( 'NONE', *, *, #1551, .T. ) ;
#1962 = CARTESIAN_POINT ( 'NONE',  ( 0.000000000000000000, 1.000000000000000000, 0.000000000000000000 ) ) ;
#1963 = CARTESIAN_POINT ( 'NONE',  ( -34.44790720464712308, 23.05202118924596633, -0.000000000000000000 ) ) ;
#1964 = CARTESIAN_POINT ( 'NONE',  ( -4.547635486306329966, 30.00000000000000000, 26.10487591765614823 ) ) ;
#1965 = VERTEX_POINT ( 'NONE', #982 ) ;
#1966 = CARTESIAN_POINT ( 'NONE',  ( -1.372607964730950814, 0.9999999999999997780, -10.43264171918206529 ) ) ;
#1967 = CARTESIAN_POINT ( 'NONE',  ( 19.84434129806074409, 2.999999999999999112, -5.315292654437052455 ) ) ;
#1968 = DIRECTION ( 'NONE',  ( -0.000000000000000000, -1.000000000000000000, -0.000000000000000000 ) ) ;
#1969 = ORIENTED_EDGE ( 'NONE', *, *, #2762, .F. ) ;
#1970 = CARTESIAN_POINT ( 'NONE',  ( 2.683410550213662482, 2.999999999999999112, 20.36785519807597211 ) ) ;
#1971 = CARTESIAN_POINT ( 'NONE',  ( 0.000000000000000000, 1.000000000000000000, 0.000000000000000000 ) ) ;
#1972 = FACE_OUTER_BOUND ( 'NONE', #710, .T. ) ;
#1973 = EDGE_CURVE ( 'NONE', #73, #2846, #1147, .T. ) ;
#1974 = ORIENTED_EDGE ( 'NONE', *, *, #392, .T. ) ;
#1975 = CARTESIAN_POINT ( 'NONE',  ( -4.635670086541695767, 29.66614991731973916, -19.36947513493560891 ) ) ;
#1976 = CARTESIAN_POINT ( 'NONE',  ( -2.192707811625802972, 25.51109143442780791, -33.62866756671974855 ) ) ;
#1977 = CARTESIAN_POINT ( 'NONE',  ( -10.43231607706383635, 0.9999999999999991118, -1.374429794011796879 ) ) ;
#1978 = CARTESIAN_POINT ( 'NONE',  ( 4.654810959622978750, 1.000000000000000222, 9.437071278682291009 ) ) ;
#1979 = CARTESIAN_POINT ( 'NONE',  ( -0.6872233919338801567, 0.9999999999999991118, -10.50000000000000000 ) ) ;
#1980 = CARTESIAN_POINT ( 'NONE',  ( -2.683410548224209879, 2.999999999999999112, -20.36785519847170178 ) ) ;
#1981 = EDGE_LOOP ( 'NONE', ( #551, #1595, #2198 ) ) ;
#1982 = DIRECTION ( 'NONE',  ( 0.000000000000000000, 0.000000000000000000, 1.000000000000000000 ) ) ;
#1983 = DIRECTION ( 'NONE',  ( 1.000000000000000000, -0.000000000000000000, 0.000000000000000000 ) ) ;
#1984 = ORIENTED_EDGE ( 'NONE', *, *, #1880, .F. ) ;
#1985 = CARTESIAN_POINT ( 'NONE',  ( 19.84434129845647021, 2.999999999999999112, -5.315292652447616284 ) ) ;
#1986 = CARTESIAN_POINT ( 'NONE',  ( 0.000000000000000000, 42.07074862707557372, 0.000000000000000000 ) ) ;
#1987 = CARTESIAN_POINT ( 'NONE',  ( 4.335301035084796695, 29.93701303232303701, 27.17446067097959883 ) ) ;
#1988 = LINE ( 'NONE', #1075, #2823 ) ;
#1989 = CONICAL_SURFACE ( 'NONE', #279, 20.24999999999999645, 0.7853981633974466137 ) ;
#1990 = CARTESIAN_POINT ( 'NONE',  ( -2.409573430204651867, 26.20444059350715804, -33.22996425804435461 ) ) ;
#1991 = CARTESIAN_POINT ( 'NONE',  ( -10.50000000000000000, 0.9999999999999991118, 0.6872233919338982533 ) ) ;
#1992 = ORIENTED_EDGE ( 'NONE', *, *, #2281, .T. ) ;
#1993 = AXIS2_PLACEMENT_3D ( 'NONE', #2326, #164, #884 ) ;
#1994 = CIRCLE ( 'NONE', #3014, 34.50000000000000711 ) ;
#1995 = EDGE_CURVE ( 'NONE', #1772, #44, #2860, .T. ) ;
#1996 = CARTESIAN_POINT ( 'NONE',  ( 10.43231607706321462, 0.9999999999999991118, 1.374429794011805539 ) ) ;
#1997 = CARTESIAN_POINT ( 'NONE',  ( -5.935404816782529736, 17.30000000000000071, 19.62195121951215881 ) ) ;
#1998 = EDGE_LOOP ( 'NONE', ( #2250, #1055, #2983, #2745 ) ) ;
#1999 = VECTOR ( 'NONE', #2810, 1000.000000000000000 ) ;
#2000 = CARTESIAN_POINT ( 'NONE',  ( 34.39753872769468757, 23.30317238289011073, -0.000000000000000000 ) ) ;
#2001 = CARTESIAN_POINT ( 'NONE',  ( -9.113229827146195561, 1.000000000000000000, 5.260523546501552516 ) ) ;
#2002 = CARTESIAN_POINT ( 'NONE',  ( -1.341721860441310143, 0.9999999999999992228, 20.49999999999880629 ) ) ;
#2003 = FILL_AREA_STYLE ('',( #79 ) ) ;
#2004 = CARTESIAN_POINT ( 'NONE',  ( 0.000000000000000000, 18.55000000000000426, -19.25000000000000000 ) ) ;
#2005 = DIRECTION ( 'NONE',  ( 0.000000000000000000, 0.000000000000000000, -1.000000000000000000 ) ) ;
#2006 = DIRECTION ( 'NONE',  ( 0.000000000000000000, -0.7071067811865474617, 0.7071067811865474617 ) ) ;
#2007 = CARTESIAN_POINT ( 'NONE',  ( 10.27358882178261368, 2.999999999999999112, 17.79054777885520977 ) ) ;
#2008 = CARTESIAN_POINT ( 'NONE',  ( -10.50000000000000000, 0.9999999999999991118, -0.6872233919338648356 ) ) ;
#2009 = CARTESIAN_POINT ( 'NONE',  ( 19.84434129845509176, 0.9999999999999992228, 5.315292652447308974 ) ) ;
#2010 = CARTESIAN_POINT ( 'NONE',  ( 3.223296891911954454, 28.40076506895492159, 31.03217016502874515 ) ) ;
#2011 = VERTEX_POINT ( 'NONE', #72 ) ;
#2012 = B_SPLINE_CURVE_WITH_KNOTS ( 'NONE', 3,
 ( #1549, #607, #1565, #363, #129, #856, #1320, #536, #1498, #2444, #1757, #2685, #2458, #316, #1269, #572, #2377, #1659, #1671, #2591, #1399, #453, #2849, #1641 ),
 .UNSPECIFIED., .F., .F.,
 ( 4, 2, 2, 2, 2, 2, 2, 2, 2, 2, 2, 4 ),
 ( -2.238478527946064026E-05, 0.001613843463386057612, 0.002431957587718821742, 0.003250071712051585873, 0.004886299960717119771, 0.006522528209382654103, 0.008158756458048189303, 0.008976870582380966010, 0.009794984706713742717, 0.01061309883104651942, 0.01143121295537929613, 0.01306744120404484608 ),
 .UNSPECIFIED. ) ;
#2013 = EDGE_CURVE ( 'NONE', #1453, #873, #434, .T. ) ;
#2014 = CARTESIAN_POINT ( 'NONE',  ( 12.50479073202119373, 0.9999999999999992228, -16.29970632554927334 ) ) ;
#2015 =( BOUNDED_SURFACE ( )  B_SPLINE_SURFACE ( 2, 3, ( 
 ( #2600, #1188, #2151, #1129, #3071, #718, #1680, #2321, #171, #2790, #1623, #909, #2553, #1373, #2803, #2333, #1143, #1502, #2918, #996, #794, #1726, #2392, #2611, #54, #1466, #246, #2208, #503, #475, #1960, #744, #978, #2656, #1213, #2873, #2887, #1027, #69, #519, #1202, #759, #2625, #22, #1229, #2163, #39, #1977, #775, #1991, #2414, #729, #305, #1260, #1439, #1244, #1481, #2429, #491, #2192, #8, #966, #2903, #2638, #1452, #1945 ),
 ( #1711, #2175, #271, #290, #1012, #1744, #2675, #540, #1929, #2857, #1697, #2448, #2402, #2226, #259, #2493, #2689, #2754, #116, #321, #2025, #2722, #2504, #2059, #2039, #1077, #1061, #366, #1568, #2074, #1323, #596, #353, #1554, #845, #1308, #557, #807, #576, #1293, #1045, #2288, #2273, #87, #2301, #1778, #2961, #2948, #1516, #825, #1814, #1111, #1794, #134, #151, #2258, #2978, #2519, #2740, #859, #1095, #2462, #1825, #610, #2990, #1583 ),
 ( #383, #1274, #2239, #2704, #626, #1341, #2007, #1761, #2931, #1533, #2475, #339, #101, #934, #888, #1123, #699, #3022, #1632, #2536, #2146, #1388, #2087, #670, #1605, #3049, #1897, #1619, #424, #3036, #656, #920, #1883, #397, #1355, #1168, #1869, #2785, #643, #1663, #2769, #1840, #3004, #444, #2812, #2316, #2129, #166, #1855, #904, #683, #2549, #2828, #412, #1368, #2595, #2799, #2561, #2344, #872, #196, #2102, #2328, #1649, #179, #1138 ) ),
 .UNSPECIFIED., .F., .T., .T. ) 
 B_SPLINE_SURFACE_WITH_KNOTS ( ( 3, 3 ),
 ( 4, 2, 2, 2, 2, 2, 2, 2, 2, 2, 2, 2, 2, 2, 2, 2, 2, 2, 2, 2, 2, 2, 2, 2, 2, 2, 2, 2, 2, 2, 2, 2, 4 ),
 ( 0.000000000000000000, 1.000000000000000000 ),
 ( 0.000000000000000000, 0.1963495408493620697, 0.3926990816987241395, 0.5890486225480862092, 0.7853981633974482790, 0.9817477042468103487, 1.178097245096172418, 1.374446785945534488, 1.570796326794896558, 1.767145867644258628, 1.963495408493620697, 2.159844949342982545, 2.356194490192344837, 2.552544031041707129, 2.748893571891068976, 2.945243112740430824, 3.141592653589793116, 3.337942194439155408, 3.534291735288517255, 3.730641276137879103, 3.926990816987241395, 4.123340357836603687, 4.319689898685965090, 4.516039439535327382, 4.712388980384689674, 4.908738521234051966, 5.105088062083414258, 5.301437602932775661, 5.497787143782137953, 5.694136684631500245, 5.890486225480861648, 6.086835766330223940, 6.283185307179586232 ),
 .UNSPECIFIED. ) 
 GEOMETRIC_REPRESENTATION_ITEM ( )  RATIONAL_B_SPLINE_SURFACE ( (
 ( 1.000000000000000000, 1.000000000000000000, 1.000000000000000000, 1.000000000000000000, 1.000000000000000000, 1.000000000000000000, 1.000000000000000000, 1.000000000000000000, 1.000000000000000000, 1.000000000000000000, 1.000000000000000000, 1.000000000000000000, 1.000000000000000000, 1.000000000000000000, 1.000000000000000000, 1.000000000000000000, 1.000000000000000000, 1.000000000000000000, 1.000000000000000000, 1.000000000000000000, 1.000000000000000000, 1.000000000000000000, 1.000000000000000000, 1.000000000000000000, 1.000000000000000000, 1.000000000000000000, 1.000000000000000000, 1.000000000000000000, 1.000000000000000000, 1.000000000000000000, 1.000000000000000000, 1.000000000000000000, 1.000000000000000000, 1.000000000000000000, 1.000000000000000000, 1.000000000000000000, 1.000000000000000000, 1.000000000000000000, 1.000000000000000000, 1.000000000000000000, 1.000000000000000000, 1.000000000000000000, 1.000000000000000000, 1.000000000000000000, 1.000000000000000000, 1.000000000000000000, 1.000000000000000000, 1.000000000000000000, 1.000000000000000000, 1.000000000000000000, 1.000000000000000000, 1.000000000000000000, 1.000000000000000000, 1.000000000000000000, 1.000000000000000000, 1.000000000000000000, 1.000000000000000000, 1.000000000000000000, 1.000000000000000000, 1.000000000000000000, 1.000000000000000000, 1.000000000000000000, 1.000000000000000000, 1.000000000000000000, 1.000000000000000000, 1.000000000000000000),
 ( 0.7071067811865475727, 0.7071067811865475727, 0.7071067811865475727, 0.7071067811865475727, 0.7071067811865475727, 0.7071067811865475727, 0.7071067811865474617, 0.7071067811865474617, 0.7071067811865475727, 0.7071067811865475727, 0.7071067811865476838, 0.7071067811865476838, 0.7071067811865475727, 0.7071067811865475727, 0.7071067811865475727, 0.7071067811865475727, 0.7071067811865475727, 0.7071067811865475727, 0.7071067811865475727, 0.7071067811865475727, 0.7071067811865475727, 0.7071067811865475727, 0.7071067811865475727, 0.7071067811865475727, 0.7071067811865476838, 0.7071067811865476838, 0.7071067811865475727, 0.7071067811865475727, 0.7071067811865475727, 0.7071067811865475727, 0.7071067811865475727, 0.7071067811865475727, 0.7071067811865475727, 0.7071067811865475727, 0.7071067811865475727, 0.7071067811865475727, 0.7071067811865475727, 0.7071067811865475727, 0.7071067811865475727, 0.7071067811865475727, 0.7071067811865475727, 0.7071067811865475727, 0.7071067811865475727, 0.7071067811865475727, 0.7071067811865475727, 0.7071067811865475727, 0.7071067811865475727, 0.7071067811865475727, 0.7071067811865475727, 0.7071067811865475727, 0.7071067811865475727, 0.7071067811865475727, 0.7071067811865475727, 0.7071067811865475727, 0.7071067811865475727, 0.7071067811865475727, 0.7071067811865476838, 0.7071067811865476838, 0.7071067811865475727, 0.7071067811865475727, 0.7071067811865475727, 0.7071067811865475727, 0.7071067811865475727, 0.7071067811865475727, 0.7071067811865475727, 0.7071067811865475727),
 ( 1.000000000000000000, 1.000000000000000000, 1.000000000000000000, 1.000000000000000000, 1.000000000000000000, 1.000000000000000000, 1.000000000000000000, 1.000000000000000000, 1.000000000000000000, 1.000000000000000000, 1.000000000000000000, 1.000000000000000000, 1.000000000000000000, 1.000000000000000000, 1.000000000000000000, 1.000000000000000000, 1.000000000000000000, 1.000000000000000000, 1.000000000000000000, 1.000000000000000000, 1.000000000000000000, 1.000000000000000000, 1.000000000000000000, 1.000000000000000000, 1.000000000000000000, 1.000000000000000000, 1.000000000000000000, 1.000000000000000000, 1.000000000000000000, 1.000000000000000000, 1.000000000000000000, 1.000000000000000000, 1.000000000000000000, 1.000000000000000000, 1.000000000000000000, 1.000000000000000000, 1.000000000000000000, 1.000000000000000000, 1.000000000000000000, 1.000000000000000000, 1.000000000000000000, 1.000000000000000000, 1.000000000000000000, 1.000000000000000000, 1.000000000000000000, 1.000000000000000000, 1.000000000000000000, 1.000000000000000000, 1.000000000000000000, 1.000000000000000000, 1.000000000000000000, 1.000000000000000000, 1.000000000000000000, 1.000000000000000000, 1.000000000000000000, 1.000000000000000000, 1.000000000000000000, 1.000000000000000000, 1.000000000000000000, 1.000000000000000000, 1.000000000000000000, 1.000000000000000000, 1.000000000000000000, 1.000000000000000000, 1.000000000000000000, 1.000000000000000000) ) ) 
 REPRESENTATION_ITEM ( '' )  SURFACE ( )  );
#2016 = CARTESIAN_POINT ( 'NONE',  ( 20.50000000000000000, 30.00100000000000122, 0.000000000000000000 ) ) ;
#2017 = EDGE_LOOP ( 'NONE', ( #2120, #2979, #1521, #1578 ) ) ;
#2018 = VERTEX_POINT ( 'NONE', #1715 ) ;
#2019 = CARTESIAN_POINT ( 'NONE',  ( 19.84434129845641692, 2.999999999999999112, 5.315292652447871191 ) ) ;
#2020 = APPLICATION_PROTOCOL_DEFINITION ( 'draft international standard', 'automotive_design', 1998, #2385 ) ;
#2021 = FACE_OUTER_BOUND ( 'NONE', #2155, .T. ) ;
#2022 = PLANE ( 'NONE',  #1338 ) ;
#2023 = CARTESIAN_POINT ( 'NONE',  ( 7.911844438737906771, 1.000000000000000000, -6.937347003206307150 ) ) ;
#2024 = CARTESIAN_POINT ( 'NONE',  ( -4.074095378464428485, 29.59104282353882809, -28.75305840601209795 ) ) ;
#2025 = CARTESIAN_POINT ( 'NONE',  ( 19.45298514331502915, 0.9999999999999992228, -6.605420998298080271 ) ) ;
#2026 = ORIENTED_EDGE ( 'NONE', *, *, #2237, .F. ) ;
#2027 = CARTESIAN_POINT ( 'NONE',  ( -6.938680881832491210, 0.9999999999999991118, -7.910561523085306135 ) ) ;
#2028 = CARTESIAN_POINT ( 'NONE',  ( 18.42607568964773179, 0.9999999999999992228, 9.084599728670003316 ) ) ;
#2029 = CARTESIAN_POINT ( 'NONE',  ( 3.302645869671460233, 28.55120000393956659, 30.82304187072214674 ) ) ;
#2030 = VERTEX_POINT ( 'NONE', #523 ) ;
#2031 = CARTESIAN_POINT ( 'NONE',  ( 20.50000000000000000, 0.9999999999999992228, -1.341721860442337544 ) ) ;
#2032 = EDGE_CURVE ( 'NONE', #850, #749, #1746, .T. ) ;
#2033 = CARTESIAN_POINT ( 'NONE',  ( 5.935404816782297033, 17.30000000000000071, 0.000000000000000000 ) ) ;
#2034 = ORIENTED_EDGE ( 'NONE', *, *, #1004, .T. ) ;
#2035 =( LENGTH_UNIT ( ) NAMED_UNIT ( * ) SI_UNIT ( .MILLI., .METRE. ) );
#2036 = DIRECTION ( 'NONE',  ( 0.000000000000000000, 0.000000000000000000, 1.000000000000000000 ) ) ;
#2037 = CARTESIAN_POINT ( 'NONE',  ( 4.654783378659012705, 1.000000000000000000, -9.437004692348853752 ) ) ;
#2038 = DIRECTION ( 'NONE',  ( 0.000000000000000000, 0.000000000000000000, -1.000000000000000000 ) ) ;
#2039 = CARTESIAN_POINT ( 'NONE',  ( 15.44442964030896448, 1.000000000001045608, -13.54694838833948545 ) ) ;
#2040 = EDGE_LOOP ( 'NONE', ( #121, #2466, #2274, #2396, #2728, #1563, #826 ) ) ;
#2041 = FACE_OUTER_BOUND ( 'NONE', #957, .T. ) ;
#2042 = UNCERTAINTY_MEASURE_WITH_UNIT (LENGTH_MEASURE( 1.000000000000000082E-05 ), #509, 'distance_accuracy_value', 'NONE');
#2043 = CARTESIAN_POINT ( 'NONE',  ( 0.000000000000000000, 0.9999999999999991118, 10.50000000000000000 ) ) ;
#2044 = CARTESIAN_POINT ( 'NONE',  ( 2.473705334815191836, 26.38644762366876151, 33.10229178880548062 ) ) ;
#2045 = ORIENTED_EDGE ( 'NONE', *, *, #2367, .F. ) ;
#2046 = VECTOR ( 'NONE', #345, 1000.000000000000000 ) ;
#2047 = AXIS2_PLACEMENT_3D ( 'NONE', #372, #2080, #2776 ) ;
#2048 = CARTESIAN_POINT ( 'NONE',  ( 19.84434129845509176, 0.9999999999999992228, 5.315292652447308974 ) ) ;
#2049 = CARTESIAN_POINT ( 'NONE',  ( -31.77397328264562759, 28.02109100301517941, -0.000000000000000000 ) ) ;
#2050 = CIRCLE ( 'NONE', #481, 20.50000000000000000 ) ;
#2051 = CARTESIAN_POINT ( 'NONE',  ( -4.336808689942017736E-16, 22.00000000000000000, -0.002000791051989803115 ) ) ;
#2052 = VECTOR ( 'NONE', #1739, 1000.000000000000000 ) ;
#2053 = ORIENTED_EDGE ( 'NONE', *, *, #2977, .T. ) ;
#2054 = CARTESIAN_POINT ( 'NONE',  ( -1.341721860441310143, 2.999999999999999112, 20.49999999999999645 ) ) ;
#2055 = CARTESIAN_POINT ( 'NONE',  ( -5.804024522700433231, 18.55000000000001137, 18.35417661841282566 ) ) ;
#2056 = EDGE_CURVE ( 'NONE', #2657, #1222, #1607, .T. ) ;
#2057 = CARTESIAN_POINT ( 'NONE',  ( 1.994332987708198779, 24.76972556733700870, -33.95924795351444203 ) ) ;
#2058 = CARTESIAN_POINT ( 'NONE',  ( -4.291384217277967039, 29.95014096881884313, -27.19127197252005956 ) ) ;
#2059 = CARTESIAN_POINT ( 'NONE',  ( 16.29970632554810450, 0.9999999999999992228, -12.50479073202116531 ) ) ;
#2060 = ORIENTED_EDGE ( 'NONE', *, *, #1687, .T. ) ;
#2061 = CARTESIAN_POINT ( 'NONE',  ( 4.653087665904354964, 0.9999999999999991118, 9.437746084941963431 ) ) ;
#2062 = CARTESIAN_POINT ( 'NONE',  ( -5.315292652447575428, 0.9999999999999992228, -19.84434129845628902 ) ) ;
#2063 = CARTESIAN_POINT ( 'NONE',  ( 3.462464466034852251, 28.40076506899532660, 31.11194076589199398 ) ) ;
#2064 = ORIENTED_EDGE ( 'NONE', *, *, #1673, .T. ) ;
#2065 = CARTESIAN_POINT ( 'NONE',  ( 2.906109894935260396, 26.96034171026119708, 32.66750883330337984 ) ) ;
#2066 = CARTESIAN_POINT ( 'NONE',  ( -1.374429794011946759, 0.9999999999999991118, 10.43231607706383635 ) ) ;
#2067 = CARTESIAN_POINT ( 'NONE',  ( -4.600581028908435677, 30.00000000000000000, 19.72047550634739821 ) ) ;
#2068 = ORIENTED_EDGE ( 'NONE', *, *, #916, .F. ) ;
#2069 = FACE_OUTER_BOUND ( 'NONE', #1328, .T. ) ;
#2070 = CARTESIAN_POINT ( 'NONE',  ( -3.061305462591183080, 28.07859708507437091, 31.43539489653223029 ) ) ;
#2071 = ADVANCED_FACE ( 'NONE', ( #2642 ), #2922, .T. ) ;
#2072 = CARTESIAN_POINT ( 'NONE',  ( 4.333927384934685101, 29.94892957983912396, -27.19807636079759661 ) ) ;
#2073 = CARTESIAN_POINT ( 'NONE',  ( -4.133301367093970669, 29.80579300695233513, -27.96889824485143805 ) ) ;
#2074 = CARTESIAN_POINT ( 'NONE',  ( 6.605420998298696666, 0.9999999999999992228, -19.45298514331501494 ) ) ;
#2075 = VERTEX_POINT ( 'NONE', #2212 ) ;
#2076 = CARTESIAN_POINT ( 'NONE',  ( 18.42607568964773179, 0.9999999999999992228, 9.084599728670003316 ) ) ;
#2077 = CARTESIAN_POINT ( 'NONE',  ( 1.341721860441308367, 0.9999999999999992228, 20.50000000000119016 ) ) ;
#2078 = CARTESIAN_POINT ( 'NONE',  ( 1.680959205459651162, 24.15624127595532400, 33.82491380870021658 ) ) ;
#2079 = VERTEX_POINT ( 'NONE', #58 ) ;
#2080 = DIRECTION ( 'NONE',  ( -0.000000000000000000, -1.000000000000000000, -0.000000000000000000 ) ) ;
#2081 = CARTESIAN_POINT ( 'NONE',  ( -8.348630069183379021, 0.9999999999999991118, -6.404892813962559828 ) ) ;
#2082 = DIRECTION ( 'NONE',  ( 0.000000000000000000, 0.000000000000000000, -1.000000000000000000 ) ) ;
#2083 = ORIENTED_EDGE ( 'NONE', *, *, #1214, .F. ) ;
#2084 = CARTESIAN_POINT ( 'NONE',  ( -20.50000000000000000, 30.00000000000000000, 0.000000000000000000 ) ) ;
#2085 = DIRECTION ( 'NONE',  ( -0.000000000000000000, -1.000000000000000000, 0.000000000000000000 ) ) ;
#2086 = CARTESIAN_POINT ( 'NONE',  ( 3.562547927209550824, 29.21326933332770537, -29.66853033658764716 ) ) ;
#2087 = CARTESIAN_POINT ( 'NONE',  ( 17.79054777885586702, 2.999999999999999112, -10.27358882178164023 ) ) ;
#2088 = ORIENTED_EDGE ( 'NONE', *, *, #222, .F. ) ;
#2089 = CARTESIAN_POINT ( 'NONE',  ( -3.383264413762636647, 0.9999999999999991118, 9.963724097795530810 ) ) ;
#2090 = CARTESIAN_POINT ( 'NONE',  ( 10.27358882178261368, 2.999999999999999112, 17.79054777885520977 ) ) ;
#2091 = CARTESIAN_POINT ( 'NONE',  ( 4.358393032688737456, 29.94914148829236922, 27.18680762969730225 ) ) ;
#2092 = ORIENTED_EDGE ( 'NONE', *, *, #933, .F. ) ;
#2093 = CARTESIAN_POINT ( 'NONE',  ( 2.631984840850792207, 26.09238023722813082, 33.27324874274228961 ) ) ;
#2094 = ADVANCED_FACE ( 'NONE', ( #155 ), #2736, .T. ) ;
#2095 = CARTESIAN_POINT ( 'NONE',  ( 19.84434129845647021, 2.999999999999999112, -5.315292652447616284 ) ) ;
#2096 = CARTESIAN_POINT ( 'NONE',  ( 20.49999999999999645, 2.999999999999999112, -2.487636119323790244E-15 ) ) ;
#2097 = AXIS2_PLACEMENT_3D ( 'NONE', #913, #2, #959 ) ;
#2098 = AXIS2_PLACEMENT_3D ( 'NONE', #114, #1776, #337 ) ;
#2099 = CARTESIAN_POINT ( 'NONE',  ( -19.84434129845637074, 2.999999999999999112, -5.315292652448117217 ) ) ;
#2100 = CARTESIAN_POINT ( 'NONE',  ( 2.852509250624138293, 26.09933400142339366, -33.25489764787808866 ) ) ;
#2101 = CARTESIAN_POINT ( 'NONE',  ( 1.395641439408646267, 23.07494378791136924, -33.81590118330337447 ) ) ;
#2102 = CARTESIAN_POINT ( 'NONE',  ( -6.605420998298239255, 2.999999999999999112, 19.45298514331491901 ) ) ;
#2103 = CARTESIAN_POINT ( 'NONE',  ( -8.348630069183386126, 0.9999999999999991118, 6.404892813962249853 ) ) ;
#2104 = CARTESIAN_POINT ( 'NONE',  ( -15.44442964030898757, 0.9999999999979128917, -13.54694838833827220 ) ) ;
#2105 = DIRECTION ( 'NONE',  ( 0.000000000000000000, -1.000000000000000000, 0.000000000000000000 ) ) ;
#2106 = CARTESIAN_POINT ( 'NONE',  ( -3.545636248003436020, 28.40319508972877216, -31.12426336963235229 ) ) ;
#2107 = CARTESIAN_POINT ( 'NONE',  ( -4.336808689942017736E-16, 0.000000000000000000, -0.002000791051989803115 ) ) ;
#2108 = CARTESIAN_POINT ( 'NONE',  ( -2.683410550213649159, 0.9999999999999992228, -20.36785519807617106 ) ) ;
#2109 = FACE_OUTER_BOUND ( 'NONE', #3018, .T. ) ;
#2110 = EDGE_CURVE ( 'NONE', #850, #160, #2850, .T. ) ;
#2111 = CARTESIAN_POINT ( 'NONE',  ( 6.605420996424778757, 2.999999999999999112, -19.45298514409093471 ) ) ;
#2112 = CARTESIAN_POINT ( 'NONE',  ( 4.165635564847114836, 29.73844792936780479, -28.24168108315550185 ) ) ;
#2113 = CARTESIAN_POINT ( 'NONE',  ( -20.36785519847170534, 3.000000000000000444, 2.683410548224208991 ) ) ;
#2114 = CARTESIAN_POINT ( 'NONE',  ( 20.50000000000000355, 2.999999999999999112, 1.341721862470634408 ) ) ;
#2115 = DIRECTION ( 'NONE',  ( 0.000000000000000000, 1.000000000000000000, -0.000000000000000000 ) ) ;
#2116 = CARTESIAN_POINT ( 'NONE',  ( 19.84434129845628547, 0.9999999999999992228, -5.315292652447578980 ) ) ;
#2117 = CARTESIAN_POINT ( 'NONE',  ( -19.84434129845625705, 0.9999999999999992228, 5.315292652447752175 ) ) ;
#2118 = CARTESIAN_POINT ( 'NONE',  ( -5.494537565105039434, 21.49457170838888587, -19.75530827355305163 ) ) ;
#2119 = ORIENTED_EDGE ( 'NONE', *, *, #2737, .F. ) ;
#2120 = ORIENTED_EDGE ( 'NONE', *, *, #1919, .T. ) ;
#2121 = CARTESIAN_POINT ( 'NONE',  ( -20.36785519807619593, 0.9999999999999992228, -2.683410550213216617 ) ) ;
#2122 = CARTESIAN_POINT ( 'NONE',  ( -3.843773699240291553, 29.20692673999273481, 29.76270127143477140 ) ) ;
#2123 = CARTESIAN_POINT ( 'NONE',  ( -2.393657066432221203, 26.16480271463397145, 33.24867601262901928 ) ) ;
#2124 = ADVANCED_FACE ( 'NONE', ( #183 ), #474, .F. ) ;
#2125 = CARTESIAN_POINT ( 'NONE',  ( -1.354061739223342498, 22.54182824906980187, -33.85615338233035487 ) ) ;
#2126 = EDGE_CURVE ( 'NONE', #1046, #517, #725, .T. ) ;
#2127 = FACE_OUTER_BOUND ( 'NONE', #1078, .T. ) ;
#2128 = LINE ( 'NONE', #1180, #1546 ) ;
#2129 = CARTESIAN_POINT ( 'NONE',  ( -19.84434129845637074, 2.999999999999999112, -5.315292652448117217 ) ) ;
#2130 = FACE_OUTER_BOUND ( 'NONE', #2419, .T. ) ;
#2131 = CARTESIAN_POINT ( 'NONE',  ( -17.79054777885733429, 0.9999999999999992228, -10.27358882178209676 ) ) ;
#2132 = CARTESIAN_POINT ( 'NONE',  ( -13.54694838833866655, 0.9999999999989590549, 15.44442964030858967 ) ) ;
#2133 = DIRECTION ( 'NONE',  ( 1.000000000000000000, -0.000000000000000000, 0.000000000000000000 ) ) ;
#2134 = ORIENTED_EDGE ( 'NONE', *, *, #680, .T. ) ;
#2135 = CARTESIAN_POINT ( 'NONE',  ( 10.27358882178262789, 2.999999999999999112, -17.79054777885520267 ) ) ;
#2136 = CARTESIAN_POINT ( 'NONE',  ( -2.632004730373654677, 26.09244725955177557, 33.27320736787267919 ) ) ;
#2137 = CARTESIAN_POINT ( 'NONE',  ( -2.006464230047698027, 23.09600372552534964, 34.38269417569519248 ) ) ;
#2138 = ORIENTED_EDGE ( 'NONE', *, *, #9, .F. ) ;
#2139 = CARTESIAN_POINT ( 'NONE',  ( -4.600581028908203862, 30.00000000000000000, -19.97710324838038076 ) ) ;
#2140 = VECTOR ( 'NONE', #374, 1000.000000000000000 ) ;
#2141 =( GEOMETRIC_REPRESENTATION_CONTEXT ( 3 ) GLOBAL_UNCERTAINTY_ASSIGNED_CONTEXT ( ( #810 ) ) GLOBAL_UNIT_ASSIGNED_CONTEXT ( ( #2221, #64, #2235 ) ) REPRESENTATION_CONTEXT ( 'NONE', 'WORKASPACE' ) );
#2142 = VECTOR ( 'NONE', #2202, 1000.000000000000000 ) ;
#2143 = CARTESIAN_POINT ( 'NONE',  ( -20.49999999999999645, 2.999999999999999112, 1.825434725822017301E-14 ) ) ;
#2144 = AXIS2_PLACEMENT_3D ( 'NONE', #1209, #993, #241 ) ;
#2145 = LINE ( 'NONE', #2205, #1139 ) ;
#2146 = CARTESIAN_POINT ( 'NONE',  ( 19.45298514331478046, 2.999999999999999112, -6.605420998298575874 ) ) ;
#2147 = LINE ( 'NONE', #281, #187 ) ;
#2148 = CARTESIAN_POINT ( 'NONE',  ( -16.29970632554700671, 0.9999999999999992228, 12.50479073202160762 ) ) ;
#2149 = CARTESIAN_POINT ( 'NONE',  ( -18.42607568964773535, 0.9999999999999992228, 9.084599728669797258 ) ) ;
#2150 = CARTESIAN_POINT ( 'NONE',  ( 5.074827862598228378, 25.48784278301421224, -18.57292515218534135 ) ) ;
#2151 = CARTESIAN_POINT ( 'NONE',  ( 1.374429794011851946, 0.9999999999999991118, 10.43231607706329278 ) ) ;
#2152 = CARTESIAN_POINT ( 'NONE',  ( -9.084599728670083252, 2.999999999999999112, -18.42607568964799114 ) ) ;
#2153 = CARTESIAN_POINT ( 'NONE',  ( -4.507636325268865818, 29.99680305970069227, 26.37673410190619094 ) ) ;
#2154 = CARTESIAN_POINT ( 'NONE',  ( -5.804024522700200528, 18.55000000000001137, -18.35417661841289672 ) ) ;
#2155 = EDGE_LOOP ( 'NONE', ( #2713, #1934, #2186, #1218 ) ) ;
#2156 = DIRECTION ( 'NONE',  ( 0.000000000000000000, 0.000000000000000000, 1.000000000000000000 ) ) ;
#2157 = B_SPLINE_CURVE_WITH_KNOTS ( 'NONE', 3,
 ( #2345, #445, #921, #1405, #211, #311, #2001, #604, #834, #567, #1317, #1524, #1284, #2939, #2282, #817, #1086, #1544 ),
 .UNSPECIFIED., .F., .F.,
 ( 4, 2, 2, 2, 2, 2, 2, 2, 4 ),
 ( 0.7500000000000000000, 0.7812500000000000000, 0.8125000000000000000, 0.8437500000000000000, 0.8750000000000000000, 0.9062500000000000000, 0.9375000000000000000, 0.9687500000000000000, 1.000000000000000000 ),
 .UNSPECIFIED. ) ;
#2158 = CARTESIAN_POINT ( 'NONE',  ( -1.678089060297575319, 24.14249788763762083, 33.82821367774567989 ) ) ;
#2159 = CARTESIAN_POINT ( 'NONE',  ( 4.600581028908435677, 30.00000000000000000, -19.72047550634739821 ) ) ;
#2160 = ADVANCED_FACE ( 'NONE', ( #1667 ), #214, .T. ) ;
#2161 = CARTESIAN_POINT ( 'NONE',  ( 9.964398904051263273, 1.000000000000000000, -3.381541120049101679 ) ) ;
#2162 = CARTESIAN_POINT ( 'NONE',  ( 31.37151773387306264, 28.35117670878905116, 0.000000000000000000 ) ) ;
#2163 = CARTESIAN_POINT ( 'NONE',  ( -9.963724097795530810, 0.9999999999999991118, -3.383264413762934186 ) ) ;
#2164 = CARTESIAN_POINT ( 'NONE',  ( -17.79054777885574978, 2.999999999999999112, 10.27358882178180544 ) ) ;
#2165 = CARTESIAN_POINT ( 'NONE',  ( 0.000000000000000000, 0.9999999999999991118, 10.50000000000000000 ) ) ;
#2166 = CARTESIAN_POINT ( 'NONE',  ( -3.185468429563075077, 28.11078561882526117, 31.50758939457693586 ) ) ;
#2167 = VERTEX_POINT ( 'NONE', #1917 ) ;
#2168 = CARTESIAN_POINT ( 'NONE',  ( -4.336808689942017736E-16, 22.00000000000000000, -0.002000791051989803115 ) ) ;
#2169 = CARTESIAN_POINT ( 'NONE',  ( -3.085138967896814410, 28.40103297539664950, -30.96270827382313939 ) ) ;
#2170 = CARTESIAN_POINT ( 'NONE',  ( 0.000000000000000000, 0.000000000000000000, 0.000000000000000000 ) ) ;
#2171 = CARTESIAN_POINT ( 'NONE',  ( -4.474844081315940691, 30.00000000000000000, -26.12145274640342407 ) ) ;
#2172 = ORIENTED_EDGE ( 'NONE', *, *, #1587, .F. ) ;
#2173 = CARTESIAN_POINT ( 'NONE',  ( -16.29970632554858767, 2.999999999999999112, -12.50479073202189539 ) ) ;
#2174 = CARTESIAN_POINT ( 'NONE',  ( -1.870662750894394710, 25.40040167729144471, -33.24390170189203531 ) ) ;
#2175 = CARTESIAN_POINT ( 'NONE',  ( 1.341721860441308367, 0.9999999999999992228, 20.50000000000119016 ) ) ;
#2176 = CARTESIAN_POINT ( 'NONE',  ( 5.804024522700433231, 18.55000000000001137, -18.35417661841282566 ) ) ;
#2177 = CARTESIAN_POINT ( 'NONE',  ( 4.653087665904354964, 0.9999999999999991118, 9.437746084941963431 ) ) ;
#2178 = CARTESIAN_POINT ( 'NONE',  ( -4.184884211556076039, 29.74914940050945944, 28.24360027707087184 ) ) ;
#2179 = ORIENTED_EDGE ( 'NONE', *, *, #2511, .F. ) ;
#2180 = EDGE_CURVE ( 'NONE', #2310, #1708, #1636, .T. ) ;
#2181 = DIRECTION ( 'NONE',  ( -0.000000000000000000, 1.000000000000000000, -0.000000000000000000 ) ) ;
#2182 = CARTESIAN_POINT ( 'NONE',  ( 33.79222594422817849, 25.30022231281994394, 0.000000000000000000 ) ) ;
#2183 = CARTESIAN_POINT ( 'NONE',  ( -4.336808689942017736E-16, 22.00000000000000000, -0.002000791051989803115 ) ) ;
#2184 = DIRECTION ( 'NONE',  ( -0.000000000000000000, -1.000000000000000000, -0.000000000000000000 ) ) ;
#2185 = CYLINDRICAL_SURFACE ( 'NONE', #788, 20.50000000000000000 ) ;
#2186 = ORIENTED_EDGE ( 'NONE', *, *, #1509, .T. ) ;
#2187 = VECTOR ( 'NONE', #2731, 1000.000000000000000 ) ;
#2188 = AXIS2_PLACEMENT_3D ( 'NONE', #43, #1031, #1520 ) ;
#2189 = CIRCLE ( 'NONE', #840, 19.25000000000000000 ) ;
#2190 = CARTESIAN_POINT ( 'NONE',  ( 5.891583848335494089, 17.71692866454208115, -19.19962102700432283 ) ) ;
#2191 = CARTESIAN_POINT ( 'NONE',  ( -3.550061310338942455, 28.41510448889039253, -31.10762685454768572 ) ) ;
#2192 = CARTESIAN_POINT ( 'NONE',  ( -5.262082079449105443, 0.9999999999999991118, 9.112231789169463525 ) ) ;
#2193 = ORIENTED_EDGE ( 'NONE', *, *, #426, .T. ) ;
#2194 = CIRCLE ( 'NONE', #1899, 8.000000000000000000 ) ;
#2195 = CARTESIAN_POINT ( 'NONE',  ( -19.45298514331473072, 2.999999999999999112, 6.605420998298685120 ) ) ;
#2196 = CARTESIAN_POINT ( 'NONE',  ( -26.49999992446859309, 30.00000000000000000, 0.000000000000000000 ) ) ;
#2197 = CARTESIAN_POINT ( 'NONE',  ( -19.84434129806075120, 2.999999999999999112, -5.315292654437024034 ) ) ;
#2198 = ORIENTED_EDGE ( 'NONE', *, *, #1254, .F. ) ;
#2199 = CARTESIAN_POINT ( 'NONE',  ( 1.301042606982605321E-15, 0.9999999999999995559, -10.50000000000000000 ) ) ;
#2200 = EDGE_CURVE ( 'NONE', #813, #300, #2050, .T. ) ;
#2201 = DIRECTION ( 'NONE',  ( 0.000000000000000000, 1.000000000000000000, -0.000000000000000000 ) ) ;
#2202 = DIRECTION ( 'NONE',  ( -0.000000000000000000, -1.000000000000000000, -0.000000000000000000 ) ) ;
#2203 = CARTESIAN_POINT ( 'NONE',  ( -19.45298514331505046, 0.9999999999999992228, 6.605420998298817459 ) ) ;
#2204 = CARTESIAN_POINT ( 'NONE',  ( -4.277580207541240576, 29.89934149786508399, 27.43863922154773860 ) ) ;
#2205 = CARTESIAN_POINT ( 'NONE',  ( 0.000000000000000000, 0.000000000000000000, 0.000000000000000000 ) ) ;
#2206 = CARTESIAN_POINT ( 'NONE',  ( 4.705685264173880888, 28.99999999999999645, 18.66598580826999054 ) ) ;
#2207 = CARTESIAN_POINT ( 'NONE',  ( 31.97434332330598039, 27.83953450396268892, 0.000000000000000000 ) ) ;
#2208 = CARTESIAN_POINT ( 'NONE',  ( 5.262082079449085903, 0.9999999999999991118, -9.112231789169474183 ) ) ;
#2209 = ORIENTED_EDGE ( 'NONE', *, *, #1429, .T. ) ;
#2210 = LINE ( 'NONE', #1962, #984 ) ;
#2211 = CARTESIAN_POINT ( 'NONE',  ( 4.653087665904296344, 0.9999999999999991118, -9.437746084941514013 ) ) ;
#2212 = CARTESIAN_POINT ( 'NONE',  ( 0.000000000000000000, 0.9999999999999995559, 10.50000000000000000 ) ) ;
#2213 =( BOUNDED_CURVE ( )  B_SPLINE_CURVE ( 3, ( #2254, #838, #349, #1256 ),
 .UNSPECIFIED., .F., .F. ) 
 B_SPLINE_CURVE_WITH_KNOTS ( ( 4, 4 ),
 ( 4.938735343932750155, 5.006126779442011454 ),
 .UNSPECIFIED. ) 
 CURVE ( )  GEOMETRIC_REPRESENTATION_ITEM ( )  RATIONAL_B_SPLINE_CURVE ( ( 1.000000000000000000, 0.9996215686763205710, 0.9996215686763205710, 1.000000000000000000 ) ) 
 REPRESENTATION_ITEM ( '' )  );
#2214 = ORIENTED_EDGE ( 'NONE', *, *, #1087, .F. ) ;
#2215 = CARTESIAN_POINT ( 'NONE',  ( 5.262082079449676542, 0.9999999999999991118, 9.112231789169477736 ) ) ;
#2216 = CARTESIAN_POINT ( 'NONE',  ( -6.406451346903942579, 1.000000000000000222, -8.347632031212864234 ) ) ;
#2217 = CARTESIAN_POINT ( 'NONE',  ( 16.29970632442186940, 2.999999999999999112, -12.50479073370816430 ) ) ;
#2218 = DIRECTION ( 'NONE',  ( 0.000000000000000000, 1.000000000000000000, -0.000000000000000000 ) ) ;
#2219 = EDGE_CURVE ( 'NONE', #2310, #2935, #1850, .T. ) ;
#2220 = CARTESIAN_POINT ( 'NONE',  ( -17.79054777885734850, 0.9999999999999992228, 10.27358882178207544 ) ) ;
#2221 =( LENGTH_UNIT ( ) NAMED_UNIT ( * ) SI_UNIT ( .MILLI., .METRE. ) );
#2222 = CARTESIAN_POINT ( 'NONE',  ( -4.336808689942017736E-16, 22.00000000000000000, -0.002000791051989803115 ) ) ;
#2223 = ADVANCED_FACE ( 'NONE', ( #2832 ), #462, .F. ) ;
#2224 = CARTESIAN_POINT ( 'NONE',  ( 10.50000000000000000, 0.9999999999999995559, 3.252606517456513302E-16 ) ) ;
#2225 = CARTESIAN_POINT ( 'NONE',  ( 33.68049744740554274, 25.53691935114153111, -0.000000000000000000 ) ) ;
#2226 = CARTESIAN_POINT ( 'NONE',  ( 19.45298514331502915, 0.9999999999999992228, 6.605420998298662028 ) ) ;
#2227 = ORIENTED_EDGE ( 'NONE', *, *, #1631, .F. ) ;
#2228 = CARTESIAN_POINT ( 'NONE',  ( 9.437746084942116198, 0.9999999999999991118, -4.653087665903988146 ) ) ;
#2229 = CARTESIAN_POINT ( 'NONE',  ( 8.348630069183377245, 0.9999999999999991118, 6.404892813962268505 ) ) ;
#2230 = CARTESIAN_POINT ( 'NONE',  ( -3.683769537467897592, 29.21016867248637894, 29.71208027807802665 ) ) ;
#2231 = ORIENTED_EDGE ( 'NONE', *, *, #123, .T. ) ;
#2232 = CARTESIAN_POINT ( 'NONE',  ( 26.76250386380121427, 30.00000000000001066, -0.000000000000000000 ) ) ;
#2233 = CARTESIAN_POINT ( 'NONE',  ( 9.437746084941522895, 0.9999999999999991118, 4.653087665903981041 ) ) ;
#2234 = CARTESIAN_POINT ( 'NONE',  ( 9.084599728670138319, 2.999999999999999112, -18.42607568964796272 ) ) ;
#2235 =( NAMED_UNIT ( * ) SI_UNIT ( $, .STERADIAN. ) SOLID_ANGLE_UNIT ( ) );
#2236 = CARTESIAN_POINT ( 'NONE',  ( 2.001566773831134238, 25.39312525059446912, 33.41569169151777174 ) ) ;
#2237 = EDGE_CURVE ( 'NONE', #1672, #250, #2241, .T. ) ;
#2238 = CARTESIAN_POINT ( 'NONE',  ( -3.991720173208556766, 29.73844792936807124, -28.20494029817722748 ) ) ;
#2239 = CARTESIAN_POINT ( 'NONE',  ( 2.683410550213662482, 2.999999999999999112, 20.36785519807597211 ) ) ;
#2240 = ORIENTED_EDGE ( 'NONE', *, *, #569, .F. ) ;
#2241 = CIRCLE ( 'NONE', #1490, 26.50000000000000355 ) ;
#2242 = AXIS2_PLACEMENT_3D ( 'NONE', #1474, #47, #1003 ) ;
#2243 = CARTESIAN_POINT ( 'NONE',  ( -9.112231789170060381, 0.9999999999999991118, -5.262082079449105443 ) ) ;
#2244 = CARTESIAN_POINT ( 'NONE',  ( 19.84434129845628547, 0.9999999999999992228, -5.315292652447578980 ) ) ;
#2245 = CARTESIAN_POINT ( 'NONE',  ( -12.50479073370816074, 2.999999999999999112, -16.29970632442187295 ) ) ;
#2246 = ORIENTED_EDGE ( 'NONE', *, *, #2056, .F. ) ;
#2247 = CIRCLE ( 'NONE', #335, 19.25000000000000000 ) ;
#2248 = CARTESIAN_POINT ( 'NONE',  ( -10.43231607706383635, 0.9999999999999991118, -1.374429794011796879 ) ) ;
#2249 = LINE ( 'NONE', #2016, #2187 ) ;
#2250 = ORIENTED_EDGE ( 'NONE', *, *, #2296, .F. ) ;
#2251 = ORIENTED_EDGE ( 'NONE', *, *, #857, .T. ) ;
#2252 = CARTESIAN_POINT ( 'NONE',  ( -15.44442964030928422, 2.999999999999999112, -13.54694838833916393 ) ) ;
#2253 = DIRECTION ( 'NONE',  ( 1.000000000000000000, 0.000000000000000000, 0.000000000000000000 ) ) ;
#2254 = CARTESIAN_POINT ( 'NONE',  ( 4.600581028908435677, 30.00000000000000000, -19.97710324838032747 ) ) ;
#2255 = CARTESIAN_POINT ( 'NONE',  ( 2.728829151721336110, 27.36340897439998443, 32.18257135328823892 ) ) ;
#2256 = DIRECTION ( 'NONE',  ( -0.000000000000000000, 1.000000000000000000, -0.000000000000000000 ) ) ;
#2257 = CARTESIAN_POINT ( 'NONE',  ( 0.000000000000000000, 42.07074862707557372, -19.25000000000000000 ) ) ;
#2258 = CARTESIAN_POINT ( 'NONE',  ( -16.29970632554700671, 0.9999999999999992228, 12.50479073202160762 ) ) ;
#2259 = ORIENTED_EDGE ( 'NONE', *, *, #3046, .T. ) ;
#2260 = EDGE_CURVE ( 'NONE', #2011, #2870, #2915, .T. ) ;
#2261 = LINE ( 'NONE', #2706, #433 ) ;
#2262 = CARTESIAN_POINT ( 'NONE',  ( 1.341721860442342873, 0.9999999999999992228, -20.50000000000000000 ) ) ;
#2263 = CARTESIAN_POINT ( 'NONE',  ( 3.336780989574037015, 28.42718732278063953, 31.09034368319782260 ) ) ;
#2264 = ORIENTED_EDGE ( 'NONE', *, *, #857, .F. ) ;
#2265 = CARTESIAN_POINT ( 'NONE',  ( 6.605420998298696666, 0.9999999999999992228, -19.45298514331501494 ) ) ;
#2266 = CARTESIAN_POINT ( 'NONE',  ( -28.56774870085318341, 29.73263470095326255, -0.000000000000000000 ) ) ;
#2267 = FACE_OUTER_BOUND ( 'NONE', #1998, .T. ) ;
#2268 = ORIENTED_EDGE ( 'NONE', *, *, #1995, .T. ) ;
#2269 = SURFACE_STYLE_USAGE ( .BOTH. , #1304 ) ;
#2270 = CARTESIAN_POINT ( 'NONE',  ( 4.277580207541261004, 29.89934149786509465, 27.43863922154775636 ) ) ;
#2271 = CARTESIAN_POINT ( 'NONE',  ( -5.804024522700200528, 18.55000000000001137, -18.35417661841289672 ) ) ;
#2272 = DIRECTION ( 'NONE',  ( 0.000000000000000000, 1.000000000000000000, -0.000000000000000000 ) ) ;
#2273 = CARTESIAN_POINT ( 'NONE',  ( -16.29970632554699250, 0.9999999999999992228, -12.50479073202162539 ) ) ;
#2274 = ORIENTED_EDGE ( 'NONE', *, *, #1004, .F. ) ;
#2275 = CARTESIAN_POINT ( 'NONE',  ( 6.938680881832481440, 0.9999999999999991118, -7.910561523085020141 ) ) ;
#2276 = CARTESIAN_POINT ( 'NONE',  ( 13.54694838833947479, 0.9999999999999992228, 15.44442964030957199 ) ) ;
#2277 = CARTESIAN_POINT ( 'NONE',  ( 3.257826284406946993, 27.90598324333831926, 31.73377471453365217 ) ) ;
#2278 = ORIENTED_EDGE ( 'NONE', *, *, #277, .T. ) ;
#2279 = CARTESIAN_POINT ( 'NONE',  ( -1.374429794011788886, 0.9999999999999991118, -10.43231607706381325 ) ) ;
#2280 = CARTESIAN_POINT ( 'NONE',  ( -29.07135519223605868, 29.58006309467831585, 0.000000000000000000 ) ) ;
#2281 = EDGE_CURVE ( 'NONE', #2079, #2337, #1755, .T. ) ;
#2282 = CARTESIAN_POINT ( 'NONE',  ( -2.724456046420963951, 1.000000000000000000, 10.16374240705653165 ) ) ;
#2283 = VERTEX_POINT ( 'NONE', #660 ) ;
#2284 = ORIENTED_EDGE ( 'NONE', *, *, #1195, .T. ) ;
#2285 = PRESENTATION_STYLE_ASSIGNMENT (( #1616 ) ) ;
#2286 = CARTESIAN_POINT ( 'NONE',  ( 2.475245825664883714, 24.14844952587564464, -34.12319947092828443 ) ) ;
#2287 = CARTESIAN_POINT ( 'NONE',  ( -3.088577077239901492, 28.41510448899059327, -30.96535519430860717 ) ) ;
#2288 = CARTESIAN_POINT ( 'NONE',  ( -15.44442964030898757, 0.9999999999979128917, -13.54694838833827220 ) ) ;
#2289 = ORIENTED_EDGE ( 'NONE', *, *, #1530, .T. ) ;
#2290 = CARTESIAN_POINT ( 'NONE',  ( 26.49999992446859665, 30.00000000000000000, 0.000000000000000000 ) ) ;
#2291 = CARTESIAN_POINT ( 'NONE',  ( 15.44442964030896448, 1.000000000001045608, -13.54694838833948545 ) ) ;
#2292 = CARTESIAN_POINT ( 'NONE',  ( 2.161025801376931454, 25.47205700623160851, 33.64235091165569003 ) ) ;
#2293 = ORIENTED_EDGE ( 'NONE', *, *, #2919, .F. ) ;
#2294 = CARTESIAN_POINT ( 'NONE',  ( -2.722466968326775039, 0.9999999999999991118, 10.16417481140399914 ) ) ;
#2295 = CARTESIAN_POINT ( 'NONE',  ( -34.49999994198311981, 22.00000000000000000, 0.000000000000000000 ) ) ;
#2296 = EDGE_CURVE ( 'NONE', #616, #2940, #16, .T. ) ;
#2297 = LINE ( 'NONE', #638, #2573 ) ;
#2298 = CARTESIAN_POINT ( 'NONE',  ( -2.503275334078219228, 25.64112410349449078, 33.53302523892217124 ) ) ;
#2299 = CARTESIAN_POINT ( 'NONE',  ( 3.854236094522194733, 29.59104282353861848, -28.70342016908393745 ) ) ;
#2300 = CARTESIAN_POINT ( 'NONE',  ( -3.585411029517535209, 29.00541965346993933, -30.18681260597329441 ) ) ;
#2301 = CARTESIAN_POINT ( 'NONE',  ( -18.42607568964771048, 0.9999999999999992228, -9.084599728670452734 ) ) ;
#2302 = ORIENTED_EDGE ( 'NONE', *, *, #933, .T. ) ;
#2303 = CARTESIAN_POINT ( 'NONE',  ( 15.44442964030897514, 0.9999999999999992228, 13.54694838833887971 ) ) ;
#2304 = CARTESIAN_POINT ( 'NONE',  ( -1.374429794011946759, 0.9999999999999991118, 10.43231607706383635 ) ) ;
#2305 = CARTESIAN_POINT ( 'NONE',  ( 3.845539660976900809, 29.21016867251088556, 29.75559455737605674 ) ) ;
#2306 = ORIENTED_EDGE ( 'NONE', *, *, #550, .T. ) ;
#2307 = DIRECTION ( 'NONE',  ( 0.000000000000000000, 0.000000000000000000, 1.000000000000000000 ) ) ;
#2308 = CARTESIAN_POINT ( 'NONE',  ( -4.653087665904276804, 0.9999999999999991118, 9.437746084941482039 ) ) ;
#2309 = CARTESIAN_POINT ( 'NONE',  ( -29.31759919938749448, 29.49193345749879924, -0.000000000000000000 ) ) ;
#2310 = VERTEX_POINT ( 'NONE', #1011 ) ;
#2311 = CARTESIAN_POINT ( 'NONE',  ( -4.670707800282177580, 29.33278833915228034, 19.01800410146850240 ) ) ;
#2312 = ADVANCED_FACE ( 'NONE', ( #774 ), #1483, .T. ) ;
#2313 = CARTESIAN_POINT ( 'NONE',  ( 5.804024522700200528, 18.55000000000001137, 18.35417661841289672 ) ) ;
#2314 = CARTESIAN_POINT ( 'NONE',  ( 4.249651564393055025, 29.94920429704408349, -27.18067781839627628 ) ) ;
#2315 = EDGE_CURVE ( 'NONE', #1772, #2079, #885, .T. ) ;
#2316 = CARTESIAN_POINT ( 'NONE',  ( -19.45298514331470940, 2.999999999999999112, -6.605420998298747293 ) ) ;
#2317 = ORIENTED_EDGE ( 'NONE', *, *, #2977, .F. ) ;
#2318 = CARTESIAN_POINT ( 'NONE',  ( 5.315292652447904942, 0.9999999999999992228, -19.84434129845509176 ) ) ;
#2319 = CARTESIAN_POINT ( 'NONE',  ( 15.44442964030896626, 2.999999999999999112, -13.54694838833948545 ) ) ;
#2320 = CARTESIAN_POINT ( 'NONE',  ( 1.759325036197156633, 23.95250375986135438, 34.21791959418697360 ) ) ;
#2321 = CARTESIAN_POINT ( 'NONE',  ( 6.404892813961973630, 0.9999999999999991118, 8.348630069183970548 ) ) ;
#2322 = CARTESIAN_POINT ( 'NONE',  ( 2.161758136852180101, 24.14766412437020904, 34.14067003207282625 ) ) ;
#2323 = CARTESIAN_POINT ( 'NONE',  ( 1.341721860441308367, 2.999999999999999112, 20.49999999999999645 ) ) ;
#2324 = CARTESIAN_POINT ( 'NONE',  ( -4.077135192923985407, 29.60003227287788619, 28.76225304775505620 ) ) ;
#2325 = DIRECTION ( 'NONE',  ( 0.000000000000000000, 0.000000000000000000, -1.000000000000000000 ) ) ;
#2326 = CARTESIAN_POINT ( 'NONE',  ( -4.336808689942017736E-16, 30.00000000000000000, -0.002000791051989803115 ) ) ;
#2327 = CARTESIAN_POINT ( 'NONE',  ( 1.863042802092526262, 25.37440821956750270, -33.25434828683097521 ) ) ;
#2328 = CARTESIAN_POINT ( 'NONE',  ( -5.315292652447545230, 2.999999999999999112, 19.84434129845648798 ) ) ;
#2329 = ADVANCED_FACE ( 'NONE', ( #1812 ), #1582, .T. ) ;
#2330 = CARTESIAN_POINT ( 'NONE',  ( -4.653087665904276804, 0.9999999999999991118, 9.437746084941482039 ) ) ;
#2331 = CARTESIAN_POINT ( 'NONE',  ( 9.084599728670138319, 2.999999999999999112, -18.42607568964796272 ) ) ;
#2332 = CARTESIAN_POINT ( 'NONE',  ( 29.07624254769013206, 29.59219404895418748, 0.000000000000000000 ) ) ;
#2333 = CARTESIAN_POINT ( 'NONE',  ( 10.43231607706321462, 0.9999999999999991118, 1.374429794011805539 ) ) ;
#2334 = DIRECTION ( 'NONE',  ( 0.000000000000000000, 1.000000000000000000, -0.000000000000000000 ) ) ;
#2335 = CARTESIAN_POINT ( 'NONE',  ( -13.54694838833948189, 1.000000000002085443, -15.44442964031015819 ) ) ;
#2336 = CARTESIAN_POINT ( 'NONE',  ( -2.116708686609015899, 23.88450025515808051, 34.21217286893879361 ) ) ;
#2337 = VERTEX_POINT ( 'NONE', #1839 ) ;
#2338 = AXIS2_PLACEMENT_3D ( 'NONE', #2766, #1105, #3019 ) ;
#2339 = AXIS2_PLACEMENT_3D ( 'NONE', #2867, #1956, #1689 ) ;
#2340 = CARTESIAN_POINT ( 'NONE',  ( -20.49999999999999645, 2.999999999999999112, 1.825434725822017301E-14 ) ) ;
#2341 = CIRCLE ( 'NONE', #2729, 26.50000000000001066 ) ;
#2342 = CARTESIAN_POINT ( 'NONE',  ( 2.920110066767434009, 28.08855070974581736, -31.36293115140427545 ) ) ;
#2343 = CARTESIAN_POINT ( 'NONE',  ( -15.44442964174345612, 2.999999999999999556, 13.54694838690499914 ) ) ;
#2344 = CARTESIAN_POINT ( 'NONE',  ( -12.50479073202135005, 2.999999999999999112, 16.29970632554895715 ) ) ;
#2345 = CARTESIAN_POINT ( 'NONE',  ( -10.50000000000000000, 0.9999999999999995559, 1.702197410802241961E-14 ) ) ;
#2346 =( BOUNDED_SURFACE ( )  B_SPLINE_SURFACE ( 2, 3, ( 
 ( #2165, #2641, #1700, #998, #2889, #2177, #1030, #11, #1442, #1262, #2229, #968, #71, #1487, #1729, #1931, #2450, #2394, #248, #506, #24, #2628, #2859, #732, #1246, #493, #1947, #981, #2211, #1714, #1015, #1469, #1505, #1979, #1749, #307, #1455, #2404, #2876, #747, #1098, #357, #561, #1536, #828, #2707, #2726, #599, #2464, #579, #119, #323, #1798, #811, #1080, #1557, #1297, #154, #1277, #2692, #387, #1344, #90, #2304, #2743, #2043 ),
 ( #138, #2077, #2981, #2496, #2478, #1064, #1311, #862, #2276, #1114, #2994, #1050, #2028, #342, #2009, #2965, #2933, #876, #1830, #2244, #2507, #848, #2758, #1519, #2291, #1780, #1817, #2950, #630, #614, #1572, #369, #2262, #104, #1326, #2062, #1586, #2523, #1392, #2348, #2361, #2104, #199, #213, #687, #1858, #907, #702, #1155, #2583, #2551, #2117, #1186, #2149, #1171, #3039, #1654, #2132, #2564, #3069, #1843, #1635, #2539, #940, #1903, #414 ),
 ( #447, #400, #1407, #429, #2372, #673, #2090, #3025, #2815, #1371, #923, #3052, #1141, #461, #228, #1666, #2773, #1885, #647, #2831, #1609, #1358, #2598, #1421, #2319, #169, #1127, #3008, #2331, #892, #2788, #182, #659, #1621, #1872, #2802, #742, #1709, #303, #1724, #2871, #2636, #2173, #2885, #1943, #501, #6, #2855, #489, #244, #1464, #473, #37, #1741, #964, #2412, #1211, #2842, #20, #2427, #2673, #269, #2654, #2446, #1450, #1242 ) ),
 .UNSPECIFIED., .F., .T., .F. ) 
 B_SPLINE_SURFACE_WITH_KNOTS ( ( 3, 3 ),
 ( 4, 2, 2, 2, 2, 2, 2, 2, 2, 2, 2, 2, 2, 2, 2, 2, 2, 2, 2, 2, 2, 2, 2, 2, 2, 2, 2, 2, 2, 2, 2, 2, 4 ),
 ( 0.000000000000000000, 1.000000000000000000 ),
 ( 0.000000000000000000, 0.1963495408493620697, 0.3926990816987241395, 0.5890486225480862092, 0.7853981633974482790, 0.9817477042468103487, 1.178097245096172418, 1.374446785945534488, 1.570796326794896558, 1.767145867644258628, 1.963495408493620697, 2.159844949342982545, 2.356194490192344837, 2.552544031041707129, 2.748893571891068976, 2.945243112740430824, 3.141592653589793116, 3.337942194439155408, 3.534291735288517255, 3.730641276137879103, 3.926990816987241395, 4.123340357836603687, 4.319689898685965090, 4.516039439535327382, 4.712388980384689674, 4.908738521234051966, 5.105088062083414258, 5.301437602932775661, 5.497787143782137953, 5.694136684631500245, 5.890486225480861648, 6.086835766330223940, 6.283185307179586232 ),
 .UNSPECIFIED. ) 
 GEOMETRIC_REPRESENTATION_ITEM ( )  RATIONAL_B_SPLINE_SURFACE ( (
 ( 1.000000000000000000, 1.000000000000000000, 1.000000000000000000, 1.000000000000000000, 1.000000000000000000, 1.000000000000000000, 1.000000000000000000, 1.000000000000000000, 1.000000000000000000, 1.000000000000000000, 1.000000000000000000, 1.000000000000000000, 1.000000000000000000, 1.000000000000000000, 1.000000000000000000, 1.000000000000000000, 1.000000000000000000, 1.000000000000000000, 1.000000000000000000, 1.000000000000000000, 1.000000000000000000, 1.000000000000000000, 1.000000000000000000, 1.000000000000000000, 1.000000000000000000, 1.000000000000000000, 1.000000000000000000, 1.000000000000000000, 1.000000000000000000, 1.000000000000000000, 1.000000000000000000, 1.000000000000000000, 1.000000000000000000, 1.000000000000000000, 1.000000000000000000, 1.000000000000000000, 1.000000000000000000, 1.000000000000000000, 1.000000000000000000, 1.000000000000000000, 1.000000000000000000, 1.000000000000000000, 1.000000000000000000, 1.000000000000000000, 1.000000000000000000, 1.000000000000000000, 1.000000000000000000, 1.000000000000000000, 1.000000000000000000, 1.000000000000000000, 1.000000000000000000, 1.000000000000000000, 1.000000000000000000, 1.000000000000000000, 1.000000000000000000, 1.000000000000000000, 1.000000000000000000, 1.000000000000000000, 1.000000000000000000, 1.000000000000000000, 1.000000000000000000, 1.000000000000000000, 1.000000000000000000, 1.000000000000000000, 1.000000000000000000, 1.000000000000000000),
 ( 0.7071067811865475727, 0.7071067811865475727, 0.7071067811865475727, 0.7071067811865475727, 0.7071067811865475727, 0.7071067811865475727, 0.7071067811865474617, 0.7071067811865474617, 0.7071067811865475727, 0.7071067811865475727, 0.7071067811865476838, 0.7071067811865476838, 0.7071067811865475727, 0.7071067811865475727, 0.7071067811865475727, 0.7071067811865475727, 0.7071067811865475727, 0.7071067811865475727, 0.7071067811865475727, 0.7071067811865475727, 0.7071067811865475727, 0.7071067811865475727, 0.7071067811865475727, 0.7071067811865475727, 0.7071067811865476838, 0.7071067811865476838, 0.7071067811865475727, 0.7071067811865475727, 0.7071067811865475727, 0.7071067811865475727, 0.7071067811865475727, 0.7071067811865475727, 0.7071067811865475727, 0.7071067811865475727, 0.7071067811865475727, 0.7071067811865475727, 0.7071067811865475727, 0.7071067811865475727, 0.7071067811865475727, 0.7071067811865475727, 0.7071067811865475727, 0.7071067811865475727, 0.7071067811865475727, 0.7071067811865475727, 0.7071067811865475727, 0.7071067811865475727, 0.7071067811865475727, 0.7071067811865475727, 0.7071067811865475727, 0.7071067811865475727, 0.7071067811865475727, 0.7071067811865475727, 0.7071067811865475727, 0.7071067811865475727, 0.7071067811865475727, 0.7071067811865475727, 0.7071067811865476838, 0.7071067811865476838, 0.7071067811865475727, 0.7071067811865475727, 0.7071067811865475727, 0.7071067811865475727, 0.7071067811865475727, 0.7071067811865475727, 0.7071067811865475727, 0.7071067811865475727),
 ( 1.000000000000000000, 1.000000000000000000, 1.000000000000000000, 1.000000000000000000, 1.000000000000000000, 1.000000000000000000, 1.000000000000000000, 1.000000000000000000, 1.000000000000000000, 1.000000000000000000, 1.000000000000000000, 1.000000000000000000, 1.000000000000000000, 1.000000000000000000, 1.000000000000000000, 1.000000000000000000, 1.000000000000000000, 1.000000000000000000, 1.000000000000000000, 1.000000000000000000, 1.000000000000000000, 1.000000000000000000, 1.000000000000000000, 1.000000000000000000, 1.000000000000000000, 1.000000000000000000, 1.000000000000000000, 1.000000000000000000, 1.000000000000000000, 1.000000000000000000, 1.000000000000000000, 1.000000000000000000, 1.000000000000000000, 1.000000000000000000, 1.000000000000000000, 1.000000000000000000, 1.000000000000000000, 1.000000000000000000, 1.000000000000000000, 1.000000000000000000, 1.000000000000000000, 1.000000000000000000, 1.000000000000000000, 1.000000000000000000, 1.000000000000000000, 1.000000000000000000, 1.000000000000000000, 1.000000000000000000, 1.000000000000000000, 1.000000000000000000, 1.000000000000000000, 1.000000000000000000, 1.000000000000000000, 1.000000000000000000, 1.000000000000000000, 1.000000000000000000, 1.000000000000000000, 1.000000000000000000, 1.000000000000000000, 1.000000000000000000, 1.000000000000000000, 1.000000000000000000, 1.000000000000000000, 1.000000000000000000, 1.000000000000000000, 1.000000000000000000) ) ) 
 REPRESENTATION_ITEM ( '' )  SURFACE ( )  );
#2347 = CARTESIAN_POINT ( 'NONE',  ( 1.341721860441308367, 0.9999999999999992228, 20.50000000000119016 ) ) ;
#2348 = CARTESIAN_POINT ( 'NONE',  ( -12.50479073202235725, 0.9999999999999992228, -16.29970632554810450 ) ) ;
#2349 = CARTESIAN_POINT ( 'NONE',  ( 4.705685264174112703, 28.99999999999999645, -18.66598580826993725 ) ) ;
#2350 = CARTESIAN_POINT ( 'NONE',  ( -2.740965308744295559, 25.61758714443124774, -33.53040525310576925 ) ) ;
#2351 = EDGE_CURVE ( 'NONE', #2283, #145, #1712, .T. ) ;
#2352 = CARTESIAN_POINT ( 'NONE',  ( -9.084599728671049590, 0.9999999999999992228, 18.42607568964771048 ) ) ;
#2353 = CARTESIAN_POINT ( 'NONE',  ( -2.318285988721657365, 24.90816768430015316, 33.87620909294037830 ) ) ;
#2354 = CARTESIAN_POINT ( 'NONE',  ( -1.451818925097733581, 22.55422230854339460, 34.06855685627463259 ) ) ;
#2355 = CARTESIAN_POINT ( 'NONE',  ( -1.354061739223345606, 22.00000000000000000, -33.85615338233036198 ) ) ;
#2356 = LINE ( 'NONE', #395, #131 ) ;
#2357 = CARTESIAN_POINT ( 'NONE',  ( 1.084202172485504434E-16, 30.00000000000000000, 32.94567992468613227 ) ) ;
#2358 = CARTESIAN_POINT ( 'NONE',  ( 20.49999999999999645, 2.999999999999999112, -2.487636119323790244E-15 ) ) ;
#2359 = CARTESIAN_POINT ( 'NONE',  ( 9.084599730543903462, 2.999999999999999556, 18.42607568887182978 ) ) ;
#2360 = CARTESIAN_POINT ( 'NONE',  ( 5.315292652447763722, 0.9999999999999992228, 19.84434129845731931 ) ) ;
#2361 = CARTESIAN_POINT ( 'NONE',  ( -13.54694838833948189, 1.000000000002085443, -15.44442964031015819 ) ) ;
#2362 = DIRECTION ( 'NONE',  ( 0.000000000000000000, 1.000000000000000000, -0.000000000000000000 ) ) ;
#2363 = LINE ( 'NONE', #3054, #1436 ) ;
#2364 = CARTESIAN_POINT ( 'NONE',  ( 18.42607568964797338, 2.999999999999999112, -9.084599728670118779 ) ) ;
#2365 = CARTESIAN_POINT ( 'NONE',  ( -34.49999994198312692, 22.52286197276515267, 0.000000000000000000 ) ) ;
#2366 = CARTESIAN_POINT ( 'NONE',  ( -2.264597553340469638, 24.66872622399461079, 33.96917824046268208 ) ) ;
#2367 = EDGE_CURVE ( 'NONE', #219, #2991, #2989, .T. ) ;
#2368 = CARTESIAN_POINT ( 'NONE',  ( -2.917576890101116316, 28.07460884201655560, -31.35863297608540989 ) ) ;
#2369 = CARTESIAN_POINT ( 'NONE',  ( -2.001566773831131574, 25.39312525059446557, 33.41569169151776464 ) ) ;
#2370 = CARTESIAN_POINT ( 'NONE',  ( 16.29970632442187650, 2.999999999999999556, 12.50479073370814653 ) ) ;
#2371 = CARTESIAN_POINT ( 'NONE',  ( -5.315292652447201505, 0.9999999999999992228, 19.84434129845624994 ) ) ;
#2372 = CARTESIAN_POINT ( 'NONE',  ( 6.605420998298775714, 2.999999999999999112, 19.45298514331469519 ) ) ;
#2373 = CARTESIAN_POINT ( 'NONE',  ( 4.336920121061629274, 29.94859343565926935, 27.18202033433267673 ) ) ;
#2374 = CARTESIAN_POINT ( 'NONE',  ( -4.387601289667166782, 29.97448442798418355, -26.79675683162878741 ) ) ;
#2375 = CARTESIAN_POINT ( 'NONE',  ( -13.54694838833866655, 0.9999999999989590549, 15.44442964030858967 ) ) ;
#2376 = CARTESIAN_POINT ( 'NONE',  ( -5.935404816782529736, 17.30000000000000071, 19.62195121951215881 ) ) ;
#2377 = CARTESIAN_POINT ( 'NONE',  ( 2.690164070999304879, 25.38065914392972999, -33.65009056459557968 ) ) ;
#2378 = VERTEX_POINT ( 'NONE', #1515 ) ;
#2379 = CARTESIAN_POINT ( 'NONE',  ( -1.964225604963708571, 30.00000000000000000, 34.44203813838840489 ) ) ;
#2380 = VECTOR ( 'NONE', #2848, 1000.000000000000000 ) ;
#2381 = B_SPLINE_CURVE_WITH_KNOTS ( 'NONE', 3,
 ( #1564, #408, #2311, #1133 ),
 .UNSPECIFIED., .F., .F.,
 ( 4, 4 ),
 ( 0.000000000000000000, 0.001457050247459668740 ),
 .UNSPECIFIED. ) ;
#2382 = EDGE_CURVE ( 'NONE', #44, #853, #2461, .T. ) ;
#2383 = CIRCLE ( 'NONE', #2098, 1.499999999999904077 ) ;
#2384 = TOROIDAL_SURFACE ( 'NONE', #3060, 9.499999999999907629, 8.000000000000000000 ) ;
#2385 = APPLICATION_CONTEXT ( 'automotive_design' ) ;
#2386 = FACE_OUTER_BOUND ( 'NONE', #2714, .T. ) ;
#2387 = AXIS2_PLACEMENT_3D ( 'NONE', #100, #824, #595 ) ;
#2388 = DIRECTION ( 'NONE',  ( 0.000000000000000000, -1.000000000000000000, 0.000000000000000000 ) ) ;
#2389 = CARTESIAN_POINT ( 'NONE',  ( 6.605420998298596302, 2.999999999999999112, -19.45298514331476980 ) ) ;
#2390 = CARTESIAN_POINT ( 'NONE',  ( 5.441048330687100254, 22.00348777901850994, 18.46895827075282526 ) ) ;
#2391 = CARTESIAN_POINT ( 'NONE',  ( -1.397081924225114236, 23.09125859364875666, -33.81450311494713645 ) ) ;
#2392 = CARTESIAN_POINT ( 'NONE',  ( 9.112231789170078144, 0.9999999999999991118, -5.262082079449371008 ) ) ;
#2393 = CARTESIAN_POINT ( 'NONE',  ( -20.49999999999999289, 2.999999999999999112, 1.341721860442373071 ) ) ;
#2394 = CARTESIAN_POINT ( 'NONE',  ( 10.50000000000000000, 0.9999999999999991118, -0.6872233919338800456 ) ) ;
#2395 = CARTESIAN_POINT ( 'NONE',  ( -2.235951442727614591, 26.10285698096787854, 33.06493139692886274 ) ) ;
#2396 = ORIENTED_EDGE ( 'NONE', *, *, #1047, .F. ) ;
#2397 = CARTESIAN_POINT ( 'NONE',  ( -9.437004692351962376, 1.000000000000000000, -4.654783378653104542 ) ) ;
#2398 = DIRECTION ( 'NONE',  ( -0.000000000000000000, -1.000000000000000000, -0.000000000000000000 ) ) ;
#2399 = CARTESIAN_POINT ( 'NONE',  ( 0.000000000000000000, 18.55000000000000426, 0.000000000000000000 ) ) ;
#2400 = CARTESIAN_POINT ( 'NONE',  ( 8.347632031211762893, 1.000000000000000222, -6.406451346905042143 ) ) ;
#2401 = CARTESIAN_POINT ( 'NONE',  ( -2.920110066767480195, 28.08855070974610868, -31.36293115140389887 ) ) ;
#2402 = CARTESIAN_POINT ( 'NONE',  ( 18.42607568964773179, 0.9999999999999992228, 9.084599728670003316 ) ) ;
#2403 = CARTESIAN_POINT ( 'NONE',  ( -15.44442964030926646, 2.999999999999999112, 13.54694838833917636 ) ) ;
#2404 = CARTESIAN_POINT ( 'NONE',  ( -4.653087665904267922, 0.9999999999999991118, -9.437746084942123304 ) ) ;
#2405 = CARTESIAN_POINT ( 'NONE',  ( 0.000000000000000000, 42.07074862707557372, 19.25000000000000000 ) ) ;
#2406 = VERTEX_POINT ( 'NONE', #2739 ) ;
#2407 =( NAMED_UNIT ( * ) PLANE_ANGLE_UNIT ( ) SI_UNIT ( $, .RADIAN. ) );
#2408 = CARTESIAN_POINT ( 'NONE',  ( 33.43236172887402091, 26.00146260411073484, 0.000000000000000000 ) ) ;
#2409 = CARTESIAN_POINT ( 'NONE',  ( 9.437746084942116198, 0.9999999999999991118, -4.653087665903988146 ) ) ;
#2410 = LINE ( 'NONE', #255, #2777 ) ;
#2411 = CARTESIAN_POINT ( 'NONE',  ( -1.209483331269468963E-15, 2.999999999999999112, -20.49999999999999645 ) ) ;
#2412 = CARTESIAN_POINT ( 'NONE',  ( -16.29970632554860543, 2.999999999999999112, 12.50479073202187763 ) ) ;
#2413 = CARTESIAN_POINT ( 'NONE',  ( 33.79222594422817849, 25.30022231281994394, 0.000000000000000000 ) ) ;
#2414 = CARTESIAN_POINT ( 'NONE',  ( -10.43231607706324482, 0.9999999999999991118, 1.374429794011774675 ) ) ;
#2415 = ADVANCED_FACE ( 'NONE', ( #2930 ), #1777, .T. ) ;
#2416 = CARTESIAN_POINT ( 'NONE',  ( -6.605420998298239255, 2.999999999999999112, 19.45298514331491901 ) ) ;
#2417 = FACE_OUTER_BOUND ( 'NONE', #1845, .T. ) ;
#2418 = CARTESIAN_POINT ( 'NONE',  ( -5.891583848335494089, 17.71692866454208115, 19.19962102700432283 ) ) ;
#2419 = EDGE_LOOP ( 'NONE', ( #2227, #2302, #2794, #1313 ) ) ;
#2420 = CARTESIAN_POINT ( 'NONE',  ( -1.354061739223345606, 22.00000000000000000, -33.85615338233036198 ) ) ;
#2421 = DIRECTION ( 'NONE',  ( -0.000000000000000000, -1.000000000000000000, -0.000000000000000000 ) ) ;
#2422 = DIRECTION ( 'NONE',  ( -0.000000000000000000, 1.000000000000000000, -0.000000000000000000 ) ) ;
#2423 = AXIS2_PLACEMENT_3D ( 'NONE', #2468, #265, #2645 ) ;
#2424 = CARTESIAN_POINT ( 'NONE',  ( -3.685705417105124670, 29.21314371601201643, 29.70581310160870814 ) ) ;
#2425 = DIRECTION ( 'NONE',  ( -0.9945218953682734009, 0.1045284632676537068, 0.000000000000000000 ) ) ;
#2426 = MECHANICAL_DESIGN_GEOMETRIC_PRESENTATION_REPRESENTATION (  '', ( #985 ), #2141 ) ;
#2427 = CARTESIAN_POINT ( 'NONE',  ( -10.27358882178238275, 2.999999999999999112, 17.79054777885537320 ) ) ;
#2428 = CARTESIAN_POINT ( 'NONE',  ( -2.263529770796230522, 25.74727979611755302, -33.50330217024248469 ) ) ;
#2429 = CARTESIAN_POINT ( 'NONE',  ( -6.938680881832327785, 0.9999999999999991118, 7.910561523085170244 ) ) ;
#2430 = ORIENTED_EDGE ( 'NONE', *, *, #2863, .F. ) ;
#2431 = AXIS2_PLACEMENT_3D ( 'NONE', #516, #726, #2869 ) ;
#2432 = CARTESIAN_POINT ( 'NONE',  ( 0.000000000000000000, 2.999999999999999112, 20.49999999999999645 ) ) ;
#2433 = CARTESIAN_POINT ( 'NONE',  ( -33.00193948929077692, 26.66838032224150012, -0.000000000000000000 ) ) ;
#2434 = EDGE_CURVE ( 'NONE', #1800, #2870, #575, .T. ) ;
#2435 = CARTESIAN_POINT ( 'NONE',  ( -16.29970632442187650, 2.999999999999999112, -12.50479073370815186 ) ) ;
#2436 = ORIENTED_EDGE ( 'NONE', *, *, #2126, .F. ) ;
#2437 = CARTESIAN_POINT ( 'NONE',  ( 1.374429794011851946, 0.9999999999999991118, 10.43231607706329278 ) ) ;
#2438 = CARTESIAN_POINT ( 'NONE',  ( -6.937347003211922214, 0.9999999999999997780, -7.911844438732282825 ) ) ;
#2439 = CARTESIAN_POINT ( 'NONE',  ( 32.86014116638038018, 26.88082177559138586, 0.000000000000000000 ) ) ;
#2440 = EDGE_CURVE ( 'NONE', #2991, #1104, #285, .T. ) ;
#2441 = CARTESIAN_POINT ( 'NONE',  ( -20.50000000000000000, 30.00000000000000000, 0.000000000000000000 ) ) ;
#2442 = ORIENTED_EDGE ( 'NONE', *, *, #1880, .T. ) ;
#2443 = CARTESIAN_POINT ( 'NONE',  ( -10.27358882178150523, 0.9999999999999992228, 17.79054777885495042 ) ) ;
#2444 = CARTESIAN_POINT ( 'NONE',  ( 3.545604661372786293, 28.40310918302991894, -31.12438072260361110 ) ) ;
#2445 = DIRECTION ( 'NONE',  ( 0.000000000000000000, 0.000000000000000000, -1.000000000000000000 ) ) ;
#2446 = CARTESIAN_POINT ( 'NONE',  ( -2.683410550213769064, 2.999999999999999112, 20.36785519807595790 ) ) ;
#2447 = CARTESIAN_POINT ( 'NONE',  ( -1.354061738870179665, 22.55141164604731330, -33.85615338158939380 ) ) ;
#2448 = CARTESIAN_POINT ( 'NONE',  ( 17.79054777885626137, 1.000000000000001776, 10.27358882178251065 ) ) ;
#2449 = CARTESIAN_POINT ( 'NONE',  ( -10.27358882178122457, 2.999999999999999112, -17.79054777885614413 ) ) ;
#2450 = CARTESIAN_POINT ( 'NONE',  ( 10.50000000000000000, 0.9999999999999991118, 0.6872233919338813779 ) ) ;
#2451 = CARTESIAN_POINT ( 'NONE',  ( -4.447863541146027444, 30.00000000000000000, 26.64344628860900954 ) ) ;
#2452 = ORIENTED_EDGE ( 'NONE', *, *, #1178, .F. ) ;
#2453 = CARTESIAN_POINT ( 'NONE',  ( 4.600581028908435677, 30.00000000000000000, -19.97710324838032747 ) ) ;
#2454 = CARTESIAN_POINT ( 'NONE',  ( 34.09144183363819991, 24.57723099340567074, -0.000000000000000000 ) ) ;
#2455 = EDGE_CURVE ( 'NONE', #2699, #1482, #141, .T. ) ;
#2456 = CARTESIAN_POINT ( 'NONE',  ( 20.36785519807602896, 2.999999999999999112, 2.683410550213416901 ) ) ;
#2457 = CARTESIAN_POINT ( 'NONE',  ( 0.000000000000000000, 0.000000000000000000, 0.000000000000000000 ) ) ;
#2458 = CARTESIAN_POINT ( 'NONE',  ( 3.074886190512494899, 26.95350223193875294, -32.66164499949569233 ) ) ;
#2459 = CARTESIAN_POINT ( 'NONE',  ( 4.417981685512035739, 29.97477155350681954, 26.77479818924874166 ) ) ;
#2460 = CARTESIAN_POINT ( 'NONE',  ( 1.563591196701967112, 24.14844952600559580, -33.63137490730977675 ) ) ;
#2461 = LINE ( 'NONE', #1340, #1651 ) ;
#2462 = CARTESIAN_POINT ( 'NONE',  ( -6.605420998297686808, 0.9999999999999992228, 19.45298514331502560 ) ) ;
#2463 = CARTESIAN_POINT ( 'NONE',  ( -3.383264413762588685, 0.9999999999999991118, -9.963724097794910861 ) ) ;
#2464 = CARTESIAN_POINT ( 'NONE',  ( -10.50000000000000000, 0.9999999999999991118, -0.6872233919338648356 ) ) ;
#2465 = CARTESIAN_POINT ( 'NONE',  ( -4.096048585391913299, 29.74914940050381773, 28.22436329033465796 ) ) ;
#2466 = ORIENTED_EDGE ( 'NONE', *, *, #2603, .T. ) ;
#2467 = CARTESIAN_POINT ( 'NONE',  ( 17.79054777885626848, 0.9999999999999992228, -10.27358882178250177 ) ) ;
#2468 = CARTESIAN_POINT ( 'NONE',  ( 0.000000000000000000, 30.00000000000000000, 0.000000000000000000 ) ) ;
#2469 = ORIENTED_EDGE ( 'NONE', *, *, #2440, .T. ) ;
#2470 = CARTESIAN_POINT ( 'NONE',  ( -12.50479073202244074, 2.999999999999999112, -16.29970632554823240 ) ) ;
#2471 = CARTESIAN_POINT ( 'NONE',  ( 4.497258869147424676, 29.99683915271376833, 26.37339563857386437 ) ) ;
#2472 = EDGE_CURVE ( 'NONE', #605, #2967, #2808, .T. ) ;
#2473 = CARTESIAN_POINT ( 'NONE',  ( 1.736570027741222821, 24.91308663510803711, -33.42179937633567732 ) ) ;
#2474 = CARTESIAN_POINT ( 'NONE',  ( 5.494537565105039434, 21.49457170838888587, 19.75530827355305163 ) ) ;
#2475 = CARTESIAN_POINT ( 'NONE',  ( 16.29970632554877596, 2.999999999999999112, 12.50479073202162539 ) ) ;
#2476 = EDGE_LOOP ( 'NONE', ( #1378, #393, #2469, #2083 ) ) ;
#2477 = CARTESIAN_POINT ( 'NONE',  ( 2.722466968326841208, 0.9999999999999991118, 10.16417481140454804 ) ) ;
#2478 = CARTESIAN_POINT ( 'NONE',  ( 6.605420998298543900, 0.9999999999999992228, 19.45298514331413742 ) ) ;
#2479 = CARTESIAN_POINT ( 'NONE',  ( 2.710742835939847328, 27.01506560062121309, 32.64061571099662729 ) ) ;
#2480 = EDGE_LOOP ( 'NONE', ( #2626, #581, #695, #1787 ) ) ;
#2481 = CONICAL_SURFACE ( 'NONE', #1940, 19.25000000000000000, 0.7853981633974482790 ) ;
#2482 = AXIS2_PLACEMENT_3D ( 'NONE', #755, #1225, #2634 ) ;
#2483 = CARTESIAN_POINT ( 'NONE',  ( 9.084599728670037067, 0.9999999999999992228, -18.42607568964771758 ) ) ;
#2484 = CARTESIAN_POINT ( 'NONE',  ( 1.935758567210607239, 0.000000000000000000, 33.94284916839650634 ) ) ;
#2485 = CARTESIAN_POINT ( 'NONE',  ( 0.000000000000000000, 17.30000000000000071, -20.50000000000000000 ) ) ;
#2486 = ORIENTED_EDGE ( 'NONE', *, *, #2315, .T. ) ;
#2487 = ORIENTED_EDGE ( 'NONE', *, *, #1396, .T. ) ;
#2488 = CARTESIAN_POINT ( 'NONE',  ( -4.474844081315940691, 30.00000000000000000, -26.12145274640342407 ) ) ;
#2489 = PRESENTATION_STYLE_ASSIGNMENT (( #2269 ) ) ;
#2490 = CARTESIAN_POINT ( 'NONE',  ( 3.967648535439125990, 29.60380205519543395, 28.72427673127896242 ) ) ;
#2491 = CARTESIAN_POINT ( 'NONE',  ( 1.301042606982605321E-15, 0.9999999999999995559, -10.50000000000000000 ) ) ;
#2492 = CARTESIAN_POINT ( 'NONE',  ( -4.336808689942017736E-16, 30.00000000000000000, -0.002000791051989803115 ) ) ;
#2493 = CARTESIAN_POINT ( 'NONE',  ( 20.36785519807735767, 0.9999999999999992228, 2.683410550213978674 ) ) ;
#2494 = ORIENTED_EDGE ( 'NONE', *, *, #411, .T. ) ;
#2495 = CARTESIAN_POINT ( 'NONE',  ( 1.374429794011656103, 0.9999999999999991118, -10.43231607706380970 ) ) ;
#2496 = CARTESIAN_POINT ( 'NONE',  ( 5.315292652447763722, 0.9999999999999992228, 19.84434129845731931 ) ) ;
#2497 = CARTESIAN_POINT ( 'NONE',  ( 3.107478606118942555, 27.94097290537311551, 31.71059252340806367 ) ) ;
#2498 = EDGE_LOOP ( 'NONE', ( #2231, #1905, #1526, #2436 ) ) ;
#2499 = CARTESIAN_POINT ( 'NONE',  ( 0.000000000000000000, 0.9999999999999992228, 20.50000000000000000 ) ) ;
#2500 = DIRECTION ( 'NONE',  ( 0.000000000000000000, 1.000000000000000000, -0.000000000000000000 ) ) ;
#2501 = ORIENTED_EDGE ( 'NONE', *, *, #2219, .F. ) ;
#2502 = CARTESIAN_POINT ( 'NONE',  ( 2.440404458843059121, 23.88511791507650628, -34.19445595690613260 ) ) ;
#2503 = DIRECTION ( 'NONE',  ( -0.000000000000000000, -1.000000000000000000, -0.000000000000000000 ) ) ;
#2504 = CARTESIAN_POINT ( 'NONE',  ( 17.79054777885626848, 0.9999999999999992228, -10.27358882178250177 ) ) ;
#2505 = ORIENTED_EDGE ( 'NONE', *, *, #1195, .F. ) ;
#2506 = CARTESIAN_POINT ( 'NONE',  ( 8.348630069183377245, 0.9999999999999991118, 6.404892813962268505 ) ) ;
#2507 = CARTESIAN_POINT ( 'NONE',  ( 19.45298514331502915, 0.9999999999999992228, -6.605420998298080271 ) ) ;
#2508 = CARTESIAN_POINT ( 'NONE',  ( 1.451818925407962535, 22.00000000000000000, 34.06855685746891993 ) ) ;
#2509 = ORIENTED_EDGE ( 'NONE', *, *, #1330, .F. ) ;
#2510 = CARTESIAN_POINT ( 'NONE',  ( 4.183960888217175267, 29.74802055256754940, 28.24828518459893445 ) ) ;
#2511 = EDGE_CURVE ( 'NONE', #111, #546, #2845, .T. ) ;
#2512 = CARTESIAN_POINT ( 'NONE',  ( -3.383264413762636647, 0.9999999999999991118, 9.963724097795530810 ) ) ;
#2513 = CARTESIAN_POINT ( 'NONE',  ( -33.44027148107333858, 26.01355228132176833, 0.000000000000000000 ) ) ;
#2514 = CARTESIAN_POINT ( 'NONE',  ( -4.705685264173880888, 28.99999999999999645, -18.66598580826999054 ) ) ;
#2515 = ORIENTED_EDGE ( 'NONE', *, *, #1448, .F. ) ;
#2516 = CARTESIAN_POINT ( 'NONE',  ( -20.49999999999999289, 2.999999999999999112, 1.341721860442373071 ) ) ;
#2517 = CARTESIAN_POINT ( 'NONE',  ( -5.935404816782297033, 17.30000000000000426, -19.62195121951223342 ) ) ;
#2518 = FACE_OUTER_BOUND ( 'NONE', #2017, .T. ) ;
#2519 = CARTESIAN_POINT ( 'NONE',  ( -13.54694838833866655, 0.9999999999989590549, 15.44442964030858967 ) ) ;
#2520 = ORIENTED_EDGE ( 'NONE', *, *, #2863, .T. ) ;
#2521 = CARTESIAN_POINT ( 'NONE',  ( 2.256769565372297226, 0.000000000000000000, -33.42589929390185688 ) ) ;
#2522 = VECTOR ( 'NONE', #2605, 1000.000000000000000 ) ;
#2523 = CARTESIAN_POINT ( 'NONE',  ( -9.084599728669981999, 0.9999999999999992228, -18.42607568964774245 ) ) ;
#2524 = CARTESIAN_POINT ( 'NONE',  ( 2.503275334078099323, 25.64112410349446236, 33.53302523892220677 ) ) ;
#2525 = ORIENTED_EDGE ( 'NONE', *, *, #2455, .T. ) ;
#2526 = CARTESIAN_POINT ( 'NONE',  ( 1.964225604963705019, 22.55141319405479550, 34.44203813838840489 ) ) ;
#2527 = CARTESIAN_POINT ( 'NONE',  ( 19.84434129845628547, 0.9999999999999992228, -5.315292652447578980 ) ) ;
#2528 = EDGE_CURVE ( 'NONE', #620, #2167, #1348, .T. ) ;
#2529 = CARTESIAN_POINT ( 'NONE',  ( -33.68610106537589388, 25.55417669425028393, -0.000000000000000000 ) ) ;
#2530 = VECTOR ( 'NONE', #1461, 1000.000000000000000 ) ;
#2531 = ORIENTED_EDGE ( 'NONE', *, *, #188, .F. ) ;
#2532 = EDGE_CURVE ( 'NONE', #2018, #398, #919, .T. ) ;
#2533 = CARTESIAN_POINT ( 'NONE',  ( -20.36785519807607514, 2.999999999999999112, -2.683410550213193524 ) ) ;
#2534 = DIRECTION ( 'NONE',  ( -0.1045284632676537068, 0.9945218953682734009, 0.000000000000000000 ) ) ;
#2535 = CARTESIAN_POINT ( 'NONE',  ( -1.341721862470638404, 2.999999999999999556, 20.50000000000000000 ) ) ;
#2536 = CARTESIAN_POINT ( 'NONE',  ( 19.84434129845647021, 2.999999999999999112, -5.315292652447616284 ) ) ;
#2537 = ORIENTED_EDGE ( 'NONE', *, *, #706, .F. ) ;
#2538 = CARTESIAN_POINT ( 'NONE',  ( -19.84434129845624994, 0.9999999999999992228, -5.315292652448094124 ) ) ;
#2539 = CARTESIAN_POINT ( 'NONE',  ( -5.315292652447201505, 0.9999999999999992228, 19.84434129845624994 ) ) ;
#2540 = CARTESIAN_POINT ( 'NONE',  ( 3.061305462590875770, 28.07859708507423946, 31.43539489653215213 ) ) ;
#2541 = EDGE_LOOP ( 'NONE', ( #508, #1423, #745, #1961, #2639, #1193 ) ) ;
#2542 = CARTESIAN_POINT ( 'NONE',  ( 3.459879527648611841, 28.39479687749201986, 31.12023645257938043 ) ) ;
#2543 = CARTESIAN_POINT ( 'NONE',  ( 16.29970632554877596, 2.999999999999999112, 12.50479073202162539 ) ) ;
#2544 = CARTESIAN_POINT ( 'NONE',  ( -30.04011819506059666, 29.19300305519849914, 0.000000000000000000 ) ) ;
#2545 = CARTESIAN_POINT ( 'NONE',  ( -6.605420998298239255, 2.999999999999999112, 19.45298514331491901 ) ) ;
#2546 = EDGE_CURVE ( 'NONE', #1302, #1032, #2194, .T. ) ;
#2547 = PLANE ( 'NONE',  #1036 ) ;
#2548 = CARTESIAN_POINT ( 'NONE',  ( 3.783058683757207774, 29.50541477793885292, -28.94850238372272244 ) ) ;
#2549 = CARTESIAN_POINT ( 'NONE',  ( -19.84434129845643824, 2.999999999999999112, 5.315292652447787702 ) ) ;
#2550 = CARTESIAN_POINT ( 'NONE',  ( 10.27358882178251243, 0.9999999999991024957, 17.79054777885506056 ) ) ;
#2551 = CARTESIAN_POINT ( 'NONE',  ( -20.36785519807620304, 0.9999999999999992228, 2.683410550213471968 ) ) ;
#2552 = CARTESIAN_POINT ( 'NONE',  ( -5.935404816782297033, 17.30000000000000426, -19.62195121951223342 ) ) ;
#2553 = CARTESIAN_POINT ( 'NONE',  ( 9.437746084941522895, 0.9999999999999991118, 4.653087665903981041 ) ) ;
#2554 = DIRECTION ( 'NONE',  ( 0.000000000000000000, 0.000000000000000000, 1.000000000000000000 ) ) ;
#2555 = CARTESIAN_POINT ( 'NONE',  ( -15.44442964030986687, 1.000000000001045608, 13.54694838833977677 ) ) ;
#2556 = CARTESIAN_POINT ( 'NONE',  ( -4.600581028908202974, 30.00000000000000000, 0.000000000000000000 ) ) ;
#2557 = CYLINDRICAL_SURFACE ( 'NONE', #378, 1.500000000000022204 ) ;
#2558 = EDGE_CURVE ( 'NONE', #1672, #263, #2128, .T. ) ;
#2559 = CARTESIAN_POINT ( 'NONE',  ( 4.474844081315675126, 30.00000000000000000, -26.12145274640347381 ) ) ;
#2560 = CARTESIAN_POINT ( 'NONE',  ( -16.29970632442187295, 2.999999999999999556, 12.50479073370815897 ) ) ;
#2561 = CARTESIAN_POINT ( 'NONE',  ( -13.54694838833926696, 2.999999999999999112, 15.44442964030918652 ) ) ;
#2562 = DIRECTION ( 'NONE',  ( -0.000000000000000000, -1.000000000000000000, -0.000000000000000000 ) ) ;
#2563 = CARTESIAN_POINT ( 'NONE',  ( 19.45298514331502915, 0.9999999999999992228, -6.605420998298080271 ) ) ;
#2564 = CARTESIAN_POINT ( 'NONE',  ( -12.50479073202222580, 0.9999999999999992228, 16.29970632554937637 ) ) ;
#2565 = CARTESIAN_POINT ( 'NONE',  ( 30.05112980358972763, 29.18803958957053979, -0.000000000000000000 ) ) ;
#2566 = CARTESIAN_POINT ( 'NONE',  ( -2.595503542638430083, 24.89444589933471264, -33.86543448840858161 ) ) ;
#2567 = DIRECTION ( 'NONE',  ( 0.000000000000000000, 0.000000000000000000, 1.000000000000000000 ) ) ;
#2568 = CARTESIAN_POINT ( 'NONE',  ( 0.000000000000000000, 2.999999999999999112, 20.49999999999999645 ) ) ;
#2569 = DIRECTION ( 'NONE',  ( 0.000000000000000000, 1.000000000000000000, -0.000000000000000000 ) ) ;
#2570 = CARTESIAN_POINT ( 'NONE',  ( -2.161025801376986077, 25.47205700623162272, 33.64235091165568292 ) ) ;
#2571 = EDGE_LOOP ( 'NONE', ( #117, #1815, #1234, #389 ) ) ;
#2572 = CONICAL_SURFACE ( 'NONE', #77, 19.25000000000000000, 0.7853981633974482790 ) ;
#2573 = VECTOR ( 'NONE', #1788, 1000.000000000000000 ) ;
#2574 = TOROIDAL_SURFACE ( 'NONE', #237, 26.50000000000001066, 8.000000000000000000 ) ;
#2575 = CARTESIAN_POINT ( 'NONE',  ( -4.058538500438759300, 29.80066485976415080, -27.94954364810425673 ) ) ;
#2576 = AXIS2_PLACEMENT_3D ( 'NONE', #2681, #1236, #496 ) ;
#2577 = AXIS2_PLACEMENT_3D ( 'NONE', #2457, #2972, #2253 ) ;
#2578 = CARTESIAN_POINT ( 'NONE',  ( 4.388070101654410138, 30.00000000021363533, -26.65704951263369082 ) ) ;
#2579 = DIRECTION ( 'NONE',  ( 0.000000000000000000, 0.000000000000000000, 1.000000000000000000 ) ) ;
#2580 = CARTESIAN_POINT ( 'NONE',  ( 20.36785519847171599, 2.999999999999999556, 2.683410548224199221 ) ) ;
#2581 = CARTESIAN_POINT ( 'NONE',  ( -4.547635486306329966, 30.00000000000000000, 26.10487591765614823 ) ) ;
#2582 = CARTESIAN_POINT ( 'NONE',  ( -9.084599728669981999, 0.9999999999999992228, -18.42607568964774245 ) ) ;
#2583 = CARTESIAN_POINT ( 'NONE',  ( -20.50000000000000000, 0.9999999999999992228, 1.341721860442373071 ) ) ;
#2584 = CARTESIAN_POINT ( 'NONE',  ( 5.441048330687330292, 22.00348777901853836, -18.46895827075275776 ) ) ;
#2585 = CARTESIAN_POINT ( 'NONE',  ( -3.427803527615580936, 28.07454420021048236, -31.54811621740603300 ) ) ;
#2586 = PRODUCT ( 'Schwinn_AC', 'Schwinn_AC', '', ( #588 ) ) ;
#2587 = ORIENTED_EDGE ( 'NONE', *, *, #3031, .F. ) ;
#2588 = ADVANCED_FACE ( 'NONE', ( #932 ), #224, .F. ) ;
#2589 = CARTESIAN_POINT ( 'NONE',  ( -18.42607568964773535, 0.9999999999999992228, 9.084599728669797258 ) ) ;
#2590 = CARTESIAN_POINT ( 'NONE',  ( -3.459914023349250911, 28.39487674491200053, 31.12012609795825213 ) ) ;
#2591 = CARTESIAN_POINT ( 'NONE',  ( 2.473076380959318143, 24.13272438064002756, -34.12768493646092338 ) ) ;
#2592 = CARTESIAN_POINT ( 'NONE',  ( -20.50000000000000000, 0.9999999999999991118, 4.331779861504508699E-13 ) ) ;
#2593 = CARTESIAN_POINT ( 'NONE',  ( 3.903037049796360680, 29.51940959195042069, -28.98376504183241309 ) ) ;
#2594 = CARTESIAN_POINT ( 'NONE',  ( 1.934901378117231729, 25.61251658176894708, -33.15445804895708903 ) ) ;
#2595 = CARTESIAN_POINT ( 'NONE',  ( -16.29970632554860543, 2.999999999999999112, 12.50479073202187763 ) ) ;
#2596 = LINE ( 'NONE', #3037, #1599 ) ;
#2597 = CARTESIAN_POINT ( 'NONE',  ( -17.79054777885573912, 2.999999999999999112, -10.27358882178182853 ) ) ;
#2598 = CARTESIAN_POINT ( 'NONE',  ( 17.79054777885586702, 2.999999999999999112, -10.27358882178164023 ) ) ;
#2599 = DIRECTION ( 'NONE',  ( 0.000000000000000000, 0.000000000000000000, 1.000000000000000000 ) ) ;
#2600 = CARTESIAN_POINT ( 'NONE',  ( 0.000000000000000000, 0.9999999999999991118, 10.50000000000000000 ) ) ;
#2601 = CARTESIAN_POINT ( 'NONE',  ( 6.605420998298596302, 2.999999999999999112, -19.45298514331476980 ) ) ;
#2602 = LINE ( 'NONE', #3016, #2380 ) ;
#2603 = EDGE_CURVE ( 'NONE', #568, #2030, #2145, .T. ) ;
#2604 = CARTESIAN_POINT ( 'NONE',  ( -2.316983679190158796, 26.32686181778764123, 32.93320097804095070 ) ) ;
#2605 = DIRECTION ( 'NONE',  ( -0.000000000000000000, -1.000000000000000000, -0.000000000000000000 ) ) ;
#2606 = CARTESIAN_POINT ( 'NONE',  ( -4.522967797375759602, 30.00000000000000000, 26.23800979346836826 ) ) ;
#2607 = FACE_OUTER_BOUND ( 'NONE', #1954, .T. ) ;
#2608 = CARTESIAN_POINT ( 'NONE',  ( -12.50479073202222580, 0.9999999999999992228, 16.29970632554937637 ) ) ;
#2609 = CARTESIAN_POINT ( 'NONE',  ( 5.804024522700433231, 18.55000000000001137, -18.35417661841282566 ) ) ;
#2610 = CARTESIAN_POINT ( 'NONE',  ( 4.096048585393368135, 29.74914940050408418, 28.22436329033396518 ) ) ;
#2611 = CARTESIAN_POINT ( 'NONE',  ( 8.348630069183379021, 0.9999999999999991118, -6.404892813962264952 ) ) ;
#2612 = CARTESIAN_POINT ( 'NONE',  ( 6.406451346906691491, 1.000000000000000000, 8.347632031210663328 ) ) ;
#2613 = CARTESIAN_POINT ( 'NONE',  ( -3.046250800760342603, 27.35539095143928634, 32.32080670471996342 ) ) ;
#2614 = CARTESIAN_POINT ( 'NONE',  ( -2.473705334814746859, 26.38644762366923402, 33.10229178880546641 ) ) ;
#2615 = CARTESIAN_POINT ( 'NONE',  ( 1.354061739223346494, 22.00000000000000000, -33.85615338233036198 ) ) ;
#2616 = VECTOR ( 'NONE', #1983, 1000.000000000000000 ) ;
#2617 = AXIS2_PLACEMENT_3D ( 'NONE', #2877, #748, #2890 ) ;
#2618 = CLOSED_SHELL ( 'NONE', ( #1335, #815, #336, #2588, #1745, #2223, #634, #2696, #1668, #312, #756, #1893, #1953, #2160, #2094, #2415, #2680, #520, #1024, #1145, #799, #2974, #1314, #841, #256 ) ) ;
#2619 = EDGE_CURVE ( 'NONE', #1841, #2406, #1852, .T. ) ;
#2620 = DIRECTION ( 'NONE',  ( 0.000000000000000000, 0.000000000000000000, 1.000000000000000000 ) ) ;
#2621 = AXIS2_PLACEMENT_3D ( 'NONE', #268, #2670, #2445 ) ;
#2622 = CARTESIAN_POINT ( 'NONE',  ( -5.935404816782529736, 17.30000000000000071, 0.000000000000000000 ) ) ;
#2623 = CARTESIAN_POINT ( 'NONE',  ( 9.113229827141696049, 0.9999999999999997780, -5.260523546506592929 ) ) ;
#2624 = CARTESIAN_POINT ( 'NONE',  ( -3.432674985310515403, 28.08855071001846682, -31.53109853646721206 ) ) ;
#2625 = CARTESIAN_POINT ( 'NONE',  ( -8.348630069183379021, 0.9999999999999991118, -6.404892813962559828 ) ) ;
#2626 = ORIENTED_EDGE ( 'NONE', *, *, #3063, .F. ) ;
#2627 = CARTESIAN_POINT ( 'NONE',  ( -1.341721860441310143, 2.999999999999999112, 20.49999999999999645 ) ) ;
#2628 = CARTESIAN_POINT ( 'NONE',  ( 9.437746084942116198, 0.9999999999999991118, -4.653087665903988146 ) ) ;
#2629 = CARTESIAN_POINT ( 'NONE',  ( -4.021257583507620303, 29.60710798726087134, 28.74733123174800653 ) ) ;
#2630 = EDGE_LOOP ( 'NONE', ( #1248, #19, #1457, #1471 ) ) ;
#2631 = CARTESIAN_POINT ( 'NONE',  ( -2.256769565372296338, 0.000000000000000000, -34.42589929390185688 ) ) ;
#2632 = CARTESIAN_POINT ( 'NONE',  ( 26.49999992446859665, 30.00000000000000000, 0.000000000000000000 ) ) ;
#2633 = CARTESIAN_POINT ( 'NONE',  ( -2.233331091755143216, 26.09549514219911259, 33.06912930640902459 ) ) ;
#2634 = DIRECTION ( 'NONE',  ( 0.000000000000000000, 0.000000000000000000, -1.000000000000000000 ) ) ;
#2635 = EDGE_CURVE ( 'NONE', #1795, #1584, #136, .T. ) ;
#2636 = CARTESIAN_POINT ( 'NONE',  ( -15.44442964030928422, 2.999999999999999112, -13.54694838833916393 ) ) ;
#2637 = CARTESIAN_POINT ( 'NONE',  ( -2.417074771226368934, 26.97221163336334726, -32.38500580561745323 ) ) ;
#2638 = CARTESIAN_POINT ( 'NONE',  ( -1.374429794011946759, 0.9999999999999991118, 10.43231607706383635 ) ) ;
#2639 = ORIENTED_EDGE ( 'NONE', *, *, #2219, .T. ) ;
#2640 = CARTESIAN_POINT ( 'NONE',  ( -20.36785519807602185, 2.999999999999999112, 2.683410550213436441 ) ) ;
#2641 = CARTESIAN_POINT ( 'NONE',  ( 0.6872233919333533558, 0.9999999999999991118, 10.50000000000000000 ) ) ;
#2642 = FACE_OUTER_BOUND ( 'NONE', #846, .T. ) ;
#2643 = ORIENTED_EDGE ( 'NONE', *, *, #2528, .F. ) ;
#2644 = CARTESIAN_POINT ( 'NONE',  ( -9.964465490385045143, 1.000000000000000222, -3.381568701013811129 ) ) ;
#2645 = DIRECTION ( 'NONE',  ( -3.552713678800500929E-15, 0.000000000000000000, -1.000000000000000000 ) ) ;
#2646 = CARTESIAN_POINT ( 'NONE',  ( -10.50000000000000000, 0.9999999999999995559, 1.702197410802241961E-14 ) ) ;
#2647 = CARTESIAN_POINT ( 'NONE',  ( 6.938680881832481440, 0.9999999999999991118, -7.910561523085020141 ) ) ;
#2648 = ORIENTED_EDGE ( 'NONE', *, *, #468, .T. ) ;
#2649 = DIRECTION ( 'NONE',  ( 0.000000000000000000, 0.000000000000000000, -1.000000000000000000 ) ) ;
#2650 = CARTESIAN_POINT ( 'NONE',  ( -2.561043497767085952, 26.96752470052414807, 32.50967764664935089 ) ) ;
#2651 = DIRECTION ( 'NONE',  ( 0.000000000000000000, 0.000000000000000000, -1.000000000000000000 ) ) ;
#2652 = ORIENTED_EDGE ( 'NONE', *, *, #2653, .F. ) ;
#2653 = EDGE_CURVE ( 'NONE', #1173, #1088, #1895, .T. ) ;
#2654 = CARTESIAN_POINT ( 'NONE',  ( -5.315292652447545230, 2.999999999999999112, 19.84434129845648798 ) ) ;
#2655 = CARTESIAN_POINT ( 'NONE',  ( 32.86014116638038018, 26.88082177559138586, 0.000000000000000000 ) ) ;
#2656 = CARTESIAN_POINT ( 'NONE',  ( -0.6872233919338801567, 0.9999999999999991118, -10.50000000000000000 ) ) ;
#2657 = VERTEX_POINT ( 'NONE', #65 ) ;
#2658 = ADVANCED_FACE ( 'NONE', ( #1022 ), #385, .T. ) ;
#2659 = DIRECTION ( 'NONE',  ( 1.000000000000000000, -0.000000000000000000, 0.000000000000000000 ) ) ;
#2660 = CARTESIAN_POINT ( 'NONE',  ( -28.56774870085318341, 29.73263470095326255, -0.000000000000000000 ) ) ;
#2661 = CARTESIAN_POINT ( 'NONE',  ( -17.79054777998249648, 2.999999999999999112, -10.27358882009552765 ) ) ;
#2662 = ORIENTED_EDGE ( 'NONE', *, *, #667, .T. ) ;
#2663 = CARTESIAN_POINT ( 'NONE',  ( -10.49996396373600049, 0.9999999999999997780, -0.6890737449045224450 ) ) ;
#2664 = CARTESIAN_POINT ( 'NONE',  ( 27.80774960044760391, 29.89668806969955384, 0.000000000000000000 ) ) ;
#2665 = DIRECTION ( 'NONE',  ( 0.000000000000000000, -1.000000000000000000, 0.000000000000000000 ) ) ;
#2666 = ORIENTED_EDGE ( 'NONE', *, *, #2718, .T. ) ;
#2667 = DIRECTION ( 'NONE',  ( 0.000000000000000000, 0.000000000000000000, 1.000000000000000000 ) ) ;
#2668 = CARTESIAN_POINT ( 'NONE',  ( 16.29970632554877596, 2.999999999999999112, 12.50479073202162539 ) ) ;
#2669 = CARTESIAN_POINT ( 'NONE',  ( 20.49999999999999645, 2.999999999999999112, -2.487636119323790244E-15 ) ) ;
#2670 = DIRECTION ( 'NONE',  ( 0.000000000000000000, -1.000000000000000000, -0.000000000000000000 ) ) ;
#2671 = CIRCLE ( 'NONE', #1334, 1.500000000000022204 ) ;
#2672 = CIRCLE ( 'NONE', #737, 9.499999999999907629 ) ;
#2673 = CARTESIAN_POINT ( 'NONE',  ( -9.084599728670495367, 2.999999999999999112, 18.42607568964781350 ) ) ;
#2674 = CARTESIAN_POINT ( 'NONE',  ( 30.51113176406940042, 28.94137469763813186, 0.000000000000000000 ) ) ;
#2675 = CARTESIAN_POINT ( 'NONE',  ( 10.27358882178251243, 0.9999999999991024957, 17.79054777885506056 ) ) ;
#2676 = CARTESIAN_POINT ( 'NONE',  ( -5.315292652447612731, 2.999999999999999112, -19.84434129845647377 ) ) ;
#2677 = CARTESIAN_POINT ( 'NONE',  ( -30.50033550906836766, 28.94799177173506521, -0.000000000000000000 ) ) ;
#2678 = CARTESIAN_POINT ( 'NONE',  ( -3.625765452555023138, 28.98640277272975396, 30.21182446494719542 ) ) ;
#2679 = ORIENTED_EDGE ( 'NONE', *, *, #1932, .F. ) ;
#2680 = ADVANCED_FACE ( 'NONE', ( #1972 ), #51, .T. ) ;
#2681 = CARTESIAN_POINT ( 'NONE',  ( 1.084202172485504434E-16, 0.000000000000000000, 34.44567992468615358 ) ) ;
#2682 = CARTESIAN_POINT ( 'NONE',  ( 20.50000000000000355, 3.000000000000000000, -1.341721862470647286 ) ) ;
#2683 = ORIENTED_EDGE ( 'NONE', *, *, #591, .T. ) ;
#2684 = CARTESIAN_POINT ( 'NONE',  ( -15.44442964030986687, 1.000000000001045608, 13.54694838833977677 ) ) ;
#2685 = CARTESIAN_POINT ( 'NONE',  ( 3.192670909856411665, 27.34985258686945642, -32.31553789084995287 ) ) ;
#2686 = CARTESIAN_POINT ( 'NONE',  ( 1.498744568197944327, 23.08583215561021973, 34.02426978442281325 ) ) ;
#2687 = CARTESIAN_POINT ( 'NONE',  ( 1.646347091772301319, 21.99999999999999645, -34.46939165783020087 ) ) ;
#2688 = CARTESIAN_POINT ( 'NONE',  ( 34.49999994198313402, 22.00000000000000000, 0.000000000000000000 ) ) ;
#2689 = CARTESIAN_POINT ( 'NONE',  ( 20.50000000000000000, 0.9999999999999992228, 1.341721860442340208 ) ) ;
#2690 = VERTEX_POINT ( 'NONE', #1431 ) ;
#2691 = CARTESIAN_POINT ( 'NONE',  ( 0.6872233919338827102, 0.9999999999999991118, -10.50000000000000000 ) ) ;
#2692 = CARTESIAN_POINT ( 'NONE',  ( -5.262082079449105443, 0.9999999999999991118, 9.112231789169463525 ) ) ;
#2693 = CARTESIAN_POINT ( 'NONE',  ( -1.209483331269468963E-15, 2.999999999999999112, -20.49999999999999645 ) ) ;
#2694 = ORIENTED_EDGE ( 'NONE', *, *, #3012, .T. ) ;
#2695 = CARTESIAN_POINT ( 'NONE',  ( 6.605420998298543900, 0.9999999999999992228, 19.45298514331413742 ) ) ;
#2696 = ADVANCED_FACE ( 'NONE', ( #2607 ), #2839, .F. ) ;
#2697 = CARTESIAN_POINT ( 'NONE',  ( -4.336808689942017736E-16, 0.000000000000000000, -0.002000791051989803115 ) ) ;
#2698 = EDGE_LOOP ( 'NONE', ( #1836, #2652, #2878, #2026 ) ) ;
#2699 = VERTEX_POINT ( 'NONE', #2171 ) ;
#2700 = CARTESIAN_POINT ( 'NONE',  ( -9.084599728670083252, 2.999999999999999112, -18.42607568964799114 ) ) ;
#2701 = CARTESIAN_POINT ( 'NONE',  ( 3.537428729394798577, 28.97461004189689149, 30.16805467659260742 ) ) ;
#2702 = CARTESIAN_POINT ( 'NONE',  ( 3.381568701007902078, 1.000000000000000222, -9.964465490388153768 ) ) ;
#2703 = CARTESIAN_POINT ( 'NONE',  ( -4.336808689942017736E-16, 30.00000000000000000, -0.002000791051989803115 ) ) ;
#2704 = CARTESIAN_POINT ( 'NONE',  ( 5.315292652447594079, 2.999999999999999112, 19.84434129845647377 ) ) ;
#2705 = ORIENTED_EDGE ( 'NONE', *, *, #1786, .F. ) ;
#2706 = CARTESIAN_POINT ( 'NONE',  ( 34.49999994198313402, 30.00000000000000000, 0.000000000000000000 ) ) ;
#2707 = CARTESIAN_POINT ( 'NONE',  ( -9.963724097795530810, 0.9999999999999991118, -3.383264413762934186 ) ) ;
#2708 = CARTESIAN_POINT ( 'NONE',  ( 2.015273989017599021, 24.98705705206126382, 33.86620583426228137 ) ) ;
#2709 = ORIENTED_EDGE ( 'NONE', *, *, #874, .F. ) ;
#2710 = B_SPLINE_CURVE_WITH_KNOTS ( 'NONE', 3,
 ( #1678, #52, #1975, #1695 ),
 .UNSPECIFIED., .F., .F.,
 ( 4, 4 ),
 ( 0.000000000000000000, 0.001457050247459667006 ),
 .UNSPECIFIED. ) ;
#2711 = CARTESIAN_POINT ( 'NONE',  ( 10.27358882178251243, 0.9999999999991024957, 17.79054777885506056 ) ) ;
#2712 = CARTESIAN_POINT ( 'NONE',  ( -4.600581028908435677, 30.00000000000000000, 19.97710324838032747 ) ) ;
#2713 = ORIENTED_EDGE ( 'NONE', *, *, #2434, .F. ) ;
#2714 = EDGE_LOOP ( 'NONE', ( #13, #2494, #2911, #1685 ) ) ;
#2715 = CARTESIAN_POINT ( 'NONE',  ( -18.42607568964805509, 2.999999999999999112, 9.084599728669928709 ) ) ;
#2716 = APPLICATION_PROTOCOL_DEFINITION ( 'draft international standard', 'automotive_design', 1998, #1601 ) ;
#2717 = CARTESIAN_POINT ( 'NONE',  ( 1.451818925407961425, 22.54780532196344467, 34.06855685746893414 ) ) ;
#2718 = EDGE_CURVE ( 'NONE', #605, #1302, #2672, .T. ) ;
#2719 = DIRECTION ( 'NONE',  ( 0.000000000000000000, 0.000000000000000000, -1.000000000000000000 ) ) ;
#2720 = CIRCLE ( 'NONE', #3007, 0.5000000000000004441 ) ;
#2721 = CARTESIAN_POINT ( 'NONE',  ( -3.562503780436465650, 29.21315887680988510, -29.66859873304985840 ) ) ;
#2722 = CARTESIAN_POINT ( 'NONE',  ( 18.42607568964773179, 0.9999999999999992228, -9.084599728670614383 ) ) ;
#2723 = ORIENTED_EDGE ( 'NONE', *, *, #318, .F. ) ;
#2724 = AXIS2_PLACEMENT_3D ( 'NONE', #2170, #2620, #1224 ) ;
#2725 = DIRECTION ( 'NONE',  ( 0.000000000000000000, 0.000000000000000000, 1.000000000000000000 ) ) ;
#2726 = CARTESIAN_POINT ( 'NONE',  ( -10.16417481140399914, 0.9999999999999991118, -2.722466968326923364 ) ) ;
#2727 = CARTESIAN_POINT ( 'NONE',  ( 4.021257583507183320, 29.60710798726086423, 28.74733123174711480 ) ) ;
#2728 = ORIENTED_EDGE ( 'NONE', *, *, #454, .T. ) ;
#2729 = AXIS2_PLACEMENT_3D ( 'NONE', #45, #1472, #1018 ) ;
#2730 = CARTESIAN_POINT ( 'NONE',  ( -6.938680881832327785, 0.9999999999999991118, 7.910561523085170244 ) ) ;
#2731 = DIRECTION ( 'NONE',  ( -0.000000000000000000, 1.000000000000000000, -0.000000000000000000 ) ) ;
#2732 = CARTESIAN_POINT ( 'NONE',  ( 10.16417481140462620, 0.9999999999999991118, 2.722466968326903380 ) ) ;
#2733 = ORIENTED_EDGE ( 'NONE', *, *, #1107, .F. ) ;
#2734 = CARTESIAN_POINT ( 'NONE',  ( 0.000000000000000000, 17.30000000000000071, 0.000000000000000000 ) ) ;
#2735 = DIRECTION ( 'NONE',  ( 0.000000000000000000, 0.000000000000000000, -1.000000000000000000 ) ) ;
#2736 =( BOUNDED_SURFACE ( )  B_SPLINE_SURFACE ( 3, 2, ( 
 ( #120, #2995, #2508 ),
 ( #1799, #370, #401 ),
 ( #388, #1327, #2982 ),
 ( #1818, #2320, #1359 ),
 ( #1781, #1115, #2078 ),
 ( #1298, #849, #631 ),
 ( #1099, #2708, #580 ),
 ( #1573, #2292, #139 ),
 ( #2524, #1081, #600 ),
 ( #863, #1537, #1345 ),
 ( #2934, #2044, #1831 ),
 ( #877, #2479, #1844 ),
 ( #2744, #2966, #1051 ),
 ( #2277, #2497, #2759 ),
 ( #1610, #812, #2540 ),
 ( #2063, #2263, #2010 ),
 ( #105, #1065, #2029 ),
 ( #1588, #358, #2951 ),
 ( #2305, #2774, #829 ),
 ( #648, #2727, #615 ),
 ( #1558, #1312, #2610 ),
 ( #1372, #2091, #2373 ),
 ( #1172, #688, #229 ),
 ( #908, #924, #1156 ) ),
 .UNSPECIFIED., .F., .F., .F. ) 
 B_SPLINE_SURFACE_WITH_KNOTS ( ( 4, 2, 2, 2, 2, 2, 2, 2, 2, 2, 2, 4 ),
 ( 3, 3 ),
 ( 0.000000000000000000, 0.001537262183677611709, 0.002305893275516417672, 0.003074524367355223418, 0.003843155459194029164, 0.004611786551032835343, 0.006149048734710446835, 0.006917679826549252148, 0.007686310918388058327, 0.009223573102065670687, 0.01076083528574328305, 0.01229809746942089367 ),
 ( 0.000000000000000000, 1.000000000000000000 ),
 .UNSPECIFIED. ) 
 GEOMETRIC_REPRESENTATION_ITEM ( )  RATIONAL_B_SPLINE_SURFACE ( (
 ( 1.000000000000000000, 0.7732729967801774684, 1.000000000000000000),
 ( 1.000000000000000000, 0.7730902019326467700, 1.000000000000000000),
 ( 1.000000000000000000, 0.7842039749903698675, 1.000000000000000000),
 ( 1.000000000000000000, 0.8087670434240370465, 1.000000000000000000),
 ( 1.000000000000000000, 0.8182669567851680315, 1.000000000000000000),
 ( 1.000000000000000000, 0.8377592761842801439, 1.000000000000000000),
 ( 1.000000000000000000, 0.8477645748502601331, 1.000000000000000000),
 ( 1.000000000000000000, 0.8672357797195696660, 1.000000000000000000),
 ( 1.000000000000000000, 0.8767092161478146073, 1.000000000000000000),
 ( 1.000000000000000000, 0.8946297080636446131, 1.000000000000000000),
 ( 1.000000000000000000, 0.9030453147995506358, 1.000000000000000000),
 ( 1.000000000000000000, 0.9261588939930273101, 1.000000000000000000),
 ( 1.000000000000000000, 0.9388783982298507524, 1.000000000000000000),
 ( 1.000000000000000000, 0.9546911780906701672, 1.000000000000000000),
 ( 1.000000000000000000, 0.9594287990789612808, 1.000000000000000000),
 ( 1.000000000000000000, 0.9678277649196499466, 1.000000000000000000),
 ( 1.000000000000000000, 0.9715164366498464377, 1.000000000000000000),
 ( 1.000000000000000000, 0.9813306381551492041, 1.000000000000000000),
 ( 1.000000000000000000, 0.9862235398656450380, 1.000000000000000000),
 ( 1.000000000000000000, 0.9936765129976047328, 1.000000000000000000),
 ( 1.000000000000000000, 0.9961383251464013266, 1.000000000000000000),
 ( 1.000000000000000000, 0.9993085973034283587, 1.000000000000000000),
 ( 1.000000000000000000, 1.000000661208080954, 1.000000000000000000),
 ( 1.000000000000000000, 1.000000000000000000, 1.000000000000000000) ) ) 
 REPRESENTATION_ITEM ( '' )  SURFACE ( )  );
#2737 = EDGE_CURVE ( 'NONE', #250, #2755, #3061, .T. ) ;
#2738 = CARTESIAN_POINT ( 'NONE',  ( 6.406411305558609826, 1.000000000000000000, -8.347572105092108785 ) ) ;
#2739 = CARTESIAN_POINT ( 'NONE',  ( 2.324135821055055562, 22.00000000000000000, -34.42362760741976757 ) ) ;
#2740 = CARTESIAN_POINT ( 'NONE',  ( -12.50479073202222580, 0.9999999999999992228, 16.29970632554937637 ) ) ;
#2741 = EDGE_LOOP ( 'NONE', ( #152, #2941, #2679, #584 ) ) ;
#2742 = CARTESIAN_POINT ( 'NONE',  ( 3.383264413762530509, 0.9999999999999991118, 9.963724097795060075 ) ) ;
#2743 = CARTESIAN_POINT ( 'NONE',  ( -0.6872233919333541330, 0.9999999999999991118, 10.50000000000000000 ) ) ;
#2744 = CARTESIAN_POINT ( 'NONE',  ( 3.049405252691548718, 27.36404700424820291, 32.31265122005619617 ) ) ;
#2745 = ORIENTED_EDGE ( 'NONE', *, *, #468, .F. ) ;
#2746 = CARTESIAN_POINT ( 'NONE',  ( 0.000000000000000000, 30.00000000000000000, 0.000000000000000000 ) ) ;
#2747 = CARTESIAN_POINT ( 'NONE',  ( -6.404892813962561604, 0.9999999999999991118, -8.348630069183379021 ) ) ;
#2748 = DIRECTION ( 'NONE',  ( 0.1045284632676537068, -0.9945218953682734009, -0.000000000000000000 ) ) ;
#2749 = ORIENTED_EDGE ( 'NONE', *, *, #772, .F. ) ;
#2750 = CARTESIAN_POINT ( 'NONE',  ( -20.36785519807602185, 2.999999999999999112, 2.683410550213436441 ) ) ;
#2751 = CARTESIAN_POINT ( 'NONE',  ( -3.462464466034343769, 28.40076506899535502, 31.11194076589200819 ) ) ;
#2752 = CARTESIAN_POINT ( 'NONE',  ( 2.058054546592100298, 25.02242479072829440, -33.85681948396747032 ) ) ;
#2753 = CARTESIAN_POINT ( 'NONE',  ( -4.474844081315666244, 30.00000000000000000, -26.12145274640347026 ) ) ;
#2754 = CARTESIAN_POINT ( 'NONE',  ( 20.50000000000000000, 0.9999999999999992228, -1.341721860442337544 ) ) ;
#2755 = VERTEX_POINT ( 'NONE', #963 ) ;
#2756 = ADVANCED_FACE ( 'NONE', ( #1676 ), #2185, .F. ) ;
#2757 = CARTESIAN_POINT ( 'NONE',  ( 0.000000000000000000, 0.9999999999999991118, 10.50000000000000000 ) ) ;
#2758 = CARTESIAN_POINT ( 'NONE',  ( 17.79054777885626848, 0.9999999999999992228, -10.27358882178250177 ) ) ;
#2759 = CARTESIAN_POINT ( 'NONE',  ( 2.978270832088208753, 27.90598324321399204, 31.63029238305933788 ) ) ;
#2760 = ORIENTED_EDGE ( 'NONE', *, *, #1087, .T. ) ;
#2761 = CARTESIAN_POINT ( 'NONE',  ( 34.49999994198313402, 0.000000000000000000, 0.000000000000000000 ) ) ;
#2762 = EDGE_CURVE ( 'NONE', #2870, #517, #2247, .T. ) ;
#2763 = CARTESIAN_POINT ( 'NONE',  ( -0.6872233919333541330, 0.9999999999999991118, 10.50000000000000000 ) ) ;
#2764 = CARTESIAN_POINT ( 'NONE',  ( -30.50033550906836766, 28.94799177173506521, -0.000000000000000000 ) ) ;
#2765 = ORIENTED_EDGE ( 'NONE', *, *, #2056, .T. ) ;
#2766 = CARTESIAN_POINT ( 'NONE',  ( 4.336808689942017736E-16, 30.00000000000000000, -34.50153451497305923 ) ) ;
#2767 = CARTESIAN_POINT ( 'NONE',  ( 4.133301367094301959, 29.80579300695233513, -27.96889824485186082 ) ) ;
#2768 = CARTESIAN_POINT ( 'NONE',  ( -2.256769565372296338, 30.00000000000000000, -34.42589929390185688 ) ) ;
#2769 = CARTESIAN_POINT ( 'NONE',  ( -13.54694838833918702, 2.999999999999999112, -15.44442964030926468 ) ) ;
#2770 = ORIENTED_EDGE ( 'NONE', *, *, #84, .F. ) ;
#2771 = CARTESIAN_POINT ( 'NONE',  ( 2.683410550213493728, 0.9999999999999992228, 20.36785519807512657 ) ) ;
#2772 = TOROIDAL_SURFACE ( 'NONE', #782, 26.50000000000000355, 8.000000000000000000 ) ;
#2773 = CARTESIAN_POINT ( 'NONE',  ( 20.49999999999999645, 2.999999999999999112, 1.341721860442340208 ) ) ;
#2774 = CARTESIAN_POINT ( 'NONE',  ( 3.762760202546720834, 29.22219352169598494, 29.74100898164687479 ) ) ;
#2775 = ORIENTED_EDGE ( 'NONE', *, *, #1973, .T. ) ;
#2776 = DIRECTION ( 'NONE',  ( 0.000000000000000000, 0.000000000000000000, -1.000000000000000000 ) ) ;
#2777 = VECTOR ( 'NONE', #2184, 1000.000000000000000 ) ;
#2778 = CARTESIAN_POINT ( 'NONE',  ( -20.50000000000000000, 0.9999999999999992228, -1.341721860442307568 ) ) ;
#2779 = DIRECTION ( 'NONE',  ( 1.000000000000000000, -0.000000000000000000, 0.000000000000000000 ) ) ;
#2780 = AXIS2_PLACEMENT_3D ( 'NONE', #1686, #1001, #2879 ) ;
#2781 = EDGE_CURVE ( 'NONE', #1795, #1333, #1957, .T. ) ;
#2782 = FILL_AREA_STYLE ('',( #1851 ) ) ;
#2783 = DIRECTION ( 'NONE',  ( 3.552713678800500929E-15, 0.000000000000000000, 1.000000000000000000 ) ) ;
#2784 = CARTESIAN_POINT ( 'NONE',  ( 20.49999999999999645, 2.999999999999999112, -2.487636119323790244E-15 ) ) ;
#2785 = CARTESIAN_POINT ( 'NONE',  ( -9.084599728670083252, 2.999999999999999112, -18.42607568964799114 ) ) ;
#2786 = ORIENTED_EDGE ( 'NONE', *, *, #721, .F. ) ;
#2787 = CARTESIAN_POINT ( 'NONE',  ( 19.45298514331502915, 0.9999999999999992228, 6.605420998298662028 ) ) ;
#2788 = CARTESIAN_POINT ( 'NONE',  ( 5.315292652448158073, 2.999999999999999112, -19.84434129845636008 ) ) ;
#2789 = CARTESIAN_POINT ( 'NONE',  ( 0.000000000000000000, 30.00000000000000000, 0.000000000000000000 ) ) ;
#2790 = CARTESIAN_POINT ( 'NONE',  ( 7.910561523085311464, 0.9999999999999991118, 6.938680881831890801 ) ) ;
#2791 = DIRECTION ( 'NONE',  ( -0.000000000000000000, 1.000000000000000000, -0.000000000000000000 ) ) ;
#2792 = CARTESIAN_POINT ( 'NONE',  ( 15.44442964030896626, 2.999999999999999112, -13.54694838833948545 ) ) ;
#2793 = DIRECTION ( 'NONE',  ( 0.000000000000000000, 0.000000000000000000, -1.000000000000000000 ) ) ;
#2794 = ORIENTED_EDGE ( 'NONE', *, *, #2992, .F. ) ;
#2795 = ADVANCED_FACE ( 'NONE', ( #741 ), #2898, .F. ) ;
#2796 = CARTESIAN_POINT ( 'NONE',  ( -1.511181207183277975, 23.86194254765261746, -33.69022036661576180 ) ) ;
#2797 = CARTESIAN_POINT ( 'NONE',  ( 3.308855047569828844, 28.46276571918039622, -31.07067551691667617 ) ) ;
#2798 = CARTESIAN_POINT ( 'NONE',  ( 1.558746045970865746, 24.12329852922617235, -33.63692096071991955 ) ) ;
#2799 = CARTESIAN_POINT ( 'NONE',  ( -15.44442964030926646, 2.999999999999999112, 13.54694838833917636 ) ) ;
#2800 = CARTESIAN_POINT ( 'NONE',  ( -34.49999994198311981, 30.00000000000000000, 0.000000000000000000 ) ) ;
#2801 = CARTESIAN_POINT ( 'NONE',  ( 20.36785519807735767, 0.9999999999999992228, 2.683410550213978674 ) ) ;
#2802 = CARTESIAN_POINT ( 'NONE',  ( -5.315292652447612731, 2.999999999999999112, -19.84434129845647377 ) ) ;
#2803 = CARTESIAN_POINT ( 'NONE',  ( 10.16417481140462620, 0.9999999999999991118, 2.722466968326903380 ) ) ;
#2804 = CARTESIAN_POINT ( 'NONE',  ( -17.79054777885734850, 0.9999999999999992228, 10.27358882178207544 ) ) ;
#2805 = FACE_OUTER_BOUND ( 'NONE', #649, .T. ) ;
#2806 = CARTESIAN_POINT ( 'NONE',  ( -3.336780989573580047, 28.42718732278107652, 31.09034368319781549 ) ) ;
#2807 = DIRECTION ( 'NONE',  ( -0.000000000000000000, -1.000000000000000000, -0.000000000000000000 ) ) ;
#2808 = B_SPLINE_CURVE_WITH_KNOTS ( 'NONE', 3,
 ( #1618, #3003, #2314, #3021, #1882, #209, #2548, #2086, #1630, #887, #3065, #1896, #165, #443, #903, #1403, #457, #2594, #2327, #178, #1868, #2798, #1912, #2101, #1387, #698 ),
 .UNSPECIFIED., .F., .F.,
 ( 4, 2, 2, 2, 2, 2, 2, 2, 2, 2, 2, 2, 4 ),
 ( -2.238579558911889042E-05, 0.001601208635148369894, 0.002413005850517113519, 0.003224803065885857578, 0.004848397496623340491, 0.005660194711992081948, 0.006471991927360814731, 0.008095586358098288970, 0.008907383573467025223, 0.009719180788835763210, 0.01053097800420449946, 0.01134277521957323745, 0.01296636965031070995 ),
 .UNSPECIFIED. ) ;
#2809 = CARTESIAN_POINT ( 'NONE',  ( 3.963284705067946945, 29.60304076435619081, -28.73215742902186065 ) ) ;
#2810 = DIRECTION ( 'NONE',  ( -0.000000000000000000, -1.000000000000000000, -0.000000000000000000 ) ) ;
#2811 = EDGE_CURVE ( 'NONE', #300, #2846, #1925, .T. ) ;
#2812 = CARTESIAN_POINT ( 'NONE',  ( -18.42607568964802667, 2.999999999999999112, -9.084599728669987329 ) ) ;
#2813 = DIRECTION ( 'NONE',  ( 0.000000000000000000, 0.000000000000000000, 1.000000000000000000 ) ) ;
#2814 = CARTESIAN_POINT ( 'NONE',  ( -2.683410550213649159, 0.9999999999999992228, -20.36785519807617106 ) ) ;
#2815 = CARTESIAN_POINT ( 'NONE',  ( 13.54694838833887793, 2.999999999999999112, 15.44442964030957199 ) ) ;
#2816 = DIRECTION ( 'NONE',  ( 0.000000000000000000, 1.000000000000000000, -0.000000000000000000 ) ) ;
#2817 = CARTESIAN_POINT ( 'NONE',  ( -2.903771560675540542, 26.30497397422536920, -33.12305814500484047 ) ) ;
#2818 = AXIS2_PLACEMENT_3D ( 'NONE', #1835, #1541, #1119 ) ;
#2819 = CARTESIAN_POINT ( 'NONE',  ( -6.605420998298641599, 0.9999999999999992228, -19.45298514331503981 ) ) ;
#2820 = CARTESIAN_POINT ( 'NONE',  ( -2.500429360799773626, 25.63069340925230932, 33.53856273569783752 ) ) ;
#2821 = CARTESIAN_POINT ( 'NONE',  ( -2.320570944923937340, 24.91808747998262064, 33.87218181753797097 ) ) ;
#2822 = AXIS2_PLACEMENT_3D ( 'NONE', #240, #1196, #1924 ) ;
#2823 = VECTOR ( 'NONE', #2256, 1000.000000000000000 ) ;
#2824 = CARTESIAN_POINT ( 'NONE',  ( -1.934901378117225734, 25.61251658176893997, -33.15445804895706061 ) ) ;
#2825 = AXIS2_PLACEMENT_3D ( 'NONE', #526, #1206, #1982 ) ;
#2826 = CARTESIAN_POINT ( 'NONE',  ( 3.716793721692679853, 29.23642110174641573, -29.72040262612203421 ) ) ;
#2827 = CARTESIAN_POINT ( 'NONE',  ( -2.683410548224210768, 2.999999999999999112, 20.36785519847169823 ) ) ;
#2828 = CARTESIAN_POINT ( 'NONE',  ( -19.45298514331473072, 2.999999999999999112, 6.605420998298685120 ) ) ;
#2829 = EDGE_CURVE ( 'NONE', #219, #2923, #1698, .T. ) ;
#2830 = CARTESIAN_POINT ( 'NONE',  ( -9.963724097794946388, 0.9999999999999991118, 3.383264413762903544 ) ) ;
#2831 = CARTESIAN_POINT ( 'NONE',  ( 19.84434129845647021, 2.999999999999999112, -5.315292652447616284 ) ) ;
#2832 = FACE_OUTER_BOUND ( 'NONE', #2040, .T. ) ;
#2833 = FACE_OUTER_BOUND ( 'NONE', #2996, .T. ) ;
#2834 = CARTESIAN_POINT ( 'NONE',  ( -1.341721860442337766, 0.9999999999999992228, -20.50000000000000000 ) ) ;
#2835 = CARTESIAN_POINT ( 'NONE',  ( -2.161764973487294128, 24.14770258822436588, 34.14065902893951687 ) ) ;
#2836 = CARTESIAN_POINT ( 'NONE',  ( -2.079830053123838507, 25.64112410374542250, 33.30392035749797230 ) ) ;
#2837 = ORIENTED_EDGE ( 'NONE', *, *, #1295, .T. ) ;
#2838 = CARTESIAN_POINT ( 'NONE',  ( -26.49999992446859309, 30.00000000000000000, 0.000000000000000000 ) ) ;
#2839 = CYLINDRICAL_SURFACE ( 'NONE', #484, 20.50000000000000000 ) ;
#2840 = CARTESIAN_POINT ( 'NONE',  ( 5.315292654437071107, 2.999999999999999112, 19.84434129806074054 ) ) ;
#2841 = CARTESIAN_POINT ( 'NONE',  ( -18.42607568964802667, 2.999999999999999112, -9.084599728669987329 ) ) ;
#2842 = CARTESIAN_POINT ( 'NONE',  ( -13.54694838833926696, 2.999999999999999112, 15.44442964030918652 ) ) ;
#2843 = CARTESIAN_POINT ( 'NONE',  ( 4.705685264173880888, 28.99999999999999645, 18.66598580826999054 ) ) ;
#2844 = CARTESIAN_POINT ( 'NONE',  ( -4.072099670359682122, 29.58760376833464179, -28.76381670260146350 ) ) ;
#2845 = B_SPLINE_CURVE_WITH_KNOTS ( 'NONE', 3,
 ( #1854, #2535, #2827, #1122, #1648, #1151, #1662, #1137, #1367, #2343, #2560, #1416, #669, #195, #423, #2113, #1167, #410 ),
 .UNSPECIFIED., .F., .F.,
 ( 4, 2, 2, 2, 2, 2, 2, 2, 4 ),
 ( 0.000000000000000000, 0.03125000000000000694, 0.06250000000000002776, 0.09375000000000005551, 0.1250000000000000833, 0.1562500000000000555, 0.1875000000000000555, 0.2187500000000000278, 0.2500000000000000000 ),
 .UNSPECIFIED. ) ;
#2846 = VERTEX_POINT ( 'NONE', #2411 ) ;
#2847 = CARTESIAN_POINT ( 'NONE',  ( 2.724288797612814506, 0.9999999999999997780, 10.16384916928476301 ) ) ;
#2848 = DIRECTION ( 'NONE',  ( -0.000000000000000000, -1.000000000000000000, -0.000000000000000000 ) ) ;
#2849 = CARTESIAN_POINT ( 'NONE',  ( 2.324135821055053341, 22.54649949904171535, -34.42362760741978178 ) ) ;
#2850 =( BOUNDED_CURVE ( )  B_SPLINE_CURVE ( 3, ( #1142, #1622, #2118, #2552 ),
 .UNSPECIFIED., .F., .T. ) 
 B_SPLINE_CURVE_WITH_KNOTS ( ( 4, 4 ),
 ( 4.938735343932738608, 5.006126779441999908 ),
 .UNSPECIFIED. ) 
 CURVE ( )  GEOMETRIC_REPRESENTATION_ITEM ( )  RATIONAL_B_SPLINE_CURVE ( ( 1.000000000000000000, 0.9996215686763205710, 0.9996215686763205710, 1.000000000000000000 ) ) 
 REPRESENTATION_ITEM ( '' )  );
#2851 = VERTEX_POINT ( 'NONE', #302 ) ;
#2852 = EDGE_CURVE ( 'NONE', #1887, #1046, #1369, .T. ) ;
#2853 = CARTESIAN_POINT ( 'NONE',  ( 0.000000000000000000, 28.99999999999999645, -19.25000000000000000 ) ) ;
#2854 = DIRECTION ( 'NONE',  ( 0.000000000000000000, 1.000000000000000000, -0.000000000000000000 ) ) ;
#2855 = CARTESIAN_POINT ( 'NONE',  ( -20.36785519807607514, 2.999999999999999112, -2.683410550213193524 ) ) ;
#2856 = CARTESIAN_POINT ( 'NONE',  ( -2.852509250624043702, 26.09933400142307747, -33.25489764787827340 ) ) ;
#2857 = CARTESIAN_POINT ( 'NONE',  ( 15.44442964030897514, 0.9999999999999992228, 13.54694838833887971 ) ) ;
#2858 = CARTESIAN_POINT ( 'NONE',  ( 9.437004692346766532, 1.000000000000000222, 4.654783378664055782 ) ) ;
#2859 = CARTESIAN_POINT ( 'NONE',  ( 9.112231789170078144, 0.9999999999999991118, -5.262082079449371008 ) ) ;
#2860 = LINE ( 'NONE', #2405, #3059 ) ;
#2861 = ORIENTED_EDGE ( 'NONE', *, *, #220, .T. ) ;
#2862 = CARTESIAN_POINT ( 'NONE',  ( 1.255262969126037241E-15, 2.999999999999999112, 20.49999999999999645 ) ) ;
#2863 = EDGE_CURVE ( 'NONE', #1584, #2755, #808, .T. ) ;
#2864 = CARTESIAN_POINT ( 'NONE',  ( 17.79054777998248937, 2.999999999999999112, -10.27358882009553298 ) ) ;
#2865 = VECTOR ( 'NONE', #190, 1000.000000000000000 ) ;
#2866 = AXIS2_PLACEMENT_3D ( 'NONE', #34, #17, #1738 ) ;
#2867 = CARTESIAN_POINT ( 'NONE',  ( -4.336808689942017736E-16, 30.00000000000000000, -0.002000791051989803115 ) ) ;
#2868 = AXIS2_PLACEMENT_3D ( 'NONE', #949, #642, #1604 ) ;
#2869 = DIRECTION ( 'NONE',  ( 0.000000000000000000, 0.000000000000000000, -1.000000000000000000 ) ) ;
#2870 = VERTEX_POINT ( 'NONE', #2004 ) ;
#2871 = CARTESIAN_POINT ( 'NONE',  ( -13.54694838833918702, 2.999999999999999112, -15.44442964030926468 ) ) ;
#2872 = CARTESIAN_POINT ( 'NONE',  ( -2.554614223647771354, 24.66291590069104345, -33.95467956426973899 ) ) ;
#2873 = CARTESIAN_POINT ( 'NONE',  ( -2.722466968326886949, 0.9999999999999991118, -10.16417481140403467 ) ) ;
#2874 = ORIENTED_EDGE ( 'NONE', *, *, #48, .F. ) ;
#2875 = CARTESIAN_POINT ( 'NONE',  ( 1.341721860442342873, 2.999999999999999112, -20.49999999999999645 ) ) ;
#2876 = CARTESIAN_POINT ( 'NONE',  ( -5.262082079449071692, 0.9999999999999991118, -9.112231789170078144 ) ) ;
#2877 = CARTESIAN_POINT ( 'NONE',  ( 4.336808689942017736E-16, 0.000000000000000000, -34.50153451497305923 ) ) ;
#2878 = ORIENTED_EDGE ( 'NONE', *, *, #1254, .T. ) ;
#2879 = DIRECTION ( 'NONE',  ( 0.000000000000000000, 0.000000000000000000, 1.000000000000000000 ) ) ;
#2880 = CARTESIAN_POINT ( 'NONE',  ( 29.07624254769013206, 29.59219404895418748, 0.000000000000000000 ) ) ;
#2881 = EDGE_CURVE ( 'NONE', #145, #1627, #251, .T. ) ;
#2882 = CARTESIAN_POINT ( 'NONE',  ( -2.314820552894489847, 26.32101844483063147, 32.93682698527516095 ) ) ;
#2883 = CARTESIAN_POINT ( 'NONE',  ( -4.336808689942017736E-16, 22.00000000000000000, -0.002000791051989803115 ) ) ;
#2884 = ORIENTED_EDGE ( 'NONE', *, *, #277, .F. ) ;
#2885 = CARTESIAN_POINT ( 'NONE',  ( -17.79054777885573912, 2.999999999999999112, -10.27358882178182853 ) ) ;
#2886 = CARTESIAN_POINT ( 'NONE',  ( -1.563591196701892505, 24.14844952600553540, -33.63137490730968437 ) ) ;
#2887 = CARTESIAN_POINT ( 'NONE',  ( -3.383264413762588685, 0.9999999999999991118, -9.963724097794910861 ) ) ;
#2888 = CARTESIAN_POINT ( 'NONE',  ( -12.50479073202244074, 2.999999999999999112, -16.29970632554823240 ) ) ;
#2889 = CARTESIAN_POINT ( 'NONE',  ( 3.383264413762530509, 0.9999999999999991118, 9.963724097795060075 ) ) ;
#2890 = DIRECTION ( 'NONE',  ( 0.000000000000000000, 0.000000000000000000, 1.000000000000000000 ) ) ;
#2891 = EDGE_LOOP ( 'NONE', ( #40, #2293, #868, #798, #1267 ) ) ;
#2892 = DIRECTION ( 'NONE',  ( 0.000000000000000000, 0.000000000000000000, 1.000000000000000000 ) ) ;
#2893 = CARTESIAN_POINT ( 'NONE',  ( 20.49999999999999645, 2.999999999999999112, -2.487636119323790244E-15 ) ) ;
#2894 = DIRECTION ( 'NONE',  ( -0.000000000000000000, -0.000000000000000000, 1.000000000000000000 ) ) ;
#2895 = CARTESIAN_POINT ( 'NONE',  ( 10.16417481140403289, 0.9999999999999991118, -2.722466968326739511 ) ) ;
#2896 = CARTESIAN_POINT ( 'NONE',  ( -9.084599728671049590, 0.9999999999999992228, 18.42607568964771048 ) ) ;
#2897 = CARTESIAN_POINT ( 'NONE',  ( -1.354061739223345606, 30.00000000000000000, -33.85615338233036198 ) ) ;
#2898 = PLANE ( 'NONE',  #593 ) ;
#2899 = EDGE_LOOP ( 'NONE', ( #1264, #2486, #2209, #1400 ) ) ;
#2900 = ADVANCED_FACE ( 'NONE', ( #1058 ), #2022, .T. ) ;
#2901 = CARTESIAN_POINT ( 'NONE',  ( 2.256769565372297226, 30.00000000000000000, -33.42589929390185688 ) ) ;
#2902 = CARTESIAN_POINT ( 'NONE',  ( -3.080240984671763105, 26.97221163369800578, -32.64632944099737699 ) ) ;
#2903 = CARTESIAN_POINT ( 'NONE',  ( -2.722466968326775039, 0.9999999999999991118, 10.16417481140399914 ) ) ;
#2904 = CARTESIAN_POINT ( 'NONE',  ( -18.42607568964805509, 2.999999999999999112, 9.084599728669928709 ) ) ;
#2905 = CARTESIAN_POINT ( 'NONE',  ( -33.68610106537589388, 25.55417669425028393, -0.000000000000000000 ) ) ;
#2906 = CARTESIAN_POINT ( 'NONE',  ( -19.45298514409093116, 2.999999999999995559, -6.605420996424779645 ) ) ;
#2907 = ORIENTED_EDGE ( 'NONE', *, *, #1631, .T. ) ;
#2908 = CARTESIAN_POINT ( 'NONE',  ( 0.6872233919333533558, 0.9999999999999991118, 10.50000000000000000 ) ) ;
#2909 = CARTESIAN_POINT ( 'NONE',  ( -8.347572105093401973, 1.000000000000000000, -6.406411305553892710 ) ) ;
#2910 = CARTESIAN_POINT ( 'NONE',  ( 30.05112980358972763, 29.18803958957053979, -0.000000000000000000 ) ) ;
#2911 = ORIENTED_EDGE ( 'NONE', *, *, #1673, .F. ) ;
#2912 = CARTESIAN_POINT ( 'NONE',  ( 18.42607568964797338, 2.999999999999999112, -9.084599728670118779 ) ) ;
#2913 = CARTESIAN_POINT ( 'NONE',  ( -4.336808689942017736E-16, 30.00000000000000000, -0.002000791051989803115 ) ) ;
#2914 = CARTESIAN_POINT ( 'NONE',  ( 2.233331091755146769, 26.09549514219910549, 33.06912930640901038 ) ) ;
#2915 = CIRCLE ( 'NONE', #1598, 19.25000000000000000 ) ;
#2916 = CARTESIAN_POINT ( 'NONE',  ( 6.937397966179580600, 1.000000000000000222, -7.911895401711204201 ) ) ;
#2917 = CARTESIAN_POINT ( 'NONE',  ( 34.39753872769468757, 23.30317238289011073, -0.000000000000000000 ) ) ;
#2918 = CARTESIAN_POINT ( 'NONE',  ( 10.43231607706381148, 0.9999999999999991118, -1.374429794011939876 ) ) ;
#2919 = EDGE_CURVE ( 'NONE', #1800, #314, #1039, .T. ) ;
#2920 = CARTESIAN_POINT ( 'NONE',  ( 4.653087665904296344, 0.9999999999999991118, -9.437746084941514013 ) ) ;
#2921 = CARTESIAN_POINT ( 'NONE',  ( -34.24208312329955817, 24.08233677553240426, -0.000000000000000000 ) ) ;
#2922 = PLANE ( 'NONE',  #839 ) ;
#2923 = VERTEX_POINT ( 'NONE', #2420 ) ;
#2924 = B_SPLINE_CURVE_WITH_KNOTS ( 'NONE', 3,
 ( #1920, #56, #1014, #2847, #492, #1978, #719, #2612, #477, #247, #10, #1930, #2858, #731, #1097, #341, #1585, #1079 ),
 .UNSPECIFIED., .F., .F.,
 ( 4, 2, 2, 2, 2, 2, 2, 2, 4 ),
 ( 0.000000000000000000, 0.03124999999999996531, 0.06249999999999993061, 0.09374999999999991673, 0.1249999999999999167, 0.1562499999999999445, 0.1874999999999999445, 0.2187499999999999722, 0.2500000000000000000 ),
 .UNSPECIFIED. ) ;
#2925 = DIRECTION ( 'NONE',  ( 0.000000000000000000, 1.000000000000000000, -0.000000000000000000 ) ) ;
#2926 = CARTESIAN_POINT ( 'NONE',  ( -5.315292652447612731, 2.999999999999999112, -19.84434129845647377 ) ) ;
#2927 = DIRECTION ( 'NONE',  ( 1.000000000000000000, -0.000000000000000000, 0.000000000000000000 ) ) ;
#2928 = CARTESIAN_POINT ( 'NONE',  ( 4.705685264174112703, 28.99999999999999645, -18.66598580826993725 ) ) ;
#2929 = CARTESIAN_POINT ( 'NONE',  ( 1.515089785116014998, 23.88511791500008741, -33.68587923754898128 ) ) ;
#2930 = FACE_OUTER_BOUND ( 'NONE', #1507, .T. ) ;
#2931 = CARTESIAN_POINT ( 'NONE',  ( 13.54694838833887793, 2.999999999999999112, 15.44442964030957199 ) ) ;
#2932 = CARTESIAN_POINT ( 'NONE',  ( 8.348630069183379021, 0.9999999999999991118, -6.404892813962264952 ) ) ;
#2933 = CARTESIAN_POINT ( 'NONE',  ( 20.50000000000000000, 0.9999999999999992228, 1.341721860442340208 ) ) ;
#2934 = CARTESIAN_POINT ( 'NONE',  ( 2.703344600248556606, 26.32686181761520672, 33.12191418657891262 ) ) ;
#2935 = VERTEX_POINT ( 'NONE', #2453 ) ;
#2936 = CARTESIAN_POINT ( 'NONE',  ( 9.084599728670138319, 0.9999999999999992228, 18.42607568964861997 ) ) ;
#2937 = CARTESIAN_POINT ( 'NONE',  ( -1.964225604963708571, 22.00000000000000000, 34.44203813838840489 ) ) ;
#2938 = EDGE_CURVE ( 'NONE', #2755, #616, #2341, .T. ) ;
#2939 = CARTESIAN_POINT ( 'NONE',  ( -3.381568701012759526, 1.000000000000000000, 9.964465490385256530 ) ) ;
#2940 = VERTEX_POINT ( 'NONE', #1732 ) ;
#2941 = ORIENTED_EDGE ( 'NONE', *, *, #2260, .F. ) ;
#2942 = CARTESIAN_POINT ( 'NONE',  ( 13.54694838833946235, 2.999999999999999112, -15.44442964030898935 ) ) ;
#2943 = SURFACE_STYLE_FILL_AREA ( #2003 ) ;
#2944 = CARTESIAN_POINT ( 'NONE',  ( 4.444850235142545181, 29.98422224370617073, 26.64122733017261879 ) ) ;
#2945 =( BOUNDED_CURVE ( )  B_SPLINE_CURVE ( 2, ( #988, #1510, #28 ),
 .UNSPECIFIED., .F., .T. ) 
 B_SPLINE_CURVE_WITH_KNOTS ( ( 3, 3 ),
 ( 0.000000000000000000, 1.000000000000000000 ),
 .UNSPECIFIED. ) 
 CURVE ( )  GEOMETRIC_REPRESENTATION_ITEM ( )  RATIONAL_B_SPLINE_CURVE ( ( 1.000000000000000000, 0.7071067811865475727, 1.000000000000000000 ) ) 
 REPRESENTATION_ITEM ( '' )  );
#2946 = CARTESIAN_POINT ( 'NONE',  ( 5.260563587853052780, 1.000000000000000222, -9.113289753261334170 ) ) ;
#2947 = CARTESIAN_POINT ( 'NONE',  ( 0.000000000000000000, 28.99999999999999645, 0.000000000000000000 ) ) ;
#2948 = CARTESIAN_POINT ( 'NONE',  ( -20.36785519807619593, 0.9999999999999992228, -2.683410550213216617 ) ) ;
#2949 = ORIENTED_EDGE ( 'NONE', *, *, #2532, .F. ) ;
#2950 = CARTESIAN_POINT ( 'NONE',  ( 10.27358882178252841, 0.9999999999999992228, -17.79054777885505345 ) ) ;
#2951 = CARTESIAN_POINT ( 'NONE',  ( 3.535477151453954470, 28.97131501738373061, 30.17387162683857937 ) ) ;
#2952 = ORIENTED_EDGE ( 'NONE', *, *, #971, .F. ) ;
#2953 = CARTESIAN_POINT ( 'NONE',  ( 5.315292652447904942, 0.9999999999999992228, -19.84434129845509176 ) ) ;
#2954 = CARTESIAN_POINT ( 'NONE',  ( -34.08686134581355276, 24.59070557534521484, 0.000000000000000000 ) ) ;
#2955 = CARTESIAN_POINT ( 'NONE',  ( 7.910561523085311464, 0.9999999999999991118, 6.938680881831890801 ) ) ;
#2956 = EDGE_CURVE ( 'NONE', #300, #160, #890, .T. ) ;
#2957 = ORIENTED_EDGE ( 'NONE', *, *, #2829, .T. ) ;
#2958 = DIRECTION ( 'NONE',  ( -0.000000000000000000, -1.000000000000000000, -0.000000000000000000 ) ) ;
#2959 = AXIS2_PLACEMENT_3D ( 'NONE', #1718, #2925, #1769 ) ;
#2960 = CARTESIAN_POINT ( 'NONE',  ( -3.308855047571875652, 28.46276571918203757, -31.07067551691754659 ) ) ;
#2961 = CARTESIAN_POINT ( 'NONE',  ( -19.84434129845624994, 0.9999999999999992228, -5.315292652448094124 ) ) ;
#2962 = VERTEX_POINT ( 'NONE', #548 ) ;
#2963 = AXIS2_PLACEMENT_3D ( 'NONE', #3009, #2105, #1655 ) ;
#2964 = DIRECTION ( 'NONE',  ( -0.000000000000000000, -1.000000000000000000, 0.000000000000000000 ) ) ;
#2965 = CARTESIAN_POINT ( 'NONE',  ( 20.36785519807735767, 0.9999999999999992228, 2.683410550213978674 ) ) ;
#2966 = CARTESIAN_POINT ( 'NONE',  ( 2.871081816850094448, 27.40554951273270134, 32.29212311449440875 ) ) ;
#2967 = VERTEX_POINT ( 'NONE', #2615 ) ;
#2968 = CARTESIAN_POINT ( 'NONE',  ( -5.262082079449105443, 0.9999999999999991118, 9.112231789169463525 ) ) ;
#2969 = LINE ( 'NONE', #636, #1801 ) ;
#2970 = EDGE_LOOP ( 'NONE', ( #1555, #206, #467, #1062, #2662, #1210, #2306, #1356, #1949, #32, #1547, #2452 ) ) ;
#2971 = CARTESIAN_POINT ( 'NONE',  ( -4.336808689942017736E-16, 30.00000000000000000, -0.002000791051989803115 ) ) ;
#2972 = DIRECTION ( 'NONE',  ( 0.000000000000000000, 0.000000000000000000, 1.000000000000000000 ) ) ;
#2973 = DIRECTION ( 'NONE',  ( -0.000000000000000000, -1.000000000000000000, -0.000000000000000000 ) ) ;
#2974 = ADVANCED_FACE ( 'NONE', ( #972 ), #1265, .T. ) ;
#2975 = CARTESIAN_POINT ( 'NONE',  ( 2.554614223647663884, 24.66291590069080542, -33.95467956426981715 ) ) ;
#2976 = CARTESIAN_POINT ( 'NONE',  ( -4.249132807921151667, 29.94892957983856974, -27.18293223659668101 ) ) ;
#2977 = EDGE_CURVE ( 'NONE', #2283, #2962, #645, .T. ) ;
#2978 = CARTESIAN_POINT ( 'NONE',  ( -15.44442964030986687, 1.000000000001045608, 13.54694838833977677 ) ) ;
#2979 = ORIENTED_EDGE ( 'NONE', *, *, #2619, .F. ) ;
#2980 = CARTESIAN_POINT ( 'NONE',  ( 9.112231789170074592, 0.9999999999999991118, 5.262082079449374561 ) ) ;
#2981 = CARTESIAN_POINT ( 'NONE',  ( 2.683410550213493728, 0.9999999999999992228, 20.36785519807512657 ) ) ;
#2982 = CARTESIAN_POINT ( 'NONE',  ( 1.499785028824640598, 23.09600372581266470, 34.02326849888547855 ) ) ;
#2983 = ORIENTED_EDGE ( 'NONE', *, *, #355, .T. ) ;
#2984 = CARTESIAN_POINT ( 'NONE',  ( -10.16417481140399914, 0.9999999999999991118, -2.722466968326923364 ) ) ;
#2985 = PLANE ( 'NONE',  #2818 ) ;
#2986 = FACE_OUTER_BOUND ( 'NONE', #2698, .T. ) ;
#2987 = CARTESIAN_POINT ( 'NONE',  ( -3.302645869671708923, 28.55120000394001067, 30.82304187072146462 ) ) ;
#2988 = CARTESIAN_POINT ( 'NONE',  ( 2.710466213652072742, 27.05753301779432363, -32.61275517324748563 ) ) ;
#2989 = LINE ( 'NONE', #2768, #640 ) ;
#2990 = CARTESIAN_POINT ( 'NONE',  ( -1.341721860441310143, 0.9999999999999992228, 20.49999999999880629 ) ) ;
#2991 = VERTEX_POINT ( 'NONE', #2631 ) ;
#2992 = EDGE_CURVE ( 'NONE', #2406, #1324, #1440, .T. ) ;
#2993 = CARTESIAN_POINT ( 'NONE',  ( 0.000000000000000000, 0.9999999999999991118, 10.50000000000000000 ) ) ;
#2994 = CARTESIAN_POINT ( 'NONE',  ( 16.29970632554809740, 1.000000000000001776, 12.50479073202117597 ) ) ;
#2995 = CARTESIAN_POINT ( 'NONE',  ( 1.554897504270375430, 21.99999999999999645, 34.46538071844586426 ) ) ;
#2996 = EDGE_LOOP ( 'NONE', ( #1294, #2515, #2643, #313 ) ) ;
#2997 = CARTESIAN_POINT ( 'NONE',  ( 4.547635486306341512, 30.00000000000000000, 26.10487591765615534 ) ) ;
#2998 = CARTESIAN_POINT ( 'NONE',  ( -19.84434129845624994, 0.9999999999999992228, -5.315292652448094124 ) ) ;
#2999 = CARTESIAN_POINT ( 'NONE',  ( -2.324135821055048456, 0.000000000000000000, -34.42362760741976757 ) ) ;
#3000 = ORIENTED_EDGE ( 'NONE', *, *, #1214, .T. ) ;
#3001 = DIRECTION ( 'NONE',  ( 0.000000000000000000, 1.000000000000000000, -0.000000000000000000 ) ) ;
#3002 = CARTESIAN_POINT ( 'NONE',  ( 2.584677695067734149, 27.36717726224985725, -32.07165185073783675 ) ) ;
#3003 = CARTESIAN_POINT ( 'NONE',  ( 4.367593864344804899, 30.00000000000000711, -26.65191792361418166 ) ) ;
#3004 = CARTESIAN_POINT ( 'NONE',  ( -16.29970632554858767, 2.999999999999999112, -12.50479073202189539 ) ) ;
#3005 = ORIENTED_EDGE ( 'NONE', *, *, #318, .T. ) ;
#3006 = CARTESIAN_POINT ( 'NONE',  ( 12.50479073202117775, 1.000000000000890621, 16.29970632554928400 ) ) ;
#3007 = AXIS2_PLACEMENT_3D ( 'NONE', #278, #1237, #46 ) ;
#3008 = CARTESIAN_POINT ( 'NONE',  ( 10.27358882178262789, 2.999999999999999112, -17.79054777885520267 ) ) ;
#3009 = CARTESIAN_POINT ( 'NONE',  ( 0.000000000000000000, 30.00100000000000122, 0.000000000000000000 ) ) ;
#3010 = CARTESIAN_POINT ( 'NONE',  ( -2.324135821055052453, 22.54651021741464589, -34.42362760741976757 ) ) ;
#3011 = CARTESIAN_POINT ( 'NONE',  ( 2.006042990687308070, 23.09094422846957073, 34.38328219241319772 ) ) ;
#3012 = EDGE_CURVE ( 'NONE', #1453, #2991, #1807, .T. ) ;
#3013 = AXIS2_PLACEMENT_3D ( 'NONE', #1759, #2958, #2719 ) ;
#3014 = AXIS2_PLACEMENT_3D ( 'NONE', #2107, #3028, #676 ) ;
#3015 = CARTESIAN_POINT ( 'NONE',  ( 15.44442964030957199, 2.999999999999999112, 13.54694838833887793 ) ) ;
#3016 = CARTESIAN_POINT ( 'NONE',  ( -2.324135821055048456, 30.00000000000000000, -34.42362760741976757 ) ) ;
#3017 = VECTOR ( 'NONE', #1292, 1000.000000000000000 ) ;
#3018 = EDGE_LOOP ( 'NONE', ( #2045, #2957, #2060, #2694 ) ) ;
#3019 = DIRECTION ( 'NONE',  ( 0.000000000000000000, 0.000000000000000000, 1.000000000000000000 ) ) ;
#3020 = CARTESIAN_POINT ( 'NONE',  ( 2.417074771227787355, 26.97221163336255501, -32.38500580562006093 ) ) ;
#3021 = CARTESIAN_POINT ( 'NONE',  ( 4.058538500438768182, 29.80066485976415791, -27.94954364810426028 ) ) ;
#3022 = CARTESIAN_POINT ( 'NONE',  ( 20.49999999999999645, 2.999999999999999112, -1.341721860442337544 ) ) ;
#3023 = CARTESIAN_POINT ( 'NONE',  ( -2.256769565372296338, 22.00000000000000000, -34.42589929390185688 ) ) ;
#3024 = CARTESIAN_POINT ( 'NONE',  ( -6.404892813962559828, 0.9999999999999991118, 8.348630069183972324 ) ) ;
#3025 = CARTESIAN_POINT ( 'NONE',  ( 12.50479073202107827, 2.999999999999999112, 16.29970632554913834 ) ) ;
#3026 = CARTESIAN_POINT ( 'NONE',  ( -4.336808689942017736E-16, 30.00000000000000000, -0.002000791051989803115 ) ) ;
#3027 = CARTESIAN_POINT ( 'NONE',  ( -4.474844081315940691, 30.00000000000000000, -26.12145274640342407 ) ) ;
#3028 = DIRECTION ( 'NONE',  ( 0.000000000000000000, 1.000000000000000000, -0.000000000000000000 ) ) ;
#3029 = CARTESIAN_POINT ( 'NONE',  ( 19.45298514331478401, 2.999999999999999112, 6.605420998298558999 ) ) ;
#3030 = CARTESIAN_POINT ( 'NONE',  ( -2.700195937149846070, 26.31668647037763265, 33.12872148953018581 ) ) ;
#3031 = EDGE_CURVE ( 'NONE', #2075, #111, #1048, .T. ) ;
#3032 = CARTESIAN_POINT ( 'NONE',  ( 1.084202172485504434E-16, 30.00000000000000000, 34.44567992468615358 ) ) ;
#3033 = B_SPLINE_CURVE_WITH_KNOTS ( 'NONE', 3,
 ( #2632, #2232, #76, #751, #2664, #1019, #2880, #2910, #785, #497, #1458, #1733, #527, #1252, #2439, #801, #2408, #973, #2182, #2454, #1754, #2000, #1282, #310, #1266, #1035 ),
 .UNSPECIFIED., .F., .F.,
 ( 4, 2, 2, 2, 2, 2, 2, 2, 2, 2, 2, 2, 4 ),
 ( 0.01038337776414996125, 0.01116493680816060471, 0.01194649585217124992, 0.01350961394019253858, 0.01507273202821382552, 0.01585429107222447245, 0.01663585011623511939, 0.01819896820425639938, 0.01898052724826704285, 0.01976208629227767938, 0.02132520438029896978, 0.02210676342430961325, 0.02288832246832025671 ),
 .UNSPECIFIED. ) ;
#3034 = CARTESIAN_POINT ( 'NONE',  ( 4.249132807920762644, 29.94892957983852710, -27.18293223659667746 ) ) ;
#3035 = CARTESIAN_POINT ( 'NONE',  ( 10.50000000000000000, 0.9999999999999995559, 3.252606517456513302E-16 ) ) ;
#3036 = CARTESIAN_POINT ( 'NONE',  ( 6.605420998298596302, 2.999999999999999112, -19.45298514331476980 ) ) ;
#3037 = CARTESIAN_POINT ( 'NONE',  ( -34.49999994198311981, 30.00000000000000000, 0.000000000000000000 ) ) ;
#3038 = CARTESIAN_POINT ( 'NONE',  ( 15.44442964030896448, 1.000000000001045608, -13.54694838833948545 ) ) ;
#3039 = CARTESIAN_POINT ( 'NONE',  ( -16.29970632554700671, 0.9999999999999992228, 12.50479073202160762 ) ) ;
#3040 = DIRECTION ( 'NONE',  ( 0.000000000000000000, 0.000000000000000000, 1.000000000000000000 ) ) ;
#3041 = CARTESIAN_POINT ( 'NONE',  ( -2.690176684721347744, 25.38072014770839502, -33.65006122571228531 ) ) ;
#3042 = CARTESIAN_POINT ( 'NONE',  ( -5.315292652447201505, 0.9999999999999992228, 19.84434129845624994 ) ) ;
#3043 = CARTESIAN_POINT ( 'NONE',  ( -4.528112333671378664, 30.00000000000000711, 26.23948689086600794 ) ) ;
#3044 = CARTESIAN_POINT ( 'NONE',  ( -2.710742835940750162, 27.01506560062041729, 32.64061571099656334 ) ) ;
#3045 = FACE_OUTER_BOUND ( 'NONE', #359, .T. ) ;
#3046 = EDGE_CURVE ( 'NONE', #2870, #300, #1717, .T. ) ;
#3047 = PLANE ( 'NONE',  #1941 ) ;
#3048 = DIRECTION ( 'NONE',  ( 1.000000000000000000, -0.000000000000000000, 0.000000000000000000 ) ) ;
#3049 = CARTESIAN_POINT ( 'NONE',  ( 13.54694838833946235, 2.999999999999999112, -15.44442964030898935 ) ) ;
#3050 = CARTESIAN_POINT ( 'NONE',  ( 1.255262969126037241E-15, 2.999999999999999112, 20.49999999999999645 ) ) ;
#3051 = CARTESIAN_POINT ( 'NONE',  ( -18.42607568964771048, 0.9999999999999992228, -9.084599728670452734 ) ) ;
#3052 = CARTESIAN_POINT ( 'NONE',  ( 17.79054777885558281, 2.999999999999999112, 10.27358882178205945 ) ) ;
#3053 = DIRECTION ( 'NONE',  ( 0.000000000000000000, 0.000000000000000000, 1.000000000000000000 ) ) ;
#3054 = CARTESIAN_POINT ( 'NONE',  ( 4.600581028908435677, 30.00000000000000000, 0.000000000000000000 ) ) ;
#3055 = CIRCLE ( 'NONE', #2097, 20.50000000000000000 ) ;
#3056 = CARTESIAN_POINT ( 'NONE',  ( 9.084599728670138319, 2.999999999999999112, -18.42607568964796272 ) ) ;
#3057 = CARTESIAN_POINT ( 'NONE',  ( -4.330825810499135287, 29.89826500272313936, 27.45642817499783561 ) ) ;
#3058 = CARTESIAN_POINT ( 'NONE',  ( -2.015273989017542178, 24.98705705206128158, 33.86620583426226716 ) ) ;
#3059 = VECTOR ( 'NONE', #262, 1000.000000000000000 ) ;
#3060 = AXIS2_PLACEMENT_3D ( 'NONE', #1223, #513, #2667 ) ;
#3061 = CIRCLE ( 'NONE', #2144, 9.500000000000023093 ) ;
#3062 = CARTESIAN_POINT ( 'NONE',  ( -2.579463735319794448, 27.35536635708618292, -32.08199328584512955 ) ) ;
#3063 = EDGE_CURVE ( 'NONE', #325, #102, #287, .T. ) ;
#3064 = DIRECTION ( 'NONE',  ( 0.000000000000000000, 0.000000000000000000, 1.000000000000000000 ) ) ;
#3065 = CARTESIAN_POINT ( 'NONE',  ( 3.085138967896820184, 28.40103297539664595, -30.96270827382314295 ) ) ;
#3066 = DIRECTION ( 'NONE',  ( -0.000000000000000000, -1.000000000000000000, -0.000000000000000000 ) ) ;
#3067 = CARTESIAN_POINT ( 'NONE',  ( 0.000000000000000000, 2.999999999999999112, 20.49999999999999645 ) ) ;
#3068 = EDGE_CURVE ( 'NONE', #398, #235, #842, .T. ) ;
#3069 = CARTESIAN_POINT ( 'NONE',  ( -10.27358882178150523, 0.9999999999999992228, 17.79054777885495042 ) ) ;
#3070 = DIRECTION ( 'NONE',  ( 5.329070518200750605E-15, 0.000000000000000000, 1.000000000000000000 ) ) ;
#3071 = CARTESIAN_POINT ( 'NONE',  ( 3.383264413762530509, 0.9999999999999991118, 9.963724097795060075 ) ) ;
#3072 = CARTESIAN_POINT ( 'NONE',  ( 5.262082079449085903, 0.9999999999999991118, -9.112231789169474183 ) ) ;
ENDSEC;
END-ISO-10303-21;
