ISO-10303-21;
HEADER;
/* Generated by software containing ST-Developer
 * from STEP Tools, Inc. (www.steptools.com) 
 */

FILE_DESCRIPTION(
/* description */ ('Alibre Inc.'),
/* implementation_level */ '2;1');

FILE_NAME(
/* name */ 'export-84B0F054-375A-46EF-8AF2-1FE0AFDDCAAD',
/* time_stamp */ '2026-01-15T16:09:12-06:00',
/* author */ (''),
/* organization */ (''),
/* preprocessor_version */ 'ST-DEVELOPER v17',
/* originating_system */ 'Alibre',
/* authorisation */ '');

FILE_SCHEMA (('CONFIG_CONTROL_DESIGN'));
ENDSEC;

DATA;
#10=MECHANICAL_CONTEXT('detailed design',#18,'mechanical');
#11=PRODUCT_RELATED_PRODUCT_CATEGORY('detail','',(#98));
#12=CC_DESIGN_SECURITY_CLASSIFICATION(#14,(#97));
#13=SECURITY_CLASSIFICATION_LEVEL('unclassified');
#14=SECURITY_CLASSIFICATION('name','Security for version',#13);
#15=SHAPE_DEFINITION_REPRESENTATION(#16,#4243);
#16=PRODUCT_DEFINITION_SHAPE('','DefinitionDesc',#96);
#17=APPLICATION_PROTOCOL_DEFINITION('AP definition status',
'config_control_design',1994,#18);
#18=APPLICATION_CONTEXT(
'control the configuration of three dimensional design');
#19=DESIGN_CONTEXT('detailed design',#18,'design');
#20=PERSON_AND_ORGANIZATION_ROLE('creator');
#21=PERSON_AND_ORGANIZATION_ROLE('classification_officer');
#22=PERSON_AND_ORGANIZATION_ROLE('creator');
#23=PERSON_AND_ORGANIZATION_ROLE('design_supplier');
#24=PERSON_AND_ORGANIZATION_ROLE('design_owner');
#25=CC_DESIGN_PERSON_AND_ORGANIZATION_ASSIGNMENT(#57,#20,(#96));
#26=CC_DESIGN_PERSON_AND_ORGANIZATION_ASSIGNMENT(#60,#21,(#14));
#27=CC_DESIGN_PERSON_AND_ORGANIZATION_ASSIGNMENT(#61,#22,(#97));
#28=CC_DESIGN_PERSON_AND_ORGANIZATION_ASSIGNMENT(#62,#23,(#97));
#29=CC_DESIGN_PERSON_AND_ORGANIZATION_ASSIGNMENT(#63,#24,(#98));
#30=DATE_TIME_ROLE('creation_date');
#31=DATE_TIME_ROLE('classification_date');
#32=CC_DESIGN_DATE_AND_TIME_ASSIGNMENT(#86,#30,(#96));
#33=CC_DESIGN_DATE_AND_TIME_ASSIGNMENT(#89,#31,(#14));
#34=CC_DESIGN_APPROVAL(#93,(#96));
#35=CC_DESIGN_APPROVAL(#94,(#97));
#36=CC_DESIGN_APPROVAL(#95,(#14));
#37=APPROVAL_PERSON_ORGANIZATION(#56,#93,#64);
#38=APPROVAL_PERSON_ORGANIZATION(#58,#94,#65);
#39=APPROVAL_PERSON_ORGANIZATION(#59,#95,#66);
#40=ORGANIZATION('DEFINITION_APPROVEDBY_ORG_ID',
'DEFINITION_APPROVEDBY_ORG_NAME','DEFINITION_APPROVEDBY_ORG_DESCR');
#41=ORGANIZATION('DEF_CREATOR_ORG_ID','DEF_CREATOR_ORG_NAME',
'DEF_CREATOR_ORG_DESCR');
#42=ORGANIZATION('APPROVEDBY_ORG_ID','APPROVEDBY_ORG_NAME',
'APPROVEDBY_ORG_DESCR');
#43=ORGANIZATION('SECURITY_APPROVEDBY_ORG_ID',
'SECURITY_APPROVEDBY_ORG_NAME','SECURITY_APPROVEDBY_ORG_DESCR');
#44=ORGANIZATION('CLASSOFFICER_ORG_ID','CLASSOFFICER_ORG_NAME',
'CLASSOFFICER_ORG_DESCR');
#45=ORGANIZATION('CREATOR_ORG_ID','CREATOR_ORG_NAME',
'CREATOR_ORG_DESCR');
#46=ORGANIZATION('SUPPLIER_ORG_ID','SUPPLIER_ORG_NAME',
'SUPPLIER_ORG_DESCR');
#47=ORGANIZATION('OWNER_ORG_ID','OWNER_ORG_NAME','OWNER_ORG_DESCR');
#48=PERSON('DEFINITION_approverID','DEFINITION_APPROVEDBY_LASTNAME',
'DEFINITION_APPROVEDBY_FIRSTNAME',$,$,$);
#49=PERSON('DEF_createrID','DEF_CREATOR_LASTNAME',
'DEF_CREATOR_FIRSTNAME',$,$,$);
#50=PERSON('approverID','APPROVEDBY_LASTNAME','APPROVEDBY_FIRSTNAME',$,
$,$);
#51=PERSON('SECURITY_approverID','SECURITY_LASTNAME',
'SECURITY_APPROVEDBY_FIRSTNAME',$,$,$);
#52=PERSON('classifierID','CLASSOFFICER_LASTNAME',
'CLASSOFFICER_FIRSTNAME',$,$,$);
#53=PERSON('createrID','CREATOR_LASTNAME','CREATOR_FIRSTNAME',$,$,$);
#54=PERSON('supplierID','SUPPLIER_LASTNAME','SUPPLIER_FIRSTNAME',$,$,$);
#55=PERSON('ownerID','OWNER_LASTNAME','OWNER_FIRSTNAME',$,$,$);
#56=PERSON_AND_ORGANIZATION(#48,#40);
#57=PERSON_AND_ORGANIZATION(#49,#41);
#58=PERSON_AND_ORGANIZATION(#50,#42);
#59=PERSON_AND_ORGANIZATION(#51,#43);
#60=PERSON_AND_ORGANIZATION(#52,#44);
#61=PERSON_AND_ORGANIZATION(#53,#45);
#62=PERSON_AND_ORGANIZATION(#54,#46);
#63=PERSON_AND_ORGANIZATION(#55,#47);
#64=APPROVAL_ROLE('definition_approval');
#65=APPROVAL_ROLE('version_approval');
#66=APPROVAL_ROLE('security_approval');
#67=APPROVAL_DATE_TIME(#85,#93);
#68=APPROVAL_DATE_TIME(#87,#94);
#69=APPROVAL_DATE_TIME(#88,#95);
#70=COORDINATED_UNIVERSAL_TIME_OFFSET(6,0,.BEHIND.);
#71=COORDINATED_UNIVERSAL_TIME_OFFSET(6,0,.BEHIND.);
#72=COORDINATED_UNIVERSAL_TIME_OFFSET(6,0,.BEHIND.);
#73=COORDINATED_UNIVERSAL_TIME_OFFSET(6,0,.BEHIND.);
#74=COORDINATED_UNIVERSAL_TIME_OFFSET(6,0,.BEHIND.);
#75=LOCAL_TIME(16,6,11.,#70);
#76=LOCAL_TIME(16,6,11.,#71);
#77=LOCAL_TIME(16,6,11.,#72);
#78=LOCAL_TIME(16,6,11.,#73);
#79=LOCAL_TIME(16,6,11.,#74);
#80=CALENDAR_DATE(2026,15,1);
#81=CALENDAR_DATE(2026,15,1);
#82=CALENDAR_DATE(2026,15,1);
#83=CALENDAR_DATE(2026,15,1);
#84=CALENDAR_DATE(2026,15,1);
#85=DATE_AND_TIME(#80,#75);
#86=DATE_AND_TIME(#81,#76);
#87=DATE_AND_TIME(#82,#77);
#88=DATE_AND_TIME(#83,#78);
#89=DATE_AND_TIME(#84,#79);
#90=APPROVAL_STATUS('not_yet_approved');
#91=APPROVAL_STATUS('not_yet_approved');
#92=APPROVAL_STATUS('not_yet_approved');
#93=APPROVAL(#90,'defintion approval');
#94=APPROVAL(#91,'version approval');
#95=APPROVAL(#92,'security approval');
#96=PRODUCT_DEFINITION('DefinitionID','DefinitionDesc',#97,#19);
#97=PRODUCT_DEFINITION_FORMATION_WITH_SPECIFIED_SOURCE(
'PRODUCT_VERSION_ID','PRODUCT_VERSION_DESCR',#98,.NOT_KNOWN.);
#98=PRODUCT('','Assembly_Boolean_(1)','',(#10));
#99=(
LENGTH_UNIT()
NAMED_UNIT(*)
SI_UNIT(.MILLI.,.METRE.)
);
#100=(
NAMED_UNIT(*)
PLANE_ANGLE_UNIT()
SI_UNIT($,.RADIAN.)
);
#101=(
NAMED_UNIT(*)
SI_UNIT($,.STERADIAN.)
SOLID_ANGLE_UNIT()
);
#102=UNCERTAINTY_MEASURE_WITH_UNIT(LENGTH_MEASURE(1.E-6),#99,
'DISTANCE_ACCURACY_VALUE',
'Maximum model space distance between geometric entities at asserted c
onnectivities');
#103=(
GEOMETRIC_REPRESENTATION_CONTEXT(3)
GLOBAL_UNCERTAINTY_ASSIGNED_CONTEXT((#102))
GLOBAL_UNIT_ASSIGNED_CONTEXT((#101,#100,#99))
REPRESENTATION_CONTEXT('ID1','3D')
);
#104=(
BOUNDED_CURVE()
B_SPLINE_CURVE(2,(#4078,#4079,#4080),.UNSPECIFIED.,.F.,.U.)
B_SPLINE_CURVE_WITH_KNOTS((3,3),(0.,1.99981408206997),.UNSPECIFIED.)
CURVE()
GEOMETRIC_REPRESENTATION_ITEM()
RATIONAL_B_SPLINE_CURVE((1.,1.03064743608382,1.))
REPRESENTATION_ITEM('')
);
#105=(
BOUNDED_CURVE()
B_SPLINE_CURVE(2,(#4085,#4086,#4087),.UNSPECIFIED.,.F.,.U.)
B_SPLINE_CURVE_WITH_KNOTS((3,3),(0.,1.99981408206997),.UNSPECIFIED.)
CURVE()
GEOMETRIC_REPRESENTATION_ITEM()
RATIONAL_B_SPLINE_CURVE((1.,1.03064743608428,1.))
REPRESENTATION_ITEM('')
);
#106=(
BOUNDED_CURVE()
B_SPLINE_CURVE(2,(#4106,#4107,#4108),.UNSPECIFIED.,.F.,.U.)
B_SPLINE_CURVE_WITH_KNOTS((3,3),(0.,1.99981408206996),.UNSPECIFIED.)
CURVE()
GEOMETRIC_REPRESENTATION_ITEM()
RATIONAL_B_SPLINE_CURVE((1.,1.03064743608361,1.))
REPRESENTATION_ITEM('')
);
#107=(
BOUNDED_CURVE()
B_SPLINE_CURVE(2,(#4113,#4114,#4115),.UNSPECIFIED.,.F.,.U.)
B_SPLINE_CURVE_WITH_KNOTS((3,3),(0.,1.99981408206996),.UNSPECIFIED.)
CURVE()
GEOMETRIC_REPRESENTATION_ITEM()
RATIONAL_B_SPLINE_CURVE((1.,1.03064743608204,1.))
REPRESENTATION_ITEM('')
);
#108=(
BOUNDED_CURVE()
B_SPLINE_CURVE(2,(#4134,#4135,#4136),.UNSPECIFIED.,.F.,.U.)
B_SPLINE_CURVE_WITH_KNOTS((3,3),(0.,1.99981408206996),.UNSPECIFIED.)
CURVE()
GEOMETRIC_REPRESENTATION_ITEM()
RATIONAL_B_SPLINE_CURVE((1.,1.03064743608342,1.))
REPRESENTATION_ITEM('')
);
#109=(
BOUNDED_CURVE()
B_SPLINE_CURVE(2,(#4141,#4142,#4143),.UNSPECIFIED.,.F.,.U.)
B_SPLINE_CURVE_WITH_KNOTS((3,3),(0.,1.99981408206996),.UNSPECIFIED.)
CURVE()
GEOMETRIC_REPRESENTATION_ITEM()
RATIONAL_B_SPLINE_CURVE((1.,1.03064743608311,1.))
REPRESENTATION_ITEM('')
);
#110=(
BOUNDED_CURVE()
B_SPLINE_CURVE(2,(#4162,#4163,#4164),.UNSPECIFIED.,.F.,.U.)
B_SPLINE_CURVE_WITH_KNOTS((3,3),(0.,1.99981408206997),.UNSPECIFIED.)
CURVE()
GEOMETRIC_REPRESENTATION_ITEM()
RATIONAL_B_SPLINE_CURVE((1.,1.03064743608302,1.))
REPRESENTATION_ITEM('')
);
#111=(
BOUNDED_CURVE()
B_SPLINE_CURVE(2,(#4169,#4170,#4171),.UNSPECIFIED.,.F.,.U.)
B_SPLINE_CURVE_WITH_KNOTS((3,3),(0.,1.99981408206996),.UNSPECIFIED.)
CURVE()
GEOMETRIC_REPRESENTATION_ITEM()
RATIONAL_B_SPLINE_CURVE((1.,1.03064743608364,1.))
REPRESENTATION_ITEM('')
);
#112=(
BOUNDED_CURVE()
B_SPLINE_CURVE(2,(#4190,#4191,#4192),.UNSPECIFIED.,.F.,.U.)
B_SPLINE_CURVE_WITH_KNOTS((3,3),(0.,1.99981408206996),.UNSPECIFIED.)
CURVE()
GEOMETRIC_REPRESENTATION_ITEM()
RATIONAL_B_SPLINE_CURVE((1.,1.03064743608361,1.))
REPRESENTATION_ITEM('')
);
#113=(
BOUNDED_CURVE()
B_SPLINE_CURVE(2,(#4197,#4198,#4199),.UNSPECIFIED.,.F.,.U.)
B_SPLINE_CURVE_WITH_KNOTS((3,3),(0.,1.99981408206996),.UNSPECIFIED.)
CURVE()
GEOMETRIC_REPRESENTATION_ITEM()
RATIONAL_B_SPLINE_CURVE((1.,1.03064743608318,1.))
REPRESENTATION_ITEM('')
);
#114=CONICAL_SURFACE('',#2860,34.249999999995,0.785398163397454);
#115=CONICAL_SURFACE('',#2870,34.249999999995,0.785398163397452);
#116=CONICAL_SURFACE('',#2880,34.249999999995,0.785398163397451);
#117=CONICAL_SURFACE('',#2890,34.249999999995,0.785398163397451);
#118=CONICAL_SURFACE('',#2900,34.249999999995,0.78539816339745);
#119=ELLIPSE('',#2845,131.690598600511,36.249999999995);
#120=ELLIPSE('',#2847,131.690598600511,36.249999999995);
#121=ELLIPSE('',#2848,131.690598600511,36.249999999995);
#122=ELLIPSE('',#2849,131.690598600511,36.249999999995);
#123=ELLIPSE('',#2850,131.690598600511,36.249999999995);
#124=ELLIPSE('',#2851,131.690598600511,36.249999999995);
#125=ELLIPSE('',#2852,131.690598600511,36.249999999995);
#126=ELLIPSE('',#2853,131.690598600511,36.249999999995);
#127=ELLIPSE('',#2854,131.690598600511,36.249999999995);
#128=ELLIPSE('',#2855,131.690598600511,36.249999999995);
#129=ELLIPSE('',#2864,122.608488352198,33.749999999995);
#130=ELLIPSE('',#2866,122.608488352198,33.749999999995);
#131=ELLIPSE('',#2874,122.608488352199,33.749999999995);
#132=ELLIPSE('',#2876,122.608488352198,33.749999999995);
#133=ELLIPSE('',#2884,122.608488352199,33.749999999995);
#134=ELLIPSE('',#2886,122.608488352198,33.749999999995);
#135=ELLIPSE('',#2894,122.608488352198,33.749999999995);
#136=ELLIPSE('',#2896,122.608488352198,33.749999999995);
#137=ELLIPSE('',#2905,122.608488352199,33.749999999995);
#138=ELLIPSE('',#2907,122.608488352199,33.749999999995);
#139=PLANE('',#2727);
#140=PLANE('',#2728);
#141=PLANE('',#2729);
#142=PLANE('',#2730);
#143=PLANE('',#2731);
#144=PLANE('',#2732);
#145=PLANE('',#2739);
#146=PLANE('',#2740);
#147=PLANE('',#2743);
#148=PLANE('',#2784);
#149=PLANE('',#2785);
#150=PLANE('',#2786);
#151=PLANE('',#2787);
#152=PLANE('',#2788);
#153=PLANE('',#2789);
#154=PLANE('',#2790);
#155=PLANE('',#2791);
#156=PLANE('',#2792);
#157=PLANE('',#2793);
#158=PLANE('',#2794);
#159=PLANE('',#2795);
#160=PLANE('',#2796);
#161=PLANE('',#2797);
#162=PLANE('',#2798);
#163=PLANE('',#2799);
#164=PLANE('',#2800);
#165=PLANE('',#2801);
#166=PLANE('',#2802);
#167=PLANE('',#2803);
#168=PLANE('',#2804);
#169=PLANE('',#2805);
#170=PLANE('',#2806);
#171=PLANE('',#2807);
#172=PLANE('',#2808);
#173=PLANE('',#2809);
#174=PLANE('',#2810);
#175=PLANE('',#2811);
#176=PLANE('',#2812);
#177=PLANE('',#2813);
#178=PLANE('',#2814);
#179=PLANE('',#2815);
#180=PLANE('',#2816);
#181=PLANE('',#2817);
#182=PLANE('',#2818);
#183=PLANE('',#2819);
#184=PLANE('',#2820);
#185=PLANE('',#2821);
#186=PLANE('',#2822);
#187=PLANE('',#2823);
#188=PLANE('',#2824);
#189=PLANE('',#2825);
#190=PLANE('',#2826);
#191=PLANE('',#2827);
#192=PLANE('',#2828);
#193=PLANE('',#2829);
#194=PLANE('',#2830);
#195=PLANE('',#2831);
#196=PLANE('',#2832);
#197=PLANE('',#2833);
#198=PLANE('',#2834);
#199=PLANE('',#2835);
#200=PLANE('',#2836);
#201=PLANE('',#2837);
#202=PLANE('',#2838);
#203=PLANE('',#2839);
#204=PLANE('',#2840);
#205=PLANE('',#2841);
#206=PLANE('',#2842);
#207=PLANE('',#2843);
#208=PLANE('',#2859);
#209=PLANE('',#2863);
#210=PLANE('',#2867);
#211=PLANE('',#2868);
#212=PLANE('',#2869);
#213=PLANE('',#2873);
#214=PLANE('',#2877);
#215=PLANE('',#2878);
#216=PLANE('',#2879);
#217=PLANE('',#2883);
#218=PLANE('',#2887);
#219=PLANE('',#2888);
#220=PLANE('',#2889);
#221=PLANE('',#2893);
#222=PLANE('',#2897);
#223=PLANE('',#2898);
#224=PLANE('',#2899);
#225=PLANE('',#2903);
#226=PLANE('',#2904);
#227=PLANE('',#2908);
#228=PLANE('',#2909);
#229=PLANE('',#2910);
#230=CIRCLE('',#2724,13.8);
#231=CIRCLE('',#2725,13.8);
#232=CIRCLE('',#2734,12.);
#233=CIRCLE('',#2735,12.);
#234=CIRCLE('',#2737,4.);
#235=CIRCLE('',#2738,4.);
#236=CIRCLE('',#2744,33.4);
#237=CIRCLE('',#2745,33.4);
#238=CIRCLE('',#2746,33.4);
#239=CIRCLE('',#2747,33.4);
#240=CIRCLE('',#2748,33.4);
#241=CIRCLE('',#2749,33.4);
#242=CIRCLE('',#2750,33.4);
#243=CIRCLE('',#2751,33.4);
#244=CIRCLE('',#2752,33.4);
#245=CIRCLE('',#2753,33.4);
#246=CIRCLE('',#2754,33.749999999995);
#247=CIRCLE('',#2755,36.25);
#248=CIRCLE('',#2756,33.749999999995);
#249=CIRCLE('',#2757,36.25);
#250=CIRCLE('',#2758,33.749999999995);
#251=CIRCLE('',#2759,36.25);
#252=CIRCLE('',#2760,33.749999999995);
#253=CIRCLE('',#2761,36.25);
#254=CIRCLE('',#2762,33.749999999995);
#255=CIRCLE('',#2763,36.25);
#256=CIRCLE('',#2765,33.4);
#257=CIRCLE('',#2767,33.4);
#258=CIRCLE('',#2769,33.4);
#259=CIRCLE('',#2771,33.4);
#260=CIRCLE('',#2773,33.4);
#261=CIRCLE('',#2775,33.4);
#262=CIRCLE('',#2777,33.4);
#263=CIRCLE('',#2779,33.4);
#264=CIRCLE('',#2781,33.4);
#265=CIRCLE('',#2783,33.4);
#266=CIRCLE('',#2846,36.25);
#267=CIRCLE('',#2857,38.25);
#268=CIRCLE('',#2858,38.25);
#269=CIRCLE('',#2861,33.749999999995);
#270=CIRCLE('',#2862,34.749999999995);
#271=CIRCLE('',#2871,33.749999999995);
#272=CIRCLE('',#2872,34.749999999995);
#273=CIRCLE('',#2881,33.749999999995);
#274=CIRCLE('',#2882,34.749999999995);
#275=CIRCLE('',#2891,33.749999999995);
#276=CIRCLE('',#2892,34.749999999995);
#277=CIRCLE('',#2901,33.749999999995);
#278=CIRCLE('',#2902,34.749999999995);
#279=VERTEX_POINT('',#3472);
#280=VERTEX_POINT('',#3473);
#281=VERTEX_POINT('',#3475);
#282=VERTEX_POINT('',#3477);
#283=VERTEX_POINT('',#3480);
#284=VERTEX_POINT('',#3481);
#285=VERTEX_POINT('',#3482);
#286=VERTEX_POINT('',#3484);
#287=VERTEX_POINT('',#3486);
#288=VERTEX_POINT('',#3487);
#289=VERTEX_POINT('',#3488);
#290=VERTEX_POINT('',#3490);
#291=VERTEX_POINT('',#3492);
#292=VERTEX_POINT('',#3493);
#293=VERTEX_POINT('',#3494);
#294=VERTEX_POINT('',#3496);
#295=VERTEX_POINT('',#3498);
#296=VERTEX_POINT('',#3499);
#297=VERTEX_POINT('',#3500);
#298=VERTEX_POINT('',#3502);
#299=VERTEX_POINT('',#3504);
#300=VERTEX_POINT('',#3505);
#301=VERTEX_POINT('',#3506);
#302=VERTEX_POINT('',#3508);
#303=VERTEX_POINT('',#3511);
#304=VERTEX_POINT('',#3512);
#305=VERTEX_POINT('',#3514);
#306=VERTEX_POINT('',#3515);
#307=VERTEX_POINT('',#3516);
#308=VERTEX_POINT('',#3518);
#309=VERTEX_POINT('',#3520);
#310=VERTEX_POINT('',#3521);
#311=VERTEX_POINT('',#3522);
#312=VERTEX_POINT('',#3524);
#313=VERTEX_POINT('',#3526);
#314=VERTEX_POINT('',#3527);
#315=VERTEX_POINT('',#3528);
#316=VERTEX_POINT('',#3530);
#317=VERTEX_POINT('',#3532);
#318=VERTEX_POINT('',#3533);
#319=VERTEX_POINT('',#3534);
#320=VERTEX_POINT('',#3536);
#321=VERTEX_POINT('',#3538);
#322=VERTEX_POINT('',#3539);
#323=VERTEX_POINT('',#3542);
#324=VERTEX_POINT('',#3543);
#325=VERTEX_POINT('',#3545);
#326=VERTEX_POINT('',#3547);
#327=VERTEX_POINT('',#3551);
#328=VERTEX_POINT('',#3553);
#329=VERTEX_POINT('',#3557);
#330=VERTEX_POINT('',#3559);
#331=VERTEX_POINT('',#3563);
#332=VERTEX_POINT('',#3565);
#333=VERTEX_POINT('',#3569);
#334=VERTEX_POINT('',#3571);
#335=VERTEX_POINT('',#3578);
#336=VERTEX_POINT('',#3579);
#337=VERTEX_POINT('',#3581);
#338=VERTEX_POINT('',#3583);
#339=VERTEX_POINT('',#3587);
#340=VERTEX_POINT('',#3588);
#341=VERTEX_POINT('',#3590);
#342=VERTEX_POINT('',#3592);
#343=VERTEX_POINT('',#3600);
#344=VERTEX_POINT('',#3602);
#345=VERTEX_POINT('',#3605);
#346=VERTEX_POINT('',#3607);
#347=VERTEX_POINT('',#3610);
#348=VERTEX_POINT('',#3612);
#349=VERTEX_POINT('',#3615);
#350=VERTEX_POINT('',#3617);
#351=VERTEX_POINT('',#3620);
#352=VERTEX_POINT('',#3622);
#353=VERTEX_POINT('',#3625);
#354=VERTEX_POINT('',#3627);
#355=VERTEX_POINT('',#3630);
#356=VERTEX_POINT('',#3632);
#357=VERTEX_POINT('',#3635);
#358=VERTEX_POINT('',#3637);
#359=VERTEX_POINT('',#3640);
#360=VERTEX_POINT('',#3642);
#361=VERTEX_POINT('',#3645);
#362=VERTEX_POINT('',#3647);
#363=VERTEX_POINT('',#3650);
#364=VERTEX_POINT('',#3651);
#365=VERTEX_POINT('',#3653);
#366=VERTEX_POINT('',#3655);
#367=VERTEX_POINT('',#3657);
#368=VERTEX_POINT('',#3659);
#369=VERTEX_POINT('',#3661);
#370=VERTEX_POINT('',#3663);
#371=VERTEX_POINT('',#3665);
#372=VERTEX_POINT('',#3667);
#373=VERTEX_POINT('',#3669);
#374=VERTEX_POINT('',#3671);
#375=VERTEX_POINT('',#3673);
#376=VERTEX_POINT('',#3675);
#377=VERTEX_POINT('',#3677);
#378=VERTEX_POINT('',#3679);
#379=VERTEX_POINT('',#3681);
#380=VERTEX_POINT('',#3683);
#381=VERTEX_POINT('',#3685);
#382=VERTEX_POINT('',#3687);
#383=VERTEX_POINT('',#3691);
#384=VERTEX_POINT('',#3693);
#385=VERTEX_POINT('',#3697);
#386=VERTEX_POINT('',#3699);
#387=VERTEX_POINT('',#3703);
#388=VERTEX_POINT('',#3705);
#389=VERTEX_POINT('',#3709);
#390=VERTEX_POINT('',#3711);
#391=VERTEX_POINT('',#3715);
#392=VERTEX_POINT('',#3717);
#393=VERTEX_POINT('',#3721);
#394=VERTEX_POINT('',#3723);
#395=VERTEX_POINT('',#3727);
#396=VERTEX_POINT('',#3729);
#397=VERTEX_POINT('',#3733);
#398=VERTEX_POINT('',#3735);
#399=VERTEX_POINT('',#3739);
#400=VERTEX_POINT('',#3741);
#401=VERTEX_POINT('',#3745);
#402=VERTEX_POINT('',#3747);
#403=VERTEX_POINT('',#3752);
#404=VERTEX_POINT('',#3753);
#405=VERTEX_POINT('',#3755);
#406=VERTEX_POINT('',#3757);
#407=VERTEX_POINT('',#3762);
#408=VERTEX_POINT('',#3763);
#409=VERTEX_POINT('',#3765);
#410=VERTEX_POINT('',#3767);
#411=VERTEX_POINT('',#3772);
#412=VERTEX_POINT('',#3773);
#413=VERTEX_POINT('',#3775);
#414=VERTEX_POINT('',#3777);
#415=VERTEX_POINT('',#3782);
#416=VERTEX_POINT('',#3783);
#417=VERTEX_POINT('',#3785);
#418=VERTEX_POINT('',#3787);
#419=VERTEX_POINT('',#3792);
#420=VERTEX_POINT('',#3793);
#421=VERTEX_POINT('',#3795);
#422=VERTEX_POINT('',#3797);
#423=VERTEX_POINT('',#3802);
#424=VERTEX_POINT('',#3803);
#425=VERTEX_POINT('',#3805);
#426=VERTEX_POINT('',#3807);
#427=VERTEX_POINT('',#3812);
#428=VERTEX_POINT('',#3813);
#429=VERTEX_POINT('',#3815);
#430=VERTEX_POINT('',#3817);
#431=VERTEX_POINT('',#3822);
#432=VERTEX_POINT('',#3823);
#433=VERTEX_POINT('',#3825);
#434=VERTEX_POINT('',#3827);
#435=VERTEX_POINT('',#3832);
#436=VERTEX_POINT('',#3833);
#437=VERTEX_POINT('',#3835);
#438=VERTEX_POINT('',#3837);
#439=VERTEX_POINT('',#3842);
#440=VERTEX_POINT('',#3843);
#441=VERTEX_POINT('',#3845);
#442=VERTEX_POINT('',#3847);
#443=VERTEX_POINT('',#3852);
#444=VERTEX_POINT('',#3853);
#445=VERTEX_POINT('',#3855);
#446=VERTEX_POINT('',#3857);
#447=VERTEX_POINT('',#3870);
#448=VERTEX_POINT('',#3871);
#449=VERTEX_POINT('',#3873);
#450=VERTEX_POINT('',#3875);
#451=VERTEX_POINT('',#3880);
#452=VERTEX_POINT('',#3881);
#453=VERTEX_POINT('',#3883);
#454=VERTEX_POINT('',#3885);
#455=VERTEX_POINT('',#3890);
#456=VERTEX_POINT('',#3891);
#457=VERTEX_POINT('',#3893);
#458=VERTEX_POINT('',#3895);
#459=VERTEX_POINT('',#3900);
#460=VERTEX_POINT('',#3901);
#461=VERTEX_POINT('',#3903);
#462=VERTEX_POINT('',#3905);
#463=VERTEX_POINT('',#3910);
#464=VERTEX_POINT('',#3911);
#465=VERTEX_POINT('',#3913);
#466=VERTEX_POINT('',#3915);
#467=VERTEX_POINT('',#3920);
#468=VERTEX_POINT('',#3921);
#469=VERTEX_POINT('',#3923);
#470=VERTEX_POINT('',#3925);
#471=VERTEX_POINT('',#3930);
#472=VERTEX_POINT('',#3931);
#473=VERTEX_POINT('',#3933);
#474=VERTEX_POINT('',#3935);
#475=VERTEX_POINT('',#3940);
#476=VERTEX_POINT('',#3941);
#477=VERTEX_POINT('',#3943);
#478=VERTEX_POINT('',#3945);
#479=VERTEX_POINT('',#3950);
#480=VERTEX_POINT('',#3951);
#481=VERTEX_POINT('',#3953);
#482=VERTEX_POINT('',#3955);
#483=VERTEX_POINT('',#4031);
#484=VERTEX_POINT('',#4033);
#485=VERTEX_POINT('',#4035);
#486=VERTEX_POINT('',#4037);
#487=VERTEX_POINT('',#4040);
#488=VERTEX_POINT('',#4042);
#489=VERTEX_POINT('',#4043);
#490=VERTEX_POINT('',#4045);
#491=VERTEX_POINT('',#4048);
#492=VERTEX_POINT('',#4050);
#493=VERTEX_POINT('',#4051);
#494=VERTEX_POINT('',#4053);
#495=VERTEX_POINT('',#4056);
#496=VERTEX_POINT('',#4058);
#497=VERTEX_POINT('',#4059);
#498=VERTEX_POINT('',#4061);
#499=VERTEX_POINT('',#4064);
#500=VERTEX_POINT('',#4066);
#501=VERTEX_POINT('',#4067);
#502=VERTEX_POINT('',#4069);
#503=VERTEX_POINT('',#4073);
#504=VERTEX_POINT('',#4075);
#505=VERTEX_POINT('',#4081);
#506=VERTEX_POINT('',#4082);
#507=VERTEX_POINT('',#4084);
#508=VERTEX_POINT('',#4088);
#509=VERTEX_POINT('',#4092);
#510=VERTEX_POINT('',#4097);
#511=VERTEX_POINT('',#4109);
#512=VERTEX_POINT('',#4110);
#513=VERTEX_POINT('',#4112);
#514=VERTEX_POINT('',#4116);
#515=VERTEX_POINT('',#4120);
#516=VERTEX_POINT('',#4125);
#517=VERTEX_POINT('',#4137);
#518=VERTEX_POINT('',#4138);
#519=VERTEX_POINT('',#4140);
#520=VERTEX_POINT('',#4144);
#521=VERTEX_POINT('',#4148);
#522=VERTEX_POINT('',#4153);
#523=VERTEX_POINT('',#4165);
#524=VERTEX_POINT('',#4166);
#525=VERTEX_POINT('',#4168);
#526=VERTEX_POINT('',#4172);
#527=VERTEX_POINT('',#4176);
#528=VERTEX_POINT('',#4181);
#529=VERTEX_POINT('',#4193);
#530=VERTEX_POINT('',#4194);
#531=VERTEX_POINT('',#4196);
#532=VERTEX_POINT('',#4200);
#533=VERTEX_POINT('',#4207);
#534=VERTEX_POINT('',#4211);
#535=VECTOR('',#2913,1.);
#536=VECTOR('',#2916,1.);
#537=VECTOR('',#2919,1.);
#538=VECTOR('',#2920,1.);
#539=VECTOR('',#2921,1.);
#540=VECTOR('',#2922,1.);
#541=VECTOR('',#2923,1.);
#542=VECTOR('',#2924,1.);
#543=VECTOR('',#2925,1.);
#544=VECTOR('',#2926,1.);
#545=VECTOR('',#2927,1.);
#546=VECTOR('',#2928,1.);
#547=VECTOR('',#2931,1.);
#548=VECTOR('',#2932,1.);
#549=VECTOR('',#2933,1.);
#550=VECTOR('',#2934,1.);
#551=VECTOR('',#2935,1.);
#552=VECTOR('',#2936,1.);
#553=VECTOR('',#2937,1.);
#554=VECTOR('',#2938,1.);
#555=VECTOR('',#2939,1.);
#556=VECTOR('',#2940,1.);
#557=VECTOR('',#2942,1.);
#558=VECTOR('',#2943,1.);
#559=VECTOR('',#2944,1.);
#560=VECTOR('',#2945,1.);
#561=VECTOR('',#2947,1.);
#562=VECTOR('',#2948,1.);
#563=VECTOR('',#2949,1.);
#564=VECTOR('',#2951,1.);
#565=VECTOR('',#2952,1.);
#566=VECTOR('',#2953,1.);
#567=VECTOR('',#2955,1.);
#568=VECTOR('',#2956,1.);
#569=VECTOR('',#2957,1.);
#570=VECTOR('',#2959,1.);
#571=VECTOR('',#2960,1.);
#572=VECTOR('',#2961,1.);
#573=VECTOR('',#2963,1.);
#574=VECTOR('',#2964,1.);
#575=VECTOR('',#2967,1.);
#576=VECTOR('',#2970,1.);
#577=VECTOR('',#2975,1.);
#578=VECTOR('',#2978,1.);
#579=VECTOR('',#2988,1.);
#580=VECTOR('',#2991,1.);
#581=VECTOR('',#2992,1.);
#582=VECTOR('',#2995,1.);
#583=VECTOR('',#2996,1.);
#584=VECTOR('',#2999,1.);
#585=VECTOR('',#3000,1.);
#586=VECTOR('',#3003,1.);
#587=VECTOR('',#3004,1.);
#588=VECTOR('',#3007,1.);
#589=VECTOR('',#3008,1.);
#590=VECTOR('',#3011,1.);
#591=VECTOR('',#3012,1.);
#592=VECTOR('',#3015,1.);
#593=VECTOR('',#3016,1.);
#594=VECTOR('',#3019,1.);
#595=VECTOR('',#3020,1.);
#596=VECTOR('',#3023,1.);
#597=VECTOR('',#3024,1.);
#598=VECTOR('',#3025,1.);
#599=VECTOR('',#3030,1.);
#600=VECTOR('',#3033,1.);
#601=VECTOR('',#3036,1.);
#602=VECTOR('',#3039,1.);
#603=VECTOR('',#3042,1.);
#604=VECTOR('',#3045,1.);
#605=VECTOR('',#3048,1.);
#606=VECTOR('',#3051,1.);
#607=VECTOR('',#3054,1.);
#608=VECTOR('',#3057,1.);
#609=VECTOR('',#3060,1.);
#610=VECTOR('',#3061,1.);
#611=VECTOR('',#3066,1.);
#612=VECTOR('',#3069,1.);
#613=VECTOR('',#3072,1.);
#614=VECTOR('',#3073,1.);
#615=VECTOR('',#3078,1.);
#616=VECTOR('',#3081,1.);
#617=VECTOR('',#3084,1.);
#618=VECTOR('',#3085,1.);
#619=VECTOR('',#3090,1.);
#620=VECTOR('',#3093,1.);
#621=VECTOR('',#3096,1.);
#622=VECTOR('',#3097,1.);
#623=VECTOR('',#3102,1.);
#624=VECTOR('',#3105,1.);
#625=VECTOR('',#3108,1.);
#626=VECTOR('',#3109,1.);
#627=VECTOR('',#3114,1.);
#628=VECTOR('',#3117,1.);
#629=VECTOR('',#3119,1.);
#630=VECTOR('',#3120,1.);
#631=VECTOR('',#3121,1.);
#632=VECTOR('',#3122,1.);
#633=VECTOR('',#3123,1.);
#634=VECTOR('',#3125,1.);
#635=VECTOR('',#3126,1.);
#636=VECTOR('',#3127,1.);
#637=VECTOR('',#3128,1.);
#638=VECTOR('',#3129,1.);
#639=VECTOR('',#3131,1.);
#640=VECTOR('',#3132,1.);
#641=VECTOR('',#3133,1.);
#642=VECTOR('',#3134,1.);
#643=VECTOR('',#3135,1.);
#644=VECTOR('',#3137,1.);
#645=VECTOR('',#3138,1.);
#646=VECTOR('',#3139,1.);
#647=VECTOR('',#3140,1.);
#648=VECTOR('',#3141,1.);
#649=VECTOR('',#3143,1.);
#650=VECTOR('',#3144,1.);
#651=VECTOR('',#3145,1.);
#652=VECTOR('',#3146,1.);
#653=VECTOR('',#3147,1.);
#654=VECTOR('',#3149,1.);
#655=VECTOR('',#3150,1.);
#656=VECTOR('',#3151,1.);
#657=VECTOR('',#3152,1.);
#658=VECTOR('',#3153,1.);
#659=VECTOR('',#3155,1.);
#660=VECTOR('',#3156,1.);
#661=VECTOR('',#3157,1.);
#662=VECTOR('',#3158,1.);
#663=VECTOR('',#3159,1.);
#664=VECTOR('',#3161,1.);
#665=VECTOR('',#3162,1.);
#666=VECTOR('',#3163,1.);
#667=VECTOR('',#3164,1.);
#668=VECTOR('',#3165,1.);
#669=VECTOR('',#3167,1.);
#670=VECTOR('',#3168,1.);
#671=VECTOR('',#3169,1.);
#672=VECTOR('',#3170,1.);
#673=VECTOR('',#3171,1.);
#674=VECTOR('',#3173,1.);
#675=VECTOR('',#3174,1.);
#676=VECTOR('',#3175,1.);
#677=VECTOR('',#3176,1.);
#678=VECTOR('',#3177,1.);
#679=VECTOR('',#3179,1.);
#680=VECTOR('',#3180,1.);
#681=VECTOR('',#3181,1.);
#682=VECTOR('',#3182,1.);
#683=VECTOR('',#3183,1.);
#684=VECTOR('',#3185,1.);
#685=VECTOR('',#3186,1.);
#686=VECTOR('',#3188,1.);
#687=VECTOR('',#3190,1.);
#688=VECTOR('',#3193,1.);
#689=VECTOR('',#3194,1.);
#690=VECTOR('',#3195,1.);
#691=VECTOR('',#3196,1.);
#692=VECTOR('',#3197,1.);
#693=VECTOR('',#3199,1.);
#694=VECTOR('',#3200,1.);
#695=VECTOR('',#3201,1.);
#696=VECTOR('',#3202,1.);
#697=VECTOR('',#3203,1.);
#698=VECTOR('',#3205,1.);
#699=VECTOR('',#3206,1.);
#700=VECTOR('',#3207,1.);
#701=VECTOR('',#3208,1.);
#702=VECTOR('',#3209,1.);
#703=VECTOR('',#3211,1.);
#704=VECTOR('',#3212,1.);
#705=VECTOR('',#3213,1.);
#706=VECTOR('',#3214,1.);
#707=VECTOR('',#3215,1.);
#708=VECTOR('',#3217,1.);
#709=VECTOR('',#3218,1.);
#710=VECTOR('',#3219,1.);
#711=VECTOR('',#3220,1.);
#712=VECTOR('',#3221,1.);
#713=VECTOR('',#3223,1.);
#714=VECTOR('',#3224,1.);
#715=VECTOR('',#3225,1.);
#716=VECTOR('',#3226,1.);
#717=VECTOR('',#3227,1.);
#718=VECTOR('',#3229,1.);
#719=VECTOR('',#3230,1.);
#720=VECTOR('',#3231,1.);
#721=VECTOR('',#3232,1.);
#722=VECTOR('',#3233,1.);
#723=VECTOR('',#3235,1.);
#724=VECTOR('',#3236,1.);
#725=VECTOR('',#3237,1.);
#726=VECTOR('',#3238,1.);
#727=VECTOR('',#3239,1.);
#728=VECTOR('',#3241,1.);
#729=VECTOR('',#3242,1.);
#730=VECTOR('',#3243,1.);
#731=VECTOR('',#3244,1.);
#732=VECTOR('',#3245,1.);
#733=VECTOR('',#3247,1.);
#734=VECTOR('',#3248,1.);
#735=VECTOR('',#3250,1.);
#736=VECTOR('',#3252,1.);
#737=VECTOR('',#3255,1.);
#738=VECTOR('',#3256,1.);
#739=VECTOR('',#3258,1.);
#740=VECTOR('',#3259,1.);
#741=VECTOR('',#3263,1.);
#742=VECTOR('',#3264,1.);
#743=VECTOR('',#3266,1.);
#744=VECTOR('',#3267,1.);
#745=VECTOR('',#3271,1.);
#746=VECTOR('',#3272,1.);
#747=VECTOR('',#3274,1.);
#748=VECTOR('',#3275,1.);
#749=VECTOR('',#3279,1.);
#750=VECTOR('',#3280,1.);
#751=VECTOR('',#3282,1.);
#752=VECTOR('',#3283,1.);
#753=VECTOR('',#3287,1.);
#754=VECTOR('',#3288,1.);
#755=VECTOR('',#3290,1.);
#756=VECTOR('',#3291,1.);
#757=VECTOR('',#3295,1.);
#758=VECTOR('',#3296,1.);
#759=VECTOR('',#3298,1.);
#760=VECTOR('',#3299,1.);
#761=VECTOR('',#3303,1.);
#762=VECTOR('',#3304,1.);
#763=VECTOR('',#3306,1.);
#764=VECTOR('',#3307,1.);
#765=VECTOR('',#3311,1.);
#766=VECTOR('',#3312,1.);
#767=VECTOR('',#3314,1.);
#768=VECTOR('',#3315,1.);
#769=VECTOR('',#3320,1.);
#770=VECTOR('',#3327,1.);
#771=VECTOR('',#3328,1.);
#772=VECTOR('',#3333,1.);
#773=VECTOR('',#3334,1.);
#774=VECTOR('',#3339,1.);
#775=VECTOR('',#3340,1.);
#776=VECTOR('',#3345,1.);
#777=VECTOR('',#3346,1.);
#778=VECTOR('',#3351,1.);
#779=VECTOR('',#3368,1.);
#780=VECTOR('',#3369,1.);
#781=VECTOR('',#3374,1.);
#782=VECTOR('',#3375,1.);
#783=VECTOR('',#3377,1.);
#784=VECTOR('',#3378,1.);
#785=VECTOR('',#3390,1.);
#786=VECTOR('',#3391,1.);
#787=VECTOR('',#3396,1.);
#788=VECTOR('',#3397,1.);
#789=VECTOR('',#3399,1.);
#790=VECTOR('',#3400,1.);
#791=VECTOR('',#3412,1.);
#792=VECTOR('',#3413,1.);
#793=VECTOR('',#3418,1.);
#794=VECTOR('',#3419,1.);
#795=VECTOR('',#3421,1.);
#796=VECTOR('',#3422,1.);
#797=VECTOR('',#3434,1.);
#798=VECTOR('',#3435,1.);
#799=VECTOR('',#3440,1.);
#800=VECTOR('',#3441,1.);
#801=VECTOR('',#3443,1.);
#802=VECTOR('',#3444,1.);
#803=VECTOR('',#3454,1.);
#804=VECTOR('',#3455,1.);
#805=VECTOR('',#3459,1.);
#806=VECTOR('',#3464,1.);
#807=VECTOR('',#3465,1.);
#808=VECTOR('',#3467,1.);
#809=LINE('',#3471,#535);
#810=LINE('',#3476,#536);
#811=LINE('',#3479,#537);
#812=LINE('',#3483,#538);
#813=LINE('',#3485,#539);
#814=LINE('',#3489,#540);
#815=LINE('',#3491,#541);
#816=LINE('',#3495,#542);
#817=LINE('',#3497,#543);
#818=LINE('',#3501,#544);
#819=LINE('',#3503,#545);
#820=LINE('',#3507,#546);
#821=LINE('',#3510,#547);
#822=LINE('',#3513,#548);
#823=LINE('',#3517,#549);
#824=LINE('',#3519,#550);
#825=LINE('',#3523,#551);
#826=LINE('',#3525,#552);
#827=LINE('',#3529,#553);
#828=LINE('',#3531,#554);
#829=LINE('',#3535,#555);
#830=LINE('',#3537,#556);
#831=LINE('',#3541,#557);
#832=LINE('',#3544,#558);
#833=LINE('',#3546,#559);
#834=LINE('',#3548,#560);
#835=LINE('',#3550,#561);
#836=LINE('',#3552,#562);
#837=LINE('',#3554,#563);
#838=LINE('',#3556,#564);
#839=LINE('',#3558,#565);
#840=LINE('',#3560,#566);
#841=LINE('',#3562,#567);
#842=LINE('',#3564,#568);
#843=LINE('',#3566,#569);
#844=LINE('',#3568,#570);
#845=LINE('',#3570,#571);
#846=LINE('',#3572,#572);
#847=LINE('',#3574,#573);
#848=LINE('',#3575,#574);
#849=LINE('',#3577,#575);
#850=LINE('',#3582,#576);
#851=LINE('',#3586,#577);
#852=LINE('',#3591,#578);
#853=LINE('',#3599,#579);
#854=LINE('',#3603,#580);
#855=LINE('',#3604,#581);
#856=LINE('',#3608,#582);
#857=LINE('',#3609,#583);
#858=LINE('',#3613,#584);
#859=LINE('',#3614,#585);
#860=LINE('',#3618,#586);
#861=LINE('',#3619,#587);
#862=LINE('',#3623,#588);
#863=LINE('',#3624,#589);
#864=LINE('',#3628,#590);
#865=LINE('',#3629,#591);
#866=LINE('',#3633,#592);
#867=LINE('',#3634,#593);
#868=LINE('',#3638,#594);
#869=LINE('',#3639,#595);
#870=LINE('',#3643,#596);
#871=LINE('',#3644,#597);
#872=LINE('',#3646,#598);
#873=LINE('',#3652,#599);
#874=LINE('',#3656,#600);
#875=LINE('',#3660,#601);
#876=LINE('',#3664,#602);
#877=LINE('',#3668,#603);
#878=LINE('',#3672,#604);
#879=LINE('',#3676,#605);
#880=LINE('',#3680,#606);
#881=LINE('',#3684,#607);
#882=LINE('',#3688,#608);
#883=LINE('',#3690,#609);
#884=LINE('',#3692,#610);
#885=LINE('',#3696,#611);
#886=LINE('',#3700,#612);
#887=LINE('',#3702,#613);
#888=LINE('',#3704,#614);
#889=LINE('',#3708,#615);
#890=LINE('',#3712,#616);
#891=LINE('',#3714,#617);
#892=LINE('',#3716,#618);
#893=LINE('',#3720,#619);
#894=LINE('',#3724,#620);
#895=LINE('',#3726,#621);
#896=LINE('',#3728,#622);
#897=LINE('',#3732,#623);
#898=LINE('',#3736,#624);
#899=LINE('',#3738,#625);
#900=LINE('',#3740,#626);
#901=LINE('',#3744,#627);
#902=LINE('',#3748,#628);
#903=LINE('',#3750,#629);
#904=LINE('',#3751,#630);
#905=LINE('',#3754,#631);
#906=LINE('',#3756,#632);
#907=LINE('',#3758,#633);
#908=LINE('',#3760,#634);
#909=LINE('',#3761,#635);
#910=LINE('',#3764,#636);
#911=LINE('',#3766,#637);
#912=LINE('',#3768,#638);
#913=LINE('',#3770,#639);
#914=LINE('',#3771,#640);
#915=LINE('',#3774,#641);
#916=LINE('',#3776,#642);
#917=LINE('',#3778,#643);
#918=LINE('',#3780,#644);
#919=LINE('',#3781,#645);
#920=LINE('',#3784,#646);
#921=LINE('',#3786,#647);
#922=LINE('',#3788,#648);
#923=LINE('',#3790,#649);
#924=LINE('',#3791,#650);
#925=LINE('',#3794,#651);
#926=LINE('',#3796,#652);
#927=LINE('',#3798,#653);
#928=LINE('',#3800,#654);
#929=LINE('',#3801,#655);
#930=LINE('',#3804,#656);
#931=LINE('',#3806,#657);
#932=LINE('',#3808,#658);
#933=LINE('',#3810,#659);
#934=LINE('',#3811,#660);
#935=LINE('',#3814,#661);
#936=LINE('',#3816,#662);
#937=LINE('',#3818,#663);
#938=LINE('',#3820,#664);
#939=LINE('',#3821,#665);
#940=LINE('',#3824,#666);
#941=LINE('',#3826,#667);
#942=LINE('',#3828,#668);
#943=LINE('',#3830,#669);
#944=LINE('',#3831,#670);
#945=LINE('',#3834,#671);
#946=LINE('',#3836,#672);
#947=LINE('',#3838,#673);
#948=LINE('',#3840,#674);
#949=LINE('',#3841,#675);
#950=LINE('',#3844,#676);
#951=LINE('',#3846,#677);
#952=LINE('',#3848,#678);
#953=LINE('',#3850,#679);
#954=LINE('',#3851,#680);
#955=LINE('',#3854,#681);
#956=LINE('',#3856,#682);
#957=LINE('',#3858,#683);
#958=LINE('',#3860,#684);
#959=LINE('',#3861,#685);
#960=LINE('',#3863,#686);
#961=LINE('',#3865,#687);
#962=LINE('',#3868,#688);
#963=LINE('',#3869,#689);
#964=LINE('',#3872,#690);
#965=LINE('',#3874,#691);
#966=LINE('',#3876,#692);
#967=LINE('',#3878,#693);
#968=LINE('',#3879,#694);
#969=LINE('',#3882,#695);
#970=LINE('',#3884,#696);
#971=LINE('',#3886,#697);
#972=LINE('',#3888,#698);
#973=LINE('',#3889,#699);
#974=LINE('',#3892,#700);
#975=LINE('',#3894,#701);
#976=LINE('',#3896,#702);
#977=LINE('',#3898,#703);
#978=LINE('',#3899,#704);
#979=LINE('',#3902,#705);
#980=LINE('',#3904,#706);
#981=LINE('',#3906,#707);
#982=LINE('',#3908,#708);
#983=LINE('',#3909,#709);
#984=LINE('',#3912,#710);
#985=LINE('',#3914,#711);
#986=LINE('',#3916,#712);
#987=LINE('',#3918,#713);
#988=LINE('',#3919,#714);
#989=LINE('',#3922,#715);
#990=LINE('',#3924,#716);
#991=LINE('',#3926,#717);
#992=LINE('',#3928,#718);
#993=LINE('',#3929,#719);
#994=LINE('',#3932,#720);
#995=LINE('',#3934,#721);
#996=LINE('',#3936,#722);
#997=LINE('',#3938,#723);
#998=LINE('',#3939,#724);
#999=LINE('',#3942,#725);
#1000=LINE('',#3944,#726);
#1001=LINE('',#3946,#727);
#1002=LINE('',#3948,#728);
#1003=LINE('',#3949,#729);
#1004=LINE('',#3952,#730);
#1005=LINE('',#3954,#731);
#1006=LINE('',#3956,#732);
#1007=LINE('',#3958,#733);
#1008=LINE('',#3959,#734);
#1009=LINE('',#3961,#735);
#1010=LINE('',#3963,#736);
#1011=LINE('',#3966,#737);
#1012=LINE('',#3967,#738);
#1013=LINE('',#3969,#739);
#1014=LINE('',#3970,#740);
#1015=LINE('',#3974,#741);
#1016=LINE('',#3975,#742);
#1017=LINE('',#3977,#743);
#1018=LINE('',#3978,#744);
#1019=LINE('',#3982,#745);
#1020=LINE('',#3983,#746);
#1021=LINE('',#3985,#747);
#1022=LINE('',#3986,#748);
#1023=LINE('',#3990,#749);
#1024=LINE('',#3991,#750);
#1025=LINE('',#3993,#751);
#1026=LINE('',#3994,#752);
#1027=LINE('',#3998,#753);
#1028=LINE('',#3999,#754);
#1029=LINE('',#4001,#755);
#1030=LINE('',#4002,#756);
#1031=LINE('',#4006,#757);
#1032=LINE('',#4007,#758);
#1033=LINE('',#4009,#759);
#1034=LINE('',#4010,#760);
#1035=LINE('',#4014,#761);
#1036=LINE('',#4015,#762);
#1037=LINE('',#4017,#763);
#1038=LINE('',#4018,#764);
#1039=LINE('',#4022,#765);
#1040=LINE('',#4023,#766);
#1041=LINE('',#4025,#767);
#1042=LINE('',#4026,#768);
#1043=LINE('',#4030,#769);
#1044=LINE('',#4038,#770);
#1045=LINE('',#4039,#771);
#1046=LINE('',#4046,#772);
#1047=LINE('',#4047,#773);
#1048=LINE('',#4054,#774);
#1049=LINE('',#4055,#775);
#1050=LINE('',#4062,#776);
#1051=LINE('',#4063,#777);
#1052=LINE('',#4070,#778);
#1053=LINE('',#4093,#779);
#1054=LINE('',#4094,#780);
#1055=LINE('',#4098,#781);
#1056=LINE('',#4099,#782);
#1057=LINE('',#4101,#783);
#1058=LINE('',#4102,#784);
#1059=LINE('',#4121,#785);
#1060=LINE('',#4122,#786);
#1061=LINE('',#4126,#787);
#1062=LINE('',#4127,#788);
#1063=LINE('',#4129,#789);
#1064=LINE('',#4130,#790);
#1065=LINE('',#4149,#791);
#1066=LINE('',#4150,#792);
#1067=LINE('',#4154,#793);
#1068=LINE('',#4155,#794);
#1069=LINE('',#4157,#795);
#1070=LINE('',#4158,#796);
#1071=LINE('',#4177,#797);
#1072=LINE('',#4178,#798);
#1073=LINE('',#4182,#799);
#1074=LINE('',#4183,#800);
#1075=LINE('',#4185,#801);
#1076=LINE('',#4186,#802);
#1077=LINE('',#4203,#803);
#1078=LINE('',#4204,#804);
#1079=LINE('',#4208,#805);
#1080=LINE('',#4212,#806);
#1081=LINE('',#4213,#807);
#1082=LINE('',#4215,#808);
#1083=EDGE_CURVE('',#279,#280,#809,.T.);
#1084=EDGE_CURVE('',#281,#280,#230,.T.);
#1085=EDGE_CURVE('',#281,#282,#810,.T.);
#1086=EDGE_CURVE('',#282,#279,#231,.T.);
#1087=EDGE_CURVE('',#283,#284,#811,.T.);
#1088=EDGE_CURVE('',#285,#284,#230,.T.);
#1089=EDGE_CURVE('',#286,#285,#812,.T.);
#1090=EDGE_CURVE('',#286,#283,#231,.T.);
#1091=EDGE_CURVE('',#287,#288,#813,.T.);
#1092=EDGE_CURVE('',#289,#288,#230,.T.);
#1093=EDGE_CURVE('',#290,#289,#814,.T.);
#1094=EDGE_CURVE('',#290,#287,#231,.T.);
#1095=EDGE_CURVE('',#291,#292,#815,.T.);
#1096=EDGE_CURVE('',#293,#292,#230,.T.);
#1097=EDGE_CURVE('',#294,#293,#816,.T.);
#1098=EDGE_CURVE('',#294,#291,#231,.T.);
#1099=EDGE_CURVE('',#295,#296,#817,.T.);
#1100=EDGE_CURVE('',#295,#297,#231,.T.);
#1101=EDGE_CURVE('',#298,#297,#818,.T.);
#1102=EDGE_CURVE('',#296,#298,#230,.T.);
#1103=EDGE_CURVE('',#299,#300,#819,.T.);
#1104=EDGE_CURVE('',#301,#300,#230,.T.);
#1105=EDGE_CURVE('',#302,#301,#820,.T.);
#1106=EDGE_CURVE('',#302,#299,#231,.T.);
#1107=EDGE_CURVE('',#303,#304,#821,.T.);
#1108=EDGE_CURVE('',#298,#304,#230,.T.);
#1109=EDGE_CURVE('',#297,#303,#231,.T.);
#1110=EDGE_CURVE('',#305,#306,#822,.T.);
#1111=EDGE_CURVE('',#307,#306,#230,.T.);
#1112=EDGE_CURVE('',#308,#307,#823,.T.);
#1113=EDGE_CURVE('',#308,#305,#231,.T.);
#1114=EDGE_CURVE('',#309,#310,#824,.T.);
#1115=EDGE_CURVE('',#311,#310,#230,.T.);
#1116=EDGE_CURVE('',#312,#311,#825,.T.);
#1117=EDGE_CURVE('',#312,#309,#231,.T.);
#1118=EDGE_CURVE('',#313,#314,#826,.T.);
#1119=EDGE_CURVE('',#315,#314,#230,.T.);
#1120=EDGE_CURVE('',#316,#315,#827,.T.);
#1121=EDGE_CURVE('',#316,#313,#231,.T.);
#1122=EDGE_CURVE('',#317,#318,#828,.T.);
#1123=EDGE_CURVE('',#319,#318,#230,.T.);
#1124=EDGE_CURVE('',#320,#319,#829,.T.);
#1125=EDGE_CURVE('',#320,#317,#231,.T.);
#1126=EDGE_CURVE('',#321,#322,#830,.T.);
#1127=EDGE_CURVE('',#321,#282,#231,.T.);
#1128=EDGE_CURVE('',#322,#281,#230,.T.);
#1129=EDGE_CURVE('',#323,#324,#831,.T.);
#1130=EDGE_CURVE('',#323,#325,#832,.T.);
#1131=EDGE_CURVE('',#325,#326,#833,.T.);
#1132=EDGE_CURVE('',#324,#326,#834,.T.);
#1133=EDGE_CURVE('',#327,#323,#835,.T.);
#1134=EDGE_CURVE('',#327,#328,#836,.T.);
#1135=EDGE_CURVE('',#328,#325,#837,.T.);
#1136=EDGE_CURVE('',#329,#327,#838,.T.);
#1137=EDGE_CURVE('',#329,#330,#839,.T.);
#1138=EDGE_CURVE('',#330,#328,#840,.T.);
#1139=EDGE_CURVE('',#331,#329,#841,.T.);
#1140=EDGE_CURVE('',#331,#332,#842,.T.);
#1141=EDGE_CURVE('',#332,#330,#843,.T.);
#1142=EDGE_CURVE('',#333,#331,#844,.T.);
#1143=EDGE_CURVE('',#333,#334,#845,.T.);
#1144=EDGE_CURVE('',#334,#332,#846,.T.);
#1145=EDGE_CURVE('',#324,#333,#847,.T.);
#1146=EDGE_CURVE('',#326,#334,#848,.T.);
#1147=EDGE_CURVE('',#335,#336,#849,.T.);
#1148=EDGE_CURVE('',#335,#337,#232,.T.);
#1149=EDGE_CURVE('',#338,#337,#850,.T.);
#1150=EDGE_CURVE('',#336,#338,#233,.T.);
#1151=EDGE_CURVE('',#339,#340,#851,.T.);
#1152=EDGE_CURVE('',#339,#341,#234,.T.);
#1153=EDGE_CURVE('',#342,#341,#852,.T.);
#1154=EDGE_CURVE('',#342,#340,#235,.T.);
#1155=EDGE_CURVE('',#341,#339,#234,.T.);
#1156=EDGE_CURVE('',#338,#336,#233,.T.);
#1157=EDGE_CURVE('',#340,#342,#235,.T.);
#1158=EDGE_CURVE('',#337,#335,#232,.T.);
#1159=EDGE_CURVE('',#300,#343,#853,.T.);
#1160=EDGE_CURVE('',#343,#344,#236,.T.);
#1161=EDGE_CURVE('',#301,#344,#854,.T.);
#1162=EDGE_CURVE('',#292,#345,#855,.T.);
#1163=EDGE_CURVE('',#345,#346,#237,.T.);
#1164=EDGE_CURVE('',#293,#346,#856,.T.);
#1165=EDGE_CURVE('',#288,#347,#857,.T.);
#1166=EDGE_CURVE('',#347,#348,#238,.T.);
#1167=EDGE_CURVE('',#289,#348,#858,.T.);
#1168=EDGE_CURVE('',#284,#349,#859,.T.);
#1169=EDGE_CURVE('',#349,#350,#239,.T.);
#1170=EDGE_CURVE('',#285,#350,#860,.T.);
#1171=EDGE_CURVE('',#280,#351,#861,.T.);
#1172=EDGE_CURVE('',#351,#352,#240,.T.);
#1173=EDGE_CURVE('',#322,#352,#862,.T.);
#1174=EDGE_CURVE('',#318,#353,#863,.T.);
#1175=EDGE_CURVE('',#353,#354,#241,.T.);
#1176=EDGE_CURVE('',#319,#354,#864,.T.);
#1177=EDGE_CURVE('',#314,#355,#865,.T.);
#1178=EDGE_CURVE('',#355,#356,#242,.T.);
#1179=EDGE_CURVE('',#315,#356,#866,.T.);
#1180=EDGE_CURVE('',#310,#357,#867,.T.);
#1181=EDGE_CURVE('',#357,#358,#243,.T.);
#1182=EDGE_CURVE('',#311,#358,#868,.T.);
#1183=EDGE_CURVE('',#306,#359,#869,.T.);
#1184=EDGE_CURVE('',#359,#360,#244,.T.);
#1185=EDGE_CURVE('',#307,#360,#870,.T.);
#1186=EDGE_CURVE('',#296,#361,#871,.T.);
#1187=EDGE_CURVE('',#304,#362,#872,.T.);
#1188=EDGE_CURVE('',#362,#361,#245,.T.);
#1189=EDGE_CURVE('',#363,#364,#246,.T.);
#1190=EDGE_CURVE('',#364,#365,#873,.T.);
#1191=EDGE_CURVE('',#366,#365,#247,.T.);
#1192=EDGE_CURVE('',#366,#367,#874,.T.);
#1193=EDGE_CURVE('',#367,#368,#248,.T.);
#1194=EDGE_CURVE('',#368,#369,#875,.T.);
#1195=EDGE_CURVE('',#370,#369,#249,.T.);
#1196=EDGE_CURVE('',#370,#371,#876,.T.);
#1197=EDGE_CURVE('',#371,#372,#250,.T.);
#1198=EDGE_CURVE('',#372,#373,#877,.T.);
#1199=EDGE_CURVE('',#374,#373,#251,.T.);
#1200=EDGE_CURVE('',#374,#375,#878,.T.);
#1201=EDGE_CURVE('',#375,#376,#252,.T.);
#1202=EDGE_CURVE('',#376,#377,#879,.T.);
#1203=EDGE_CURVE('',#378,#377,#253,.T.);
#1204=EDGE_CURVE('',#378,#379,#880,.T.);
#1205=EDGE_CURVE('',#379,#380,#254,.T.);
#1206=EDGE_CURVE('',#380,#381,#881,.T.);
#1207=EDGE_CURVE('',#382,#381,#255,.T.);
#1208=EDGE_CURVE('',#382,#363,#882,.T.);
#1209=EDGE_CURVE('',#346,#383,#883,.T.);
#1210=EDGE_CURVE('',#384,#345,#884,.T.);
#1211=EDGE_CURVE('',#383,#384,#256,.T.);
#1212=EDGE_CURVE('',#385,#343,#885,.T.);
#1213=EDGE_CURVE('',#386,#385,#257,.T.);
#1214=EDGE_CURVE('',#344,#386,#886,.T.);
#1215=EDGE_CURVE('',#348,#387,#887,.T.);
#1216=EDGE_CURVE('',#388,#347,#888,.T.);
#1217=EDGE_CURVE('',#387,#388,#258,.T.);
#1218=EDGE_CURVE('',#389,#362,#889,.T.);
#1219=EDGE_CURVE('',#390,#389,#259,.T.);
#1220=EDGE_CURVE('',#361,#390,#890,.T.);
#1221=EDGE_CURVE('',#350,#391,#891,.T.);
#1222=EDGE_CURVE('',#392,#349,#892,.T.);
#1223=EDGE_CURVE('',#391,#392,#260,.T.);
#1224=EDGE_CURVE('',#393,#359,#893,.T.);
#1225=EDGE_CURVE('',#394,#393,#261,.T.);
#1226=EDGE_CURVE('',#360,#394,#894,.T.);
#1227=EDGE_CURVE('',#352,#395,#895,.T.);
#1228=EDGE_CURVE('',#396,#351,#896,.T.);
#1229=EDGE_CURVE('',#395,#396,#262,.T.);
#1230=EDGE_CURVE('',#397,#357,#897,.T.);
#1231=EDGE_CURVE('',#398,#397,#263,.T.);
#1232=EDGE_CURVE('',#358,#398,#898,.T.);
#1233=EDGE_CURVE('',#354,#399,#899,.T.);
#1234=EDGE_CURVE('',#400,#353,#900,.T.);
#1235=EDGE_CURVE('',#399,#400,#264,.T.);
#1236=EDGE_CURVE('',#401,#355,#901,.T.);
#1237=EDGE_CURVE('',#402,#401,#265,.T.);
#1238=EDGE_CURVE('',#356,#402,#902,.T.);
#1239=EDGE_CURVE('',#399,#320,#903,.T.);
#1240=EDGE_CURVE('',#403,#404,#904,.T.);
#1241=EDGE_CURVE('',#405,#403,#905,.T.);
#1242=EDGE_CURVE('',#406,#405,#906,.T.);
#1243=EDGE_CURVE('',#404,#406,#907,.T.);
#1244=EDGE_CURVE('',#402,#316,#908,.T.);
#1245=EDGE_CURVE('',#407,#408,#909,.T.);
#1246=EDGE_CURVE('',#409,#407,#910,.T.);
#1247=EDGE_CURVE('',#410,#409,#911,.T.);
#1248=EDGE_CURVE('',#408,#410,#912,.T.);
#1249=EDGE_CURVE('',#395,#321,#913,.T.);
#1250=EDGE_CURVE('',#411,#412,#914,.T.);
#1251=EDGE_CURVE('',#413,#411,#915,.T.);
#1252=EDGE_CURVE('',#414,#413,#916,.T.);
#1253=EDGE_CURVE('',#412,#414,#917,.T.);
#1254=EDGE_CURVE('',#398,#312,#918,.T.);
#1255=EDGE_CURVE('',#415,#416,#919,.T.);
#1256=EDGE_CURVE('',#417,#415,#920,.T.);
#1257=EDGE_CURVE('',#418,#417,#921,.T.);
#1258=EDGE_CURVE('',#416,#418,#922,.T.);
#1259=EDGE_CURVE('',#391,#286,#923,.T.);
#1260=EDGE_CURVE('',#419,#420,#924,.T.);
#1261=EDGE_CURVE('',#421,#419,#925,.T.);
#1262=EDGE_CURVE('',#422,#421,#926,.T.);
#1263=EDGE_CURVE('',#420,#422,#927,.T.);
#1264=EDGE_CURVE('',#394,#308,#928,.T.);
#1265=EDGE_CURVE('',#423,#424,#929,.T.);
#1266=EDGE_CURVE('',#425,#423,#930,.T.);
#1267=EDGE_CURVE('',#426,#425,#931,.T.);
#1268=EDGE_CURVE('',#424,#426,#932,.T.);
#1269=EDGE_CURVE('',#387,#290,#933,.T.);
#1270=EDGE_CURVE('',#427,#428,#934,.T.);
#1271=EDGE_CURVE('',#429,#427,#935,.T.);
#1272=EDGE_CURVE('',#430,#429,#936,.T.);
#1273=EDGE_CURVE('',#428,#430,#937,.T.);
#1274=EDGE_CURVE('',#390,#295,#938,.T.);
#1275=EDGE_CURVE('',#431,#432,#939,.T.);
#1276=EDGE_CURVE('',#433,#431,#940,.T.);
#1277=EDGE_CURVE('',#434,#433,#941,.T.);
#1278=EDGE_CURVE('',#432,#434,#942,.T.);
#1279=EDGE_CURVE('',#386,#302,#943,.T.);
#1280=EDGE_CURVE('',#435,#436,#944,.T.);
#1281=EDGE_CURVE('',#437,#435,#945,.T.);
#1282=EDGE_CURVE('',#438,#437,#946,.T.);
#1283=EDGE_CURVE('',#436,#438,#947,.T.);
#1284=EDGE_CURVE('',#383,#294,#948,.T.);
#1285=EDGE_CURVE('',#439,#440,#949,.T.);
#1286=EDGE_CURVE('',#441,#439,#950,.T.);
#1287=EDGE_CURVE('',#442,#441,#951,.T.);
#1288=EDGE_CURVE('',#440,#442,#952,.T.);
#1289=EDGE_CURVE('',#388,#287,#953,.T.);
#1290=EDGE_CURVE('',#443,#444,#954,.T.);
#1291=EDGE_CURVE('',#444,#445,#955,.T.);
#1292=EDGE_CURVE('',#445,#446,#956,.T.);
#1293=EDGE_CURVE('',#446,#443,#957,.T.);
#1294=EDGE_CURVE('',#443,#441,#958,.T.);
#1295=EDGE_CURVE('',#444,#439,#959,.T.);
#1296=EDGE_CURVE('',#445,#440,#960,.T.);
#1297=EDGE_CURVE('',#446,#442,#961,.T.);
#1298=EDGE_CURVE('',#392,#283,#962,.T.);
#1299=EDGE_CURVE('',#447,#448,#963,.T.);
#1300=EDGE_CURVE('',#448,#449,#964,.T.);
#1301=EDGE_CURVE('',#449,#450,#965,.T.);
#1302=EDGE_CURVE('',#450,#447,#966,.T.);
#1303=EDGE_CURVE('',#396,#279,#967,.T.);
#1304=EDGE_CURVE('',#451,#452,#968,.T.);
#1305=EDGE_CURVE('',#452,#453,#969,.T.);
#1306=EDGE_CURVE('',#453,#454,#970,.T.);
#1307=EDGE_CURVE('',#454,#451,#971,.T.);
#1308=EDGE_CURVE('',#400,#317,#972,.T.);
#1309=EDGE_CURVE('',#455,#456,#973,.T.);
#1310=EDGE_CURVE('',#456,#457,#974,.T.);
#1311=EDGE_CURVE('',#457,#458,#975,.T.);
#1312=EDGE_CURVE('',#458,#455,#976,.T.);
#1313=EDGE_CURVE('',#401,#313,#977,.T.);
#1314=EDGE_CURVE('',#459,#460,#978,.T.);
#1315=EDGE_CURVE('',#460,#461,#979,.T.);
#1316=EDGE_CURVE('',#461,#462,#980,.T.);
#1317=EDGE_CURVE('',#462,#459,#981,.T.);
#1318=EDGE_CURVE('',#397,#309,#982,.T.);
#1319=EDGE_CURVE('',#463,#464,#983,.T.);
#1320=EDGE_CURVE('',#464,#465,#984,.T.);
#1321=EDGE_CURVE('',#465,#466,#985,.T.);
#1322=EDGE_CURVE('',#466,#463,#986,.T.);
#1323=EDGE_CURVE('',#393,#305,#987,.T.);
#1324=EDGE_CURVE('',#467,#468,#988,.T.);
#1325=EDGE_CURVE('',#468,#469,#989,.T.);
#1326=EDGE_CURVE('',#469,#470,#990,.T.);
#1327=EDGE_CURVE('',#470,#467,#991,.T.);
#1328=EDGE_CURVE('',#389,#303,#992,.T.);
#1329=EDGE_CURVE('',#471,#472,#993,.T.);
#1330=EDGE_CURVE('',#472,#473,#994,.T.);
#1331=EDGE_CURVE('',#473,#474,#995,.T.);
#1332=EDGE_CURVE('',#474,#471,#996,.T.);
#1333=EDGE_CURVE('',#385,#299,#997,.T.);
#1334=EDGE_CURVE('',#475,#476,#998,.T.);
#1335=EDGE_CURVE('',#476,#477,#999,.T.);
#1336=EDGE_CURVE('',#477,#478,#1000,.T.);
#1337=EDGE_CURVE('',#478,#475,#1001,.T.);
#1338=EDGE_CURVE('',#384,#291,#1002,.T.);
#1339=EDGE_CURVE('',#479,#480,#1003,.T.);
#1340=EDGE_CURVE('',#480,#481,#1004,.T.);
#1341=EDGE_CURVE('',#481,#482,#1005,.T.);
#1342=EDGE_CURVE('',#482,#479,#1006,.T.);
#1343=EDGE_CURVE('',#479,#437,#1007,.T.);
#1344=EDGE_CURVE('',#480,#435,#1008,.T.);
#1345=EDGE_CURVE('',#481,#436,#1009,.T.);
#1346=EDGE_CURVE('',#482,#438,#1010,.T.);
#1347=EDGE_CURVE('',#478,#434,#1011,.T.);
#1348=EDGE_CURVE('',#475,#433,#1012,.T.);
#1349=EDGE_CURVE('',#476,#431,#1013,.T.);
#1350=EDGE_CURVE('',#477,#432,#1014,.T.);
#1351=EDGE_CURVE('',#474,#426,#1015,.T.);
#1352=EDGE_CURVE('',#471,#425,#1016,.T.);
#1353=EDGE_CURVE('',#472,#423,#1017,.T.);
#1354=EDGE_CURVE('',#473,#424,#1018,.T.);
#1355=EDGE_CURVE('',#470,#418,#1019,.T.);
#1356=EDGE_CURVE('',#467,#417,#1020,.T.);
#1357=EDGE_CURVE('',#468,#415,#1021,.T.);
#1358=EDGE_CURVE('',#469,#416,#1022,.T.);
#1359=EDGE_CURVE('',#466,#410,#1023,.T.);
#1360=EDGE_CURVE('',#463,#409,#1024,.T.);
#1361=EDGE_CURVE('',#464,#407,#1025,.T.);
#1362=EDGE_CURVE('',#465,#408,#1026,.T.);
#1363=EDGE_CURVE('',#462,#406,#1027,.T.);
#1364=EDGE_CURVE('',#459,#405,#1028,.T.);
#1365=EDGE_CURVE('',#460,#403,#1029,.T.);
#1366=EDGE_CURVE('',#461,#404,#1030,.T.);
#1367=EDGE_CURVE('',#458,#414,#1031,.T.);
#1368=EDGE_CURVE('',#455,#413,#1032,.T.);
#1369=EDGE_CURVE('',#456,#411,#1033,.T.);
#1370=EDGE_CURVE('',#457,#412,#1034,.T.);
#1371=EDGE_CURVE('',#454,#422,#1035,.T.);
#1372=EDGE_CURVE('',#451,#421,#1036,.T.);
#1373=EDGE_CURVE('',#452,#419,#1037,.T.);
#1374=EDGE_CURVE('',#453,#420,#1038,.T.);
#1375=EDGE_CURVE('',#450,#430,#1039,.T.);
#1376=EDGE_CURVE('',#447,#429,#1040,.T.);
#1377=EDGE_CURVE('',#448,#427,#1041,.T.);
#1378=EDGE_CURVE('',#449,#428,#1042,.T.);
#1379=EDGE_CURVE('',#369,#483,#1043,.T.);
#1380=EDGE_CURVE('',#484,#483,#119,.T.);
#1381=EDGE_CURVE('',#484,#485,#266,.T.);
#1382=EDGE_CURVE('',#486,#485,#120,.T.);
#1383=EDGE_CURVE('',#370,#486,#1044,.T.);
#1384=EDGE_CURVE('',#365,#487,#1045,.T.);
#1385=EDGE_CURVE('',#488,#487,#121,.T.);
#1386=EDGE_CURVE('',#488,#489,#266,.T.);
#1387=EDGE_CURVE('',#490,#489,#122,.T.);
#1388=EDGE_CURVE('',#366,#490,#1046,.T.);
#1389=EDGE_CURVE('',#381,#491,#1047,.T.);
#1390=EDGE_CURVE('',#492,#491,#123,.T.);
#1391=EDGE_CURVE('',#492,#493,#266,.T.);
#1392=EDGE_CURVE('',#494,#493,#124,.T.);
#1393=EDGE_CURVE('',#382,#494,#1048,.T.);
#1394=EDGE_CURVE('',#377,#495,#1049,.T.);
#1395=EDGE_CURVE('',#496,#495,#125,.T.);
#1396=EDGE_CURVE('',#496,#497,#266,.T.);
#1397=EDGE_CURVE('',#498,#497,#126,.T.);
#1398=EDGE_CURVE('',#378,#498,#1050,.T.);
#1399=EDGE_CURVE('',#373,#499,#1051,.T.);
#1400=EDGE_CURVE('',#500,#499,#127,.T.);
#1401=EDGE_CURVE('',#500,#501,#266,.T.);
#1402=EDGE_CURVE('',#502,#501,#128,.T.);
#1403=EDGE_CURVE('',#374,#502,#1052,.T.);
#1404=EDGE_CURVE('',#503,#503,#267,.T.);
#1405=EDGE_CURVE('',#504,#504,#268,.T.);
#1406=EDGE_CURVE('',#505,#506,#104,.T.);
#1407=EDGE_CURVE('',#506,#507,#269,.T.);
#1408=EDGE_CURVE('',#507,#508,#105,.T.);
#1409=EDGE_CURVE('',#508,#505,#270,.T.);
#1410=EDGE_CURVE('',#507,#509,#129,.T.);
#1411=EDGE_CURVE('',#509,#490,#1053,.T.);
#1412=EDGE_CURVE('',#489,#508,#1054,.T.);
#1413=EDGE_CURVE('',#510,#506,#130,.T.);
#1414=EDGE_CURVE('',#368,#510,#1055,.T.);
#1415=EDGE_CURVE('',#367,#509,#1056,.T.);
#1416=EDGE_CURVE('',#505,#484,#1057,.T.);
#1417=EDGE_CURVE('',#483,#510,#1058,.T.);
#1418=EDGE_CURVE('',#511,#512,#106,.T.);
#1419=EDGE_CURVE('',#512,#513,#271,.T.);
#1420=EDGE_CURVE('',#513,#514,#107,.T.);
#1421=EDGE_CURVE('',#514,#511,#272,.T.);
#1422=EDGE_CURVE('',#513,#515,#131,.T.);
#1423=EDGE_CURVE('',#515,#498,#1059,.T.);
#1424=EDGE_CURVE('',#497,#514,#1060,.T.);
#1425=EDGE_CURVE('',#516,#512,#132,.T.);
#1426=EDGE_CURVE('',#380,#516,#1061,.T.);
#1427=EDGE_CURVE('',#379,#515,#1062,.T.);
#1428=EDGE_CURVE('',#511,#492,#1063,.T.);
#1429=EDGE_CURVE('',#491,#516,#1064,.T.);
#1430=EDGE_CURVE('',#517,#518,#108,.T.);
#1431=EDGE_CURVE('',#518,#519,#273,.T.);
#1432=EDGE_CURVE('',#519,#520,#109,.T.);
#1433=EDGE_CURVE('',#520,#517,#274,.T.);
#1434=EDGE_CURVE('',#519,#521,#133,.T.);
#1435=EDGE_CURVE('',#521,#486,#1065,.T.);
#1436=EDGE_CURVE('',#485,#520,#1066,.T.);
#1437=EDGE_CURVE('',#522,#518,#134,.T.);
#1438=EDGE_CURVE('',#372,#522,#1067,.T.);
#1439=EDGE_CURVE('',#371,#521,#1068,.T.);
#1440=EDGE_CURVE('',#517,#500,#1069,.T.);
#1441=EDGE_CURVE('',#499,#522,#1070,.T.);
#1442=EDGE_CURVE('',#523,#524,#110,.T.);
#1443=EDGE_CURVE('',#524,#525,#275,.T.);
#1444=EDGE_CURVE('',#525,#526,#111,.T.);
#1445=EDGE_CURVE('',#526,#523,#276,.T.);
#1446=EDGE_CURVE('',#525,#527,#135,.T.);
#1447=EDGE_CURVE('',#527,#502,#1071,.T.);
#1448=EDGE_CURVE('',#501,#526,#1072,.T.);
#1449=EDGE_CURVE('',#528,#524,#136,.T.);
#1450=EDGE_CURVE('',#376,#528,#1073,.T.);
#1451=EDGE_CURVE('',#375,#527,#1074,.T.);
#1452=EDGE_CURVE('',#523,#496,#1075,.T.);
#1453=EDGE_CURVE('',#495,#528,#1076,.T.);
#1454=EDGE_CURVE('',#529,#530,#112,.T.);
#1455=EDGE_CURVE('',#530,#531,#277,.T.);
#1456=EDGE_CURVE('',#531,#532,#113,.T.);
#1457=EDGE_CURVE('',#532,#529,#278,.T.);
#1458=EDGE_CURVE('',#493,#532,#1077,.T.);
#1459=EDGE_CURVE('',#529,#488,#1078,.T.);
#1460=EDGE_CURVE('',#531,#533,#137,.T.);
#1461=EDGE_CURVE('',#533,#494,#1079,.T.);
#1462=EDGE_CURVE('',#534,#530,#138,.T.);
#1463=EDGE_CURVE('',#364,#534,#1080,.T.);
#1464=EDGE_CURVE('',#363,#533,#1081,.T.);
#1465=EDGE_CURVE('',#487,#534,#1082,.T.);
#1466=ORIENTED_EDGE('',*,*,#1083,.T.);
#1467=ORIENTED_EDGE('',*,*,#1084,.F.);
#1468=ORIENTED_EDGE('',*,*,#1085,.T.);
#1469=ORIENTED_EDGE('',*,*,#1086,.T.);
#1470=ORIENTED_EDGE('',*,*,#1087,.T.);
#1471=ORIENTED_EDGE('',*,*,#1088,.F.);
#1472=ORIENTED_EDGE('',*,*,#1089,.F.);
#1473=ORIENTED_EDGE('',*,*,#1090,.T.);
#1474=ORIENTED_EDGE('',*,*,#1091,.T.);
#1475=ORIENTED_EDGE('',*,*,#1092,.F.);
#1476=ORIENTED_EDGE('',*,*,#1093,.F.);
#1477=ORIENTED_EDGE('',*,*,#1094,.T.);
#1478=ORIENTED_EDGE('',*,*,#1095,.T.);
#1479=ORIENTED_EDGE('',*,*,#1096,.F.);
#1480=ORIENTED_EDGE('',*,*,#1097,.F.);
#1481=ORIENTED_EDGE('',*,*,#1098,.T.);
#1482=ORIENTED_EDGE('',*,*,#1099,.F.);
#1483=ORIENTED_EDGE('',*,*,#1100,.T.);
#1484=ORIENTED_EDGE('',*,*,#1101,.F.);
#1485=ORIENTED_EDGE('',*,*,#1102,.F.);
#1486=ORIENTED_EDGE('',*,*,#1103,.T.);
#1487=ORIENTED_EDGE('',*,*,#1104,.F.);
#1488=ORIENTED_EDGE('',*,*,#1105,.F.);
#1489=ORIENTED_EDGE('',*,*,#1106,.T.);
#1490=ORIENTED_EDGE('',*,*,#1107,.T.);
#1491=ORIENTED_EDGE('',*,*,#1108,.F.);
#1492=ORIENTED_EDGE('',*,*,#1101,.T.);
#1493=ORIENTED_EDGE('',*,*,#1109,.T.);
#1494=ORIENTED_EDGE('',*,*,#1110,.T.);
#1495=ORIENTED_EDGE('',*,*,#1111,.F.);
#1496=ORIENTED_EDGE('',*,*,#1112,.F.);
#1497=ORIENTED_EDGE('',*,*,#1113,.T.);
#1498=ORIENTED_EDGE('',*,*,#1114,.T.);
#1499=ORIENTED_EDGE('',*,*,#1115,.F.);
#1500=ORIENTED_EDGE('',*,*,#1116,.F.);
#1501=ORIENTED_EDGE('',*,*,#1117,.T.);
#1502=ORIENTED_EDGE('',*,*,#1118,.T.);
#1503=ORIENTED_EDGE('',*,*,#1119,.F.);
#1504=ORIENTED_EDGE('',*,*,#1120,.F.);
#1505=ORIENTED_EDGE('',*,*,#1121,.T.);
#1506=ORIENTED_EDGE('',*,*,#1122,.T.);
#1507=ORIENTED_EDGE('',*,*,#1123,.F.);
#1508=ORIENTED_EDGE('',*,*,#1124,.F.);
#1509=ORIENTED_EDGE('',*,*,#1125,.T.);
#1510=ORIENTED_EDGE('',*,*,#1126,.F.);
#1511=ORIENTED_EDGE('',*,*,#1127,.T.);
#1512=ORIENTED_EDGE('',*,*,#1085,.F.);
#1513=ORIENTED_EDGE('',*,*,#1128,.F.);
#1514=ORIENTED_EDGE('',*,*,#1129,.F.);
#1515=ORIENTED_EDGE('',*,*,#1130,.T.);
#1516=ORIENTED_EDGE('',*,*,#1131,.T.);
#1517=ORIENTED_EDGE('',*,*,#1132,.F.);
#1518=ORIENTED_EDGE('',*,*,#1133,.F.);
#1519=ORIENTED_EDGE('',*,*,#1134,.T.);
#1520=ORIENTED_EDGE('',*,*,#1135,.T.);
#1521=ORIENTED_EDGE('',*,*,#1130,.F.);
#1522=ORIENTED_EDGE('',*,*,#1136,.F.);
#1523=ORIENTED_EDGE('',*,*,#1137,.T.);
#1524=ORIENTED_EDGE('',*,*,#1138,.T.);
#1525=ORIENTED_EDGE('',*,*,#1134,.F.);
#1526=ORIENTED_EDGE('',*,*,#1139,.F.);
#1527=ORIENTED_EDGE('',*,*,#1140,.T.);
#1528=ORIENTED_EDGE('',*,*,#1141,.T.);
#1529=ORIENTED_EDGE('',*,*,#1137,.F.);
#1530=ORIENTED_EDGE('',*,*,#1142,.F.);
#1531=ORIENTED_EDGE('',*,*,#1143,.T.);
#1532=ORIENTED_EDGE('',*,*,#1144,.T.);
#1533=ORIENTED_EDGE('',*,*,#1140,.F.);
#1534=ORIENTED_EDGE('',*,*,#1145,.F.);
#1535=ORIENTED_EDGE('',*,*,#1132,.T.);
#1536=ORIENTED_EDGE('',*,*,#1146,.T.);
#1537=ORIENTED_EDGE('',*,*,#1143,.F.);
#1538=ORIENTED_EDGE('',*,*,#1147,.F.);
#1539=ORIENTED_EDGE('',*,*,#1148,.T.);
#1540=ORIENTED_EDGE('',*,*,#1149,.F.);
#1541=ORIENTED_EDGE('',*,*,#1150,.F.);
#1542=ORIENTED_EDGE('',*,*,#1151,.F.);
#1543=ORIENTED_EDGE('',*,*,#1152,.T.);
#1544=ORIENTED_EDGE('',*,*,#1153,.F.);
#1545=ORIENTED_EDGE('',*,*,#1154,.T.);
#1546=ORIENTED_EDGE('',*,*,#1146,.F.);
#1547=ORIENTED_EDGE('',*,*,#1131,.F.);
#1548=ORIENTED_EDGE('',*,*,#1135,.F.);
#1549=ORIENTED_EDGE('',*,*,#1138,.F.);
#1550=ORIENTED_EDGE('',*,*,#1141,.F.);
#1551=ORIENTED_EDGE('',*,*,#1144,.F.);
#1552=ORIENTED_EDGE('',*,*,#1152,.F.);
#1553=ORIENTED_EDGE('',*,*,#1155,.F.);
#1554=ORIENTED_EDGE('',*,*,#1156,.T.);
#1555=ORIENTED_EDGE('',*,*,#1150,.T.);
#1556=ORIENTED_EDGE('',*,*,#1157,.F.);
#1557=ORIENTED_EDGE('',*,*,#1154,.F.);
#1558=ORIENTED_EDGE('',*,*,#1147,.T.);
#1559=ORIENTED_EDGE('',*,*,#1156,.F.);
#1560=ORIENTED_EDGE('',*,*,#1149,.T.);
#1561=ORIENTED_EDGE('',*,*,#1158,.T.);
#1562=ORIENTED_EDGE('',*,*,#1151,.T.);
#1563=ORIENTED_EDGE('',*,*,#1157,.T.);
#1564=ORIENTED_EDGE('',*,*,#1153,.T.);
#1565=ORIENTED_EDGE('',*,*,#1155,.T.);
#1566=ORIENTED_EDGE('',*,*,#1104,.T.);
#1567=ORIENTED_EDGE('',*,*,#1159,.T.);
#1568=ORIENTED_EDGE('',*,*,#1160,.T.);
#1569=ORIENTED_EDGE('',*,*,#1161,.F.);
#1570=ORIENTED_EDGE('',*,*,#1096,.T.);
#1571=ORIENTED_EDGE('',*,*,#1162,.T.);
#1572=ORIENTED_EDGE('',*,*,#1163,.T.);
#1573=ORIENTED_EDGE('',*,*,#1164,.F.);
#1574=ORIENTED_EDGE('',*,*,#1092,.T.);
#1575=ORIENTED_EDGE('',*,*,#1165,.T.);
#1576=ORIENTED_EDGE('',*,*,#1166,.T.);
#1577=ORIENTED_EDGE('',*,*,#1167,.F.);
#1578=ORIENTED_EDGE('',*,*,#1088,.T.);
#1579=ORIENTED_EDGE('',*,*,#1168,.T.);
#1580=ORIENTED_EDGE('',*,*,#1169,.T.);
#1581=ORIENTED_EDGE('',*,*,#1170,.F.);
#1582=ORIENTED_EDGE('',*,*,#1084,.T.);
#1583=ORIENTED_EDGE('',*,*,#1171,.T.);
#1584=ORIENTED_EDGE('',*,*,#1172,.T.);
#1585=ORIENTED_EDGE('',*,*,#1173,.F.);
#1586=ORIENTED_EDGE('',*,*,#1128,.T.);
#1587=ORIENTED_EDGE('',*,*,#1123,.T.);
#1588=ORIENTED_EDGE('',*,*,#1174,.T.);
#1589=ORIENTED_EDGE('',*,*,#1175,.T.);
#1590=ORIENTED_EDGE('',*,*,#1176,.F.);
#1591=ORIENTED_EDGE('',*,*,#1119,.T.);
#1592=ORIENTED_EDGE('',*,*,#1177,.T.);
#1593=ORIENTED_EDGE('',*,*,#1178,.T.);
#1594=ORIENTED_EDGE('',*,*,#1179,.F.);
#1595=ORIENTED_EDGE('',*,*,#1115,.T.);
#1596=ORIENTED_EDGE('',*,*,#1180,.T.);
#1597=ORIENTED_EDGE('',*,*,#1181,.T.);
#1598=ORIENTED_EDGE('',*,*,#1182,.F.);
#1599=ORIENTED_EDGE('',*,*,#1111,.T.);
#1600=ORIENTED_EDGE('',*,*,#1183,.T.);
#1601=ORIENTED_EDGE('',*,*,#1184,.T.);
#1602=ORIENTED_EDGE('',*,*,#1185,.F.);
#1603=ORIENTED_EDGE('',*,*,#1148,.F.);
#1604=ORIENTED_EDGE('',*,*,#1158,.F.);
#1605=ORIENTED_EDGE('',*,*,#1186,.F.);
#1606=ORIENTED_EDGE('',*,*,#1102,.T.);
#1607=ORIENTED_EDGE('',*,*,#1108,.T.);
#1608=ORIENTED_EDGE('',*,*,#1187,.T.);
#1609=ORIENTED_EDGE('',*,*,#1188,.T.);
#1610=ORIENTED_EDGE('',*,*,#1189,.T.);
#1611=ORIENTED_EDGE('',*,*,#1190,.T.);
#1612=ORIENTED_EDGE('',*,*,#1191,.F.);
#1613=ORIENTED_EDGE('',*,*,#1192,.T.);
#1614=ORIENTED_EDGE('',*,*,#1193,.T.);
#1615=ORIENTED_EDGE('',*,*,#1194,.T.);
#1616=ORIENTED_EDGE('',*,*,#1195,.F.);
#1617=ORIENTED_EDGE('',*,*,#1196,.T.);
#1618=ORIENTED_EDGE('',*,*,#1197,.T.);
#1619=ORIENTED_EDGE('',*,*,#1198,.T.);
#1620=ORIENTED_EDGE('',*,*,#1199,.F.);
#1621=ORIENTED_EDGE('',*,*,#1200,.T.);
#1622=ORIENTED_EDGE('',*,*,#1201,.T.);
#1623=ORIENTED_EDGE('',*,*,#1202,.T.);
#1624=ORIENTED_EDGE('',*,*,#1203,.F.);
#1625=ORIENTED_EDGE('',*,*,#1204,.T.);
#1626=ORIENTED_EDGE('',*,*,#1205,.T.);
#1627=ORIENTED_EDGE('',*,*,#1206,.T.);
#1628=ORIENTED_EDGE('',*,*,#1207,.F.);
#1629=ORIENTED_EDGE('',*,*,#1208,.T.);
#1630=ORIENTED_EDGE('',*,*,#1209,.F.);
#1631=ORIENTED_EDGE('',*,*,#1163,.F.);
#1632=ORIENTED_EDGE('',*,*,#1210,.F.);
#1633=ORIENTED_EDGE('',*,*,#1211,.F.);
#1634=ORIENTED_EDGE('',*,*,#1212,.F.);
#1635=ORIENTED_EDGE('',*,*,#1213,.F.);
#1636=ORIENTED_EDGE('',*,*,#1214,.F.);
#1637=ORIENTED_EDGE('',*,*,#1160,.F.);
#1638=ORIENTED_EDGE('',*,*,#1215,.F.);
#1639=ORIENTED_EDGE('',*,*,#1166,.F.);
#1640=ORIENTED_EDGE('',*,*,#1216,.F.);
#1641=ORIENTED_EDGE('',*,*,#1217,.F.);
#1642=ORIENTED_EDGE('',*,*,#1218,.F.);
#1643=ORIENTED_EDGE('',*,*,#1219,.F.);
#1644=ORIENTED_EDGE('',*,*,#1220,.F.);
#1645=ORIENTED_EDGE('',*,*,#1188,.F.);
#1646=ORIENTED_EDGE('',*,*,#1221,.F.);
#1647=ORIENTED_EDGE('',*,*,#1169,.F.);
#1648=ORIENTED_EDGE('',*,*,#1222,.F.);
#1649=ORIENTED_EDGE('',*,*,#1223,.F.);
#1650=ORIENTED_EDGE('',*,*,#1224,.F.);
#1651=ORIENTED_EDGE('',*,*,#1225,.F.);
#1652=ORIENTED_EDGE('',*,*,#1226,.F.);
#1653=ORIENTED_EDGE('',*,*,#1184,.F.);
#1654=ORIENTED_EDGE('',*,*,#1227,.F.);
#1655=ORIENTED_EDGE('',*,*,#1172,.F.);
#1656=ORIENTED_EDGE('',*,*,#1228,.F.);
#1657=ORIENTED_EDGE('',*,*,#1229,.F.);
#1658=ORIENTED_EDGE('',*,*,#1230,.F.);
#1659=ORIENTED_EDGE('',*,*,#1231,.F.);
#1660=ORIENTED_EDGE('',*,*,#1232,.F.);
#1661=ORIENTED_EDGE('',*,*,#1181,.F.);
#1662=ORIENTED_EDGE('',*,*,#1233,.F.);
#1663=ORIENTED_EDGE('',*,*,#1175,.F.);
#1664=ORIENTED_EDGE('',*,*,#1234,.F.);
#1665=ORIENTED_EDGE('',*,*,#1235,.F.);
#1666=ORIENTED_EDGE('',*,*,#1236,.F.);
#1667=ORIENTED_EDGE('',*,*,#1237,.F.);
#1668=ORIENTED_EDGE('',*,*,#1238,.F.);
#1669=ORIENTED_EDGE('',*,*,#1178,.F.);
#1670=ORIENTED_EDGE('',*,*,#1233,.T.);
#1671=ORIENTED_EDGE('',*,*,#1239,.T.);
#1672=ORIENTED_EDGE('',*,*,#1124,.T.);
#1673=ORIENTED_EDGE('',*,*,#1176,.T.);
#1674=ORIENTED_EDGE('',*,*,#1240,.F.);
#1675=ORIENTED_EDGE('',*,*,#1241,.F.);
#1676=ORIENTED_EDGE('',*,*,#1242,.F.);
#1677=ORIENTED_EDGE('',*,*,#1243,.F.);
#1678=ORIENTED_EDGE('',*,*,#1238,.T.);
#1679=ORIENTED_EDGE('',*,*,#1244,.T.);
#1680=ORIENTED_EDGE('',*,*,#1120,.T.);
#1681=ORIENTED_EDGE('',*,*,#1179,.T.);
#1682=ORIENTED_EDGE('',*,*,#1245,.F.);
#1683=ORIENTED_EDGE('',*,*,#1246,.F.);
#1684=ORIENTED_EDGE('',*,*,#1247,.F.);
#1685=ORIENTED_EDGE('',*,*,#1248,.F.);
#1686=ORIENTED_EDGE('',*,*,#1227,.T.);
#1687=ORIENTED_EDGE('',*,*,#1249,.T.);
#1688=ORIENTED_EDGE('',*,*,#1126,.T.);
#1689=ORIENTED_EDGE('',*,*,#1173,.T.);
#1690=ORIENTED_EDGE('',*,*,#1250,.F.);
#1691=ORIENTED_EDGE('',*,*,#1251,.F.);
#1692=ORIENTED_EDGE('',*,*,#1252,.F.);
#1693=ORIENTED_EDGE('',*,*,#1253,.F.);
#1694=ORIENTED_EDGE('',*,*,#1232,.T.);
#1695=ORIENTED_EDGE('',*,*,#1254,.T.);
#1696=ORIENTED_EDGE('',*,*,#1116,.T.);
#1697=ORIENTED_EDGE('',*,*,#1182,.T.);
#1698=ORIENTED_EDGE('',*,*,#1255,.F.);
#1699=ORIENTED_EDGE('',*,*,#1256,.F.);
#1700=ORIENTED_EDGE('',*,*,#1257,.F.);
#1701=ORIENTED_EDGE('',*,*,#1258,.F.);
#1702=ORIENTED_EDGE('',*,*,#1221,.T.);
#1703=ORIENTED_EDGE('',*,*,#1259,.T.);
#1704=ORIENTED_EDGE('',*,*,#1089,.T.);
#1705=ORIENTED_EDGE('',*,*,#1170,.T.);
#1706=ORIENTED_EDGE('',*,*,#1260,.F.);
#1707=ORIENTED_EDGE('',*,*,#1261,.F.);
#1708=ORIENTED_EDGE('',*,*,#1262,.F.);
#1709=ORIENTED_EDGE('',*,*,#1263,.F.);
#1710=ORIENTED_EDGE('',*,*,#1226,.T.);
#1711=ORIENTED_EDGE('',*,*,#1264,.T.);
#1712=ORIENTED_EDGE('',*,*,#1112,.T.);
#1713=ORIENTED_EDGE('',*,*,#1185,.T.);
#1714=ORIENTED_EDGE('',*,*,#1265,.F.);
#1715=ORIENTED_EDGE('',*,*,#1266,.F.);
#1716=ORIENTED_EDGE('',*,*,#1267,.F.);
#1717=ORIENTED_EDGE('',*,*,#1268,.F.);
#1718=ORIENTED_EDGE('',*,*,#1215,.T.);
#1719=ORIENTED_EDGE('',*,*,#1269,.T.);
#1720=ORIENTED_EDGE('',*,*,#1093,.T.);
#1721=ORIENTED_EDGE('',*,*,#1167,.T.);
#1722=ORIENTED_EDGE('',*,*,#1270,.F.);
#1723=ORIENTED_EDGE('',*,*,#1271,.F.);
#1724=ORIENTED_EDGE('',*,*,#1272,.F.);
#1725=ORIENTED_EDGE('',*,*,#1273,.F.);
#1726=ORIENTED_EDGE('',*,*,#1220,.T.);
#1727=ORIENTED_EDGE('',*,*,#1274,.T.);
#1728=ORIENTED_EDGE('',*,*,#1099,.T.);
#1729=ORIENTED_EDGE('',*,*,#1186,.T.);
#1730=ORIENTED_EDGE('',*,*,#1275,.F.);
#1731=ORIENTED_EDGE('',*,*,#1276,.F.);
#1732=ORIENTED_EDGE('',*,*,#1277,.F.);
#1733=ORIENTED_EDGE('',*,*,#1278,.F.);
#1734=ORIENTED_EDGE('',*,*,#1214,.T.);
#1735=ORIENTED_EDGE('',*,*,#1279,.T.);
#1736=ORIENTED_EDGE('',*,*,#1105,.T.);
#1737=ORIENTED_EDGE('',*,*,#1161,.T.);
#1738=ORIENTED_EDGE('',*,*,#1280,.F.);
#1739=ORIENTED_EDGE('',*,*,#1281,.F.);
#1740=ORIENTED_EDGE('',*,*,#1282,.F.);
#1741=ORIENTED_EDGE('',*,*,#1283,.F.);
#1742=ORIENTED_EDGE('',*,*,#1209,.T.);
#1743=ORIENTED_EDGE('',*,*,#1284,.T.);
#1744=ORIENTED_EDGE('',*,*,#1097,.T.);
#1745=ORIENTED_EDGE('',*,*,#1164,.T.);
#1746=ORIENTED_EDGE('',*,*,#1285,.F.);
#1747=ORIENTED_EDGE('',*,*,#1286,.F.);
#1748=ORIENTED_EDGE('',*,*,#1287,.F.);
#1749=ORIENTED_EDGE('',*,*,#1288,.F.);
#1750=ORIENTED_EDGE('',*,*,#1216,.T.);
#1751=ORIENTED_EDGE('',*,*,#1165,.F.);
#1752=ORIENTED_EDGE('',*,*,#1091,.F.);
#1753=ORIENTED_EDGE('',*,*,#1289,.F.);
#1754=ORIENTED_EDGE('',*,*,#1290,.T.);
#1755=ORIENTED_EDGE('',*,*,#1291,.T.);
#1756=ORIENTED_EDGE('',*,*,#1292,.T.);
#1757=ORIENTED_EDGE('',*,*,#1293,.T.);
#1758=ORIENTED_EDGE('',*,*,#1294,.T.);
#1759=ORIENTED_EDGE('',*,*,#1286,.T.);
#1760=ORIENTED_EDGE('',*,*,#1295,.F.);
#1761=ORIENTED_EDGE('',*,*,#1290,.F.);
#1762=ORIENTED_EDGE('',*,*,#1295,.T.);
#1763=ORIENTED_EDGE('',*,*,#1285,.T.);
#1764=ORIENTED_EDGE('',*,*,#1296,.F.);
#1765=ORIENTED_EDGE('',*,*,#1291,.F.);
#1766=ORIENTED_EDGE('',*,*,#1296,.T.);
#1767=ORIENTED_EDGE('',*,*,#1288,.T.);
#1768=ORIENTED_EDGE('',*,*,#1297,.F.);
#1769=ORIENTED_EDGE('',*,*,#1292,.F.);
#1770=ORIENTED_EDGE('',*,*,#1297,.T.);
#1771=ORIENTED_EDGE('',*,*,#1287,.T.);
#1772=ORIENTED_EDGE('',*,*,#1294,.F.);
#1773=ORIENTED_EDGE('',*,*,#1293,.F.);
#1774=ORIENTED_EDGE('',*,*,#1222,.T.);
#1775=ORIENTED_EDGE('',*,*,#1168,.F.);
#1776=ORIENTED_EDGE('',*,*,#1087,.F.);
#1777=ORIENTED_EDGE('',*,*,#1298,.F.);
#1778=ORIENTED_EDGE('',*,*,#1299,.T.);
#1779=ORIENTED_EDGE('',*,*,#1300,.T.);
#1780=ORIENTED_EDGE('',*,*,#1301,.T.);
#1781=ORIENTED_EDGE('',*,*,#1302,.T.);
#1782=ORIENTED_EDGE('',*,*,#1228,.T.);
#1783=ORIENTED_EDGE('',*,*,#1171,.F.);
#1784=ORIENTED_EDGE('',*,*,#1083,.F.);
#1785=ORIENTED_EDGE('',*,*,#1303,.F.);
#1786=ORIENTED_EDGE('',*,*,#1304,.T.);
#1787=ORIENTED_EDGE('',*,*,#1305,.T.);
#1788=ORIENTED_EDGE('',*,*,#1306,.T.);
#1789=ORIENTED_EDGE('',*,*,#1307,.T.);
#1790=ORIENTED_EDGE('',*,*,#1234,.T.);
#1791=ORIENTED_EDGE('',*,*,#1174,.F.);
#1792=ORIENTED_EDGE('',*,*,#1122,.F.);
#1793=ORIENTED_EDGE('',*,*,#1308,.F.);
#1794=ORIENTED_EDGE('',*,*,#1309,.T.);
#1795=ORIENTED_EDGE('',*,*,#1310,.T.);
#1796=ORIENTED_EDGE('',*,*,#1311,.T.);
#1797=ORIENTED_EDGE('',*,*,#1312,.T.);
#1798=ORIENTED_EDGE('',*,*,#1236,.T.);
#1799=ORIENTED_EDGE('',*,*,#1177,.F.);
#1800=ORIENTED_EDGE('',*,*,#1118,.F.);
#1801=ORIENTED_EDGE('',*,*,#1313,.F.);
#1802=ORIENTED_EDGE('',*,*,#1314,.T.);
#1803=ORIENTED_EDGE('',*,*,#1315,.T.);
#1804=ORIENTED_EDGE('',*,*,#1316,.T.);
#1805=ORIENTED_EDGE('',*,*,#1317,.T.);
#1806=ORIENTED_EDGE('',*,*,#1230,.T.);
#1807=ORIENTED_EDGE('',*,*,#1180,.F.);
#1808=ORIENTED_EDGE('',*,*,#1114,.F.);
#1809=ORIENTED_EDGE('',*,*,#1318,.F.);
#1810=ORIENTED_EDGE('',*,*,#1319,.T.);
#1811=ORIENTED_EDGE('',*,*,#1320,.T.);
#1812=ORIENTED_EDGE('',*,*,#1321,.T.);
#1813=ORIENTED_EDGE('',*,*,#1322,.T.);
#1814=ORIENTED_EDGE('',*,*,#1224,.T.);
#1815=ORIENTED_EDGE('',*,*,#1183,.F.);
#1816=ORIENTED_EDGE('',*,*,#1110,.F.);
#1817=ORIENTED_EDGE('',*,*,#1323,.F.);
#1818=ORIENTED_EDGE('',*,*,#1324,.T.);
#1819=ORIENTED_EDGE('',*,*,#1325,.T.);
#1820=ORIENTED_EDGE('',*,*,#1326,.T.);
#1821=ORIENTED_EDGE('',*,*,#1327,.T.);
#1822=ORIENTED_EDGE('',*,*,#1218,.T.);
#1823=ORIENTED_EDGE('',*,*,#1187,.F.);
#1824=ORIENTED_EDGE('',*,*,#1107,.F.);
#1825=ORIENTED_EDGE('',*,*,#1328,.F.);
#1826=ORIENTED_EDGE('',*,*,#1329,.T.);
#1827=ORIENTED_EDGE('',*,*,#1330,.T.);
#1828=ORIENTED_EDGE('',*,*,#1331,.T.);
#1829=ORIENTED_EDGE('',*,*,#1332,.T.);
#1830=ORIENTED_EDGE('',*,*,#1212,.T.);
#1831=ORIENTED_EDGE('',*,*,#1159,.F.);
#1832=ORIENTED_EDGE('',*,*,#1103,.F.);
#1833=ORIENTED_EDGE('',*,*,#1333,.F.);
#1834=ORIENTED_EDGE('',*,*,#1334,.T.);
#1835=ORIENTED_EDGE('',*,*,#1335,.T.);
#1836=ORIENTED_EDGE('',*,*,#1336,.T.);
#1837=ORIENTED_EDGE('',*,*,#1337,.T.);
#1838=ORIENTED_EDGE('',*,*,#1210,.T.);
#1839=ORIENTED_EDGE('',*,*,#1162,.F.);
#1840=ORIENTED_EDGE('',*,*,#1095,.F.);
#1841=ORIENTED_EDGE('',*,*,#1338,.F.);
#1842=ORIENTED_EDGE('',*,*,#1339,.T.);
#1843=ORIENTED_EDGE('',*,*,#1340,.T.);
#1844=ORIENTED_EDGE('',*,*,#1341,.T.);
#1845=ORIENTED_EDGE('',*,*,#1342,.T.);
#1846=ORIENTED_EDGE('',*,*,#1343,.T.);
#1847=ORIENTED_EDGE('',*,*,#1281,.T.);
#1848=ORIENTED_EDGE('',*,*,#1344,.F.);
#1849=ORIENTED_EDGE('',*,*,#1339,.F.);
#1850=ORIENTED_EDGE('',*,*,#1344,.T.);
#1851=ORIENTED_EDGE('',*,*,#1280,.T.);
#1852=ORIENTED_EDGE('',*,*,#1345,.F.);
#1853=ORIENTED_EDGE('',*,*,#1340,.F.);
#1854=ORIENTED_EDGE('',*,*,#1345,.T.);
#1855=ORIENTED_EDGE('',*,*,#1283,.T.);
#1856=ORIENTED_EDGE('',*,*,#1346,.F.);
#1857=ORIENTED_EDGE('',*,*,#1341,.F.);
#1858=ORIENTED_EDGE('',*,*,#1346,.T.);
#1859=ORIENTED_EDGE('',*,*,#1282,.T.);
#1860=ORIENTED_EDGE('',*,*,#1343,.F.);
#1861=ORIENTED_EDGE('',*,*,#1342,.F.);
#1862=ORIENTED_EDGE('',*,*,#1347,.T.);
#1863=ORIENTED_EDGE('',*,*,#1277,.T.);
#1864=ORIENTED_EDGE('',*,*,#1348,.F.);
#1865=ORIENTED_EDGE('',*,*,#1337,.F.);
#1866=ORIENTED_EDGE('',*,*,#1349,.T.);
#1867=ORIENTED_EDGE('',*,*,#1275,.T.);
#1868=ORIENTED_EDGE('',*,*,#1350,.F.);
#1869=ORIENTED_EDGE('',*,*,#1335,.F.);
#1870=ORIENTED_EDGE('',*,*,#1348,.T.);
#1871=ORIENTED_EDGE('',*,*,#1276,.T.);
#1872=ORIENTED_EDGE('',*,*,#1349,.F.);
#1873=ORIENTED_EDGE('',*,*,#1334,.F.);
#1874=ORIENTED_EDGE('',*,*,#1350,.T.);
#1875=ORIENTED_EDGE('',*,*,#1278,.T.);
#1876=ORIENTED_EDGE('',*,*,#1347,.F.);
#1877=ORIENTED_EDGE('',*,*,#1336,.F.);
#1878=ORIENTED_EDGE('',*,*,#1351,.T.);
#1879=ORIENTED_EDGE('',*,*,#1267,.T.);
#1880=ORIENTED_EDGE('',*,*,#1352,.F.);
#1881=ORIENTED_EDGE('',*,*,#1332,.F.);
#1882=ORIENTED_EDGE('',*,*,#1353,.T.);
#1883=ORIENTED_EDGE('',*,*,#1265,.T.);
#1884=ORIENTED_EDGE('',*,*,#1354,.F.);
#1885=ORIENTED_EDGE('',*,*,#1330,.F.);
#1886=ORIENTED_EDGE('',*,*,#1352,.T.);
#1887=ORIENTED_EDGE('',*,*,#1266,.T.);
#1888=ORIENTED_EDGE('',*,*,#1353,.F.);
#1889=ORIENTED_EDGE('',*,*,#1329,.F.);
#1890=ORIENTED_EDGE('',*,*,#1354,.T.);
#1891=ORIENTED_EDGE('',*,*,#1268,.T.);
#1892=ORIENTED_EDGE('',*,*,#1351,.F.);
#1893=ORIENTED_EDGE('',*,*,#1331,.F.);
#1894=ORIENTED_EDGE('',*,*,#1355,.T.);
#1895=ORIENTED_EDGE('',*,*,#1257,.T.);
#1896=ORIENTED_EDGE('',*,*,#1356,.F.);
#1897=ORIENTED_EDGE('',*,*,#1327,.F.);
#1898=ORIENTED_EDGE('',*,*,#1357,.T.);
#1899=ORIENTED_EDGE('',*,*,#1255,.T.);
#1900=ORIENTED_EDGE('',*,*,#1358,.F.);
#1901=ORIENTED_EDGE('',*,*,#1325,.F.);
#1902=ORIENTED_EDGE('',*,*,#1356,.T.);
#1903=ORIENTED_EDGE('',*,*,#1256,.T.);
#1904=ORIENTED_EDGE('',*,*,#1357,.F.);
#1905=ORIENTED_EDGE('',*,*,#1324,.F.);
#1906=ORIENTED_EDGE('',*,*,#1358,.T.);
#1907=ORIENTED_EDGE('',*,*,#1258,.T.);
#1908=ORIENTED_EDGE('',*,*,#1355,.F.);
#1909=ORIENTED_EDGE('',*,*,#1326,.F.);
#1910=ORIENTED_EDGE('',*,*,#1359,.T.);
#1911=ORIENTED_EDGE('',*,*,#1247,.T.);
#1912=ORIENTED_EDGE('',*,*,#1360,.F.);
#1913=ORIENTED_EDGE('',*,*,#1322,.F.);
#1914=ORIENTED_EDGE('',*,*,#1361,.T.);
#1915=ORIENTED_EDGE('',*,*,#1245,.T.);
#1916=ORIENTED_EDGE('',*,*,#1362,.F.);
#1917=ORIENTED_EDGE('',*,*,#1320,.F.);
#1918=ORIENTED_EDGE('',*,*,#1360,.T.);
#1919=ORIENTED_EDGE('',*,*,#1246,.T.);
#1920=ORIENTED_EDGE('',*,*,#1361,.F.);
#1921=ORIENTED_EDGE('',*,*,#1319,.F.);
#1922=ORIENTED_EDGE('',*,*,#1362,.T.);
#1923=ORIENTED_EDGE('',*,*,#1248,.T.);
#1924=ORIENTED_EDGE('',*,*,#1359,.F.);
#1925=ORIENTED_EDGE('',*,*,#1321,.F.);
#1926=ORIENTED_EDGE('',*,*,#1363,.T.);
#1927=ORIENTED_EDGE('',*,*,#1242,.T.);
#1928=ORIENTED_EDGE('',*,*,#1364,.F.);
#1929=ORIENTED_EDGE('',*,*,#1317,.F.);
#1930=ORIENTED_EDGE('',*,*,#1365,.T.);
#1931=ORIENTED_EDGE('',*,*,#1240,.T.);
#1932=ORIENTED_EDGE('',*,*,#1366,.F.);
#1933=ORIENTED_EDGE('',*,*,#1315,.F.);
#1934=ORIENTED_EDGE('',*,*,#1364,.T.);
#1935=ORIENTED_EDGE('',*,*,#1241,.T.);
#1936=ORIENTED_EDGE('',*,*,#1365,.F.);
#1937=ORIENTED_EDGE('',*,*,#1314,.F.);
#1938=ORIENTED_EDGE('',*,*,#1366,.T.);
#1939=ORIENTED_EDGE('',*,*,#1243,.T.);
#1940=ORIENTED_EDGE('',*,*,#1363,.F.);
#1941=ORIENTED_EDGE('',*,*,#1316,.F.);
#1942=ORIENTED_EDGE('',*,*,#1367,.T.);
#1943=ORIENTED_EDGE('',*,*,#1252,.T.);
#1944=ORIENTED_EDGE('',*,*,#1368,.F.);
#1945=ORIENTED_EDGE('',*,*,#1312,.F.);
#1946=ORIENTED_EDGE('',*,*,#1369,.T.);
#1947=ORIENTED_EDGE('',*,*,#1250,.T.);
#1948=ORIENTED_EDGE('',*,*,#1370,.F.);
#1949=ORIENTED_EDGE('',*,*,#1310,.F.);
#1950=ORIENTED_EDGE('',*,*,#1368,.T.);
#1951=ORIENTED_EDGE('',*,*,#1251,.T.);
#1952=ORIENTED_EDGE('',*,*,#1369,.F.);
#1953=ORIENTED_EDGE('',*,*,#1309,.F.);
#1954=ORIENTED_EDGE('',*,*,#1370,.T.);
#1955=ORIENTED_EDGE('',*,*,#1253,.T.);
#1956=ORIENTED_EDGE('',*,*,#1367,.F.);
#1957=ORIENTED_EDGE('',*,*,#1311,.F.);
#1958=ORIENTED_EDGE('',*,*,#1371,.T.);
#1959=ORIENTED_EDGE('',*,*,#1262,.T.);
#1960=ORIENTED_EDGE('',*,*,#1372,.F.);
#1961=ORIENTED_EDGE('',*,*,#1307,.F.);
#1962=ORIENTED_EDGE('',*,*,#1373,.T.);
#1963=ORIENTED_EDGE('',*,*,#1260,.T.);
#1964=ORIENTED_EDGE('',*,*,#1374,.F.);
#1965=ORIENTED_EDGE('',*,*,#1305,.F.);
#1966=ORIENTED_EDGE('',*,*,#1372,.T.);
#1967=ORIENTED_EDGE('',*,*,#1261,.T.);
#1968=ORIENTED_EDGE('',*,*,#1373,.F.);
#1969=ORIENTED_EDGE('',*,*,#1304,.F.);
#1970=ORIENTED_EDGE('',*,*,#1374,.T.);
#1971=ORIENTED_EDGE('',*,*,#1263,.T.);
#1972=ORIENTED_EDGE('',*,*,#1371,.F.);
#1973=ORIENTED_EDGE('',*,*,#1306,.F.);
#1974=ORIENTED_EDGE('',*,*,#1375,.T.);
#1975=ORIENTED_EDGE('',*,*,#1272,.T.);
#1976=ORIENTED_EDGE('',*,*,#1376,.F.);
#1977=ORIENTED_EDGE('',*,*,#1302,.F.);
#1978=ORIENTED_EDGE('',*,*,#1377,.T.);
#1979=ORIENTED_EDGE('',*,*,#1270,.T.);
#1980=ORIENTED_EDGE('',*,*,#1378,.F.);
#1981=ORIENTED_EDGE('',*,*,#1300,.F.);
#1982=ORIENTED_EDGE('',*,*,#1376,.T.);
#1983=ORIENTED_EDGE('',*,*,#1271,.T.);
#1984=ORIENTED_EDGE('',*,*,#1377,.F.);
#1985=ORIENTED_EDGE('',*,*,#1299,.F.);
#1986=ORIENTED_EDGE('',*,*,#1378,.T.);
#1987=ORIENTED_EDGE('',*,*,#1273,.T.);
#1988=ORIENTED_EDGE('',*,*,#1375,.F.);
#1989=ORIENTED_EDGE('',*,*,#1301,.F.);
#1990=ORIENTED_EDGE('',*,*,#1195,.T.);
#1991=ORIENTED_EDGE('',*,*,#1379,.T.);
#1992=ORIENTED_EDGE('',*,*,#1380,.F.);
#1993=ORIENTED_EDGE('',*,*,#1381,.T.);
#1994=ORIENTED_EDGE('',*,*,#1382,.F.);
#1995=ORIENTED_EDGE('',*,*,#1383,.F.);
#1996=ORIENTED_EDGE('',*,*,#1191,.T.);
#1997=ORIENTED_EDGE('',*,*,#1384,.T.);
#1998=ORIENTED_EDGE('',*,*,#1385,.F.);
#1999=ORIENTED_EDGE('',*,*,#1386,.T.);
#2000=ORIENTED_EDGE('',*,*,#1387,.F.);
#2001=ORIENTED_EDGE('',*,*,#1388,.F.);
#2002=ORIENTED_EDGE('',*,*,#1207,.T.);
#2003=ORIENTED_EDGE('',*,*,#1389,.T.);
#2004=ORIENTED_EDGE('',*,*,#1390,.F.);
#2005=ORIENTED_EDGE('',*,*,#1391,.T.);
#2006=ORIENTED_EDGE('',*,*,#1392,.F.);
#2007=ORIENTED_EDGE('',*,*,#1393,.F.);
#2008=ORIENTED_EDGE('',*,*,#1203,.T.);
#2009=ORIENTED_EDGE('',*,*,#1394,.T.);
#2010=ORIENTED_EDGE('',*,*,#1395,.F.);
#2011=ORIENTED_EDGE('',*,*,#1396,.T.);
#2012=ORIENTED_EDGE('',*,*,#1397,.F.);
#2013=ORIENTED_EDGE('',*,*,#1398,.F.);
#2014=ORIENTED_EDGE('',*,*,#1199,.T.);
#2015=ORIENTED_EDGE('',*,*,#1399,.T.);
#2016=ORIENTED_EDGE('',*,*,#1400,.F.);
#2017=ORIENTED_EDGE('',*,*,#1401,.T.);
#2018=ORIENTED_EDGE('',*,*,#1402,.F.);
#2019=ORIENTED_EDGE('',*,*,#1403,.F.);
#2020=ORIENTED_EDGE('',*,*,#1404,.T.);
#2021=ORIENTED_EDGE('',*,*,#1405,.T.);
#2022=ORIENTED_EDGE('',*,*,#1100,.F.);
#2023=ORIENTED_EDGE('',*,*,#1274,.F.);
#2024=ORIENTED_EDGE('',*,*,#1219,.T.);
#2025=ORIENTED_EDGE('',*,*,#1328,.T.);
#2026=ORIENTED_EDGE('',*,*,#1109,.F.);
#2027=ORIENTED_EDGE('',*,*,#1106,.F.);
#2028=ORIENTED_EDGE('',*,*,#1279,.F.);
#2029=ORIENTED_EDGE('',*,*,#1213,.T.);
#2030=ORIENTED_EDGE('',*,*,#1333,.T.);
#2031=ORIENTED_EDGE('',*,*,#1098,.F.);
#2032=ORIENTED_EDGE('',*,*,#1284,.F.);
#2033=ORIENTED_EDGE('',*,*,#1211,.T.);
#2034=ORIENTED_EDGE('',*,*,#1338,.T.);
#2035=ORIENTED_EDGE('',*,*,#1094,.F.);
#2036=ORIENTED_EDGE('',*,*,#1269,.F.);
#2037=ORIENTED_EDGE('',*,*,#1217,.T.);
#2038=ORIENTED_EDGE('',*,*,#1289,.T.);
#2039=ORIENTED_EDGE('',*,*,#1090,.F.);
#2040=ORIENTED_EDGE('',*,*,#1259,.F.);
#2041=ORIENTED_EDGE('',*,*,#1223,.T.);
#2042=ORIENTED_EDGE('',*,*,#1298,.T.);
#2043=ORIENTED_EDGE('',*,*,#1127,.F.);
#2044=ORIENTED_EDGE('',*,*,#1249,.F.);
#2045=ORIENTED_EDGE('',*,*,#1229,.T.);
#2046=ORIENTED_EDGE('',*,*,#1303,.T.);
#2047=ORIENTED_EDGE('',*,*,#1086,.F.);
#2048=ORIENTED_EDGE('',*,*,#1125,.F.);
#2049=ORIENTED_EDGE('',*,*,#1239,.F.);
#2050=ORIENTED_EDGE('',*,*,#1235,.T.);
#2051=ORIENTED_EDGE('',*,*,#1308,.T.);
#2052=ORIENTED_EDGE('',*,*,#1121,.F.);
#2053=ORIENTED_EDGE('',*,*,#1244,.F.);
#2054=ORIENTED_EDGE('',*,*,#1237,.T.);
#2055=ORIENTED_EDGE('',*,*,#1313,.T.);
#2056=ORIENTED_EDGE('',*,*,#1117,.F.);
#2057=ORIENTED_EDGE('',*,*,#1254,.F.);
#2058=ORIENTED_EDGE('',*,*,#1231,.T.);
#2059=ORIENTED_EDGE('',*,*,#1318,.T.);
#2060=ORIENTED_EDGE('',*,*,#1129,.T.);
#2061=ORIENTED_EDGE('',*,*,#1145,.T.);
#2062=ORIENTED_EDGE('',*,*,#1142,.T.);
#2063=ORIENTED_EDGE('',*,*,#1139,.T.);
#2064=ORIENTED_EDGE('',*,*,#1136,.T.);
#2065=ORIENTED_EDGE('',*,*,#1133,.T.);
#2066=ORIENTED_EDGE('',*,*,#1323,.T.);
#2067=ORIENTED_EDGE('',*,*,#1113,.F.);
#2068=ORIENTED_EDGE('',*,*,#1264,.F.);
#2069=ORIENTED_EDGE('',*,*,#1225,.T.);
#2070=ORIENTED_EDGE('',*,*,#1405,.F.);
#2071=ORIENTED_EDGE('',*,*,#1406,.T.);
#2072=ORIENTED_EDGE('',*,*,#1407,.T.);
#2073=ORIENTED_EDGE('',*,*,#1408,.T.);
#2074=ORIENTED_EDGE('',*,*,#1409,.T.);
#2075=ORIENTED_EDGE('',*,*,#1408,.F.);
#2076=ORIENTED_EDGE('',*,*,#1410,.T.);
#2077=ORIENTED_EDGE('',*,*,#1411,.T.);
#2078=ORIENTED_EDGE('',*,*,#1387,.T.);
#2079=ORIENTED_EDGE('',*,*,#1412,.T.);
#2080=ORIENTED_EDGE('',*,*,#1407,.F.);
#2081=ORIENTED_EDGE('',*,*,#1413,.F.);
#2082=ORIENTED_EDGE('',*,*,#1414,.F.);
#2083=ORIENTED_EDGE('',*,*,#1193,.F.);
#2084=ORIENTED_EDGE('',*,*,#1415,.T.);
#2085=ORIENTED_EDGE('',*,*,#1410,.F.);
#2086=ORIENTED_EDGE('',*,*,#1406,.F.);
#2087=ORIENTED_EDGE('',*,*,#1416,.T.);
#2088=ORIENTED_EDGE('',*,*,#1380,.T.);
#2089=ORIENTED_EDGE('',*,*,#1417,.T.);
#2090=ORIENTED_EDGE('',*,*,#1413,.T.);
#2091=ORIENTED_EDGE('',*,*,#1411,.F.);
#2092=ORIENTED_EDGE('',*,*,#1415,.F.);
#2093=ORIENTED_EDGE('',*,*,#1192,.F.);
#2094=ORIENTED_EDGE('',*,*,#1388,.T.);
#2095=ORIENTED_EDGE('',*,*,#1417,.F.);
#2096=ORIENTED_EDGE('',*,*,#1379,.F.);
#2097=ORIENTED_EDGE('',*,*,#1194,.F.);
#2098=ORIENTED_EDGE('',*,*,#1414,.T.);
#2099=ORIENTED_EDGE('',*,*,#1418,.T.);
#2100=ORIENTED_EDGE('',*,*,#1419,.T.);
#2101=ORIENTED_EDGE('',*,*,#1420,.T.);
#2102=ORIENTED_EDGE('',*,*,#1421,.T.);
#2103=ORIENTED_EDGE('',*,*,#1420,.F.);
#2104=ORIENTED_EDGE('',*,*,#1422,.T.);
#2105=ORIENTED_EDGE('',*,*,#1423,.T.);
#2106=ORIENTED_EDGE('',*,*,#1397,.T.);
#2107=ORIENTED_EDGE('',*,*,#1424,.T.);
#2108=ORIENTED_EDGE('',*,*,#1419,.F.);
#2109=ORIENTED_EDGE('',*,*,#1425,.F.);
#2110=ORIENTED_EDGE('',*,*,#1426,.F.);
#2111=ORIENTED_EDGE('',*,*,#1205,.F.);
#2112=ORIENTED_EDGE('',*,*,#1427,.T.);
#2113=ORIENTED_EDGE('',*,*,#1422,.F.);
#2114=ORIENTED_EDGE('',*,*,#1418,.F.);
#2115=ORIENTED_EDGE('',*,*,#1428,.T.);
#2116=ORIENTED_EDGE('',*,*,#1390,.T.);
#2117=ORIENTED_EDGE('',*,*,#1429,.T.);
#2118=ORIENTED_EDGE('',*,*,#1425,.T.);
#2119=ORIENTED_EDGE('',*,*,#1423,.F.);
#2120=ORIENTED_EDGE('',*,*,#1427,.F.);
#2121=ORIENTED_EDGE('',*,*,#1204,.F.);
#2122=ORIENTED_EDGE('',*,*,#1398,.T.);
#2123=ORIENTED_EDGE('',*,*,#1429,.F.);
#2124=ORIENTED_EDGE('',*,*,#1389,.F.);
#2125=ORIENTED_EDGE('',*,*,#1206,.F.);
#2126=ORIENTED_EDGE('',*,*,#1426,.T.);
#2127=ORIENTED_EDGE('',*,*,#1430,.T.);
#2128=ORIENTED_EDGE('',*,*,#1431,.T.);
#2129=ORIENTED_EDGE('',*,*,#1432,.T.);
#2130=ORIENTED_EDGE('',*,*,#1433,.T.);
#2131=ORIENTED_EDGE('',*,*,#1432,.F.);
#2132=ORIENTED_EDGE('',*,*,#1434,.T.);
#2133=ORIENTED_EDGE('',*,*,#1435,.T.);
#2134=ORIENTED_EDGE('',*,*,#1382,.T.);
#2135=ORIENTED_EDGE('',*,*,#1436,.T.);
#2136=ORIENTED_EDGE('',*,*,#1431,.F.);
#2137=ORIENTED_EDGE('',*,*,#1437,.F.);
#2138=ORIENTED_EDGE('',*,*,#1438,.F.);
#2139=ORIENTED_EDGE('',*,*,#1197,.F.);
#2140=ORIENTED_EDGE('',*,*,#1439,.T.);
#2141=ORIENTED_EDGE('',*,*,#1434,.F.);
#2142=ORIENTED_EDGE('',*,*,#1430,.F.);
#2143=ORIENTED_EDGE('',*,*,#1440,.T.);
#2144=ORIENTED_EDGE('',*,*,#1400,.T.);
#2145=ORIENTED_EDGE('',*,*,#1441,.T.);
#2146=ORIENTED_EDGE('',*,*,#1437,.T.);
#2147=ORIENTED_EDGE('',*,*,#1435,.F.);
#2148=ORIENTED_EDGE('',*,*,#1439,.F.);
#2149=ORIENTED_EDGE('',*,*,#1196,.F.);
#2150=ORIENTED_EDGE('',*,*,#1383,.T.);
#2151=ORIENTED_EDGE('',*,*,#1441,.F.);
#2152=ORIENTED_EDGE('',*,*,#1399,.F.);
#2153=ORIENTED_EDGE('',*,*,#1198,.F.);
#2154=ORIENTED_EDGE('',*,*,#1438,.T.);
#2155=ORIENTED_EDGE('',*,*,#1442,.T.);
#2156=ORIENTED_EDGE('',*,*,#1443,.T.);
#2157=ORIENTED_EDGE('',*,*,#1444,.T.);
#2158=ORIENTED_EDGE('',*,*,#1445,.T.);
#2159=ORIENTED_EDGE('',*,*,#1444,.F.);
#2160=ORIENTED_EDGE('',*,*,#1446,.T.);
#2161=ORIENTED_EDGE('',*,*,#1447,.T.);
#2162=ORIENTED_EDGE('',*,*,#1402,.T.);
#2163=ORIENTED_EDGE('',*,*,#1448,.T.);
#2164=ORIENTED_EDGE('',*,*,#1443,.F.);
#2165=ORIENTED_EDGE('',*,*,#1449,.F.);
#2166=ORIENTED_EDGE('',*,*,#1450,.F.);
#2167=ORIENTED_EDGE('',*,*,#1201,.F.);
#2168=ORIENTED_EDGE('',*,*,#1451,.T.);
#2169=ORIENTED_EDGE('',*,*,#1446,.F.);
#2170=ORIENTED_EDGE('',*,*,#1442,.F.);
#2171=ORIENTED_EDGE('',*,*,#1452,.T.);
#2172=ORIENTED_EDGE('',*,*,#1395,.T.);
#2173=ORIENTED_EDGE('',*,*,#1453,.T.);
#2174=ORIENTED_EDGE('',*,*,#1449,.T.);
#2175=ORIENTED_EDGE('',*,*,#1447,.F.);
#2176=ORIENTED_EDGE('',*,*,#1451,.F.);
#2177=ORIENTED_EDGE('',*,*,#1200,.F.);
#2178=ORIENTED_EDGE('',*,*,#1403,.T.);
#2179=ORIENTED_EDGE('',*,*,#1453,.F.);
#2180=ORIENTED_EDGE('',*,*,#1394,.F.);
#2181=ORIENTED_EDGE('',*,*,#1202,.F.);
#2182=ORIENTED_EDGE('',*,*,#1450,.T.);
#2183=ORIENTED_EDGE('',*,*,#1454,.T.);
#2184=ORIENTED_EDGE('',*,*,#1455,.T.);
#2185=ORIENTED_EDGE('',*,*,#1456,.T.);
#2186=ORIENTED_EDGE('',*,*,#1457,.T.);
#2187=ORIENTED_EDGE('',*,*,#1404,.F.);
#2188=ORIENTED_EDGE('',*,*,#1457,.F.);
#2189=ORIENTED_EDGE('',*,*,#1458,.F.);
#2190=ORIENTED_EDGE('',*,*,#1391,.F.);
#2191=ORIENTED_EDGE('',*,*,#1428,.F.);
#2192=ORIENTED_EDGE('',*,*,#1421,.F.);
#2193=ORIENTED_EDGE('',*,*,#1424,.F.);
#2194=ORIENTED_EDGE('',*,*,#1396,.F.);
#2195=ORIENTED_EDGE('',*,*,#1452,.F.);
#2196=ORIENTED_EDGE('',*,*,#1445,.F.);
#2197=ORIENTED_EDGE('',*,*,#1448,.F.);
#2198=ORIENTED_EDGE('',*,*,#1401,.F.);
#2199=ORIENTED_EDGE('',*,*,#1440,.F.);
#2200=ORIENTED_EDGE('',*,*,#1433,.F.);
#2201=ORIENTED_EDGE('',*,*,#1436,.F.);
#2202=ORIENTED_EDGE('',*,*,#1381,.F.);
#2203=ORIENTED_EDGE('',*,*,#1416,.F.);
#2204=ORIENTED_EDGE('',*,*,#1409,.F.);
#2205=ORIENTED_EDGE('',*,*,#1412,.F.);
#2206=ORIENTED_EDGE('',*,*,#1386,.F.);
#2207=ORIENTED_EDGE('',*,*,#1459,.F.);
#2208=ORIENTED_EDGE('',*,*,#1456,.F.);
#2209=ORIENTED_EDGE('',*,*,#1460,.T.);
#2210=ORIENTED_EDGE('',*,*,#1461,.T.);
#2211=ORIENTED_EDGE('',*,*,#1392,.T.);
#2212=ORIENTED_EDGE('',*,*,#1458,.T.);
#2213=ORIENTED_EDGE('',*,*,#1455,.F.);
#2214=ORIENTED_EDGE('',*,*,#1462,.F.);
#2215=ORIENTED_EDGE('',*,*,#1463,.F.);
#2216=ORIENTED_EDGE('',*,*,#1189,.F.);
#2217=ORIENTED_EDGE('',*,*,#1464,.T.);
#2218=ORIENTED_EDGE('',*,*,#1460,.F.);
#2219=ORIENTED_EDGE('',*,*,#1454,.F.);
#2220=ORIENTED_EDGE('',*,*,#1459,.T.);
#2221=ORIENTED_EDGE('',*,*,#1385,.T.);
#2222=ORIENTED_EDGE('',*,*,#1465,.T.);
#2223=ORIENTED_EDGE('',*,*,#1462,.T.);
#2224=ORIENTED_EDGE('',*,*,#1461,.F.);
#2225=ORIENTED_EDGE('',*,*,#1464,.F.);
#2226=ORIENTED_EDGE('',*,*,#1208,.F.);
#2227=ORIENTED_EDGE('',*,*,#1393,.T.);
#2228=ORIENTED_EDGE('',*,*,#1465,.F.);
#2229=ORIENTED_EDGE('',*,*,#1384,.F.);
#2230=ORIENTED_EDGE('',*,*,#1190,.F.);
#2231=ORIENTED_EDGE('',*,*,#1463,.T.);
#2232=EDGE_LOOP('',(#1466,#1467,#1468,#1469));
#2233=EDGE_LOOP('',(#1470,#1471,#1472,#1473));
#2234=EDGE_LOOP('',(#1474,#1475,#1476,#1477));
#2235=EDGE_LOOP('',(#1478,#1479,#1480,#1481));
#2236=EDGE_LOOP('',(#1482,#1483,#1484,#1485));
#2237=EDGE_LOOP('',(#1486,#1487,#1488,#1489));
#2238=EDGE_LOOP('',(#1490,#1491,#1492,#1493));
#2239=EDGE_LOOP('',(#1494,#1495,#1496,#1497));
#2240=EDGE_LOOP('',(#1498,#1499,#1500,#1501));
#2241=EDGE_LOOP('',(#1502,#1503,#1504,#1505));
#2242=EDGE_LOOP('',(#1506,#1507,#1508,#1509));
#2243=EDGE_LOOP('',(#1510,#1511,#1512,#1513));
#2244=EDGE_LOOP('',(#1514,#1515,#1516,#1517));
#2245=EDGE_LOOP('',(#1518,#1519,#1520,#1521));
#2246=EDGE_LOOP('',(#1522,#1523,#1524,#1525));
#2247=EDGE_LOOP('',(#1526,#1527,#1528,#1529));
#2248=EDGE_LOOP('',(#1530,#1531,#1532,#1533));
#2249=EDGE_LOOP('',(#1534,#1535,#1536,#1537));
#2250=EDGE_LOOP('',(#1538,#1539,#1540,#1541));
#2251=EDGE_LOOP('',(#1542,#1543,#1544,#1545));
#2252=EDGE_LOOP('',(#1546,#1547,#1548,#1549,#1550,#1551));
#2253=EDGE_LOOP('',(#1552,#1553));
#2254=EDGE_LOOP('',(#1554,#1555));
#2255=EDGE_LOOP('',(#1556,#1557));
#2256=EDGE_LOOP('',(#1558,#1559,#1560,#1561));
#2257=EDGE_LOOP('',(#1562,#1563,#1564,#1565));
#2258=EDGE_LOOP('',(#1566,#1567,#1568,#1569));
#2259=EDGE_LOOP('',(#1570,#1571,#1572,#1573));
#2260=EDGE_LOOP('',(#1574,#1575,#1576,#1577));
#2261=EDGE_LOOP('',(#1578,#1579,#1580,#1581));
#2262=EDGE_LOOP('',(#1582,#1583,#1584,#1585,#1586));
#2263=EDGE_LOOP('',(#1587,#1588,#1589,#1590));
#2264=EDGE_LOOP('',(#1591,#1592,#1593,#1594));
#2265=EDGE_LOOP('',(#1595,#1596,#1597,#1598));
#2266=EDGE_LOOP('',(#1599,#1600,#1601,#1602));
#2267=EDGE_LOOP('',(#1603,#1604));
#2268=EDGE_LOOP('',(#1605,#1606,#1607,#1608,#1609));
#2269=EDGE_LOOP('',(#1610,#1611,#1612,#1613,#1614,#1615,#1616,#1617,#1618,
#1619,#1620,#1621,#1622,#1623,#1624,#1625,#1626,#1627,#1628,#1629));
#2270=EDGE_LOOP('',(#1630,#1631,#1632,#1633));
#2271=EDGE_LOOP('',(#1634,#1635,#1636,#1637));
#2272=EDGE_LOOP('',(#1638,#1639,#1640,#1641));
#2273=EDGE_LOOP('',(#1642,#1643,#1644,#1645));
#2274=EDGE_LOOP('',(#1646,#1647,#1648,#1649));
#2275=EDGE_LOOP('',(#1650,#1651,#1652,#1653));
#2276=EDGE_LOOP('',(#1654,#1655,#1656,#1657));
#2277=EDGE_LOOP('',(#1658,#1659,#1660,#1661));
#2278=EDGE_LOOP('',(#1662,#1663,#1664,#1665));
#2279=EDGE_LOOP('',(#1666,#1667,#1668,#1669));
#2280=EDGE_LOOP('',(#1670,#1671,#1672,#1673));
#2281=EDGE_LOOP('',(#1674,#1675,#1676,#1677));
#2282=EDGE_LOOP('',(#1678,#1679,#1680,#1681));
#2283=EDGE_LOOP('',(#1682,#1683,#1684,#1685));
#2284=EDGE_LOOP('',(#1686,#1687,#1688,#1689));
#2285=EDGE_LOOP('',(#1690,#1691,#1692,#1693));
#2286=EDGE_LOOP('',(#1694,#1695,#1696,#1697));
#2287=EDGE_LOOP('',(#1698,#1699,#1700,#1701));
#2288=EDGE_LOOP('',(#1702,#1703,#1704,#1705));
#2289=EDGE_LOOP('',(#1706,#1707,#1708,#1709));
#2290=EDGE_LOOP('',(#1710,#1711,#1712,#1713));
#2291=EDGE_LOOP('',(#1714,#1715,#1716,#1717));
#2292=EDGE_LOOP('',(#1718,#1719,#1720,#1721));
#2293=EDGE_LOOP('',(#1722,#1723,#1724,#1725));
#2294=EDGE_LOOP('',(#1726,#1727,#1728,#1729));
#2295=EDGE_LOOP('',(#1730,#1731,#1732,#1733));
#2296=EDGE_LOOP('',(#1734,#1735,#1736,#1737));
#2297=EDGE_LOOP('',(#1738,#1739,#1740,#1741));
#2298=EDGE_LOOP('',(#1742,#1743,#1744,#1745));
#2299=EDGE_LOOP('',(#1746,#1747,#1748,#1749));
#2300=EDGE_LOOP('',(#1750,#1751,#1752,#1753));
#2301=EDGE_LOOP('',(#1754,#1755,#1756,#1757));
#2302=EDGE_LOOP('',(#1758,#1759,#1760,#1761));
#2303=EDGE_LOOP('',(#1762,#1763,#1764,#1765));
#2304=EDGE_LOOP('',(#1766,#1767,#1768,#1769));
#2305=EDGE_LOOP('',(#1770,#1771,#1772,#1773));
#2306=EDGE_LOOP('',(#1774,#1775,#1776,#1777));
#2307=EDGE_LOOP('',(#1778,#1779,#1780,#1781));
#2308=EDGE_LOOP('',(#1782,#1783,#1784,#1785));
#2309=EDGE_LOOP('',(#1786,#1787,#1788,#1789));
#2310=EDGE_LOOP('',(#1790,#1791,#1792,#1793));
#2311=EDGE_LOOP('',(#1794,#1795,#1796,#1797));
#2312=EDGE_LOOP('',(#1798,#1799,#1800,#1801));
#2313=EDGE_LOOP('',(#1802,#1803,#1804,#1805));
#2314=EDGE_LOOP('',(#1806,#1807,#1808,#1809));
#2315=EDGE_LOOP('',(#1810,#1811,#1812,#1813));
#2316=EDGE_LOOP('',(#1814,#1815,#1816,#1817));
#2317=EDGE_LOOP('',(#1818,#1819,#1820,#1821));
#2318=EDGE_LOOP('',(#1822,#1823,#1824,#1825));
#2319=EDGE_LOOP('',(#1826,#1827,#1828,#1829));
#2320=EDGE_LOOP('',(#1830,#1831,#1832,#1833));
#2321=EDGE_LOOP('',(#1834,#1835,#1836,#1837));
#2322=EDGE_LOOP('',(#1838,#1839,#1840,#1841));
#2323=EDGE_LOOP('',(#1842,#1843,#1844,#1845));
#2324=EDGE_LOOP('',(#1846,#1847,#1848,#1849));
#2325=EDGE_LOOP('',(#1850,#1851,#1852,#1853));
#2326=EDGE_LOOP('',(#1854,#1855,#1856,#1857));
#2327=EDGE_LOOP('',(#1858,#1859,#1860,#1861));
#2328=EDGE_LOOP('',(#1862,#1863,#1864,#1865));
#2329=EDGE_LOOP('',(#1866,#1867,#1868,#1869));
#2330=EDGE_LOOP('',(#1870,#1871,#1872,#1873));
#2331=EDGE_LOOP('',(#1874,#1875,#1876,#1877));
#2332=EDGE_LOOP('',(#1878,#1879,#1880,#1881));
#2333=EDGE_LOOP('',(#1882,#1883,#1884,#1885));
#2334=EDGE_LOOP('',(#1886,#1887,#1888,#1889));
#2335=EDGE_LOOP('',(#1890,#1891,#1892,#1893));
#2336=EDGE_LOOP('',(#1894,#1895,#1896,#1897));
#2337=EDGE_LOOP('',(#1898,#1899,#1900,#1901));
#2338=EDGE_LOOP('',(#1902,#1903,#1904,#1905));
#2339=EDGE_LOOP('',(#1906,#1907,#1908,#1909));
#2340=EDGE_LOOP('',(#1910,#1911,#1912,#1913));
#2341=EDGE_LOOP('',(#1914,#1915,#1916,#1917));
#2342=EDGE_LOOP('',(#1918,#1919,#1920,#1921));
#2343=EDGE_LOOP('',(#1922,#1923,#1924,#1925));
#2344=EDGE_LOOP('',(#1926,#1927,#1928,#1929));
#2345=EDGE_LOOP('',(#1930,#1931,#1932,#1933));
#2346=EDGE_LOOP('',(#1934,#1935,#1936,#1937));
#2347=EDGE_LOOP('',(#1938,#1939,#1940,#1941));
#2348=EDGE_LOOP('',(#1942,#1943,#1944,#1945));
#2349=EDGE_LOOP('',(#1946,#1947,#1948,#1949));
#2350=EDGE_LOOP('',(#1950,#1951,#1952,#1953));
#2351=EDGE_LOOP('',(#1954,#1955,#1956,#1957));
#2352=EDGE_LOOP('',(#1958,#1959,#1960,#1961));
#2353=EDGE_LOOP('',(#1962,#1963,#1964,#1965));
#2354=EDGE_LOOP('',(#1966,#1967,#1968,#1969));
#2355=EDGE_LOOP('',(#1970,#1971,#1972,#1973));
#2356=EDGE_LOOP('',(#1974,#1975,#1976,#1977));
#2357=EDGE_LOOP('',(#1978,#1979,#1980,#1981));
#2358=EDGE_LOOP('',(#1982,#1983,#1984,#1985));
#2359=EDGE_LOOP('',(#1986,#1987,#1988,#1989));
#2360=EDGE_LOOP('',(#1990,#1991,#1992,#1993,#1994,#1995));
#2361=EDGE_LOOP('',(#1996,#1997,#1998,#1999,#2000,#2001));
#2362=EDGE_LOOP('',(#2002,#2003,#2004,#2005,#2006,#2007));
#2363=EDGE_LOOP('',(#2008,#2009,#2010,#2011,#2012,#2013));
#2364=EDGE_LOOP('',(#2014,#2015,#2016,#2017,#2018,#2019));
#2365=EDGE_LOOP('',(#2020));
#2366=EDGE_LOOP('',(#2021));
#2367=EDGE_LOOP('',(#2022,#2023,#2024,#2025,#2026));
#2368=EDGE_LOOP('',(#2027,#2028,#2029,#2030));
#2369=EDGE_LOOP('',(#2031,#2032,#2033,#2034));
#2370=EDGE_LOOP('',(#2035,#2036,#2037,#2038));
#2371=EDGE_LOOP('',(#2039,#2040,#2041,#2042));
#2372=EDGE_LOOP('',(#2043,#2044,#2045,#2046,#2047));
#2373=EDGE_LOOP('',(#2048,#2049,#2050,#2051));
#2374=EDGE_LOOP('',(#2052,#2053,#2054,#2055));
#2375=EDGE_LOOP('',(#2056,#2057,#2058,#2059));
#2376=EDGE_LOOP('',(#2060,#2061,#2062,#2063,#2064,#2065));
#2377=EDGE_LOOP('',(#2066,#2067,#2068,#2069));
#2378=EDGE_LOOP('',(#2070));
#2379=EDGE_LOOP('',(#2071,#2072,#2073,#2074));
#2380=EDGE_LOOP('',(#2075,#2076,#2077,#2078,#2079));
#2381=EDGE_LOOP('',(#2080,#2081,#2082,#2083,#2084,#2085));
#2382=EDGE_LOOP('',(#2086,#2087,#2088,#2089,#2090));
#2383=EDGE_LOOP('',(#2091,#2092,#2093,#2094));
#2384=EDGE_LOOP('',(#2095,#2096,#2097,#2098));
#2385=EDGE_LOOP('',(#2099,#2100,#2101,#2102));
#2386=EDGE_LOOP('',(#2103,#2104,#2105,#2106,#2107));
#2387=EDGE_LOOP('',(#2108,#2109,#2110,#2111,#2112,#2113));
#2388=EDGE_LOOP('',(#2114,#2115,#2116,#2117,#2118));
#2389=EDGE_LOOP('',(#2119,#2120,#2121,#2122));
#2390=EDGE_LOOP('',(#2123,#2124,#2125,#2126));
#2391=EDGE_LOOP('',(#2127,#2128,#2129,#2130));
#2392=EDGE_LOOP('',(#2131,#2132,#2133,#2134,#2135));
#2393=EDGE_LOOP('',(#2136,#2137,#2138,#2139,#2140,#2141));
#2394=EDGE_LOOP('',(#2142,#2143,#2144,#2145,#2146));
#2395=EDGE_LOOP('',(#2147,#2148,#2149,#2150));
#2396=EDGE_LOOP('',(#2151,#2152,#2153,#2154));
#2397=EDGE_LOOP('',(#2155,#2156,#2157,#2158));
#2398=EDGE_LOOP('',(#2159,#2160,#2161,#2162,#2163));
#2399=EDGE_LOOP('',(#2164,#2165,#2166,#2167,#2168,#2169));
#2400=EDGE_LOOP('',(#2170,#2171,#2172,#2173,#2174));
#2401=EDGE_LOOP('',(#2175,#2176,#2177,#2178));
#2402=EDGE_LOOP('',(#2179,#2180,#2181,#2182));
#2403=EDGE_LOOP('',(#2183,#2184,#2185,#2186));
#2404=EDGE_LOOP('',(#2187));
#2405=EDGE_LOOP('',(#2188,#2189,#2190,#2191,#2192,#2193,#2194,#2195,#2196,
#2197,#2198,#2199,#2200,#2201,#2202,#2203,#2204,#2205,#2206,#2207));
#2406=EDGE_LOOP('',(#2208,#2209,#2210,#2211,#2212));
#2407=EDGE_LOOP('',(#2213,#2214,#2215,#2216,#2217,#2218));
#2408=EDGE_LOOP('',(#2219,#2220,#2221,#2222,#2223));
#2409=EDGE_LOOP('',(#2224,#2225,#2226,#2227));
#2410=EDGE_LOOP('',(#2228,#2229,#2230,#2231));
#2411=FACE_BOUND('',#2232,.T.);
#2412=FACE_BOUND('',#2233,.T.);
#2413=FACE_BOUND('',#2234,.T.);
#2414=FACE_BOUND('',#2235,.T.);
#2415=FACE_BOUND('',#2236,.T.);
#2416=FACE_BOUND('',#2237,.T.);
#2417=FACE_BOUND('',#2238,.T.);
#2418=FACE_BOUND('',#2239,.T.);
#2419=FACE_BOUND('',#2240,.T.);
#2420=FACE_BOUND('',#2241,.T.);
#2421=FACE_BOUND('',#2242,.T.);
#2422=FACE_BOUND('',#2243,.T.);
#2423=FACE_BOUND('',#2244,.T.);
#2424=FACE_BOUND('',#2245,.T.);
#2425=FACE_BOUND('',#2246,.T.);
#2426=FACE_BOUND('',#2247,.T.);
#2427=FACE_BOUND('',#2248,.T.);
#2428=FACE_BOUND('',#2249,.T.);
#2429=FACE_BOUND('',#2250,.T.);
#2430=FACE_BOUND('',#2251,.T.);
#2431=FACE_BOUND('',#2252,.T.);
#2432=FACE_BOUND('',#2253,.T.);
#2433=FACE_BOUND('',#2254,.T.);
#2434=FACE_BOUND('',#2255,.T.);
#2435=FACE_BOUND('',#2256,.T.);
#2436=FACE_BOUND('',#2257,.T.);
#2437=FACE_BOUND('',#2258,.T.);
#2438=FACE_BOUND('',#2259,.T.);
#2439=FACE_BOUND('',#2260,.T.);
#2440=FACE_BOUND('',#2261,.T.);
#2441=FACE_BOUND('',#2262,.T.);
#2442=FACE_BOUND('',#2263,.T.);
#2443=FACE_BOUND('',#2264,.T.);
#2444=FACE_BOUND('',#2265,.T.);
#2445=FACE_BOUND('',#2266,.T.);
#2446=FACE_BOUND('',#2267,.T.);
#2447=FACE_BOUND('',#2268,.T.);
#2448=FACE_BOUND('',#2269,.T.);
#2449=FACE_BOUND('',#2270,.T.);
#2450=FACE_BOUND('',#2271,.T.);
#2451=FACE_BOUND('',#2272,.T.);
#2452=FACE_BOUND('',#2273,.T.);
#2453=FACE_BOUND('',#2274,.T.);
#2454=FACE_BOUND('',#2275,.T.);
#2455=FACE_BOUND('',#2276,.T.);
#2456=FACE_BOUND('',#2277,.T.);
#2457=FACE_BOUND('',#2278,.T.);
#2458=FACE_BOUND('',#2279,.T.);
#2459=FACE_BOUND('',#2280,.T.);
#2460=FACE_BOUND('',#2281,.T.);
#2461=FACE_BOUND('',#2282,.T.);
#2462=FACE_BOUND('',#2283,.T.);
#2463=FACE_BOUND('',#2284,.T.);
#2464=FACE_BOUND('',#2285,.T.);
#2465=FACE_BOUND('',#2286,.T.);
#2466=FACE_BOUND('',#2287,.T.);
#2467=FACE_BOUND('',#2288,.T.);
#2468=FACE_BOUND('',#2289,.T.);
#2469=FACE_BOUND('',#2290,.T.);
#2470=FACE_BOUND('',#2291,.T.);
#2471=FACE_BOUND('',#2292,.T.);
#2472=FACE_BOUND('',#2293,.T.);
#2473=FACE_BOUND('',#2294,.T.);
#2474=FACE_BOUND('',#2295,.T.);
#2475=FACE_BOUND('',#2296,.T.);
#2476=FACE_BOUND('',#2297,.T.);
#2477=FACE_BOUND('',#2298,.T.);
#2478=FACE_BOUND('',#2299,.T.);
#2479=FACE_BOUND('',#2300,.T.);
#2480=FACE_BOUND('',#2301,.T.);
#2481=FACE_BOUND('',#2302,.T.);
#2482=FACE_BOUND('',#2303,.T.);
#2483=FACE_BOUND('',#2304,.T.);
#2484=FACE_BOUND('',#2305,.T.);
#2485=FACE_BOUND('',#2306,.T.);
#2486=FACE_BOUND('',#2307,.T.);
#2487=FACE_BOUND('',#2308,.T.);
#2488=FACE_BOUND('',#2309,.T.);
#2489=FACE_BOUND('',#2310,.T.);
#2490=FACE_BOUND('',#2311,.T.);
#2491=FACE_BOUND('',#2312,.T.);
#2492=FACE_BOUND('',#2313,.T.);
#2493=FACE_BOUND('',#2314,.T.);
#2494=FACE_BOUND('',#2315,.T.);
#2495=FACE_BOUND('',#2316,.T.);
#2496=FACE_BOUND('',#2317,.T.);
#2497=FACE_BOUND('',#2318,.T.);
#2498=FACE_BOUND('',#2319,.T.);
#2499=FACE_BOUND('',#2320,.T.);
#2500=FACE_BOUND('',#2321,.T.);
#2501=FACE_BOUND('',#2322,.T.);
#2502=FACE_BOUND('',#2323,.T.);
#2503=FACE_BOUND('',#2324,.T.);
#2504=FACE_BOUND('',#2325,.T.);
#2505=FACE_BOUND('',#2326,.T.);
#2506=FACE_BOUND('',#2327,.T.);
#2507=FACE_BOUND('',#2328,.T.);
#2508=FACE_BOUND('',#2329,.T.);
#2509=FACE_BOUND('',#2330,.T.);
#2510=FACE_BOUND('',#2331,.T.);
#2511=FACE_BOUND('',#2332,.T.);
#2512=FACE_BOUND('',#2333,.T.);
#2513=FACE_BOUND('',#2334,.T.);
#2514=FACE_BOUND('',#2335,.T.);
#2515=FACE_BOUND('',#2336,.T.);
#2516=FACE_BOUND('',#2337,.T.);
#2517=FACE_BOUND('',#2338,.T.);
#2518=FACE_BOUND('',#2339,.T.);
#2519=FACE_BOUND('',#2340,.T.);
#2520=FACE_BOUND('',#2341,.T.);
#2521=FACE_BOUND('',#2342,.T.);
#2522=FACE_BOUND('',#2343,.T.);
#2523=FACE_BOUND('',#2344,.T.);
#2524=FACE_BOUND('',#2345,.T.);
#2525=FACE_BOUND('',#2346,.T.);
#2526=FACE_BOUND('',#2347,.T.);
#2527=FACE_BOUND('',#2348,.T.);
#2528=FACE_BOUND('',#2349,.T.);
#2529=FACE_BOUND('',#2350,.T.);
#2530=FACE_BOUND('',#2351,.T.);
#2531=FACE_BOUND('',#2352,.T.);
#2532=FACE_BOUND('',#2353,.T.);
#2533=FACE_BOUND('',#2354,.T.);
#2534=FACE_BOUND('',#2355,.T.);
#2535=FACE_BOUND('',#2356,.T.);
#2536=FACE_BOUND('',#2357,.T.);
#2537=FACE_BOUND('',#2358,.T.);
#2538=FACE_BOUND('',#2359,.T.);
#2539=FACE_BOUND('',#2360,.T.);
#2540=FACE_BOUND('',#2361,.T.);
#2541=FACE_BOUND('',#2362,.T.);
#2542=FACE_BOUND('',#2363,.T.);
#2543=FACE_BOUND('',#2364,.T.);
#2544=FACE_BOUND('',#2365,.T.);
#2545=FACE_BOUND('',#2366,.T.);
#2546=FACE_BOUND('',#2367,.T.);
#2547=FACE_BOUND('',#2368,.T.);
#2548=FACE_BOUND('',#2369,.T.);
#2549=FACE_BOUND('',#2370,.T.);
#2550=FACE_BOUND('',#2371,.T.);
#2551=FACE_BOUND('',#2372,.T.);
#2552=FACE_BOUND('',#2373,.T.);
#2553=FACE_BOUND('',#2374,.T.);
#2554=FACE_BOUND('',#2375,.T.);
#2555=FACE_BOUND('',#2376,.T.);
#2556=FACE_BOUND('',#2377,.T.);
#2557=FACE_BOUND('',#2378,.T.);
#2558=FACE_BOUND('',#2379,.T.);
#2559=FACE_BOUND('',#2380,.T.);
#2560=FACE_BOUND('',#2381,.T.);
#2561=FACE_BOUND('',#2382,.T.);
#2562=FACE_BOUND('',#2383,.T.);
#2563=FACE_BOUND('',#2384,.T.);
#2564=FACE_BOUND('',#2385,.T.);
#2565=FACE_BOUND('',#2386,.T.);
#2566=FACE_BOUND('',#2387,.T.);
#2567=FACE_BOUND('',#2388,.T.);
#2568=FACE_BOUND('',#2389,.T.);
#2569=FACE_BOUND('',#2390,.T.);
#2570=FACE_BOUND('',#2391,.T.);
#2571=FACE_BOUND('',#2392,.T.);
#2572=FACE_BOUND('',#2393,.T.);
#2573=FACE_BOUND('',#2394,.T.);
#2574=FACE_BOUND('',#2395,.T.);
#2575=FACE_BOUND('',#2396,.T.);
#2576=FACE_BOUND('',#2397,.T.);
#2577=FACE_BOUND('',#2398,.T.);
#2578=FACE_BOUND('',#2399,.T.);
#2579=FACE_BOUND('',#2400,.T.);
#2580=FACE_BOUND('',#2401,.T.);
#2581=FACE_BOUND('',#2402,.T.);
#2582=FACE_BOUND('',#2403,.T.);
#2583=FACE_BOUND('',#2404,.T.);
#2584=FACE_BOUND('',#2405,.T.);
#2585=FACE_BOUND('',#2406,.T.);
#2586=FACE_BOUND('',#2407,.T.);
#2587=FACE_BOUND('',#2408,.T.);
#2588=FACE_BOUND('',#2409,.T.);
#2589=FACE_BOUND('',#2410,.T.);
#2590=ADVANCED_FACE('',(#2411),#4218,.T.);
#2591=ADVANCED_FACE('',(#2412),#4218,.T.);
#2592=ADVANCED_FACE('',(#2413),#4218,.T.);
#2593=ADVANCED_FACE('',(#2414),#4218,.T.);
#2594=ADVANCED_FACE('',(#2415),#4218,.T.);
#2595=ADVANCED_FACE('',(#2416),#4218,.T.);
#2596=ADVANCED_FACE('',(#2417),#4219,.T.);
#2597=ADVANCED_FACE('',(#2418),#4219,.T.);
#2598=ADVANCED_FACE('',(#2419),#4219,.T.);
#2599=ADVANCED_FACE('',(#2420),#4219,.T.);
#2600=ADVANCED_FACE('',(#2421),#4219,.T.);
#2601=ADVANCED_FACE('',(#2422),#4219,.T.);
#2602=ADVANCED_FACE('',(#2423),#139,.F.);
#2603=ADVANCED_FACE('',(#2424),#140,.F.);
#2604=ADVANCED_FACE('',(#2425),#141,.F.);
#2605=ADVANCED_FACE('',(#2426),#142,.F.);
#2606=ADVANCED_FACE('',(#2427),#143,.F.);
#2607=ADVANCED_FACE('',(#2428),#144,.F.);
#2608=ADVANCED_FACE('',(#2429),#4220,.F.);
#2609=ADVANCED_FACE('',(#2430),#4221,.F.);
#2610=ADVANCED_FACE('',(#2431,#2432),#145,.T.);
#2611=ADVANCED_FACE('',(#2433,#2434),#146,.T.);
#2612=ADVANCED_FACE('',(#2435),#4222,.F.);
#2613=ADVANCED_FACE('',(#2436),#4223,.F.);
#2614=ADVANCED_FACE('',(#2437,#2438,#2439,#2440,#2441,#2442,#2443,#2444,
#2445,#2446,#2447,#2448),#147,.T.);
#2615=ADVANCED_FACE('',(#2449),#4224,.F.);
#2616=ADVANCED_FACE('',(#2450),#4225,.F.);
#2617=ADVANCED_FACE('',(#2451),#4226,.F.);
#2618=ADVANCED_FACE('',(#2452),#4227,.F.);
#2619=ADVANCED_FACE('',(#2453),#4228,.F.);
#2620=ADVANCED_FACE('',(#2454),#4229,.F.);
#2621=ADVANCED_FACE('',(#2455),#4230,.F.);
#2622=ADVANCED_FACE('',(#2456),#4231,.F.);
#2623=ADVANCED_FACE('',(#2457),#4232,.F.);
#2624=ADVANCED_FACE('',(#2458),#4233,.F.);
#2625=ADVANCED_FACE('',(#2459,#2460),#148,.F.);
#2626=ADVANCED_FACE('',(#2461,#2462),#149,.F.);
#2627=ADVANCED_FACE('',(#2463,#2464),#150,.F.);
#2628=ADVANCED_FACE('',(#2465,#2466),#151,.F.);
#2629=ADVANCED_FACE('',(#2467,#2468),#152,.F.);
#2630=ADVANCED_FACE('',(#2469,#2470),#153,.F.);
#2631=ADVANCED_FACE('',(#2471,#2472),#154,.F.);
#2632=ADVANCED_FACE('',(#2473,#2474),#155,.F.);
#2633=ADVANCED_FACE('',(#2475,#2476),#156,.F.);
#2634=ADVANCED_FACE('',(#2477,#2478),#157,.F.);
#2635=ADVANCED_FACE('',(#2479,#2480),#158,.T.);
#2636=ADVANCED_FACE('',(#2481),#159,.F.);
#2637=ADVANCED_FACE('',(#2482),#160,.F.);
#2638=ADVANCED_FACE('',(#2483),#161,.F.);
#2639=ADVANCED_FACE('',(#2484),#162,.F.);
#2640=ADVANCED_FACE('',(#2485,#2486),#163,.T.);
#2641=ADVANCED_FACE('',(#2487,#2488),#164,.T.);
#2642=ADVANCED_FACE('',(#2489,#2490),#165,.T.);
#2643=ADVANCED_FACE('',(#2491,#2492),#166,.T.);
#2644=ADVANCED_FACE('',(#2493,#2494),#167,.T.);
#2645=ADVANCED_FACE('',(#2495,#2496),#168,.T.);
#2646=ADVANCED_FACE('',(#2497,#2498),#169,.T.);
#2647=ADVANCED_FACE('',(#2499,#2500),#170,.T.);
#2648=ADVANCED_FACE('',(#2501,#2502),#171,.T.);
#2649=ADVANCED_FACE('',(#2503),#172,.F.);
#2650=ADVANCED_FACE('',(#2504),#173,.F.);
#2651=ADVANCED_FACE('',(#2505),#174,.F.);
#2652=ADVANCED_FACE('',(#2506),#175,.F.);
#2653=ADVANCED_FACE('',(#2507),#176,.F.);
#2654=ADVANCED_FACE('',(#2508),#177,.F.);
#2655=ADVANCED_FACE('',(#2509),#178,.F.);
#2656=ADVANCED_FACE('',(#2510),#179,.F.);
#2657=ADVANCED_FACE('',(#2511),#180,.F.);
#2658=ADVANCED_FACE('',(#2512),#181,.F.);
#2659=ADVANCED_FACE('',(#2513),#182,.F.);
#2660=ADVANCED_FACE('',(#2514),#183,.F.);
#2661=ADVANCED_FACE('',(#2515),#184,.F.);
#2662=ADVANCED_FACE('',(#2516),#185,.F.);
#2663=ADVANCED_FACE('',(#2517),#186,.F.);
#2664=ADVANCED_FACE('',(#2518),#187,.F.);
#2665=ADVANCED_FACE('',(#2519),#188,.F.);
#2666=ADVANCED_FACE('',(#2520),#189,.F.);
#2667=ADVANCED_FACE('',(#2521),#190,.F.);
#2668=ADVANCED_FACE('',(#2522),#191,.F.);
#2669=ADVANCED_FACE('',(#2523),#192,.F.);
#2670=ADVANCED_FACE('',(#2524),#193,.F.);
#2671=ADVANCED_FACE('',(#2525),#194,.F.);
#2672=ADVANCED_FACE('',(#2526),#195,.F.);
#2673=ADVANCED_FACE('',(#2527),#196,.F.);
#2674=ADVANCED_FACE('',(#2528),#197,.F.);
#2675=ADVANCED_FACE('',(#2529),#198,.F.);
#2676=ADVANCED_FACE('',(#2530),#199,.F.);
#2677=ADVANCED_FACE('',(#2531),#200,.F.);
#2678=ADVANCED_FACE('',(#2532),#201,.F.);
#2679=ADVANCED_FACE('',(#2533),#202,.F.);
#2680=ADVANCED_FACE('',(#2534),#203,.F.);
#2681=ADVANCED_FACE('',(#2535),#204,.F.);
#2682=ADVANCED_FACE('',(#2536),#205,.F.);
#2683=ADVANCED_FACE('',(#2537),#206,.F.);
#2684=ADVANCED_FACE('',(#2538),#207,.F.);
#2685=ADVANCED_FACE('',(#2539),#4234,.F.);
#2686=ADVANCED_FACE('',(#2540),#4234,.F.);
#2687=ADVANCED_FACE('',(#2541),#4234,.F.);
#2688=ADVANCED_FACE('',(#2542),#4234,.F.);
#2689=ADVANCED_FACE('',(#2543),#4234,.F.);
#2690=ADVANCED_FACE('',(#2544,#2545),#4235,.T.);
#2691=ADVANCED_FACE('',(#2546,#2547,#2548,#2549,#2550,#2551,#2552,#2553,
#2554,#2555,#2556,#2557),#208,.F.);
#2692=ADVANCED_FACE('',(#2558),#114,.F.);
#2693=ADVANCED_FACE('',(#2559),#209,.T.);
#2694=ADVANCED_FACE('',(#2560),#4236,.F.);
#2695=ADVANCED_FACE('',(#2561),#210,.T.);
#2696=ADVANCED_FACE('',(#2562),#211,.T.);
#2697=ADVANCED_FACE('',(#2563),#212,.T.);
#2698=ADVANCED_FACE('',(#2564),#115,.F.);
#2699=ADVANCED_FACE('',(#2565),#213,.T.);
#2700=ADVANCED_FACE('',(#2566),#4237,.F.);
#2701=ADVANCED_FACE('',(#2567),#214,.T.);
#2702=ADVANCED_FACE('',(#2568),#215,.T.);
#2703=ADVANCED_FACE('',(#2569),#216,.T.);
#2704=ADVANCED_FACE('',(#2570),#116,.F.);
#2705=ADVANCED_FACE('',(#2571),#217,.T.);
#2706=ADVANCED_FACE('',(#2572),#4238,.F.);
#2707=ADVANCED_FACE('',(#2573),#218,.T.);
#2708=ADVANCED_FACE('',(#2574),#219,.T.);
#2709=ADVANCED_FACE('',(#2575),#220,.T.);
#2710=ADVANCED_FACE('',(#2576),#117,.F.);
#2711=ADVANCED_FACE('',(#2577),#221,.T.);
#2712=ADVANCED_FACE('',(#2578),#4239,.F.);
#2713=ADVANCED_FACE('',(#2579),#222,.T.);
#2714=ADVANCED_FACE('',(#2580),#223,.T.);
#2715=ADVANCED_FACE('',(#2581),#224,.T.);
#2716=ADVANCED_FACE('',(#2582),#118,.F.);
#2717=ADVANCED_FACE('',(#2583,#2584),#225,.T.);
#2718=ADVANCED_FACE('',(#2585),#226,.T.);
#2719=ADVANCED_FACE('',(#2586),#4240,.F.);
#2720=ADVANCED_FACE('',(#2587),#227,.T.);
#2721=ADVANCED_FACE('',(#2588),#228,.T.);
#2722=ADVANCED_FACE('',(#2589),#229,.T.);
#2723=AXIS2_PLACEMENT_3D('',#3470,#2911,#2912);
#2724=AXIS2_PLACEMENT_3D('',#3474,#2914,#2915);
#2725=AXIS2_PLACEMENT_3D('',#3478,#2917,#2918);
#2726=AXIS2_PLACEMENT_3D('',#3509,#2929,#2930);
#2727=AXIS2_PLACEMENT_3D('',#3540,#2941,$);
#2728=AXIS2_PLACEMENT_3D('',#3549,#2946,$);
#2729=AXIS2_PLACEMENT_3D('',#3555,#2950,$);
#2730=AXIS2_PLACEMENT_3D('',#3561,#2954,$);
#2731=AXIS2_PLACEMENT_3D('',#3567,#2958,$);
#2732=AXIS2_PLACEMENT_3D('',#3573,#2962,$);
#2733=AXIS2_PLACEMENT_3D('',#3576,#2965,#2966);
#2734=AXIS2_PLACEMENT_3D('',#3580,#2968,#2969);
#2735=AXIS2_PLACEMENT_3D('',#3584,#2971,#2972);
#2736=AXIS2_PLACEMENT_3D('',#3585,#2973,#2974);
#2737=AXIS2_PLACEMENT_3D('',#3589,#2976,#2977);
#2738=AXIS2_PLACEMENT_3D('',#3593,#2979,#2980);
#2739=AXIS2_PLACEMENT_3D('',#3594,#2981,$);
#2740=AXIS2_PLACEMENT_3D('',#3595,#2982,$);
#2741=AXIS2_PLACEMENT_3D('',#3596,#2983,#2984);
#2742=AXIS2_PLACEMENT_3D('',#3597,#2985,#2986);
#2743=AXIS2_PLACEMENT_3D('',#3598,#2987,$);
#2744=AXIS2_PLACEMENT_3D('',#3601,#2989,#2990);
#2745=AXIS2_PLACEMENT_3D('',#3606,#2993,#2994);
#2746=AXIS2_PLACEMENT_3D('',#3611,#2997,#2998);
#2747=AXIS2_PLACEMENT_3D('',#3616,#3001,#3002);
#2748=AXIS2_PLACEMENT_3D('',#3621,#3005,#3006);
#2749=AXIS2_PLACEMENT_3D('',#3626,#3009,#3010);
#2750=AXIS2_PLACEMENT_3D('',#3631,#3013,#3014);
#2751=AXIS2_PLACEMENT_3D('',#3636,#3017,#3018);
#2752=AXIS2_PLACEMENT_3D('',#3641,#3021,#3022);
#2753=AXIS2_PLACEMENT_3D('',#3648,#3026,#3027);
#2754=AXIS2_PLACEMENT_3D('',#3649,#3028,#3029);
#2755=AXIS2_PLACEMENT_3D('',#3654,#3031,#3032);
#2756=AXIS2_PLACEMENT_3D('',#3658,#3034,#3035);
#2757=AXIS2_PLACEMENT_3D('',#3662,#3037,#3038);
#2758=AXIS2_PLACEMENT_3D('',#3666,#3040,#3041);
#2759=AXIS2_PLACEMENT_3D('',#3670,#3043,#3044);
#2760=AXIS2_PLACEMENT_3D('',#3674,#3046,#3047);
#2761=AXIS2_PLACEMENT_3D('',#3678,#3049,#3050);
#2762=AXIS2_PLACEMENT_3D('',#3682,#3052,#3053);
#2763=AXIS2_PLACEMENT_3D('',#3686,#3055,#3056);
#2764=AXIS2_PLACEMENT_3D('',#3689,#3058,#3059);
#2765=AXIS2_PLACEMENT_3D('',#3694,#3062,#3063);
#2766=AXIS2_PLACEMENT_3D('',#3695,#3064,#3065);
#2767=AXIS2_PLACEMENT_3D('',#3698,#3067,#3068);
#2768=AXIS2_PLACEMENT_3D('',#3701,#3070,#3071);
#2769=AXIS2_PLACEMENT_3D('',#3706,#3074,#3075);
#2770=AXIS2_PLACEMENT_3D('',#3707,#3076,#3077);
#2771=AXIS2_PLACEMENT_3D('',#3710,#3079,#3080);
#2772=AXIS2_PLACEMENT_3D('',#3713,#3082,#3083);
#2773=AXIS2_PLACEMENT_3D('',#3718,#3086,#3087);
#2774=AXIS2_PLACEMENT_3D('',#3719,#3088,#3089);
#2775=AXIS2_PLACEMENT_3D('',#3722,#3091,#3092);
#2776=AXIS2_PLACEMENT_3D('',#3725,#3094,#3095);
#2777=AXIS2_PLACEMENT_3D('',#3730,#3098,#3099);
#2778=AXIS2_PLACEMENT_3D('',#3731,#3100,#3101);
#2779=AXIS2_PLACEMENT_3D('',#3734,#3103,#3104);
#2780=AXIS2_PLACEMENT_3D('',#3737,#3106,#3107);
#2781=AXIS2_PLACEMENT_3D('',#3742,#3110,#3111);
#2782=AXIS2_PLACEMENT_3D('',#3743,#3112,#3113);
#2783=AXIS2_PLACEMENT_3D('',#3746,#3115,#3116);
#2784=AXIS2_PLACEMENT_3D('',#3749,#3118,$);
#2785=AXIS2_PLACEMENT_3D('',#3759,#3124,$);
#2786=AXIS2_PLACEMENT_3D('',#3769,#3130,$);
#2787=AXIS2_PLACEMENT_3D('',#3779,#3136,$);
#2788=AXIS2_PLACEMENT_3D('',#3789,#3142,$);
#2789=AXIS2_PLACEMENT_3D('',#3799,#3148,$);
#2790=AXIS2_PLACEMENT_3D('',#3809,#3154,$);
#2791=AXIS2_PLACEMENT_3D('',#3819,#3160,$);
#2792=AXIS2_PLACEMENT_3D('',#3829,#3166,$);
#2793=AXIS2_PLACEMENT_3D('',#3839,#3172,$);
#2794=AXIS2_PLACEMENT_3D('',#3849,#3178,$);
#2795=AXIS2_PLACEMENT_3D('',#3859,#3184,$);
#2796=AXIS2_PLACEMENT_3D('',#3862,#3187,$);
#2797=AXIS2_PLACEMENT_3D('',#3864,#3189,$);
#2798=AXIS2_PLACEMENT_3D('',#3866,#3191,$);
#2799=AXIS2_PLACEMENT_3D('',#3867,#3192,$);
#2800=AXIS2_PLACEMENT_3D('',#3877,#3198,$);
#2801=AXIS2_PLACEMENT_3D('',#3887,#3204,$);
#2802=AXIS2_PLACEMENT_3D('',#3897,#3210,$);
#2803=AXIS2_PLACEMENT_3D('',#3907,#3216,$);
#2804=AXIS2_PLACEMENT_3D('',#3917,#3222,$);
#2805=AXIS2_PLACEMENT_3D('',#3927,#3228,$);
#2806=AXIS2_PLACEMENT_3D('',#3937,#3234,$);
#2807=AXIS2_PLACEMENT_3D('',#3947,#3240,$);
#2808=AXIS2_PLACEMENT_3D('',#3957,#3246,$);
#2809=AXIS2_PLACEMENT_3D('',#3960,#3249,$);
#2810=AXIS2_PLACEMENT_3D('',#3962,#3251,$);
#2811=AXIS2_PLACEMENT_3D('',#3964,#3253,$);
#2812=AXIS2_PLACEMENT_3D('',#3965,#3254,$);
#2813=AXIS2_PLACEMENT_3D('',#3968,#3257,$);
#2814=AXIS2_PLACEMENT_3D('',#3971,#3260,$);
#2815=AXIS2_PLACEMENT_3D('',#3972,#3261,$);
#2816=AXIS2_PLACEMENT_3D('',#3973,#3262,$);
#2817=AXIS2_PLACEMENT_3D('',#3976,#3265,$);
#2818=AXIS2_PLACEMENT_3D('',#3979,#3268,$);
#2819=AXIS2_PLACEMENT_3D('',#3980,#3269,$);
#2820=AXIS2_PLACEMENT_3D('',#3981,#3270,$);
#2821=AXIS2_PLACEMENT_3D('',#3984,#3273,$);
#2822=AXIS2_PLACEMENT_3D('',#3987,#3276,$);
#2823=AXIS2_PLACEMENT_3D('',#3988,#3277,$);
#2824=AXIS2_PLACEMENT_3D('',#3989,#3278,$);
#2825=AXIS2_PLACEMENT_3D('',#3992,#3281,$);
#2826=AXIS2_PLACEMENT_3D('',#3995,#3284,$);
#2827=AXIS2_PLACEMENT_3D('',#3996,#3285,$);
#2828=AXIS2_PLACEMENT_3D('',#3997,#3286,$);
#2829=AXIS2_PLACEMENT_3D('',#4000,#3289,$);
#2830=AXIS2_PLACEMENT_3D('',#4003,#3292,$);
#2831=AXIS2_PLACEMENT_3D('',#4004,#3293,$);
#2832=AXIS2_PLACEMENT_3D('',#4005,#3294,$);
#2833=AXIS2_PLACEMENT_3D('',#4008,#3297,$);
#2834=AXIS2_PLACEMENT_3D('',#4011,#3300,$);
#2835=AXIS2_PLACEMENT_3D('',#4012,#3301,$);
#2836=AXIS2_PLACEMENT_3D('',#4013,#3302,$);
#2837=AXIS2_PLACEMENT_3D('',#4016,#3305,$);
#2838=AXIS2_PLACEMENT_3D('',#4019,#3308,$);
#2839=AXIS2_PLACEMENT_3D('',#4020,#3309,$);
#2840=AXIS2_PLACEMENT_3D('',#4021,#3310,$);
#2841=AXIS2_PLACEMENT_3D('',#4024,#3313,$);
#2842=AXIS2_PLACEMENT_3D('',#4027,#3316,$);
#2843=AXIS2_PLACEMENT_3D('',#4028,#3317,$);
#2844=AXIS2_PLACEMENT_3D('',#4029,#3318,#3319);
#2845=AXIS2_PLACEMENT_3D('',#4032,#3321,#3322);
#2846=AXIS2_PLACEMENT_3D('',#4034,#3323,#3324);
#2847=AXIS2_PLACEMENT_3D('',#4036,#3325,#3326);
#2848=AXIS2_PLACEMENT_3D('',#4041,#3329,#3330);
#2849=AXIS2_PLACEMENT_3D('',#4044,#3331,#3332);
#2850=AXIS2_PLACEMENT_3D('',#4049,#3335,#3336);
#2851=AXIS2_PLACEMENT_3D('',#4052,#3337,#3338);
#2852=AXIS2_PLACEMENT_3D('',#4057,#3341,#3342);
#2853=AXIS2_PLACEMENT_3D('',#4060,#3343,#3344);
#2854=AXIS2_PLACEMENT_3D('',#4065,#3347,#3348);
#2855=AXIS2_PLACEMENT_3D('',#4068,#3349,#3350);
#2856=AXIS2_PLACEMENT_3D('',#4071,#3352,#3353);
#2857=AXIS2_PLACEMENT_3D('',#4072,#3354,#3355);
#2858=AXIS2_PLACEMENT_3D('',#4074,#3356,#3357);
#2859=AXIS2_PLACEMENT_3D('',#4076,#3358,$);
#2860=AXIS2_PLACEMENT_3D('',#4077,#3359,#3360);
#2861=AXIS2_PLACEMENT_3D('',#4083,#3361,#3362);
#2862=AXIS2_PLACEMENT_3D('',#4089,#3363,#3364);
#2863=AXIS2_PLACEMENT_3D('',#4090,#3365,$);
#2864=AXIS2_PLACEMENT_3D('',#4091,#3366,#3367);
#2865=AXIS2_PLACEMENT_3D('',#4095,#3370,#3371);
#2866=AXIS2_PLACEMENT_3D('',#4096,#3372,#3373);
#2867=AXIS2_PLACEMENT_3D('',#4100,#3376,$);
#2868=AXIS2_PLACEMENT_3D('',#4103,#3379,$);
#2869=AXIS2_PLACEMENT_3D('',#4104,#3380,$);
#2870=AXIS2_PLACEMENT_3D('',#4105,#3381,#3382);
#2871=AXIS2_PLACEMENT_3D('',#4111,#3383,#3384);
#2872=AXIS2_PLACEMENT_3D('',#4117,#3385,#3386);
#2873=AXIS2_PLACEMENT_3D('',#4118,#3387,$);
#2874=AXIS2_PLACEMENT_3D('',#4119,#3388,#3389);
#2875=AXIS2_PLACEMENT_3D('',#4123,#3392,#3393);
#2876=AXIS2_PLACEMENT_3D('',#4124,#3394,#3395);
#2877=AXIS2_PLACEMENT_3D('',#4128,#3398,$);
#2878=AXIS2_PLACEMENT_3D('',#4131,#3401,$);
#2879=AXIS2_PLACEMENT_3D('',#4132,#3402,$);
#2880=AXIS2_PLACEMENT_3D('',#4133,#3403,#3404);
#2881=AXIS2_PLACEMENT_3D('',#4139,#3405,#3406);
#2882=AXIS2_PLACEMENT_3D('',#4145,#3407,#3408);
#2883=AXIS2_PLACEMENT_3D('',#4146,#3409,$);
#2884=AXIS2_PLACEMENT_3D('',#4147,#3410,#3411);
#2885=AXIS2_PLACEMENT_3D('',#4151,#3414,#3415);
#2886=AXIS2_PLACEMENT_3D('',#4152,#3416,#3417);
#2887=AXIS2_PLACEMENT_3D('',#4156,#3420,$);
#2888=AXIS2_PLACEMENT_3D('',#4159,#3423,$);
#2889=AXIS2_PLACEMENT_3D('',#4160,#3424,$);
#2890=AXIS2_PLACEMENT_3D('',#4161,#3425,#3426);
#2891=AXIS2_PLACEMENT_3D('',#4167,#3427,#3428);
#2892=AXIS2_PLACEMENT_3D('',#4173,#3429,#3430);
#2893=AXIS2_PLACEMENT_3D('',#4174,#3431,$);
#2894=AXIS2_PLACEMENT_3D('',#4175,#3432,#3433);
#2895=AXIS2_PLACEMENT_3D('',#4179,#3436,#3437);
#2896=AXIS2_PLACEMENT_3D('',#4180,#3438,#3439);
#2897=AXIS2_PLACEMENT_3D('',#4184,#3442,$);
#2898=AXIS2_PLACEMENT_3D('',#4187,#3445,$);
#2899=AXIS2_PLACEMENT_3D('',#4188,#3446,$);
#2900=AXIS2_PLACEMENT_3D('',#4189,#3447,#3448);
#2901=AXIS2_PLACEMENT_3D('',#4195,#3449,#3450);
#2902=AXIS2_PLACEMENT_3D('',#4201,#3451,#3452);
#2903=AXIS2_PLACEMENT_3D('',#4202,#3453,$);
#2904=AXIS2_PLACEMENT_3D('',#4205,#3456,$);
#2905=AXIS2_PLACEMENT_3D('',#4206,#3457,#3458);
#2906=AXIS2_PLACEMENT_3D('',#4209,#3460,#3461);
#2907=AXIS2_PLACEMENT_3D('',#4210,#3462,#3463);
#2908=AXIS2_PLACEMENT_3D('',#4214,#3466,$);
#2909=AXIS2_PLACEMENT_3D('',#4216,#3468,$);
#2910=AXIS2_PLACEMENT_3D('',#4217,#3469,$);
#2911=DIRECTION('',(0.,1.,0.));
#2912=DIRECTION('',(0.,0.,13.8));
#2913=DIRECTION('',(0.,1.,6.02884745493418E-15));
#2914=DIRECTION('',(0.,1.,0.));
#2915=DIRECTION('',(0.,0.,13.8));
#2916=DIRECTION('',(0.,-1.,0.));
#2917=DIRECTION('',(0.,1.,0.));
#2918=DIRECTION('',(0.,0.,13.8));
#2919=DIRECTION('',(0.,1.,5.38289951333409E-16));
#2920=DIRECTION('',(0.,1.,0.));
#2921=DIRECTION('',(0.,1.,0.));
#2922=DIRECTION('',(0.,1.,0.));
#2923=DIRECTION('',(0.,1.,0.));
#2924=DIRECTION('',(0.,1.,0.));
#2925=DIRECTION('',(0.,1.,0.));
#2926=DIRECTION('',(0.,-1.,0.));
#2927=DIRECTION('',(0.,1.,0.));
#2928=DIRECTION('',(0.,1.,0.));
#2929=DIRECTION('',(0.,1.,0.));
#2930=DIRECTION('',(0.,0.,13.8));
#2931=DIRECTION('',(0.,1.,0.));
#2932=DIRECTION('',(0.,1.,0.));
#2933=DIRECTION('',(0.,1.,0.));
#2934=DIRECTION('',(0.,1.,0.));
#2935=DIRECTION('',(0.,1.,0.));
#2936=DIRECTION('',(0.,1.,0.));
#2937=DIRECTION('',(0.,1.,0.));
#2938=DIRECTION('',(0.,1.,0.));
#2939=DIRECTION('',(0.,1.,0.));
#2940=DIRECTION('',(0.,1.,0.));
#2941=DIRECTION('',(-0.866025403784439,0.,0.5));
#2942=DIRECTION('',(0.5,0.,0.866025403784438));
#2943=DIRECTION('',(0.,1.,-1.23358113847238E-16));
#2944=DIRECTION('',(0.5,0.,0.866025403784439));
#2945=DIRECTION('',(0.,1.,0.));
#2946=DIRECTION('',(-0.866025403784439,0.,-0.5));
#2947=DIRECTION('',(-0.5,0.,0.866025403784439));
#2948=DIRECTION('',(0.,1.,0.));
#2949=DIRECTION('',(-0.5,0.,0.866025403784438));
#2950=DIRECTION('',(-4.37036974178083E-16,0.,-1.));
#2951=DIRECTION('',(-1.,0.,0.));
#2952=DIRECTION('',(0.,1.,0.));
#2953=DIRECTION('',(-1.,0.,0.));
#2954=DIRECTION('',(0.866025403784438,0.,-0.500000000000001));
#2955=DIRECTION('',(-0.5,0.,-0.866025403784438));
#2956=DIRECTION('',(0.,1.,0.));
#2957=DIRECTION('',(-0.5,0.,-0.866025403784438));
#2958=DIRECTION('',(0.866025403784439,0.,0.499999999999999));
#2959=DIRECTION('',(0.499999999999999,0.,-0.866025403784439));
#2960=DIRECTION('',(0.,1.,0.));
#2961=DIRECTION('',(0.499999999999999,0.,-0.866025403784439));
#2962=DIRECTION('',(5.82715965570777E-16,0.,1.));
#2963=DIRECTION('',(1.,0.,0.));
#2964=DIRECTION('',(1.,0.,0.));
#2965=DIRECTION('',(0.,1.,0.));
#2966=DIRECTION('',(0.,0.,12.));
#2967=DIRECTION('',(0.,-1.,0.));
#2968=DIRECTION('',(0.,1.,0.));
#2969=DIRECTION('',(0.,0.,12.));
#2970=DIRECTION('',(0.,1.,0.));
#2971=DIRECTION('',(0.,1.,0.));
#2972=DIRECTION('',(0.,0.,12.));
#2973=DIRECTION('',(0.,-1.,0.));
#2974=DIRECTION('',(0.,0.,-4.));
#2975=DIRECTION('',(0.,1.,0.));
#2976=DIRECTION('',(0.,-1.,0.));
#2977=DIRECTION('',(0.,0.,-4.));
#2978=DIRECTION('',(0.,-1.,0.));
#2979=DIRECTION('',(0.,1.,0.));
#2980=DIRECTION('',(0.,0.,4.));
#2981=DIRECTION('',(0.,-1.,0.));
#2982=DIRECTION('',(0.,1.,0.));
#2983=DIRECTION('',(0.,1.,0.));
#2984=DIRECTION('',(0.,0.,12.));
#2985=DIRECTION('',(0.,-1.,0.));
#2986=DIRECTION('',(0.,0.,-4.));
#2987=DIRECTION('',(0.,1.,0.));
#2988=DIRECTION('',(0.309016994374958,0.,-0.95105651629515));
#2989=DIRECTION('',(0.,-1.,0.));
#2990=DIRECTION('',(-33.4,0.,0.));
#2991=DIRECTION('',(0.809016994374953,0.,-0.587785252292466));
#2992=DIRECTION('',(0.809016994374954,0.,-0.587785252292465));
#2993=DIRECTION('',(0.,-1.,0.));
#2994=DIRECTION('',(-33.4,0.,0.));
#2995=DIRECTION('',(1.,0.,0.));
#2996=DIRECTION('',(1.,0.,0.));
#2997=DIRECTION('',(0.,-1.,0.));
#2998=DIRECTION('',(-33.4,0.,0.));
#2999=DIRECTION('',(0.809016994374946,0.,0.587785252292474));
#3000=DIRECTION('',(0.809016994374947,0.,0.587785252292473));
#3001=DIRECTION('',(0.,-1.,0.));
#3002=DIRECTION('',(-33.4,0.,0.));
#3003=DIRECTION('',(0.309016994374946,0.,0.951056516295154));
#3004=DIRECTION('',(0.309016994374946,0.,0.951056516295154));
#3005=DIRECTION('',(0.,-1.,0.));
#3006=DIRECTION('',(-33.4,0.,0.));
#3007=DIRECTION('',(-0.309016994374951,0.,0.951056516295153));
#3008=DIRECTION('',(-0.309016994374953,0.,0.951056516295152));
#3009=DIRECTION('',(0.,-1.,0.));
#3010=DIRECTION('',(-33.4,0.,0.));
#3011=DIRECTION('',(-0.809016994374952,0.,0.587785252292467));
#3012=DIRECTION('',(-0.80901699437495,0.,0.587785252292468));
#3013=DIRECTION('',(0.,-1.,0.));
#3014=DIRECTION('',(-33.4,0.,0.));
#3015=DIRECTION('',(-1.,0.,0.));
#3016=DIRECTION('',(-1.,0.,0.));
#3017=DIRECTION('',(0.,-1.,0.));
#3018=DIRECTION('',(-33.4,0.,0.));
#3019=DIRECTION('',(-0.809016994374942,0.,-0.587785252292481));
#3020=DIRECTION('',(-0.809016994374942,0.,-0.58778525229248));
#3021=DIRECTION('',(0.,-1.,0.));
#3022=DIRECTION('',(-33.4,0.,0.));
#3023=DIRECTION('',(-0.309016994374941,0.,-0.951056516295155));
#3024=DIRECTION('',(0.309016994374958,0.,-0.95105651629515));
#3025=DIRECTION('',(-0.309016994374939,0.,-0.951056516295157));
#3026=DIRECTION('',(0.,-1.,0.));
#3027=DIRECTION('',(-33.4,0.,0.));
#3028=DIRECTION('',(0.,1.,0.));
#3029=DIRECTION('',(-27.3043235601505,0.,19.837752264868));
#3030=DIRECTION('',(0.888505703376647,0.,0.458865574070632));
#3031=DIRECTION('',(0.,-1.,0.));
#3032=DIRECTION('',(36.25,0.,0.));
#3033=DIRECTION('',(-0.951056516295154,0.,0.309016994374945));
#3034=DIRECTION('',(0.,1.,0.));
#3035=DIRECTION('',(10.4293235601529,0.,32.0981574249567));
#3036=DIRECTION('',(0.710970456265842,0.,-0.703221878440326));
#3037=DIRECTION('',(0.,-1.,0.));
#3038=DIRECTION('',(36.25,0.,0.));
#3039=DIRECTION('',(-3.03611647894719E-15,0.,1.));
#3040=DIRECTION('',(0.,1.,0.));
#3041=DIRECTION('',(33.749999999995,0.,0.));
#3042=DIRECTION('',(-0.449101796407336,0.,-0.893480596579301));
#3043=DIRECTION('',(0.,-1.,0.));
#3044=DIRECTION('',(36.25,0.,0.));
#3045=DIRECTION('',(0.951056516295153,0.,0.30901699437495));
#3046=DIRECTION('',(0.,1.,0.));
#3047=DIRECTION('',(10.4293235601529,0.,-32.0981574249567));
#3048=DIRECTION('',(-0.98853063085421,0.,0.151020501465786));
#3049=DIRECTION('',(0.,-1.,0.));
#3050=DIRECTION('',(36.25,0.,0.));
#3051=DIRECTION('',(0.587785252292477,0.,-0.809016994374945));
#3052=DIRECTION('',(0.,1.,0.));
#3053=DIRECTION('',(-27.3043235601505,0.,-19.837752264868));
#3054=DIRECTION('',(-0.161843732380941,0.,0.98681639948321));
#3055=DIRECTION('',(0.,-1.,0.));
#3056=DIRECTION('',(36.25,0.,0.));
#3057=DIRECTION('',(-0.58778525229247,0.,-0.80901699437495));
#3058=DIRECTION('',(0.,-1.,0.));
#3059=DIRECTION('',(-33.4,0.,0.));
#3060=DIRECTION('',(0.,-1.,0.));
#3061=DIRECTION('',(0.,1.,0.));
#3062=DIRECTION('',(0.,1.,0.));
#3063=DIRECTION('',(-33.4,0.,0.));
#3064=DIRECTION('',(0.,-1.,0.));
#3065=DIRECTION('',(-33.4,0.,0.));
#3066=DIRECTION('',(0.,1.,0.));
#3067=DIRECTION('',(0.,1.,0.));
#3068=DIRECTION('',(-33.4,0.,0.));
#3069=DIRECTION('',(0.,-1.,0.));
#3070=DIRECTION('',(0.,-1.,0.));
#3071=DIRECTION('',(-33.4,0.,0.));
#3072=DIRECTION('',(0.,-1.,0.));
#3073=DIRECTION('',(0.,1.,0.));
#3074=DIRECTION('',(0.,1.,0.));
#3075=DIRECTION('',(-33.4,0.,0.));
#3076=DIRECTION('',(0.,-1.,0.));
#3077=DIRECTION('',(-33.4,0.,0.));
#3078=DIRECTION('',(0.,1.,0.));
#3079=DIRECTION('',(0.,1.,0.));
#3080=DIRECTION('',(-33.4,0.,0.));
#3081=DIRECTION('',(0.,-1.,0.));
#3082=DIRECTION('',(0.,-1.,0.));
#3083=DIRECTION('',(-33.4,0.,0.));
#3084=DIRECTION('',(0.,-1.,0.));
#3085=DIRECTION('',(0.,1.,0.));
#3086=DIRECTION('',(0.,1.,0.));
#3087=DIRECTION('',(-33.4,0.,0.));
#3088=DIRECTION('',(0.,-1.,0.));
#3089=DIRECTION('',(-33.4,0.,0.));
#3090=DIRECTION('',(0.,1.,0.));
#3091=DIRECTION('',(0.,1.,0.));
#3092=DIRECTION('',(-33.4,0.,0.));
#3093=DIRECTION('',(0.,-1.,0.));
#3094=DIRECTION('',(0.,-1.,0.));
#3095=DIRECTION('',(-33.4,0.,0.));
#3096=DIRECTION('',(0.,-1.,0.));
#3097=DIRECTION('',(0.,1.,0.));
#3098=DIRECTION('',(0.,1.,0.));
#3099=DIRECTION('',(-33.4,0.,0.));
#3100=DIRECTION('',(0.,-1.,0.));
#3101=DIRECTION('',(-33.4,0.,0.));
#3102=DIRECTION('',(0.,1.,0.));
#3103=DIRECTION('',(0.,1.,0.));
#3104=DIRECTION('',(-33.4,0.,0.));
#3105=DIRECTION('',(0.,-1.,0.));
#3106=DIRECTION('',(0.,-1.,0.));
#3107=DIRECTION('',(-33.4,0.,0.));
#3108=DIRECTION('',(0.,-1.,0.));
#3109=DIRECTION('',(0.,1.,0.));
#3110=DIRECTION('',(0.,1.,0.));
#3111=DIRECTION('',(-33.4,0.,0.));
#3112=DIRECTION('',(0.,-1.,0.));
#3113=DIRECTION('',(-33.4,0.,0.));
#3114=DIRECTION('',(0.,1.,0.));
#3115=DIRECTION('',(0.,1.,0.));
#3116=DIRECTION('',(-33.4,0.,0.));
#3117=DIRECTION('',(0.,-1.,0.));
#3118=DIRECTION('',(-0.587785252292469,0.,-0.809016994374951));
#3119=DIRECTION('',(0.809016994374952,0.,-0.587785252292467));
#3120=DIRECTION('',(0.809016994374951,0.,-0.587785252292468));
#3121=DIRECTION('',(0.,-1.,0.));
#3122=DIRECTION('',(-0.809016994374951,0.,0.587785252292468));
#3123=DIRECTION('',(0.,1.,0.));
#3124=DIRECTION('',(0.,0.,-1.));
#3125=DIRECTION('',(1.,0.,0.));
#3126=DIRECTION('',(1.,0.,0.));
#3127=DIRECTION('',(0.,-1.,0.));
#3128=DIRECTION('',(-1.,0.,0.));
#3129=DIRECTION('',(0.,1.,0.));
#3130=DIRECTION('',(-0.951056516295152,0.,-0.309016994374952));
#3131=DIRECTION('',(0.309016994374951,0.,-0.951056516295153));
#3132=DIRECTION('',(0.309016994374951,0.,-0.951056516295152));
#3133=DIRECTION('',(0.,-1.,0.));
#3134=DIRECTION('',(-0.309016994374952,0.,0.951056516295152));
#3135=DIRECTION('',(1.14940736667075E-15,1.,0.));
#3136=DIRECTION('',(0.58778525229248,0.,-0.809016994374942));
#3137=DIRECTION('',(0.809016994374942,0.,0.587785252292481));
#3138=DIRECTION('',(0.809016994374942,0.,0.587785252292481));
#3139=DIRECTION('',(0.,-1.,0.));
#3140=DIRECTION('',(-0.809016994374942,0.,-0.587785252292481));
#3141=DIRECTION('',(0.,1.,0.));
#3142=DIRECTION('',(-0.951056516295155,0.,0.309016994374945));
#3143=DIRECTION('',(-0.309016994374946,0.,-0.951056516295154));
#3144=DIRECTION('',(-0.309016994374941,0.,-0.951056516295155));
#3145=DIRECTION('',(0.,-1.,0.));
#3146=DIRECTION('',(0.309016994374941,0.,0.951056516295155));
#3147=DIRECTION('',(0.,1.,0.));
#3148=DIRECTION('',(0.951056516295157,0.,-0.309016994374938));
#3149=DIRECTION('',(0.309016994374941,0.,0.951056516295155));
#3150=DIRECTION('',(0.309016994374942,0.,0.951056516295155));
#3151=DIRECTION('',(0.,-1.,0.));
#3152=DIRECTION('',(-0.309016994374942,0.,-0.951056516295155));
#3153=DIRECTION('',(0.,1.,0.));
#3154=DIRECTION('',(-0.587785252292474,0.,0.809016994374947));
#3155=DIRECTION('',(-0.809016994374946,0.,-0.587785252292474));
#3156=DIRECTION('',(-0.809016994374946,0.,-0.587785252292476));
#3157=DIRECTION('',(0.,-1.,0.));
#3158=DIRECTION('',(0.809016994374948,0.,0.587785252292472));
#3159=DIRECTION('',(-1.19120399818605E-14,1.,-1.253898945459E-15));
#3160=DIRECTION('',(0.95105651629515,0.,0.309016994374958));
#3161=DIRECTION('',(-0.309016994374958,0.,0.95105651629515));
#3162=DIRECTION('',(-0.309016994374956,0.,0.951056516295151));
#3163=DIRECTION('',(-1.14940736667075E-15,-1.,0.));
#3164=DIRECTION('',(0.309016994374957,0.,-0.95105651629515));
#3165=DIRECTION('',(0.,1.,0.));
#3166=DIRECTION('',(0.587785252292463,0.,0.809016994374955));
#3167=DIRECTION('',(-0.809016994374953,-3.53159160553866E-16,0.587785252292466));
#3168=DIRECTION('',(0.,1.,0.));
#3169=DIRECTION('',(-0.809016994374958,0.,0.587785252292458));
#3170=DIRECTION('',(0.,-1.,0.));
#3171=DIRECTION('',(0.809016994374958,0.,-0.587785252292458));
#3172=DIRECTION('',(0.,0.,1.));
#3173=DIRECTION('',(-1.,0.,0.));
#3174=DIRECTION('',(0.,1.,0.));
#3175=DIRECTION('',(-1.,0.,0.));
#3176=DIRECTION('',(0.,-1.,0.));
#3177=DIRECTION('',(1.,0.,0.));
#3178=DIRECTION('',(0.,0.,1.));
#3179=DIRECTION('',(-1.,0.,0.));
#3180=DIRECTION('',(-1.,0.,0.));
#3181=DIRECTION('',(0.,1.,0.));
#3182=DIRECTION('',(1.,0.,0.));
#3183=DIRECTION('',(0.,-1.,0.));
#3184=DIRECTION('',(-1.47659100170776E-16,-1.,0.));
#3185=DIRECTION('',(0.,0.,-1.));
#3186=DIRECTION('',(0.,0.,-1.));
#3187=DIRECTION('',(-1.,-4.08170229641602E-16,0.));
#3188=DIRECTION('',(0.,0.,-1.));
#3189=DIRECTION('',(0.,1.,0.));
#3190=DIRECTION('',(0.,0.,-1.));
#3191=DIRECTION('',(1.,-4.08170229641602E-16,0.));
#3192=DIRECTION('',(-0.587785252292474,0.,0.809016994374947));
#3193=DIRECTION('',(-0.809016994374947,0.,-0.587785252292474));
#3194=DIRECTION('',(0.,-1.,0.));
#3195=DIRECTION('',(-0.809016994374947,0.,-0.587785252292473));
#3196=DIRECTION('',(0.,1.,0.));
#3197=DIRECTION('',(0.809016994374947,0.,0.587785252292473));
#3198=DIRECTION('',(-0.951056516295155,0.,0.309016994374945));
#3199=DIRECTION('',(-0.309016994374945,0.,-0.951056516295155));
#3200=DIRECTION('',(0.,-1.,0.));
#3201=DIRECTION('',(-0.309016994374945,0.,-0.951056516295154));
#3202=DIRECTION('',(0.,1.,0.));
#3203=DIRECTION('',(0.309016994374945,0.,0.951056516295154));
#3204=DIRECTION('',(-0.951056516295152,0.,-0.309016994374952));
#3205=DIRECTION('',(0.309016994374953,0.,-0.951056516295152));
#3206=DIRECTION('',(0.,-1.,0.));
#3207=DIRECTION('',(0.309016994374955,0.,-0.951056516295151));
#3208=DIRECTION('',(1.14940736667075E-15,1.,0.));
#3209=DIRECTION('',(-0.309016994374955,0.,0.951056516295151));
#3210=DIRECTION('',(-0.587785252292469,0.,-0.809016994374951));
#3211=DIRECTION('',(0.80901699437495,0.,-0.587785252292468));
#3212=DIRECTION('',(0.,-1.,0.));
#3213=DIRECTION('',(0.809016994374951,0.,-0.587785252292468));
#3214=DIRECTION('',(0.,1.,-1.253898945459E-15));
#3215=DIRECTION('',(-0.809016994374951,0.,0.587785252292469));
#3216=DIRECTION('',(0.,0.,-1.));
#3217=DIRECTION('',(1.,0.,0.));
#3218=DIRECTION('',(0.,-1.,0.));
#3219=DIRECTION('',(1.,0.,0.));
#3220=DIRECTION('',(0.,1.,0.));
#3221=DIRECTION('',(-1.,0.,0.));
#3222=DIRECTION('',(0.58778525229248,0.,-0.809016994374942));
#3223=DIRECTION('',(0.809016994374942,0.,0.58778525229248));
#3224=DIRECTION('',(0.,-1.,0.));
#3225=DIRECTION('',(0.809016994374947,0.,0.587785252292473));
#3226=DIRECTION('',(0.,1.,0.));
#3227=DIRECTION('',(-0.809016994374947,0.,-0.587785252292473));
#3228=DIRECTION('',(0.951056516295157,0.,-0.309016994374938));
#3229=DIRECTION('',(0.309016994374939,0.,0.951056516295157));
#3230=DIRECTION('',(0.,-1.,0.));
#3231=DIRECTION('',(0.309016994374939,0.,0.951056516295156));
#3232=DIRECTION('',(0.,1.,0.));
#3233=DIRECTION('',(-0.309016994374939,0.,-0.951056516295156));
#3234=DIRECTION('',(0.95105651629515,0.,0.309016994374958));
#3235=DIRECTION('',(-0.309016994374958,0.,0.95105651629515));
#3236=DIRECTION('',(0.,-1.,0.));
#3237=DIRECTION('',(-0.309016994374954,0.,0.951056516295151));
#3238=DIRECTION('',(0.,1.,0.));
#3239=DIRECTION('',(0.309016994374954,0.,-0.951056516295151));
#3240=DIRECTION('',(0.587785252292463,0.,0.809016994374955));
#3241=DIRECTION('',(-0.809016994374954,0.,0.587785252292465));
#3242=DIRECTION('',(-0.809016994374954,0.,0.587785252292464));
#3243=DIRECTION('',(0.,1.,-1.0449157878825E-15));
#3244=DIRECTION('',(0.809016994374954,0.,-0.587785252292464));
#3245=DIRECTION('',(0.,-1.,0.));
#3246=DIRECTION('',(-1.19458721412272E-16,-1.,8.67918414471576E-17));
#3247=DIRECTION('',(-0.587785252292475,0.,-0.809016994374946));
#3248=DIRECTION('',(-0.587785252292458,0.,-0.809016994374958));
#3249=DIRECTION('',(-0.809016994374955,-4.08170229641602E-16,0.587785252292463));
#3250=DIRECTION('',(-0.58778525229246,0.,-0.809016994374957));
#3251=DIRECTION('',(0.,1.,0.));
#3252=DIRECTION('',(-0.587785252292475,0.,-0.809016994374946));
#3253=DIRECTION('',(0.809016994374955,-4.08170229641602E-16,-0.587785252292463));
#3254=DIRECTION('',(0.,1.,0.));
#3255=DIRECTION('',(-0.951056516295147,0.,-0.309016994374966));
#3256=DIRECTION('',(-0.951056516295146,0.,-0.30901699437497));
#3257=DIRECTION('',(-4.56291713268841E-17,-1.,1.40432149407695E-16));
#3258=DIRECTION('',(-0.951056516295147,0.,-0.309016994374969));
#3259=DIRECTION('',(-0.951056516295147,0.,-0.309016994374966));
#3260=DIRECTION('',(0.309016994374958,-4.08170229641602E-16,-0.95105651629515));
#3261=DIRECTION('',(-0.309016994374958,-4.08170229641602E-16,0.95105651629515));
#3262=DIRECTION('',(0.,1.,0.));
#3263=DIRECTION('',(-0.951056516295158,0.,0.309016994374934));
#3264=DIRECTION('',(-0.951056516295159,0.,0.30901699437493));
#3265=DIRECTION('',(4.56291713268811E-17,-1.,1.40432149407696E-16));
#3266=DIRECTION('',(-0.951056516295159,0.,0.30901699437493));
#3267=DIRECTION('',(-0.951056516295158,0.,0.309016994374934));
#3268=DIRECTION('',(-0.309016994374938,-4.08170229641602E-16,-0.951056516295157));
#3269=DIRECTION('',(0.309016994374938,-4.08170229641602E-16,0.951056516295157));
#3270=DIRECTION('',(0.,1.,0.));
#3271=DIRECTION('',(-0.587785252292488,0.,0.809016994374937));
#3272=DIRECTION('',(-0.587785252292476,0.,0.809016994374946));
#3273=DIRECTION('',(1.1945872141227E-16,-1.,8.67918414471602E-17));
#3274=DIRECTION('',(-0.587785252292476,0.,0.809016994374946));
#3275=DIRECTION('',(-0.587785252292488,0.,0.809016994374937));
#3276=DIRECTION('',(-0.809016994374942,-4.08170229641602E-16,-0.58778525229248));
#3277=DIRECTION('',(0.809016994374942,-4.08170229641602E-16,0.58778525229248));
#3278=DIRECTION('',(0.,1.,0.));
#3279=DIRECTION('',(0.,0.,1.));
#3280=DIRECTION('',(0.,0.,1.));
#3281=DIRECTION('',(1.47659100170776E-16,-1.,0.));
#3282=DIRECTION('',(0.,0.,1.));
#3283=DIRECTION('',(0.,0.,1.));
#3284=DIRECTION('',(-1.,-4.08170229641602E-16,0.));
#3285=DIRECTION('',(1.,-4.08170229641602E-16,0.));
#3286=DIRECTION('',(0.,1.,0.));
#3287=DIRECTION('',(0.587785252292461,0.,0.809016994374956));
#3288=DIRECTION('',(0.587785252292498,0.,0.80901699437493));
#3289=DIRECTION('',(1.19458721412271E-16,-1.,-8.67918414471585E-17));
#3290=DIRECTION('',(0.587785252292498,0.,0.80901699437493));
#3291=DIRECTION('',(0.587785252292463,0.,0.809016994374954));
#3292=DIRECTION('',(-0.809016994374951,-4.08170229641602E-16,0.587785252292469));
#3293=DIRECTION('',(0.809016994374951,-4.08170229641602E-16,-0.587785252292469));
#3294=DIRECTION('',(0.,1.,0.));
#3295=DIRECTION('',(0.951056516295158,0.,0.309016994374935));
#3296=DIRECTION('',(0.951056516295159,0.,0.309016994374929));
#3297=DIRECTION('',(4.56291713268831E-17,-1.,-1.40432149407695E-16));
#3298=DIRECTION('',(0.951056516295159,0.,0.309016994374929));
#3299=DIRECTION('',(0.951056516295158,0.,0.309016994374935));
#3300=DIRECTION('',(-0.309016994374952,-4.08170229641602E-16,0.951056516295152));
#3301=DIRECTION('',(0.309016994374952,-4.08170229641602E-16,-0.951056516295152));
#3302=DIRECTION('',(0.,1.,0.));
#3303=DIRECTION('',(0.951056516295148,0.,-0.309016994374964));
#3304=DIRECTION('',(0.951056516295146,0.,-0.30901699437497));
#3305=DIRECTION('',(-4.56291713268821E-17,-1.,-1.40432149407695E-16));
#3306=DIRECTION('',(0.951056516295146,0.,-0.30901699437497));
#3307=DIRECTION('',(0.951056516295148,0.,-0.309016994374964));
#3308=DIRECTION('',(0.309016994374945,-4.08170229641602E-16,0.951056516295155));
#3309=DIRECTION('',(-0.309016994374945,-4.08170229641602E-16,-0.951056516295155));
#3310=DIRECTION('',(0.,1.,0.));
#3311=DIRECTION('',(0.587785252292463,0.,-0.809016994374955));
#3312=DIRECTION('',(0.58778525229246,0.,-0.809016994374957));
#3313=DIRECTION('',(-1.1945872141227E-16,-1.,-8.67918414471593E-17));
#3314=DIRECTION('',(0.58778525229246,0.,-0.809016994374957));
#3315=DIRECTION('',(0.587785252292486,0.,-0.809016994374938));
#3316=DIRECTION('',(0.809016994374947,-4.08170229641602E-16,0.587785252292474));
#3317=DIRECTION('',(-0.809016994374947,-4.08170229641602E-16,-0.587785252292474));
#3318=DIRECTION('',(0.,1.,0.));
#3319=DIRECTION('',(36.25,0.,0.));
#3320=DIRECTION('',(0.,1.,0.));
#3321=DIRECTION('',(-0.676054998041126,0.275266422851953,-0.683504232667145));
#3322=DIRECTION('',(25.4917930934583,126.603124999982,25.7726790396332));
#3323=DIRECTION('',(0.,1.,0.));
#3324=DIRECTION('',(36.25,0.,0.));
#3325=DIRECTION('',(0.961367981810446,0.275266422851953,2.91882517190689E-15));
#3326=DIRECTION('',(36.249999999995,-126.603124999983,0.));
#3327=DIRECTION('',(0.,1.,0.));
#3328=DIRECTION('',(0.,1.,0.));
#3329=DIRECTION('',(0.441138670866575,0.275266422851953,-0.854180934882278));
#3330=DIRECTION('',(-16.6338770600581,126.603124999983,32.208331747399));
#3331=DIRECTION('',(0.297079044227371,0.275266422851953,0.914315283658346));
#3332=DIRECTION('',(11.2018660460903,-126.603124999983,34.4757987156946));
#3333=DIRECTION('',(0.,1.,0.));
#3334=DIRECTION('',(0.,1.,0.));
#3335=DIRECTION('',(0.948693690388624,0.275266422851953,0.155591382367735));
#3336=DIRECTION('',(-35.7720944812614,126.603124999983,-5.8668352988083));
#3337=DIRECTION('',(-0.777763035132598,0.275266422851953,0.565077921734356));
#3338=DIRECTION('',(-29.3268660460878,-126.603124999983,21.3072153955992));
#3339=DIRECTION('',(0.,1.,0.));
#3340=DIRECTION('',(0.,1.,0.));
#3341=DIRECTION('',(0.145186274706164,0.275266422851953,0.950341697542119));
#3342=DIRECTION('',(-5.47449317813398,126.603124999983,-35.8342353684602));
#3343=DIRECTION('',(-0.777763035132593,0.275266422851953,-0.565077921734362));
#3344=DIRECTION('',(-29.3268660460878,-126.603124999983,-21.3072153955992));
#3345=DIRECTION('',(0.,1.,0.));
#3346=DIRECTION('',(0.,1.,0.));
#3347=DIRECTION('',(-0.858963637920236,0.275266422851953,0.431752087639566));
#3348=DIRECTION('',(32.3886716259952,126.603124999983,-16.2799401197637));
#3349=DIRECTION('',(0.297079044227375,0.275266422851953,-0.914315283658344));
#3350=DIRECTION('',(11.2018660460903,-126.603124999983,-34.4757987156946));
#3351=DIRECTION('',(0.,1.,0.));
#3352=DIRECTION('',(0.,1.,0.));
#3353=DIRECTION('',(38.25,0.,0.));
#3354=DIRECTION('',(0.,-1.,0.));
#3355=DIRECTION('',(38.25,0.,0.));
#3356=DIRECTION('',(0.,1.,0.));
#3357=DIRECTION('',(38.25,0.,0.));
#3358=DIRECTION('',(0.,1.,0.));
#3359=DIRECTION('',(0.,1.,0.));
#3360=DIRECTION('',(29.2518418008399,-3.01928061550026E-28,-17.8155059220414));
#3361=DIRECTION('',(-1.48087317515134E-29,-1.,9.09235292176036E-30));
#3362=DIRECTION('',(28.8248076139663,0.,-17.5554255436174));
#3363=DIRECTION('',(1.48087317515134E-29,1.,-9.09235292176036E-30));
#3364=DIRECTION('',(29.6788759877136,-6.03856123100052E-28,-18.0755863004654));
#3365=DIRECTION('',(0.297079044227371,0.275266422851953,0.914315283658346));
#3366=DIRECTION('',(-0.297079044227371,-0.275266422851953,-0.914315283658346));
#3367=DIRECTION('',(10.4293235601529,-117.871874999983,32.0981574249567));
#3368=DIRECTION('',(0.951056516295154,-1.68936324020225E-29,-0.309016994374945));
#3369=DIRECTION('',(-0.951056516295154,1.68936324020225E-29,0.309016994374945));
#3370=DIRECTION('',(0.,1.,0.));
#3371=DIRECTION('',(10.4293235601529,0.,32.0981574249567));
#3372=DIRECTION('',(0.676054998041126,-0.275266422851953,0.683504232667145));
#3373=DIRECTION('',(23.7337383973575,117.871874999983,23.9952528989686));
#3374=DIRECTION('',(0.,1.,0.));
#3375=DIRECTION('',(0.,1.,0.));
#3376=DIRECTION('',(-0.676054998041126,0.275266422851953,-0.683504232667145));
#3377=DIRECTION('',(0.710970456265842,-1.69225122711747E-29,-0.703221878440326));
#3378=DIRECTION('',(-0.710970456265842,1.69225122711747E-29,0.703221878440326));
#3379=DIRECTION('',(0.309016994374945,0.,0.951056516295154));
#3380=DIRECTION('',(-0.703221878440326,0.,-0.710970456265842));
#3381=DIRECTION('',(0.,1.,0.));
#3382=DIRECTION('',(-13.1935454905418,6.96816557445776E-28,31.6068482672452));
#3383=DIRECTION('',(-1.45056178460868E-29,-1.,3.74032963027672E-29));
#3384=DIRECTION('',(-13.0009389870302,0.,31.1454344239277));
#3385=DIRECTION('',(1.45056178460868E-29,1.,-3.74032963027672E-29));
#3386=DIRECTION('',(-13.3861519940534,1.39363311489155E-27,32.0682621105627));
#3387=DIRECTION('',(-0.777763035132593,0.275266422851953,-0.565077921734362));
#3388=DIRECTION('',(0.777763035132593,-0.275266422851953,0.565077921734362));
#3389=DIRECTION('',(-27.3043235601505,-117.871874999983,-19.837752264868));
#3390=DIRECTION('',(-0.587785252292477,3.87860905999006E-29,0.809016994374945));
#3391=DIRECTION('',(0.587785252292477,-3.87860905999006E-29,-0.809016994374945));
#3392=DIRECTION('',(0.,1.,0.));
#3393=DIRECTION('',(-27.3043235601505,0.,-19.837752264868));
#3394=DIRECTION('',(-0.948693690388624,-0.275266422851953,-0.155591382367735));
#3395=DIRECTION('',(-33.3050534825534,117.871874999983,-5.46222596785595));
#3396=DIRECTION('',(0.,1.,0.));
#3397=DIRECTION('',(0.,1.,0.));
#3398=DIRECTION('',(0.948693690388624,0.275266422851953,0.155591382367735));
#3399=DIRECTION('',(-0.161843732380941,3.92578295190026E-29,0.98681639948321));
#3400=DIRECTION('',(0.161843732380941,-3.92578295190026E-29,-0.98681639948321));
#3401=DIRECTION('',(-0.809016994374945,0.,-0.587785252292477));
#3402=DIRECTION('',(0.98681639948321,0.,0.161843732380941));
#3403=DIRECTION('',(-5.17689969051291E-30,1.,0.));
#3404=DIRECTION('',(-7.90423676502538,-3.79271941357139E-28,-33.3254488516221));
#3405=DIRECTION('',(5.12939629907322E-30,-1.,2.12175872733858E-29));
#3406=DIRECTION('',(-7.78884644728776,0.,-32.8389459486786));
#3407=DIRECTION('',(-5.12939629907322E-30,1.,-2.12175872733858E-29));
#3408=DIRECTION('',(-8.01962708276299,-7.58543882714278E-28,-33.8119517545656));
#3409=DIRECTION('',(0.961367981810446,0.275266422851953,2.91882517190689E-15));
#3410=DIRECTION('',(-0.961367981810446,-0.275266422851953,-2.91882517190689E-15));
#3411=DIRECTION('',(33.749999999995,-117.871874999983,0.));
#3412=DIRECTION('',(3.03611647894719E-15,-2.12175872733858E-29,-1.));
#3413=DIRECTION('',(-3.03611647894719E-15,2.12175872733858E-29,1.));
#3414=DIRECTION('',(0.,1.,0.));
#3415=DIRECTION('',(33.749999999995,0.,0.));
#3416=DIRECTION('',(0.858963637920236,-0.275266422851953,-0.431752087639566));
#3417=DIRECTION('',(30.154970134547,117.871874999983,-15.1571856287454));
#3418=DIRECTION('',(0.,1.,0.));
#3419=DIRECTION('',(0.,1.,0.));
#3420=DIRECTION('',(-0.858963637920236,0.275266422851953,0.431752087639566));
#3421=DIRECTION('',(-0.449101796407336,-2.12611236273971E-29,-0.893480596579301));
#3422=DIRECTION('',(0.449101796407336,2.12611236273971E-29,0.893480596579301));
#3423=DIRECTION('',(1.,0.,3.03611647894719E-15));
#3424=DIRECTION('',(-0.893480596579301,0.,0.449101796407336));
#3425=DIRECTION('',(0.,1.,0.));
#3426=DIRECTION('',(-34.1369287767521,3.02138332954823E-28,-2.7807541586072));
#3427=DIRECTION('',(-1.73234335050662E-29,-1.,-1.51513641681995E-30));
#3428=DIRECTION('',(-33.638579451544,0.,-2.74015920738665));
#3429=DIRECTION('',(1.73234335050662E-29,1.,1.51513641681995E-30));
#3430=DIRECTION('',(-34.6352781019603,6.04276665909646E-28,-2.82134910982774));
#3431=DIRECTION('',(0.297079044227375,0.275266422851953,-0.914315283658344));
#3432=DIRECTION('',(-0.297079044227375,-0.275266422851953,0.914315283658344));
#3433=DIRECTION('',(10.4293235601529,-117.871874999983,-32.0981574249567));
#3434=DIRECTION('',(-0.951056516295153,1.69437672211927E-29,-0.30901699437495));
#3435=DIRECTION('',(0.951056516295153,-1.69437672211927E-29,0.30901699437495));
#3436=DIRECTION('',(0.,1.,0.));
#3437=DIRECTION('',(10.4293235601529,0.,-32.0981574249567));
#3438=DIRECTION('',(-0.145186274706164,-0.275266422851953,-0.950341697542119));
#3439=DIRECTION('',(-5.09694192446951,117.871874999983,-33.3629087913247));
#3440=DIRECTION('',(0.,1.,0.));
#3441=DIRECTION('',(0.,1.,0.));
#3442=DIRECTION('',(0.145186274706164,0.275266422851953,0.950341697542119));
#3443=DIRECTION('',(-0.98853063085421,1.68959279898668E-29,0.151020501465786));
#3444=DIRECTION('',(0.98853063085421,-1.68959279898668E-29,-0.151020501465786));
#3445=DIRECTION('',(0.30901699437495,0.,-0.951056516295153));
#3446=DIRECTION('',(0.151020501465786,0.,0.98853063085421));
#3447=DIRECTION('',(0.,1.,0.));
#3448=DIRECTION('',(25.9828692314794,2.18060480862585E-28,22.3148606650255));
#3449=DIRECTION('',(9.49408893968326E-30,-1.,8.20808031613555E-30));
#3450=DIRECTION('',(25.6035572718957,0.,21.989096275755));
#3451=DIRECTION('',(-9.49408893968326E-30,1.,-8.20808031613555E-30));
#3452=DIRECTION('',(26.3621811910631,4.3612096172517E-28,22.640625054296));
#3453=DIRECTION('',(-9.49408893968326E-30,1.,-8.20808031613555E-30));
#3454=DIRECTION('',(-0.58778525229247,-1.2220961929647E-29,-0.80901699437495));
#3455=DIRECTION('',(0.888505703376647,1.22019576575551E-29,0.458865574070632));
#3456=DIRECTION('',(-0.777763035132598,0.275266422851953,0.565077921734356));
#3457=DIRECTION('',(0.777763035132598,-0.275266422851953,-0.565077921734356));
#3458=DIRECTION('',(-27.3043235601505,-117.871874999983,19.837752264868));
#3459=DIRECTION('',(0.58778525229247,1.2220961929647E-29,0.80901699437495));
#3460=DIRECTION('',(0.,1.,0.));
#3461=DIRECTION('',(-27.3043235601505,0.,19.837752264868));
#3462=DIRECTION('',(-0.441138670866575,-0.275266422851953,0.854180934882278));
#3463=DIRECTION('',(-15.4867131248815,117.871874999983,29.9870674889574));
#3464=DIRECTION('',(0.,1.,0.));
#3465=DIRECTION('',(0.,1.,0.));
#3466=DIRECTION('',(0.441138670866575,0.275266422851953,-0.854180934882278));
#3467=DIRECTION('',(-0.888505703376647,-1.22019576575551E-29,-0.458865574070632));
#3468=DIRECTION('',(-0.80901699437495,0.,0.58778525229247));
#3469=DIRECTION('',(0.458865574070632,0.,-0.888505703376647));
#3470=CARTESIAN_POINT('',(0.,0.,0.));
#3471=CARTESIAN_POINT('',(2.81258329421048,0.,13.5103432677755));
#3472=CARTESIAN_POINT('',(2.81258329421048,0.,13.5103432677755));
#3473=CARTESIAN_POINT('',(2.81258329421049,16.5,13.5103432677756));
#3474=CARTESIAN_POINT('',(0.,16.5,0.));
#3475=CARTESIAN_POINT('',(-1.69001258282335E-15,16.5,13.8));
#3476=CARTESIAN_POINT('',(0.,16.5,13.8));
#3477=CARTESIAN_POINT('',(-1.69001258282335E-15,0.,13.8));
#3478=CARTESIAN_POINT('',(0.,0.,0.));
#3479=CARTESIAN_POINT('',(10.2166082093187,0.,9.27690232228846));
#3480=CARTESIAN_POINT('',(10.2166082093187,0.,9.27690232228846));
#3481=CARTESIAN_POINT('',(10.2166082093187,16.5,9.27690232228846));
#3482=CARTESIAN_POINT('',(5.66575284309595,16.5,12.5832922846507));
#3483=CARTESIAN_POINT('',(5.66575284309595,0.,12.5832922846507));
#3484=CARTESIAN_POINT('',(5.66575284309595,0.,12.5832922846507));
#3485=CARTESIAN_POINT('',(13.7182360382084,0.,1.5));
#3486=CARTESIAN_POINT('',(13.7182360382084,0.,1.5));
#3487=CARTESIAN_POINT('',(13.7182360382084,16.5,1.5));
#3488=CARTESIAN_POINT('',(11.9799639661962,16.5,6.84985133916363));
#3489=CARTESIAN_POINT('',(11.9799639661962,0.,6.84985133916363));
#3490=CARTESIAN_POINT('',(11.9799639661962,0.,6.84985133916363));
#3491=CARTESIAN_POINT('',(11.9799639661963,0.,-6.84985133916345));
#3492=CARTESIAN_POINT('',(11.9799639661963,0.,-6.84985133916346));
#3493=CARTESIAN_POINT('',(11.9799639661963,16.5,-6.84985133916346));
#3494=CARTESIAN_POINT('',(13.7182360382084,16.5,-1.5));
#3495=CARTESIAN_POINT('',(13.7182360382084,0.,-1.5));
#3496=CARTESIAN_POINT('',(13.7182360382084,0.,-1.5));
#3497=CARTESIAN_POINT('',(2.81258329421067,0.,-13.5103432677755));
#3498=CARTESIAN_POINT('',(2.81258329421067,0.,-13.5103432677755));
#3499=CARTESIAN_POINT('',(2.81258329421067,16.5,-13.5103432677755));
#3500=CARTESIAN_POINT('',(8.45006291411673E-16,0.,-13.8));
#3501=CARTESIAN_POINT('',(-1.69001258282335E-15,16.5,-13.8));
#3502=CARTESIAN_POINT('',(8.45006291411673E-16,16.5,-13.8));
#3503=CARTESIAN_POINT('',(5.66575284309612,0.,-12.5832922846506));
#3504=CARTESIAN_POINT('',(5.66575284309612,0.,-12.5832922846506));
#3505=CARTESIAN_POINT('',(5.66575284309613,16.5,-12.5832922846506));
#3506=CARTESIAN_POINT('',(10.2166082093189,16.5,-9.27690232228832));
#3507=CARTESIAN_POINT('',(10.2166082093189,-7.105427357601E-15,-9.27690232228832));
#3508=CARTESIAN_POINT('',(10.2166082093189,-1.77635683940025E-15,-9.27690232228832));
#3509=CARTESIAN_POINT('',(0.,0.,0.));
#3510=CARTESIAN_POINT('',(-2.81258329421039,0.,-13.5103432677756));
#3511=CARTESIAN_POINT('',(-2.81258329421039,0.,-13.5103432677756));
#3512=CARTESIAN_POINT('',(-2.81258329421039,16.5,-13.5103432677756));
#3513=CARTESIAN_POINT('',(-10.2166082093187,0.,-9.27690232228854));
#3514=CARTESIAN_POINT('',(-10.2166082093187,0.,-9.27690232228854));
#3515=CARTESIAN_POINT('',(-10.2166082093187,16.5,-9.27690232228854));
#3516=CARTESIAN_POINT('',(-5.66575284309585,16.5,-12.5832922846508));
#3517=CARTESIAN_POINT('',(-5.66575284309586,0.,-12.5832922846508));
#3518=CARTESIAN_POINT('',(-5.66575284309585,0.,-12.5832922846508));
#3519=CARTESIAN_POINT('',(-13.7182360382084,0.,-1.5));
#3520=CARTESIAN_POINT('',(-13.7182360382084,0.,-1.5));
#3521=CARTESIAN_POINT('',(-13.7182360382084,16.5,-1.5));
#3522=CARTESIAN_POINT('',(-11.9799639661961,16.5,-6.84985133916372));
#3523=CARTESIAN_POINT('',(-11.9799639661961,0.,-6.84985133916371));
#3524=CARTESIAN_POINT('',(-11.9799639661961,0.,-6.84985133916372));
#3525=CARTESIAN_POINT('',(-11.9799639661962,0.,6.84985133916354));
#3526=CARTESIAN_POINT('',(-11.9799639661962,0.,6.84985133916354));
#3527=CARTESIAN_POINT('',(-11.9799639661962,16.5,6.84985133916354));
#3528=CARTESIAN_POINT('',(-13.7182360382084,16.5,1.5));
#3529=CARTESIAN_POINT('',(-13.7182360382084,0.,1.5));
#3530=CARTESIAN_POINT('',(-13.7182360382084,0.,1.5));
#3531=CARTESIAN_POINT('',(-5.66575284309604,0.,12.5832922846507));
#3532=CARTESIAN_POINT('',(-5.66575284309604,0.,12.5832922846507));
#3533=CARTESIAN_POINT('',(-5.66575284309604,16.5,12.5832922846507));
#3534=CARTESIAN_POINT('',(-10.2166082093188,16.5,9.27690232228839));
#3535=CARTESIAN_POINT('',(-10.2166082093188,0.,9.27690232228839));
#3536=CARTESIAN_POINT('',(-10.2166082093188,0.,9.27690232228839));
#3537=CARTESIAN_POINT('',(-2.81258329421058,0.,13.5103432677755));
#3538=CARTESIAN_POINT('',(-2.81258329421058,0.,13.5103432677755));
#3539=CARTESIAN_POINT('',(-2.81258329421058,16.5,13.5103432677755));
#3540=CARTESIAN_POINT('',(-7.62102355330306,0.,1.11022302462516E-15));
#3541=CARTESIAN_POINT('',(-7.62102355330306,0.,1.66533453693773E-15));
#3542=CARTESIAN_POINT('',(-7.62102355330306,0.,2.53963516883004E-15));
#3543=CARTESIAN_POINT('',(-3.81051177665153,0.,6.6));
#3544=CARTESIAN_POINT('',(-7.62102355330306,0.,1.66533453693773E-15));
#3545=CARTESIAN_POINT('',(-7.62102355330306,4.5,1.77635683940025E-15));
#3546=CARTESIAN_POINT('',(-7.62102355330306,4.5,1.11022302462516E-15));
#3547=CARTESIAN_POINT('',(-3.81051177665153,4.5,6.6));
#3548=CARTESIAN_POINT('',(-3.81051177665153,0.,6.6));
#3549=CARTESIAN_POINT('',(-3.81051177665153,0.,-6.6));
#3550=CARTESIAN_POINT('',(-3.81051177665153,0.,-6.6));
#3551=CARTESIAN_POINT('',(-3.81051177665153,0.,-6.6));
#3552=CARTESIAN_POINT('',(-3.81051177665153,0.,-6.6));
#3553=CARTESIAN_POINT('',(-3.81051177665153,4.5,-6.6));
#3554=CARTESIAN_POINT('',(-3.81051177665153,4.5,-6.6));
#3555=CARTESIAN_POINT('',(3.81051177665153,0.,-6.6));
#3556=CARTESIAN_POINT('',(3.81051177665153,0.,-6.6));
#3557=CARTESIAN_POINT('',(3.81051177665153,0.,-6.6));
#3558=CARTESIAN_POINT('',(3.81051177665153,0.,-6.6));
#3559=CARTESIAN_POINT('',(3.81051177665153,4.5,-6.6));
#3560=CARTESIAN_POINT('',(3.81051177665153,4.5,-6.6));
#3561=CARTESIAN_POINT('',(7.62102355330306,0.,-5.55111512312578E-15));
#3562=CARTESIAN_POINT('',(7.62102355330306,0.,-5.55111512312578E-15));
#3563=CARTESIAN_POINT('',(7.62102355330306,0.,-4.9960036108132E-15));
#3564=CARTESIAN_POINT('',(7.62102355330306,0.,-5.55111512312578E-15));
#3565=CARTESIAN_POINT('',(7.62102355330306,4.5,-4.9960036108132E-15));
#3566=CARTESIAN_POINT('',(7.62102355330306,4.5,-5.55111512312578E-15));
#3567=CARTESIAN_POINT('',(3.81051177665154,0.,6.6));
#3568=CARTESIAN_POINT('',(3.81051177665154,0.,6.6));
#3569=CARTESIAN_POINT('',(3.81051177665154,0.,6.6));
#3570=CARTESIAN_POINT('',(3.81051177665154,0.,6.6));
#3571=CARTESIAN_POINT('',(3.81051177665154,4.5,6.6));
#3572=CARTESIAN_POINT('',(3.81051177665154,4.5,6.6));
#3573=CARTESIAN_POINT('',(-3.81051177665153,0.,6.6));
#3574=CARTESIAN_POINT('',(-3.81051177665153,0.,6.6));
#3575=CARTESIAN_POINT('',(-3.81051177665153,4.5,6.6));
#3576=CARTESIAN_POINT('',(0.,7.5,0.));
#3577=CARTESIAN_POINT('',(0.,16.5,12.));
#3578=CARTESIAN_POINT('',(-1.46957615897682E-15,16.5,12.));
#3579=CARTESIAN_POINT('',(-1.46957615897682E-15,7.5,12.));
#3580=CARTESIAN_POINT('',(0.,16.5,0.));
#3581=CARTESIAN_POINT('',(7.34788079488414E-16,16.5,-12.));
#3582=CARTESIAN_POINT('',(-1.46957615897682E-15,7.5,-12.));
#3583=CARTESIAN_POINT('',(7.34788079488414E-16,7.5,-12.));
#3584=CARTESIAN_POINT('',(0.,7.5,0.));
#3585=CARTESIAN_POINT('',(0.,16.5,0.));
#3586=CARTESIAN_POINT('',(0.,-4.5,-4.));
#3587=CARTESIAN_POINT('',(-4.89858719658941E-16,4.5,-4.));
#3588=CARTESIAN_POINT('',(2.44929359829471E-16,7.5,-4.));
#3589=CARTESIAN_POINT('',(0.,4.5,0.));
#3590=CARTESIAN_POINT('',(2.44929359829471E-16,4.5,4.));
#3591=CARTESIAN_POINT('',(-4.89858719658941E-16,7.5,4.));
#3592=CARTESIAN_POINT('',(-2.44929359829471E-16,7.5,4.));
#3593=CARTESIAN_POINT('',(0.,7.5,0.));
#3594=CARTESIAN_POINT('',(0.,4.5,0.));
#3595=CARTESIAN_POINT('',(0.,7.5,0.));
#3596=CARTESIAN_POINT('',(0.,7.5,0.));
#3597=CARTESIAN_POINT('',(0.,16.5,0.));
#3598=CARTESIAN_POINT('',(0.,16.5,0.));
#3599=CARTESIAN_POINT('',(5.66575284309612,16.5,-12.5832922846506));
#3600=CARTESIAN_POINT('',(11.7373386264276,16.5,-31.2697118945565));
#3601=CARTESIAN_POINT('',(0.,16.5,0.));
#3602=CARTESIAN_POINT('',(26.1122261556909,16.5,-20.8257447692526));
#3603=CARTESIAN_POINT('',(10.2166082093189,16.5,-9.27690232228832));
#3604=CARTESIAN_POINT('',(11.9799639661963,16.5,-6.84985133916345));
#3605=CARTESIAN_POINT('',(27.8755819125683,16.5,-18.3986937861277));
#3606=CARTESIAN_POINT('',(0.,16.5,0.));
#3607=CARTESIAN_POINT('',(33.3663003642897,16.5,-1.5));
#3608=CARTESIAN_POINT('',(13.7182360382084,16.5,-1.5));
#3609=CARTESIAN_POINT('',(13.7182360382084,16.5,1.5));
#3610=CARTESIAN_POINT('',(33.3663003642897,16.5,1.49999999999999));
#3611=CARTESIAN_POINT('',(0.,16.5,0.));
#3612=CARTESIAN_POINT('',(27.8755819125681,16.5,18.3986937861281));
#3613=CARTESIAN_POINT('',(11.9799639661962,16.5,6.84985133916363));
#3614=CARTESIAN_POINT('',(10.2166082093187,16.5,9.27690232228847));
#3615=CARTESIAN_POINT('',(26.1122261556906,16.5,20.8257447692529));
#3616=CARTESIAN_POINT('',(0.,16.5,0.));
#3617=CARTESIAN_POINT('',(11.7373386264272,16.5,31.2697118945567));
#3618=CARTESIAN_POINT('',(5.66575284309595,16.5,12.5832922846507));
#3619=CARTESIAN_POINT('',(2.81258329421048,16.5,13.5103432677756));
#3620=CARTESIAN_POINT('',(8.88416907754171,16.5,32.1967628776815));
#3621=CARTESIAN_POINT('',(0.,16.5,0.));
#3622=CARTESIAN_POINT('',(-8.88416907754193,16.5,32.1967628776815));
#3623=CARTESIAN_POINT('',(-2.81258329421058,16.5,13.5103432677755));
#3624=CARTESIAN_POINT('',(-5.66575284309604,16.5,12.5832922846507));
#3625=CARTESIAN_POINT('',(-11.7373386264274,16.5,31.2697118945566));
#3626=CARTESIAN_POINT('',(0.,16.5,0.));
#3627=CARTESIAN_POINT('',(-26.1122261556908,16.5,20.8257447692527));
#3628=CARTESIAN_POINT('',(-10.2166082093188,16.5,9.27690232228839));
#3629=CARTESIAN_POINT('',(-11.9799639661962,16.5,6.84985133916354));
#3630=CARTESIAN_POINT('',(-27.8755819125682,16.5,18.3986937861279));
#3631=CARTESIAN_POINT('',(0.,16.5,0.));
#3632=CARTESIAN_POINT('',(-33.3663003642897,16.5,1.5));
#3633=CARTESIAN_POINT('',(-13.7182360382084,16.5,1.5));
#3634=CARTESIAN_POINT('',(-13.7182360382084,16.5,-1.5));
#3635=CARTESIAN_POINT('',(-33.3663003642897,16.5,-1.5));
#3636=CARTESIAN_POINT('',(0.,16.5,0.));
#3637=CARTESIAN_POINT('',(-27.8755819125679,16.5,-18.3986937861283));
#3638=CARTESIAN_POINT('',(-11.9799639661961,16.5,-6.84985133916371));
#3639=CARTESIAN_POINT('',(-10.2166082093187,16.5,-9.27690232228854));
#3640=CARTESIAN_POINT('',(-26.1122261556905,16.5,-20.8257447692531));
#3641=CARTESIAN_POINT('',(0.,16.5,0.));
#3642=CARTESIAN_POINT('',(-11.737338626427,16.5,-31.2697118945568));
#3643=CARTESIAN_POINT('',(-5.66575284309586,16.5,-12.5832922846508));
#3644=CARTESIAN_POINT('',(2.81258329421067,16.5,-13.5103432677755));
#3645=CARTESIAN_POINT('',(8.88416907754215,16.5,-32.1967628776814));
#3646=CARTESIAN_POINT('',(-2.81258329421039,16.5,-13.5103432677756));
#3647=CARTESIAN_POINT('',(-8.88416907754148,16.5,-32.1967628776816));
#3648=CARTESIAN_POINT('',(0.,16.5,0.));
#3649=CARTESIAN_POINT('',(2.91992473746808E-12,16.5,4.02101511136688E-12));
#3650=CARTESIAN_POINT('',(19.837752264871,16.5,27.3043235601545));
#3651=CARTESIAN_POINT('',(29.9870674889603,16.5,15.4867131248855));
#3652=CARTESIAN_POINT('',(29.9870674889603,16.5,15.4867131248856));
#3653=CARTESIAN_POINT('',(32.2083317474019,16.5,16.6338770600621));
#3654=CARTESIAN_POINT('',(0.,16.5,0.));
#3655=CARTESIAN_POINT('',(34.4757987156993,16.5,-11.2018660460918));
#3656=CARTESIAN_POINT('',(34.4757987156993,16.5,-11.2018660460918));
#3657=CARTESIAN_POINT('',(32.0981574249614,16.5,-10.4293235601545));
#3658=CARTESIAN_POINT('',(4.7265189899602E-12,16.5,-1.53445144460959E-12));
#3659=CARTESIAN_POINT('',(23.9952528989733,16.5,-23.7337383973591));
#3660=CARTESIAN_POINT('',(23.9952528989733,16.5,-23.7337383973591));
#3661=CARTESIAN_POINT('',(25.7726790396379,16.5,-25.4917930934599));
#3662=CARTESIAN_POINT('',(0.,16.5,0.));
#3663=CARTESIAN_POINT('',(3.44431912260112E-15,16.5,-36.25));
#3664=CARTESIAN_POINT('',(3.44431912260074E-15,16.5,-36.25));
#3665=CARTESIAN_POINT('',(-4.14597207476723E-15,16.5,-33.75));
#3666=CARTESIAN_POINT('',(1.22464679914685E-15,16.5,-4.96935825822198E-12));
#3667=CARTESIAN_POINT('',(-15.1571856287454,16.5,-30.1549701345519));
#3668=CARTESIAN_POINT('',(-15.1571856287454,16.5,-30.1549701345519));
#3669=CARTESIAN_POINT('',(-16.2799401197637,16.5,-32.3886716260002));
#3670=CARTESIAN_POINT('',(0.,16.5,0.));
#3671=CARTESIAN_POINT('',(-34.4757987156993,16.5,-11.2018660460918));
#3672=CARTESIAN_POINT('',(-34.4757987156993,16.5,-11.2018660460918));
#3673=CARTESIAN_POINT('',(-32.0981574249614,16.5,-10.4293235601545));
#3674=CARTESIAN_POINT('',(-4.72576211661411E-12,16.5,-1.53678086124657E-12));
#3675=CARTESIAN_POINT('',(-33.3629087913294,16.5,5.09694192446802));
#3676=CARTESIAN_POINT('',(-33.3629087913294,16.5,5.09694192446801));
#3677=CARTESIAN_POINT('',(-35.8342353684649,16.5,5.47449317813248));
#3678=CARTESIAN_POINT('',(0.,16.5,0.));
#3679=CARTESIAN_POINT('',(-21.3072153956021,16.5,29.3268660460918));
#3680=CARTESIAN_POINT('',(-21.3072153956022,16.5,29.3268660460918));
#3681=CARTESIAN_POINT('',(-19.837752264871,16.5,27.3043235601545));
#3682=CARTESIAN_POINT('',(-2.92190625761331E-12,16.5,4.01957545271127E-12));
#3683=CARTESIAN_POINT('',(-5.46222596785885,16.5,33.3050534825574));
#3684=CARTESIAN_POINT('',(-5.46222596785886,16.5,33.3050534825574));
#3685=CARTESIAN_POINT('',(-5.86683529881121,16.5,35.7720944812655));
#3686=CARTESIAN_POINT('',(0.,16.5,0.));
#3687=CARTESIAN_POINT('',(21.3072153956021,16.5,29.3268660460918));
#3688=CARTESIAN_POINT('',(21.3072153956021,16.5,29.3268660460918));
#3689=CARTESIAN_POINT('',(0.,16.5,0.));
#3690=CARTESIAN_POINT('',(33.3663003642897,16.5,-1.5));
#3691=CARTESIAN_POINT('',(33.3663003642897,0.,-1.5));
#3692=CARTESIAN_POINT('',(27.8755819125683,0.,-18.3986937861277));
#3693=CARTESIAN_POINT('',(27.8755819125683,0.,-18.3986937861277));
#3694=CARTESIAN_POINT('',(0.,0.,0.));
#3695=CARTESIAN_POINT('',(0.,16.5,0.));
#3696=CARTESIAN_POINT('',(11.7373386264276,0.,-31.2697118945565));
#3697=CARTESIAN_POINT('',(11.7373386264276,0.,-31.2697118945565));
#3698=CARTESIAN_POINT('',(0.,0.,0.));
#3699=CARTESIAN_POINT('',(26.1122261556909,0.,-20.8257447692526));
#3700=CARTESIAN_POINT('',(26.1122261556909,16.5,-20.8257447692526));
#3701=CARTESIAN_POINT('',(0.,16.5,0.));
#3702=CARTESIAN_POINT('',(27.8755819125681,16.5,18.3986937861281));
#3703=CARTESIAN_POINT('',(27.8755819125681,0.,18.3986937861281));
#3704=CARTESIAN_POINT('',(33.3663003642897,0.,1.5));
#3705=CARTESIAN_POINT('',(33.3663003642897,0.,1.5));
#3706=CARTESIAN_POINT('',(0.,0.,0.));
#3707=CARTESIAN_POINT('',(0.,16.5,0.));
#3708=CARTESIAN_POINT('',(-8.88416907754148,0.,-32.1967628776816));
#3709=CARTESIAN_POINT('',(-8.88416907754148,0.,-32.1967628776816));
#3710=CARTESIAN_POINT('',(0.,0.,0.));
#3711=CARTESIAN_POINT('',(8.88416907754216,0.,-32.1967628776814));
#3712=CARTESIAN_POINT('',(8.88416907754216,16.5,-32.1967628776814));
#3713=CARTESIAN_POINT('',(0.,16.5,0.));
#3714=CARTESIAN_POINT('',(11.7373386264272,16.5,31.2697118945567));
#3715=CARTESIAN_POINT('',(11.7373386264272,0.,31.2697118945567));
#3716=CARTESIAN_POINT('',(26.1122261556906,0.,20.8257447692529));
#3717=CARTESIAN_POINT('',(26.1122261556906,0.,20.8257447692529));
#3718=CARTESIAN_POINT('',(0.,0.,0.));
#3719=CARTESIAN_POINT('',(0.,16.5,0.));
#3720=CARTESIAN_POINT('',(-26.1122261556905,0.,-20.8257447692531));
#3721=CARTESIAN_POINT('',(-26.1122261556905,0.,-20.8257447692531));
#3722=CARTESIAN_POINT('',(0.,0.,0.));
#3723=CARTESIAN_POINT('',(-11.737338626427,0.,-31.2697118945568));
#3724=CARTESIAN_POINT('',(-11.737338626427,16.5,-31.2697118945568));
#3725=CARTESIAN_POINT('',(0.,16.5,0.));
#3726=CARTESIAN_POINT('',(-8.88416907754193,16.5,32.1967628776815));
#3727=CARTESIAN_POINT('',(-8.88416907754194,0.,32.1967628776815));
#3728=CARTESIAN_POINT('',(8.8841690775417,0.,32.1967628776815));
#3729=CARTESIAN_POINT('',(8.88416907754171,0.,32.1967628776815));
#3730=CARTESIAN_POINT('',(0.,0.,0.));
#3731=CARTESIAN_POINT('',(0.,16.5,0.));
#3732=CARTESIAN_POINT('',(-33.3663003642897,0.,-1.5));
#3733=CARTESIAN_POINT('',(-33.3663003642897,0.,-1.5));
#3734=CARTESIAN_POINT('',(0.,0.,0.));
#3735=CARTESIAN_POINT('',(-27.8755819125679,0.,-18.3986937861283));
#3736=CARTESIAN_POINT('',(-27.8755819125679,16.5,-18.3986937861283));
#3737=CARTESIAN_POINT('',(0.,16.5,0.));
#3738=CARTESIAN_POINT('',(-26.1122261556908,16.5,20.8257447692527));
#3739=CARTESIAN_POINT('',(-26.1122261556908,0.,20.8257447692527));
#3740=CARTESIAN_POINT('',(-11.7373386264274,0.,31.2697118945566));
#3741=CARTESIAN_POINT('',(-11.7373386264274,0.,31.2697118945566));
#3742=CARTESIAN_POINT('',(0.,0.,0.));
#3743=CARTESIAN_POINT('',(0.,16.5,0.));
#3744=CARTESIAN_POINT('',(-27.8755819125682,0.,18.3986937861279));
#3745=CARTESIAN_POINT('',(-27.8755819125682,0.,18.3986937861279));
#3746=CARTESIAN_POINT('',(0.,0.,0.));
#3747=CARTESIAN_POINT('',(-33.3663003642897,0.,1.5));
#3748=CARTESIAN_POINT('',(-33.3663003642897,16.5,1.5));
#3749=CARTESIAN_POINT('',(0.881677878438703,-22.6203392539239,1.21352549156243));
#3750=CARTESIAN_POINT('',(-26.1122261556908,0.,20.8257447692527));
#3751=CARTESIAN_POINT('',(-22.9571413432721,4.,18.5334414735668));
#3752=CARTESIAN_POINT('',(-22.9571413432721,4.,18.5334414735668));
#3753=CARTESIAN_POINT('',(-13.4526761868186,4.,11.6280433314583));
#3754=CARTESIAN_POINT('',(-22.9571413432721,12.5,18.5334414735668));
#3755=CARTESIAN_POINT('',(-22.9571413432721,12.5,18.5334414735668));
#3756=CARTESIAN_POINT('',(-13.4526761868186,12.5,11.6280433314583));
#3757=CARTESIAN_POINT('',(-13.4526761868186,12.5,11.6280433314583));
#3758=CARTESIAN_POINT('',(-13.4526761868186,4.,11.6280433314583));
#3759=CARTESIAN_POINT('',(0.,-20.007953054724,1.5));
#3760=CARTESIAN_POINT('',(-33.3663003642897,0.,1.5));
#3761=CARTESIAN_POINT('',(-29.4664010613631,4.,1.5));
#3762=CARTESIAN_POINT('',(-29.4664010613631,4.,1.5));
#3763=CARTESIAN_POINT('',(-17.7182360382084,4.,1.5));
#3764=CARTESIAN_POINT('',(-29.4664010613631,12.5,1.5));
#3765=CARTESIAN_POINT('',(-29.4664010613631,12.5,1.5));
#3766=CARTESIAN_POINT('',(-17.7182360382084,12.5,1.5));
#3767=CARTESIAN_POINT('',(-17.7182360382084,12.5,1.5));
#3768=CARTESIAN_POINT('',(-17.7182360382084,4.,1.5));
#3769=CARTESIAN_POINT('',(1.42658477444273,-21.6480045903645,0.463525491562428));
#3770=CARTESIAN_POINT('',(-8.88416907754193,0.,32.1967628776815));
#3771=CARTESIAN_POINT('',(-7.67903391658659,4.,28.4877382327382));
#3772=CARTESIAN_POINT('',(-7.67903391658659,4.,28.4877382327382));
#3773=CARTESIAN_POINT('',(-4.0486512717104,4.,17.3145693329561));
#3774=CARTESIAN_POINT('',(-7.67903391658659,12.5,28.4877382327382));
#3775=CARTESIAN_POINT('',(-7.67903391658659,12.5,28.4877382327382));
#3776=CARTESIAN_POINT('',(-4.04865127171038,12.5,17.3145693329561));
#3777=CARTESIAN_POINT('',(-4.04865127171039,12.5,17.3145693329561));
#3778=CARTESIAN_POINT('',(-4.04865127171039,4.,17.3145693329561));
#3779=CARTESIAN_POINT('',(-0.88167787843872,-22.6203392539239,1.21352549156241));
#3780=CARTESIAN_POINT('',(-27.8755819125679,0.,-18.3986937861283));
#3781=CARTESIAN_POINT('',(-24.7204971001493,4.,-16.1063904904423));
#3782=CARTESIAN_POINT('',(-24.7204971001493,4.,-16.1063904904423));
#3783=CARTESIAN_POINT('',(-15.2160319436959,4.,-9.20099234833365));
#3784=CARTESIAN_POINT('',(-24.7204971001493,12.5,-16.1063904904423));
#3785=CARTESIAN_POINT('',(-24.7204971001493,12.5,-16.1063904904423));
#3786=CARTESIAN_POINT('',(-15.2160319436959,12.5,-9.20099234833364));
#3787=CARTESIAN_POINT('',(-15.2160319436959,12.5,-9.20099234833365));
#3788=CARTESIAN_POINT('',(-15.2160319436959,4.,-9.20099234833364));
#3789=CARTESIAN_POINT('',(1.42658477444273,-21.6480045903645,-0.463525491562417));
#3790=CARTESIAN_POINT('',(11.7373386264272,0.,31.2697118945567));
#3791=CARTESIAN_POINT('',(10.5322034654718,4.,27.5606872496134));
#3792=CARTESIAN_POINT('',(10.5322034654718,4.,27.5606872496134));
#3793=CARTESIAN_POINT('',(6.90182082059574,4.,16.3875183498313));
#3794=CARTESIAN_POINT('',(10.5322034654718,12.5,27.5606872496134));
#3795=CARTESIAN_POINT('',(10.5322034654718,12.5,27.5606872496134));
#3796=CARTESIAN_POINT('',(6.90182082059573,12.5,16.3875183498313));
#3797=CARTESIAN_POINT('',(6.90182082059574,12.5,16.3875183498313));
#3798=CARTESIAN_POINT('',(6.90182082059573,4.,16.3875183498313));
#3799=CARTESIAN_POINT('',(-1.42658477444273,-21.6480045903644,0.463525491562407));
#3800=CARTESIAN_POINT('',(-11.737338626427,0.,-31.2697118945568));
#3801=CARTESIAN_POINT('',(-10.5322034654717,4.,-27.5606872496135));
#3802=CARTESIAN_POINT('',(-10.5322034654717,4.,-27.5606872496135));
#3803=CARTESIAN_POINT('',(-6.90182082059561,4.,-16.3875183498314));
#3804=CARTESIAN_POINT('',(-10.5322034654717,12.5,-27.5606872496135));
#3805=CARTESIAN_POINT('',(-10.5322034654717,12.5,-27.5606872496135));
#3806=CARTESIAN_POINT('',(-6.90182082059561,12.5,-16.3875183498314));
#3807=CARTESIAN_POINT('',(-6.90182082059561,12.5,-16.3875183498314));
#3808=CARTESIAN_POINT('',(-6.90182082059561,4.,-16.3875183498314));
#3809=CARTESIAN_POINT('',(0.881677878438711,-22.6203392539239,-1.21352549156242));
#3810=CARTESIAN_POINT('',(27.8755819125681,0.,18.3986937861281));
#3811=CARTESIAN_POINT('',(24.7204971001494,4.,16.1063904904421));
#3812=CARTESIAN_POINT('',(24.7204971001494,4.,16.1063904904421));
#3813=CARTESIAN_POINT('',(15.216031943696,4.,9.20099234833353));
#3814=CARTESIAN_POINT('',(24.7204971001494,12.5,16.1063904904421));
#3815=CARTESIAN_POINT('',(24.7204971001494,12.5,16.1063904904421));
#3816=CARTESIAN_POINT('',(15.2160319436959,12.5,9.20099234833352));
#3817=CARTESIAN_POINT('',(15.2160319436959,12.5,9.20099234833352));
#3818=CARTESIAN_POINT('',(15.216031943696,4.,9.20099234833353));
#3819=CARTESIAN_POINT('',(-1.42658477444273,-21.6480045903645,-0.463525491562437));
#3820=CARTESIAN_POINT('',(8.88416907754216,0.,-32.1967628776814));
#3821=CARTESIAN_POINT('',(7.67903391658678,4.,-28.4877382327382));
#3822=CARTESIAN_POINT('',(7.67903391658678,4.,-28.4877382327382));
#3823=CARTESIAN_POINT('',(4.0486512717105,4.,-17.3145693329561));
#3824=CARTESIAN_POINT('',(7.67903391658679,12.5,-28.4877382327382));
#3825=CARTESIAN_POINT('',(7.67903391658679,12.5,-28.4877382327382));
#3826=CARTESIAN_POINT('',(4.04865127171051,12.5,-17.3145693329561));
#3827=CARTESIAN_POINT('',(4.0486512717105,12.5,-17.3145693329561));
#3828=CARTESIAN_POINT('',(4.04865127171051,4.,-17.3145693329561));
#3829=CARTESIAN_POINT('',(-0.881677878438694,-22.6203392539239,-1.21352549156243));
#3830=CARTESIAN_POINT('',(26.1122261556909,0.,-20.8257447692526));
#3831=CARTESIAN_POINT('',(13.4526761868187,4.,-11.6280433314582));
#3832=CARTESIAN_POINT('',(13.4526761868187,4.,-11.6280433314582));
#3833=CARTESIAN_POINT('',(13.4526761868187,12.5,-11.6280433314582));
#3834=CARTESIAN_POINT('',(22.9571413432723,4.,-18.5334414735666));
#3835=CARTESIAN_POINT('',(22.9571413432723,4.,-18.5334414735666));
#3836=CARTESIAN_POINT('',(22.9571413432723,12.5,-18.5334414735666));
#3837=CARTESIAN_POINT('',(22.9571413432723,12.5,-18.5334414735666));
#3838=CARTESIAN_POINT('',(13.4526761868187,12.5,-11.6280433314582));
#3839=CARTESIAN_POINT('',(0.,-20.007953054724,-1.5));
#3840=CARTESIAN_POINT('',(33.3663003642897,0.,-1.5));
#3841=CARTESIAN_POINT('',(17.7182360382084,4.,-1.5));
#3842=CARTESIAN_POINT('',(17.7182360382084,4.,-1.5));
#3843=CARTESIAN_POINT('',(17.7182360382084,12.5,-1.5));
#3844=CARTESIAN_POINT('',(29.4664010613631,4.,-1.5));
#3845=CARTESIAN_POINT('',(29.4664010613631,4.,-1.5));
#3846=CARTESIAN_POINT('',(29.4664010613631,12.5,-1.5));
#3847=CARTESIAN_POINT('',(29.4664010613631,12.5,-1.5));
#3848=CARTESIAN_POINT('',(17.7182360382084,12.5,-1.5));
#3849=CARTESIAN_POINT('',(0.,-20.007953054724,1.5));
#3850=CARTESIAN_POINT('',(33.3663003642897,0.,1.5));
#3851=CARTESIAN_POINT('',(29.4664010613631,4.,1.5));
#3852=CARTESIAN_POINT('',(29.4664010613631,4.,1.5));
#3853=CARTESIAN_POINT('',(17.7182360382084,4.,1.5));
#3854=CARTESIAN_POINT('',(17.7182360382084,4.,1.5));
#3855=CARTESIAN_POINT('',(17.7182360382084,12.5,1.5));
#3856=CARTESIAN_POINT('',(17.7182360382084,12.5,1.5));
#3857=CARTESIAN_POINT('',(29.4664010613631,12.5,1.5));
#3858=CARTESIAN_POINT('',(29.4664010613631,12.5,1.5));
#3859=CARTESIAN_POINT('',(29.4664010613631,4.,38.001));
#3860=CARTESIAN_POINT('',(29.4664010613631,4.,1.5));
#3861=CARTESIAN_POINT('',(17.7182360382084,4.,1.5));
#3862=CARTESIAN_POINT('',(17.7182360382084,12.5,38.001));
#3863=CARTESIAN_POINT('',(17.7182360382084,12.5,1.5));
#3864=CARTESIAN_POINT('',(29.4664010613631,12.5,38.001));
#3865=CARTESIAN_POINT('',(29.4664010613631,12.5,1.5));
#3866=CARTESIAN_POINT('',(29.4664010613631,12.5,38.001));
#3867=CARTESIAN_POINT('',(-0.881677878438711,-22.6203392539239,1.21352549156242));
#3868=CARTESIAN_POINT('',(26.1122261556906,0.,20.8257447692529));
#3869=CARTESIAN_POINT('',(22.957141343272,12.5,18.533441473567));
#3870=CARTESIAN_POINT('',(22.957141343272,12.5,18.533441473567));
#3871=CARTESIAN_POINT('',(22.957141343272,4.,18.533441473567));
#3872=CARTESIAN_POINT('',(22.957141343272,4.,18.533441473567));
#3873=CARTESIAN_POINT('',(13.4526761868185,4.,11.6280433314584));
#3874=CARTESIAN_POINT('',(13.4526761868185,4.,11.6280433314584));
#3875=CARTESIAN_POINT('',(13.4526761868185,12.5,11.6280433314584));
#3876=CARTESIAN_POINT('',(13.4526761868185,12.5,11.6280433314584));
#3877=CARTESIAN_POINT('',(-1.42658477444273,-21.6480045903645,0.463525491562417));
#3878=CARTESIAN_POINT('',(8.8841690775417,0.,32.1967628776815));
#3879=CARTESIAN_POINT('',(7.67903391658639,12.5,28.4877382327383));
#3880=CARTESIAN_POINT('',(7.67903391658639,12.5,28.4877382327383));
#3881=CARTESIAN_POINT('',(7.67903391658639,4.,28.4877382327383));
#3882=CARTESIAN_POINT('',(7.67903391658639,4.,28.4877382327383));
#3883=CARTESIAN_POINT('',(4.04865127171027,4.,17.3145693329562));
#3884=CARTESIAN_POINT('',(4.04865127171026,4.,17.3145693329562));
#3885=CARTESIAN_POINT('',(4.04865127171027,12.5,17.3145693329562));
#3886=CARTESIAN_POINT('',(4.04865127171026,12.5,17.3145693329562));
#3887=CARTESIAN_POINT('',(-1.42658477444273,-21.6480045903645,-0.463525491562428));
#3888=CARTESIAN_POINT('',(-11.7373386264274,0.,31.2697118945566));
#3889=CARTESIAN_POINT('',(-10.5322034654721,12.5,27.5606872496134));
#3890=CARTESIAN_POINT('',(-10.5322034654721,12.5,27.5606872496134));
#3891=CARTESIAN_POINT('',(-10.5322034654721,4.,27.5606872496134));
#3892=CARTESIAN_POINT('',(-10.5322034654721,4.,27.5606872496134));
#3893=CARTESIAN_POINT('',(-6.90182082059586,4.,16.3875183498313));
#3894=CARTESIAN_POINT('',(-6.90182082059585,4.,16.3875183498313));
#3895=CARTESIAN_POINT('',(-6.90182082059585,12.5,16.3875183498313));
#3896=CARTESIAN_POINT('',(-6.90182082059584,12.5,16.3875183498313));
#3897=CARTESIAN_POINT('',(-0.881677878438703,-22.6203392539239,-1.21352549156243));
#3898=CARTESIAN_POINT('',(-27.8755819125682,0.,18.3986937861279));
#3899=CARTESIAN_POINT('',(-24.7204971001496,12.5,16.106390490442));
#3900=CARTESIAN_POINT('',(-24.7204971001496,12.5,16.106390490442));
#3901=CARTESIAN_POINT('',(-24.7204971001496,4.,16.106390490442));
#3902=CARTESIAN_POINT('',(-24.7204971001496,4.,16.106390490442));
#3903=CARTESIAN_POINT('',(-15.216031943696,4.,9.20099234833341));
#3904=CARTESIAN_POINT('',(-15.216031943696,4.,9.20099234833342));
#3905=CARTESIAN_POINT('',(-15.216031943696,12.5,9.2009923483334));
#3906=CARTESIAN_POINT('',(-15.216031943696,12.5,9.20099234833341));
#3907=CARTESIAN_POINT('',(0.,-20.007953054724,-1.5));
#3908=CARTESIAN_POINT('',(-33.3663003642897,0.,-1.5));
#3909=CARTESIAN_POINT('',(-29.4664010613631,12.5,-1.5));
#3910=CARTESIAN_POINT('',(-29.4664010613631,12.5,-1.5));
#3911=CARTESIAN_POINT('',(-29.4664010613631,4.,-1.5));
#3912=CARTESIAN_POINT('',(-29.4664010613631,4.,-1.5));
#3913=CARTESIAN_POINT('',(-17.7182360382084,4.,-1.5));
#3914=CARTESIAN_POINT('',(-17.7182360382084,4.,-1.5));
#3915=CARTESIAN_POINT('',(-17.7182360382084,12.5,-1.5));
#3916=CARTESIAN_POINT('',(-17.7182360382084,12.5,-1.5));
#3917=CARTESIAN_POINT('',(0.88167787843872,-22.6203392539239,-1.21352549156241));
#3918=CARTESIAN_POINT('',(-26.1122261556905,0.,-20.8257447692531));
#3919=CARTESIAN_POINT('',(-22.9571413432719,12.5,-18.5334414735671));
#3920=CARTESIAN_POINT('',(-22.9571413432719,12.5,-18.5334414735671));
#3921=CARTESIAN_POINT('',(-22.9571413432719,4.,-18.5334414735671));
#3922=CARTESIAN_POINT('',(-22.9571413432719,4.,-18.5334414735671));
#3923=CARTESIAN_POINT('',(-13.4526761868184,4.,-11.6280433314585));
#3924=CARTESIAN_POINT('',(-13.4526761868184,4.,-11.6280433314585));
#3925=CARTESIAN_POINT('',(-13.4526761868184,12.5,-11.6280433314585));
#3926=CARTESIAN_POINT('',(-13.4526761868184,12.5,-11.6280433314585));
#3927=CARTESIAN_POINT('',(1.42658477444273,-21.6480045903644,-0.463525491562407));
#3928=CARTESIAN_POINT('',(-8.88416907754148,0.,-32.1967628776816));
#3929=CARTESIAN_POINT('',(-7.67903391658619,12.5,-28.4877382327383));
#3930=CARTESIAN_POINT('',(-7.6790339165862,12.5,-28.4877382327383));
#3931=CARTESIAN_POINT('',(-7.6790339165862,4.,-28.4877382327383));
#3932=CARTESIAN_POINT('',(-7.67903391658619,4.,-28.4877382327383));
#3933=CARTESIAN_POINT('',(-4.04865127171014,4.,-17.3145693329562));
#3934=CARTESIAN_POINT('',(-4.04865127171014,4.,-17.3145693329562));
#3935=CARTESIAN_POINT('',(-4.04865127171014,12.5,-17.3145693329562));
#3936=CARTESIAN_POINT('',(-4.04865127171014,12.5,-17.3145693329562));
#3937=CARTESIAN_POINT('',(1.42658477444273,-21.6480045903645,0.463525491562437));
#3938=CARTESIAN_POINT('',(11.7373386264276,0.,-31.2697118945565));
#3939=CARTESIAN_POINT('',(10.5322034654722,12.5,-27.5606872496133));
#3940=CARTESIAN_POINT('',(10.5322034654722,12.5,-27.5606872496133));
#3941=CARTESIAN_POINT('',(10.5322034654722,4.,-27.5606872496133));
#3942=CARTESIAN_POINT('',(10.5322034654722,4.,-27.5606872496133));
#3943=CARTESIAN_POINT('',(6.90182082059596,4.,-16.3875183498312));
#3944=CARTESIAN_POINT('',(6.90182082059596,4.,-16.3875183498312));
#3945=CARTESIAN_POINT('',(6.90182082059596,12.5,-16.3875183498312));
#3946=CARTESIAN_POINT('',(6.90182082059596,12.5,-16.3875183498312));
#3947=CARTESIAN_POINT('',(0.881677878438694,-22.6203392539239,1.21352549156243));
#3948=CARTESIAN_POINT('',(27.8755819125683,0.,-18.3986937861277));
#3949=CARTESIAN_POINT('',(24.7204971001497,4.,-16.1063904904418));
#3950=CARTESIAN_POINT('',(24.7204971001497,4.,-16.1063904904418));
#3951=CARTESIAN_POINT('',(15.2160319436961,4.,-9.2009923483333));
#3952=CARTESIAN_POINT('',(15.2160319436961,4.,-9.20099234833329));
#3953=CARTESIAN_POINT('',(15.2160319436961,12.5,-9.2009923483333));
#3954=CARTESIAN_POINT('',(15.2160319436961,12.5,-9.2009923483333));
#3955=CARTESIAN_POINT('',(24.7204971001497,12.5,-16.1063904904418));
#3956=CARTESIAN_POINT('',(24.7204971001497,12.5,-16.1063904904418));
#3957=CARTESIAN_POINT('',(55.0383911579552,4.,25.6226107574834));
#3958=CARTESIAN_POINT('',(24.7204971001497,4.,-16.1063904904418));
#3959=CARTESIAN_POINT('',(15.2160319436961,4.,-9.20099234833329));
#3960=CARTESIAN_POINT('',(45.5339260015016,12.5,32.5280088995918));
#3961=CARTESIAN_POINT('',(15.2160319436961,12.5,-9.2009923483333));
#3962=CARTESIAN_POINT('',(55.0383911579552,12.5,25.6226107574834));
#3963=CARTESIAN_POINT('',(24.7204971001497,12.5,-16.1063904904418));
#3964=CARTESIAN_POINT('',(55.0383911579552,12.5,25.6226107574834));
#3965=CARTESIAN_POINT('',(54.646059778834,12.5,-13.2272264566132));
#3966=CARTESIAN_POINT('',(6.90182082059596,12.5,-16.3875183498312));
#3967=CARTESIAN_POINT('',(10.5322034654722,12.5,-27.5606872496133));
#3968=CARTESIAN_POINT('',(54.646059778834,4.,-13.2272264566132));
#3969=CARTESIAN_POINT('',(10.5322034654722,4.,-27.5606872496133));
#3970=CARTESIAN_POINT('',(6.90182082059596,4.,-16.3875183498312));
#3971=CARTESIAN_POINT('',(54.646059778834,12.5,-13.2272264566132));
#3972=CARTESIAN_POINT('',(51.0156771339577,12.5,-2.05405755683112));
#3973=CARTESIAN_POINT('',(36.4348223967753,12.5,-42.8211990257374));
#3974=CARTESIAN_POINT('',(-4.04865127171014,12.5,-17.3145693329562));
#3975=CARTESIAN_POINT('',(-7.67903391658619,12.5,-28.4877382327383));
#3976=CARTESIAN_POINT('',(36.4348223967753,4.,-42.8211990257374));
#3977=CARTESIAN_POINT('',(-7.67903391658619,4.,-28.4877382327383));
#3978=CARTESIAN_POINT('',(-4.04865127171014,4.,-17.3145693329562));
#3979=CARTESIAN_POINT('',(36.4348223967753,12.5,-42.8211990257374));
#3980=CARTESIAN_POINT('',(40.0652050416514,12.5,-31.6480301259552));
#3981=CARTESIAN_POINT('',(7.3607527145347,12.5,-60.2624427214918));
#3982=CARTESIAN_POINT('',(-13.4526761868184,12.5,-11.6280433314585));
#3983=CARTESIAN_POINT('',(-22.9571413432719,12.5,-18.5334414735671));
#3984=CARTESIAN_POINT('',(7.3607527145347,4.,-60.2624427214918));
#3985=CARTESIAN_POINT('',(-22.9571413432719,4.,-18.5334414735671));
#3986=CARTESIAN_POINT('',(-13.4526761868184,4.,-11.6280433314585));
#3987=CARTESIAN_POINT('',(7.3607527145347,12.5,-60.2624427214918));
#3988=CARTESIAN_POINT('',(16.8652178709881,12.5,-53.3570445793831));
#3989=CARTESIAN_POINT('',(-29.4664010613631,12.5,-38.001));
#3990=CARTESIAN_POINT('',(-17.7182360382084,12.5,-1.5));
#3991=CARTESIAN_POINT('',(-29.4664010613631,12.5,-1.5));
#3992=CARTESIAN_POINT('',(-29.4664010613631,4.,-38.001));
#3993=CARTESIAN_POINT('',(-29.4664010613631,4.,-1.5));
#3994=CARTESIAN_POINT('',(-17.7182360382084,4.,-1.5));
#3995=CARTESIAN_POINT('',(-29.4664010613631,12.5,-38.001));
#3996=CARTESIAN_POINT('',(-17.7182360382084,12.5,-38.001));
#3997=CARTESIAN_POINT('',(-55.0383911579555,12.5,-25.622610757483));
#3998=CARTESIAN_POINT('',(-15.216031943696,12.5,9.20099234833341));
#3999=CARTESIAN_POINT('',(-24.7204971001496,12.5,16.106390490442));
#4000=CARTESIAN_POINT('',(-55.0383911579555,4.,-25.622610757483));
#4001=CARTESIAN_POINT('',(-24.7204971001496,4.,16.106390490442));
#4002=CARTESIAN_POINT('',(-15.216031943696,4.,9.20099234833342));
#4003=CARTESIAN_POINT('',(-55.0383911579555,12.5,-25.622610757483));
#4004=CARTESIAN_POINT('',(-45.5339260015019,12.5,-32.5280088995916));
#4005=CARTESIAN_POINT('',(-54.6460597788337,12.5,13.2272264566136));
#4006=CARTESIAN_POINT('',(-6.90182082059584,12.5,16.3875183498313));
#4007=CARTESIAN_POINT('',(-10.5322034654721,12.5,27.5606872496134));
#4008=CARTESIAN_POINT('',(-54.6460597788337,4.,13.2272264566136));
#4009=CARTESIAN_POINT('',(-10.5322034654721,4.,27.5606872496134));
#4010=CARTESIAN_POINT('',(-6.90182082059585,4.,16.3875183498313));
#4011=CARTESIAN_POINT('',(-54.6460597788337,12.5,13.2272264566136));
#4012=CARTESIAN_POINT('',(-51.0156771339575,12.5,2.05405755683154));
#4013=CARTESIAN_POINT('',(-36.4348223967752,12.5,42.8211990257377));
#4014=CARTESIAN_POINT('',(4.04865127171026,12.5,17.3145693329562));
#4015=CARTESIAN_POINT('',(7.67903391658639,12.5,28.4877382327383));
#4016=CARTESIAN_POINT('',(-36.4348223967752,4.,42.8211990257377));
#4017=CARTESIAN_POINT('',(7.67903391658639,4.,28.4877382327383));
#4018=CARTESIAN_POINT('',(4.04865127171026,4.,17.3145693329562));
#4019=CARTESIAN_POINT('',(-36.4348223967752,12.5,42.8211990257377));
#4020=CARTESIAN_POINT('',(-40.0652050416513,12.5,31.6480301259556));
#4021=CARTESIAN_POINT('',(-7.36075271453421,12.5,60.2624427214918));
#4022=CARTESIAN_POINT('',(13.4526761868185,12.5,11.6280433314584));
#4023=CARTESIAN_POINT('',(22.957141343272,12.5,18.533441473567));
#4024=CARTESIAN_POINT('',(-7.36075271453421,4.,60.2624427214918));
#4025=CARTESIAN_POINT('',(22.957141343272,4.,18.533441473567));
#4026=CARTESIAN_POINT('',(13.4526761868185,4.,11.6280433314584));
#4027=CARTESIAN_POINT('',(-7.36075271453421,12.5,60.2624427214918));
#4028=CARTESIAN_POINT('',(-16.8652178709877,12.5,53.3570445793832));
#4029=CARTESIAN_POINT('',(0.,2.22044604925031E-15,0.));
#4030=CARTESIAN_POINT('',(25.7726790396379,16.5,-25.4917930934599));
#4031=CARTESIAN_POINT('',(25.7726790396379,27.53,-25.4917930934599));
#4032=CARTESIAN_POINT('',(4.7265189899602E-12,27.5300000000003,-1.53445144460959E-12));
#4033=CARTESIAN_POINT('',(28.4281821840411,41.5,-22.4922421672662));
#4034=CARTESIAN_POINT('',(0.,41.5,0.));
#4035=CARTESIAN_POINT('',(-4.,41.5,-36.0286344453963));
#4036=CARTESIAN_POINT('',(1.22464679914685E-15,27.5299999999996,-4.96935825822198E-12));
#4037=CARTESIAN_POINT('',(3.44431912260112E-15,27.53,-36.25));
#4038=CARTESIAN_POINT('',(3.44431912260112E-15,16.5,-36.25));
#4039=CARTESIAN_POINT('',(32.2083317474019,16.5,16.6338770600621));
#4040=CARTESIAN_POINT('',(32.2083317474019,27.53,16.6338770600621));
#4041=CARTESIAN_POINT('',(2.91992473746808E-12,27.53,4.02101511136688E-12));
#4042=CARTESIAN_POINT('',(30.1761848933229,41.5,20.086322841276));
#4043=CARTESIAN_POINT('',(33.0291995850104,41.5,-14.9376863929307));
#4044=CARTESIAN_POINT('',(4.7265189899602E-12,27.5299999999997,-1.53445144460959E-12));
#4045=CARTESIAN_POINT('',(34.4757987156993,27.53,-11.2018660460918));
#4046=CARTESIAN_POINT('',(34.4757987156993,16.5,-11.2018660460918));
#4047=CARTESIAN_POINT('',(-5.86683529881121,16.5,35.7720944812655));
#4048=CARTESIAN_POINT('',(-5.86683529881121,27.53,35.7720944812655));
#4049=CARTESIAN_POINT('',(-2.92190625761331E-12,27.53,4.01957545271127E-12));
#4050=CARTESIAN_POINT('',(-9.77827426916642,41.5,34.9062723921781));
#4051=CARTESIAN_POINT('',(24.4131679647403,41.5,26.7966365412783));
#4052=CARTESIAN_POINT('',(2.91992473746808E-12,27.5299999999995,4.02101511136688E-12));
#4053=CARTESIAN_POINT('',(21.3072153956021,27.53,29.3268660460918));
#4054=CARTESIAN_POINT('',(21.3072153956021,16.5,29.3268660460918));
#4055=CARTESIAN_POINT('',(-35.8342353684649,16.5,5.47449317813248));
#4056=CARTESIAN_POINT('',(-35.8342353684649,27.53,5.47449317813248));
#4057=CARTESIAN_POINT('',(-4.72576211661411E-12,27.5300000000001,-1.53678086124657E-12));
#4058=CARTESIAN_POINT('',(-36.2194907429863,41.5,1.48693991765213));
#4059=CARTESIAN_POINT('',(-17.9410320097408,41.5,31.4989185596181));
#4060=CARTESIAN_POINT('',(-2.92190625761331E-12,27.5299999999994,4.01957545271127E-12));
#4061=CARTESIAN_POINT('',(-21.3072153956021,27.53,29.3268660460918));
#4062=CARTESIAN_POINT('',(-21.3072153956021,16.5,29.3268660460918));
#4063=CARTESIAN_POINT('',(-16.2799401197637,16.5,-32.3886716260002));
#4064=CARTESIAN_POINT('',(-16.2799401197637,27.53,-32.3886716260002));
#4065=CARTESIAN_POINT('',(1.22464679914685E-15,27.5300000000001,-4.96935825822198E-12));
#4066=CARTESIAN_POINT('',(-12.6066020652113,41.5,-33.9872929838401));
#4067=CARTESIAN_POINT('',(-35.50133554001,41.5,-7.32923426256946));
#4068=CARTESIAN_POINT('',(-4.72576211661411E-12,27.5299999999997,-1.53678086124657E-12));
#4069=CARTESIAN_POINT('',(-34.4757987156993,27.53,-11.2018660460918));
#4070=CARTESIAN_POINT('',(-34.4757987156993,16.5,-11.2018660460918));
#4071=CARTESIAN_POINT('',(0.,2.22044604925031E-15,0.));
#4072=CARTESIAN_POINT('',(0.,41.5,0.));
#4073=CARTESIAN_POINT('',(38.25,41.5,0.));
#4074=CARTESIAN_POINT('',(0.,2.22044604925031E-15,0.));
#4075=CARTESIAN_POINT('',(38.25,2.22044604925031E-15,0.));
#4076=CARTESIAN_POINT('',(0.,2.22044604925031E-15,0.));
#4077=CARTESIAN_POINT('',(4.7265189899602E-12,41.,-1.53445144460959E-12));
#4078=CARTESIAN_POINT('',(27.3548884233049,41.5,-21.4306457986809));
#4079=CARTESIAN_POINT('',(19.5632756469365,32.7795798005633,-17.2359096885443));
#4080=CARTESIAN_POINT('',(14.7739660812052,27.53,-14.612950633988));
#4081=CARTESIAN_POINT('',(27.3548884233049,41.5,-21.4306457986809));
#4082=CARTESIAN_POINT('',(26.4610830623819,40.5,-20.9493098493889));
#4083=CARTESIAN_POINT('',(4.7265189899602E-12,40.5,-1.53445144460959E-12));
#4084=CARTESIAN_POINT('',(30.7556613529383,40.5,-13.8979061280242));
#4085=CARTESIAN_POINT('',(19.7629544086131,27.53,-6.42137314311137));
#4086=CARTESIAN_POINT('',(24.2911177715842,32.7795798005553,-9.47311639516252));
#4087=CARTESIAN_POINT('',(31.5934675991718,41.5,-14.4711887922201));
#4088=CARTESIAN_POINT('',(31.5934675991718,41.5,-14.4711887922201));
#4089=CARTESIAN_POINT('',(4.7265189899602E-12,41.5,-1.53445144460959E-12));
#4090=CARTESIAN_POINT('',(32.0274485873892,34.515,-12.509273314606));
#4091=CARTESIAN_POINT('',(4.7265189899602E-12,27.5299999999997,-1.53445144460959E-12));
#4092=CARTESIAN_POINT('',(32.0981574249614,27.53,-10.4293235601545));
#4093=CARTESIAN_POINT('',(32.6454825761391,27.53,-10.6071602820157));
#4094=CARTESIAN_POINT('',(31.4094145986393,41.5,-14.4113863471964));
#4095=CARTESIAN_POINT('',(4.7265189899602E-12,16.5,-1.53445144460959E-12));
#4096=CARTESIAN_POINT('',(4.7265189899602E-12,27.5300000000003,-1.53445144460959E-12));
#4097=CARTESIAN_POINT('',(23.9952528989733,27.53,-23.7337383973591));
#4098=CARTESIAN_POINT('',(23.9952528989733,16.5,-23.7337383973591));
#4099=CARTESIAN_POINT('',(32.0981574249614,16.5,-10.4293235601545));
#4100=CARTESIAN_POINT('',(25.8108542671959,34.515,-22.7164958537825));
#4101=CARTESIAN_POINT('',(27.2172980240766,41.5,-21.2945549412508));
#4102=CARTESIAN_POINT('',(24.4044105103153,27.53,-24.1384367663142));
#4103=CARTESIAN_POINT('',(33.2869780703304,16.5,-10.8155948031232));
#4104=CARTESIAN_POINT('',(24.8839659693056,16.5,-24.6127657454095));
#4105=CARTESIAN_POINT('',(-2.92190625761331E-12,41.,4.01957545271127E-12));
#4106=CARTESIAN_POINT('',(-9.53395206611587,41.5,33.4165566448876));
#4107=CARTESIAN_POINT('',(-5.69600893924141,32.7795798005622,25.4431487633449));
#4108=CARTESIAN_POINT('',(-3.36311275887804,27.53,20.5060447812601));
#4109=CARTESIAN_POINT('',(-9.53395206611586,41.5,33.4165566448876));
#4110=CARTESIAN_POINT('',(-9.09377051185782,40.5,32.5017820723363));
#4111=CARTESIAN_POINT('',(-2.92190625761331E-12,40.5,4.01957545271127E-12));
#4112=CARTESIAN_POINT('',(-16.7128684479701,40.5,29.321366411558));
#4113=CARTESIAN_POINT('',(-12.2141775426375,27.53,16.8113731431113));
#4114=CARTESIAN_POINT('',(-14.0837689792552,32.7795798005748,21.9418729412341));
#4115=CARTESIAN_POINT('',(-17.0537008437572,41.5,30.2776119852877));
#4116=CARTESIAN_POINT('',(-17.0537008437571,41.5,30.2776119852876));
#4117=CARTESIAN_POINT('',(-2.92190625761331E-12,41.5,4.01957545271127E-12));
#4118=CARTESIAN_POINT('',(-18.5579838224465,34.515,28.9454766470201));
#4119=CARTESIAN_POINT('',(-2.92190625761331E-12,27.5299999999994,4.01957545271127E-12));
#4120=CARTESIAN_POINT('',(-19.837752264871,27.53,27.3043235601545));
#4121=CARTESIAN_POINT('',(-20.1760178111964,27.53,27.7699061424351));
#4122=CARTESIAN_POINT('',(-16.9399498336966,41.5,30.121047151605));
#4123=CARTESIAN_POINT('',(-2.92190625761331E-12,16.5,4.01957545271127E-12));
#4124=CARTESIAN_POINT('',(-2.92190625761331E-12,27.53,4.01957545271127E-12));
#4125=CARTESIAN_POINT('',(-5.46222596785885,27.53,33.3050534825574));
#4126=CARTESIAN_POINT('',(-5.46222596785885,16.5,33.3050534825574));
#4127=CARTESIAN_POINT('',(-19.837752264871,16.5,27.3043235601545));
#4128=CARTESIAN_POINT('',(-7.52899849488016,34.515,33.5492706856861));
#4129=CARTESIAN_POINT('',(-9.50263129384658,41.5,33.2255832209242));
#4130=CARTESIAN_POINT('',(-5.55536569591374,27.53,33.872958150448));
#4131=CARTESIAN_POINT('',(-20.5724838302366,16.5,28.3155948031232));
#4132=CARTESIAN_POINT('',(-5.66453063333504,16.5,34.5385739819115));
#4133=CARTESIAN_POINT('',(1.22464679914684E-15,41.,-4.96935825822198E-12));
#4134=CARTESIAN_POINT('',(-11.9286299332171,41.5,-32.6384786397335));
#4135=CARTESIAN_POINT('',(-10.3469395830199,32.7795798005635,-23.9319697913694));
#4136=CARTESIAN_POINT('',(-9.3323353293422,27.53,-18.5665267969183));
#4137=CARTESIAN_POINT('',(-11.9286299332171,41.5,-32.6384786397334));
#4138=CARTESIAN_POINT('',(-11.7470532883045,40.5,-31.6396782385933));
#4139=CARTESIAN_POINT('',(1.22464679914685E-15,40.5,-4.96935825822198E-12));
#4140=CARTESIAN_POINT('',(-3.71367215461704,40.5,-33.5450613224662));
#4141=CARTESIAN_POINT('',(-4.36960790610761E-14,27.53,-20.7799999999999));
#4142=CARTESIAN_POINT('',(-1.50310087346333,32.7795798005706,-26.0295798005705));
#4143=CARTESIAN_POINT('',(-4.,41.5,-34.5190164981565));
#4144=CARTESIAN_POINT('',(-4.,41.5,-34.5190164981565));
#4145=CARTESIAN_POINT('',(1.22464679914684E-15,41.5,-4.96935825822198E-12));
#4146=CARTESIAN_POINT('',(-2.,34.515,-34.3254917208388));
#4147=CARTESIAN_POINT('',(1.22464679914685E-15,27.5299999999996,-4.96935825822198E-12));
#4148=CARTESIAN_POINT('',(-4.14597207476723E-15,27.53,-33.75));
#4149=CARTESIAN_POINT('',(-2.77555756156289E-15,27.53,-34.3254917208388));
#4150=CARTESIAN_POINT('',(-4.,41.5,-34.3254917208388));
#4151=CARTESIAN_POINT('',(1.22464679914685E-15,16.5,-4.96935825822198E-12));
#4152=CARTESIAN_POINT('',(1.22464679914685E-15,27.5300000000001,-4.96935825822198E-12));
#4153=CARTESIAN_POINT('',(-15.1571856287454,27.53,-30.1549701345519));
#4154=CARTESIAN_POINT('',(-15.1571856287454,16.5,-30.1549701345519));
#4155=CARTESIAN_POINT('',(-4.14597207476723E-15,16.5,-33.75));
#4156=CARTESIAN_POINT('',(-13.628678801233,34.515,-31.5673644134281));
#4157=CARTESIAN_POINT('',(-11.8417176080744,41.5,-32.4655680062428));
#4158=CARTESIAN_POINT('',(-15.4156399943916,27.53,-30.6691608206134));
#4159=CARTESIAN_POINT('',(-3.50826476083245E-16,16.5,-35.));
#4160=CARTESIAN_POINT('',(-15.7185628742546,16.5,-31.271820880276));
#4161=CARTESIAN_POINT('',(-4.72576211661411E-12,41.,-1.53678086124657E-12));
#4162=CARTESIAN_POINT('',(-34.7271871612525,41.5,1.25895665823821));
#4163=CARTESIAN_POINT('',(-25.9580359887891,32.7795798005678,2.44513893974176));
#4164=CARTESIAN_POINT('',(-20.5416665091502,27.53,3.13820602045676));
#4165=CARTESIAN_POINT('',(-34.7271871612524,41.5,1.25895665823822));
#4166=CARTESIAN_POINT('',(-33.7211612622103,40.5,1.39491330482783));
#4167=CARTESIAN_POINT('',(-4.72576211661411E-12,40.5,-1.53678086124657E-12));
#4168=CARTESIAN_POINT('',(-33.0508369675657,40.5,-6.83408192395941));
#4169=CARTESIAN_POINT('',(-19.7629544086132,27.53,-6.42137314311135));
#4170=CARTESIAN_POINT('',(-25.220085199906,32.7795798005596,-6.61404863445855));
#4171=CARTESIAN_POINT('',(-34.0656035541714,41.5,-6.86273666185892));
#4172=CARTESIAN_POINT('',(-34.0656035541714,41.5,-6.86273666185891));
#4173=CARTESIAN_POINT('',(-4.72576211661411E-12,41.5,-1.53678086124657E-12));
#4174=CARTESIAN_POINT('',(-33.263516564889,34.515,-8.70504724942544));
#4175=CARTESIAN_POINT('',(-4.72576211661411E-12,27.5299999999997,-1.53678086124657E-12));
#4176=CARTESIAN_POINT('',(-32.0981574249614,27.53,-10.4293235601545));
#4177=CARTESIAN_POINT('',(-32.6454825761391,27.53,-10.6071602820157));
#4178=CARTESIAN_POINT('',(-33.8815505536389,41.5,-6.80293421683513));
#4179=CARTESIAN_POINT('',(-4.72576211661411E-12,16.5,-1.53678086124657E-12));
#4180=CARTESIAN_POINT('',(-4.72576211661411E-12,27.5300000000001,-1.53678086124657E-12));
#4181=CARTESIAN_POINT('',(-33.3629087913294,27.53,5.09694192446802));
#4182=CARTESIAN_POINT('',(-33.3629087913294,16.5,5.09694192446802));
#4183=CARTESIAN_POINT('',(-32.0981574249614,16.5,-10.4293235601545));
#4184=CARTESIAN_POINT('',(-34.2338409881131,34.515,3.20679171103007));
#4185=CARTESIAN_POINT('',(-34.5358819910447,41.5,1.22973044932165));
#4186=CARTESIAN_POINT('',(-33.9317999851816,27.53,5.18385297273849));
#4187=CARTESIAN_POINT('',(-33.2869780703304,16.5,-10.8155948031232));
#4188=CARTESIAN_POINT('',(-34.5985720798972,16.5,5.28571755130024));
#4189=CARTESIAN_POINT('',(2.91992473746808E-12,41.,4.02101511136688E-12));
#4190=CARTESIAN_POINT('',(28.8348807372806,41.5,19.3936111352885));
#4191=CARTESIAN_POINT('',(22.4377088641116,32.7795798005658,13.2795917768271));
#4192=CARTESIAN_POINT('',(18.4631485161652,27.53,9.53522662918944));
#4193=CARTESIAN_POINT('',(28.8348807372806,41.5,19.3936111352885));
#4194=CARTESIAN_POINT('',(28.1009019999906,40.5,18.692292710818));
#4195=CARTESIAN_POINT('',(2.91992473746808E-12,40.5,4.02101511136688E-12));
#4196=CARTESIAN_POINT('',(22.7217162172145,40.5,24.9556829628918));
#4197=CARTESIAN_POINT('',(12.2141775426376,27.53,16.8113731431113));
#4198=CARTESIAN_POINT('',(16.5158372810322,32.7795798005646,20.1748718889669));
#4199=CARTESIAN_POINT('',(23.5258367987567,41.5,25.5753299669479));
#4200=CARTESIAN_POINT('',(23.5258367987567,41.5,25.5753299669479));
#4201=CARTESIAN_POINT('',(2.91992473746808E-12,41.5,4.02101511136688E-12));
#4202=CARTESIAN_POINT('',(26.2366789467322,41.5,22.5328399952095));
#4203=CARTESIAN_POINT('',(23.4120857886962,41.5,25.4187651332653));
#4204=CARTESIAN_POINT('',(28.6629328688891,41.5,19.3048092772477));
#4205=CARTESIAN_POINT('',(21.7940517999463,34.515,26.5943356378502));
#4206=CARTESIAN_POINT('',(2.91992473746808E-12,27.5299999999995,4.02101511136688E-12));
#4207=CARTESIAN_POINT('',(19.837752264871,27.53,27.3043235601545));
#4208=CARTESIAN_POINT('',(20.1760178111964,27.53,27.7699061424351));
#4209=CARTESIAN_POINT('',(2.91992473746808E-12,16.5,4.02101511136688E-12));
#4210=CARTESIAN_POINT('',(2.91992473746808E-12,27.53,4.02101511136688E-12));
#4211=CARTESIAN_POINT('',(29.9870674889603,27.53,15.4867131248855));
#4212=CARTESIAN_POINT('',(29.9870674889603,16.5,15.4867131248855));
#4213=CARTESIAN_POINT('',(19.837752264871,16.5,27.3043235601545));
#4214=CARTESIAN_POINT('',(29.5806640170304,34.515,17.5277978704944));
#4215=CARTESIAN_POINT('',(30.4983951651716,27.53,15.7507864637411));
#4216=CARTESIAN_POINT('',(20.5724838302366,16.5,28.3155948031232));
#4217=CARTESIAN_POINT('',(31.0976996181811,16.5,16.0602950924738));
#4218=CYLINDRICAL_SURFACE('',#2723,13.8);
#4219=CYLINDRICAL_SURFACE('',#2726,13.8);
#4220=CYLINDRICAL_SURFACE('',#2733,12.);
#4221=CYLINDRICAL_SURFACE('',#2736,4.);
#4222=CYLINDRICAL_SURFACE('',#2741,12.);
#4223=CYLINDRICAL_SURFACE('',#2742,4.);
#4224=CYLINDRICAL_SURFACE('',#2764,33.4);
#4225=CYLINDRICAL_SURFACE('',#2766,33.4);
#4226=CYLINDRICAL_SURFACE('',#2768,33.4);
#4227=CYLINDRICAL_SURFACE('',#2770,33.4);
#4228=CYLINDRICAL_SURFACE('',#2772,33.4);
#4229=CYLINDRICAL_SURFACE('',#2774,33.4);
#4230=CYLINDRICAL_SURFACE('',#2776,33.4);
#4231=CYLINDRICAL_SURFACE('',#2778,33.4);
#4232=CYLINDRICAL_SURFACE('',#2780,33.4);
#4233=CYLINDRICAL_SURFACE('',#2782,33.4);
#4234=CYLINDRICAL_SURFACE('',#2844,36.25);
#4235=CYLINDRICAL_SURFACE('',#2856,38.25);
#4236=CYLINDRICAL_SURFACE('',#2865,33.749999999995);
#4237=CYLINDRICAL_SURFACE('',#2875,33.749999999995);
#4238=CYLINDRICAL_SURFACE('',#2885,33.749999999995);
#4239=CYLINDRICAL_SURFACE('',#2895,33.749999999995);
#4240=CYLINDRICAL_SURFACE('',#2906,33.749999999995);
#4241=CLOSED_SHELL('',(#2590,#2591,#2592,#2593,#2594,#2595,#2596,#2597,
#2598,#2599,#2600,#2601,#2602,#2603,#2604,#2605,#2606,#2607,#2608,#2609,
#2610,#2611,#2612,#2613,#2614,#2615,#2616,#2617,#2618,#2619,#2620,#2621,
#2622,#2623,#2624,#2625,#2626,#2627,#2628,#2629,#2630,#2631,#2632,#2633,
#2634,#2635,#2636,#2637,#2638,#2639,#2640,#2641,#2642,#2643,#2644,#2645,
#2646,#2647,#2648,#2649,#2650,#2651,#2652,#2653,#2654,#2655,#2656,#2657,
#2658,#2659,#2660,#2661,#2662,#2663,#2664,#2665,#2666,#2667,#2668,#2669,
#2670,#2671,#2672,#2673,#2674,#2675,#2676,#2677,#2678,#2679,#2680,#2681,
#2682,#2683,#2684,#2685,#2686,#2687,#2688,#2689,#2690,#2691,#2692,#2693,
#2694,#2695,#2696,#2697,#2698,#2699,#2700,#2701,#2702,#2703,#2704,#2705,
#2706,#2707,#2708,#2709,#2710,#2711,#2712,#2713,#2714,#2715,#2716,#2717,
#2718,#2719,#2720,#2721,#2722));
#4242=MANIFOLD_SOLID_BREP('',#4241);
#4243=ADVANCED_BREP_SHAPE_REPRESENTATION('',(#4242),#103);
ENDSEC;
END-ISO-10303-21;
