ISO-10303-21;
HEADER;
FILE_DESCRIPTION (( 'STEP AP214' ),
    '1' );
FILE_NAME ('Stages SC3.STEP',
    '2025-04-08T14:13:12',
    ( '' ),
    ( '' ),
    'SwSTEP 2.0',
    'SolidWorks 2025',
    '' );
FILE_SCHEMA (( 'AUTOMOTIVE_DESIGN' ));
ENDSEC;

DATA;
#1 = CARTESIAN_POINT ( 'NONE',  ( 1.646347091772299986, 27.99999999999999645, -34.46939165783020087 ) ) ;
#2 = CARTESIAN_POINT ( 'NONE',  ( -28.35132035200715706, 3.780666587085310670, 6.258585244769661493 ) ) ;
#3 = ORIENTED_EDGE ( 'NONE', *, *, #443, .T. ) ;
#4 = CARTESIAN_POINT ( 'NONE',  ( -29.09608338892346069, 0.9999999999999731326, -7.168462927865502543 ) ) ;
#5 = EDGE_CURVE ( 'NONE', #1552, #1160, #2183, .T. ) ;
#6 = VECTOR ( 'NONE', #2648, 1000.000000000000000 ) ;
#7 = CARTESIAN_POINT ( 'NONE',  ( -30.38384788904112810, 30.00000000000000000, 9.964786583327109426 ) ) ;
#8 = ORIENTED_EDGE ( 'NONE', *, *, #1017, .T. ) ;
#9 = CARTESIAN_POINT ( 'NONE',  ( -5.954848856712186667, 1.000000000000000888, 22.73301069136496011 ) ) ;
#10 = CARTESIAN_POINT ( 'NONE',  ( -8.167768883883143261, 0.9999999999999731326, 29.67102485484124230 ) ) ;
#11 = AXIS2_PLACEMENT_3D ( 'NONE', #2750, #1247, #1800 ) ;
#12 = ORIENTED_EDGE ( 'NONE', *, *, #3397, .F. ) ;
#13 = ORIENTED_EDGE ( 'NONE', *, *, #754, .T. ) ;
#14 = CARTESIAN_POINT ( 'NONE',  ( 28.69713255725310219, 1.000000000000014655, -6.629600024815990089 ) ) ;
#15 = CARTESIAN_POINT ( 'NONE',  ( 9.964786583326713298, 0.9999999999999731326, 30.38384788904119915 ) ) ;
#16 = DIRECTION ( 'NONE',  ( 0.000000000000000000, 0.000000000000000000, 1.000000000000000000 ) ) ;
#17 = CARTESIAN_POINT ( 'NONE',  ( 8.167768883882766673, 29.99999999999997158, -29.67102485484117125 ) ) ;
#18 = CARTESIAN_POINT ( 'NONE',  ( -3.724636050745570248, 1.000000000000000888, -25.81737115798308224 ) ) ;
#19 = CARTESIAN_POINT ( 'NONE',  ( -6.930634915335446955, 29.99999999999997158, -28.93272500840674866 ) ) ;
#20 = AXIS2_PLACEMENT_3D ( 'NONE', #3286, #892, #2731 ) ;
#21 = CARTESIAN_POINT ( 'NONE',  ( 7.163479273359635080, 0.9999999999999453770, 29.09279771691775807 ) ) ;
#22 = CARTESIAN_POINT ( 'NONE',  ( 10.22925332253684338, 0.9999999999999731326, 30.35833963587420925 ) ) ;
#23 = AXIS2_PLACEMENT_3D ( 'NONE', #1721, #2017, #3840 ) ;
#24 =( LENGTH_UNIT ( ) NAMED_UNIT ( * ) SI_UNIT ( .MILLI., .METRE. ) );
#25 = FACE_OUTER_BOUND ( 'NONE', #2428, .T. ) ;
#26 = ORIENTED_EDGE ( 'NONE', *, *, #2300, .F. ) ;
#27 = CARTESIAN_POINT ( 'NONE',  ( 30.06724980405524050, 29.99999999999997158, -9.048974470993119468 ) ) ;
#28 = PLANE ( 'NONE',  #2272 ) ;
#29 = ORIENTED_EDGE ( 'NONE', *, *, #576, .F. ) ;
#30 = ADVANCED_FACE ( 'NONE', ( #303 ), #1534, .F. ) ;
#31 = VERTEX_POINT ( 'NONE', #685 ) ;
#32 = CARTESIAN_POINT ( 'NONE',  ( 28.93272500840681261, 1.000000000000014655, -6.930634915335671664 ) ) ;
#33 = CARTESIAN_POINT ( 'NONE',  ( -2.977424428356045372, 1.000000000000000888, 5.157050385609501575 ) ) ;
#34 = CYLINDRICAL_SURFACE ( 'NONE', #2745, 1.903053269115287272 ) ;
#35 = LINE ( 'NONE', #968, #2851 ) ;
#36 = B_SPLINE_CURVE_WITH_KNOTS ( 'NONE', 3,
 ( #2372, #2791, #2775, #2125, #17, #600, #622, #2455 ),
 .UNSPECIFIED., .F., .F.,
 ( 4, 2, 2, 4 ),
 ( 0.000000000000000000, 0.5000000000000008882, 0.7500000000000004441, 1.000000000000000000 ),
 .UNSPECIFIED. ) ;
#37 = CARTESIAN_POINT ( 'NONE',  ( -6.238452605683137087, 3.562208078040855153, -28.33118771292075877 ) ) ;
#38 = EDGE_CURVE ( 'NONE', #1033, #3658, #435, .T. ) ;
#39 = EDGE_CURVE ( 'NONE', #2447, #2120, #83, .T. ) ;
#40 = EDGE_CURVE ( 'NONE', #920, #748, #972, .T. ) ;
#41 = CIRCLE ( 'NONE', #3651, 0.5000000000000004441 ) ;
#42 = CARTESIAN_POINT ( 'NONE',  ( 2.387469152922404803, 28.94165392810199933, -34.18847444959270376 ) ) ;
#43 = CARTESIAN_POINT ( 'NONE',  ( -2.027121969342779551, 28.67591741152124030, 34.32531368091974144 ) ) ;
#44 = PLANE ( 'NONE',  #1948 ) ;
#45 =( BOUNDED_SURFACE ( )  B_SPLINE_SURFACE ( 3, 2, ( 
 ( #1965, #2891, #1125 ),
 ( #492, #2414, #3551 ),
 ( #876, #3950, #578 ),
 ( #513, #2370, #3042 ),
 ( #3250, #1503, #1458 ),
 ( #186, #791, #1481 ),
 ( #227, #2671, #1171 ),
 ( #3593, #2694, #3930 ),
 ( #2023, #2952, #3907 ),
 ( #1103, #3885, #2106 ),
 ( #3333, #2999, #1810 ),
 ( #2975, #1414, #271 ),
 ( #834, #3635, #2065 ),
 ( #1766, #3272, #2738 ),
 ( #1195, #1788, #1435 ),
 ( #557, #1727, #1149 ) ),
 .UNSPECIFIED., .F., .F., .F. ) 
 B_SPLINE_SURFACE_WITH_KNOTS ( ( 4, 2, 2, 2, 2, 2, 2, 4 ),
 ( 3, 3 ),
 ( 0.000000000000000000, 0.0002118282437658214443, 0.0004236564875316428886, 0.0006354847312974643871, 0.0008473129750632857771, 0.001059141218829107167, 0.001270969462594928774, 0.001694625950126571554 ),
 ( 0.000000000000000000, 1.000000000000000000 ),
 .UNSPECIFIED. ) 
 GEOMETRIC_REPRESENTATION_ITEM ( )  RATIONAL_B_SPLINE_SURFACE ( (
 ( 1.000000000000000000, 0.8271833653455485935, 1.000000000000000000),
 ( 1.000000000000000000, 0.8271721014549681117, 1.000000000000000000),
 ( 1.000000000000000000, 0.8307070588282386980, 1.000000000000000000),
 ( 1.000000000000000000, 0.8434295652674789201, 1.000000000000000000),
 ( 1.000000000000000000, 0.8527094797262571024, 1.000000000000000000),
 ( 1.000000000000000000, 0.8737012934638915818, 1.000000000000000000),
 ( 1.000000000000000000, 0.8855803760316101059, 1.000000000000000000),
 ( 1.000000000000000000, 0.9092442737479393688, 1.000000000000000000),
 ( 1.000000000000000000, 0.9209199493170465711, 1.000000000000000000),
 ( 1.000000000000000000, 0.9426621863941515578, 1.000000000000000000),
 ( 1.000000000000000000, 0.9526788086332963479, 1.000000000000000000),
 ( 1.000000000000000000, 0.9698420886895054993, 1.000000000000000000),
 ( 1.000000000000000000, 0.9770984485427625099, 1.000000000000000000),
 ( 1.000000000000000000, 0.9945809975954964521, 1.000000000000000000),
 ( 1.000000000000000000, 0.9999850309734598097, 1.000000000000000000),
 ( 1.000000000000000000, 1.000000000000000000, 1.000000000000000000) ) ) 
 REPRESENTATION_ITEM ( '' )  SURFACE ( )  );
#46 = B_SPLINE_CURVE_WITH_KNOTS ( 'NONE', 3,
 ( #1366, #2929, #2649, #1698, #788, #3247, #161, #2607, #1039, #2889, #3822, #1388 ),
 .UNSPECIFIED., .F., .F.,
 ( 4, 3, 2, 3, 4 ),
 ( 0.000000000000000000, 0.2492407375600963204, 0.4985562031838735031, 0.7490065230246976125, 1.000000000000000000 ),
 .UNSPECIFIED. ) ;
#47 = DIRECTION ( 'NONE',  ( 0.000000000000000000, 0.000000000000000000, -1.000000000000000000 ) ) ;
#48 = DIRECTION ( 'NONE',  ( -0.000000000000000000, 1.000000000000000000, -0.000000000000000000 ) ) ;
#49 = DIRECTION ( 'NONE',  ( 0.8660254037844328234, 0.000000000000000000, -0.5000000000000102141 ) ) ;
#50 = ORIENTED_EDGE ( 'NONE', *, *, #659, .F. ) ;
#51 = ORIENTED_EDGE ( 'NONE', *, *, #382, .T. ) ;
#52 = DIRECTION ( 'NONE',  ( 0.000000000000000000, 1.000000000000000000, -0.000000000000000000 ) ) ;
#53 = CARTESIAN_POINT ( 'NONE',  ( 9.510733381963516919, 0.9999999999999731326, -30.22962318698080963 ) ) ;
#54 = CARTESIAN_POINT ( 'NONE',  ( 2.623913249570157813, 29.99999999999999645, -32.59400538334168118 ) ) ;
#55 = COLOUR_RGB ( '',0.7921568627450980005, 0.8196078431372548767, 0.9333333333333333481 ) ;
#56 = CARTESIAN_POINT ( 'NONE',  ( 6.794406156882597969, 0.9999999999999453770, -28.83117271246058877 ) ) ;
#57 = AXIS2_PLACEMENT_3D ( 'NONE', #2729, #3605, #3033 ) ;
#58 = EDGE_CURVE ( 'NONE', #3062, #340, #3148, .T. ) ;
#59 = CARTESIAN_POINT ( 'NONE',  ( 6.930634915335232904, 29.99999999999996447, 28.93272500840678418 ) ) ;
#60 = ADVANCED_FACE ( 'NONE', ( #378 ), #2720, .F. ) ;
#61 = CARTESIAN_POINT ( 'NONE',  ( -6.556154702997732286, 29.99999999999997158, -28.63526552384551493 ) ) ;
#62 = CARTESIAN_POINT ( 'NONE',  ( -10.09331211470444956, 0.9999999999999731326, -30.38099426806774517 ) ) ;
#63 = FACE_OUTER_BOUND ( 'NONE', #1507, .T. ) ;
#64 = FILL_AREA_STYLE_COLOUR ( '', #3098 ) ;
#65 = DIRECTION ( 'NONE',  ( 0.000000000000000000, 0.000000000000000000, 1.000000000000000000 ) ) ;
#66 = DIRECTION ( 'NONE',  ( -0.000000000000000000, -1.000000000000000000, 0.000000000000000000 ) ) ;
#67 = CARTESIAN_POINT ( 'NONE',  ( 30.36464536457330610, 1.000000000000000888, 10.21095861067626132 ) ) ;
#68 = ORIENTED_EDGE ( 'NONE', *, *, #1666, .T. ) ;
#69 = AXIS2_PLACEMENT_3D ( 'NONE', #2024, #813, #1888 ) ;
#70 = ORIENTED_EDGE ( 'NONE', *, *, #3443, .F. ) ;
#71 = CARTESIAN_POINT ( 'NONE',  ( 17.60393440239878515, 1.000000000000000888, 17.03970344683382976 ) ) ;
#72 = CARTESIAN_POINT ( 'NONE',  ( 7.321981095747801760, 0.9999999999999731326, -29.19602735579725561 ) ) ;
#73 = ORIENTED_EDGE ( 'NONE', *, *, #152, .F. ) ;
#74 = CARTESIAN_POINT ( 'NONE',  ( 1.439456696439877170, 28.65406674158656131, -33.79071235227193171 ) ) ;
#75 = CARTESIAN_POINT ( 'NONE',  ( 7.092616447670551771, 0.9999999999999453770, -29.04474560440991837 ) ) ;
#76 = CARTESIAN_POINT ( 'NONE',  ( -5.873312926553927227, 2.381441818497414875, -27.96604803379153026 ) ) ;
#77 = EDGE_CURVE ( 'NONE', #321, #2224, #778, .T. ) ;
#78 = PLANE ( 'NONE',  #2979 ) ;
#79 = CARTESIAN_POINT ( 'NONE',  ( -1.964225604963708571, 27.99999999999999645, 34.44203813838840489 ) ) ;
#80 = CARTESIAN_POINT ( 'NONE',  ( -28.94086890595256989, 0.9999999999999731326, -6.941653848079771372 ) ) ;
#81 = CARTESIAN_POINT ( 'NONE',  ( 30.38321444578816610, 0.9999999999999731326, -10.04921254276279008 ) ) ;
#82 = CARTESIAN_POINT ( 'NONE',  ( -6.442166876944400933, 0.9999999999999731326, 28.53424220848894777 ) ) ;
#83 = LINE ( 'NONE', #978, #2336 ) ;
#84 = DIRECTION ( 'NONE',  ( 0.7071067811865632269, 0.000000000000000000, -0.7071067811865316965 ) ) ;
#85 = VERTEX_POINT ( 'NONE', #2540 ) ;
#86 = EDGE_CURVE ( 'NONE', #2224, #842, #1492, .T. ) ;
#87 = VECTOR ( 'NONE', #3685, 1000.000000000000000 ) ;
#88 = ORIENTED_EDGE ( 'NONE', *, *, #3036, .T. ) ;
#89 = DIRECTION ( 'NONE',  ( 0.000000000000000000, 0.000000000000000000, -1.000000000000000000 ) ) ;
#90 = CARTESIAN_POINT ( 'NONE',  ( 28.35132035200715706, 3.780666587085310670, -6.258585244769661493 ) ) ;
#91 = ORIENTED_EDGE ( 'NONE', *, *, #3438, .T. ) ;
#92 = VECTOR ( 'NONE', #3191, 1000.000000000000000 ) ;
#93 = DIRECTION ( 'NONE',  ( 0.000000000000000000, 0.000000000000000000, 1.000000000000000000 ) ) ;
#94 = CARTESIAN_POINT ( 'NONE',  ( -30.38234234103218157, 29.99999999999996447, 10.06607696785818717 ) ) ;
#95 = CARTESIAN_POINT ( 'NONE',  ( 2.468294645040083779, 29.95444946458859903, -32.78293949024261167 ) ) ;
#96 = EDGE_CURVE ( 'NONE', #1939, #1033, #1055, .T. ) ;
#97 = MANIFOLD_SOLID_BREP ( 'Cut-Extrude5[5]', #2510 ) ;
#98 = CARTESIAN_POINT ( 'NONE',  ( 0.000000000000000000, 0.000000000000000000, 0.000000000000000000 ) ) ;
#99 = CARTESIAN_POINT ( 'NONE',  ( 29.03983865805451714, 29.99999999999995737, -7.085501934475169961 ) ) ;
#100 = CARTESIAN_POINT ( 'NONE',  ( -9.981523332335322962, 29.99999999999996447, -30.38376016042151306 ) ) ;
#101 =( LENGTH_UNIT ( ) NAMED_UNIT ( * ) SI_UNIT ( .MILLI., .METRE. ) );
#102 = MECHANICAL_DESIGN_GEOMETRIC_PRESENTATION_REPRESENTATION (  '', ( #2045 ), #312 ) ;
#103 = EDGE_CURVE ( 'NONE', #769, #3727, #3929, .T. ) ;
#104 = CARTESIAN_POINT ( 'NONE',  ( 23.55878325911099580, 0.000000000000000000, 6.725602675614390513 ) ) ;
#105 = CARTESIAN_POINT ( 'NONE',  ( 0.000000000000000000, 42.04006440356475593, 0.000000000000000000 ) ) ;
#106 = ORIENTED_EDGE ( 'NONE', *, *, #2514, .T. ) ;
#107 = LINE ( 'NONE', #2619, #569 ) ;
#108 = VECTOR ( 'NONE', #1952, 1000.000000000000000 ) ;
#109 = DIRECTION ( 'NONE',  ( 0.000000000000000000, -1.000000000000000000, -0.000000000000000000 ) ) ;
#110 = EDGE_LOOP ( 'NONE', ( #2823, #3624, #1674, #2764 ) ) ;
#111 = DIRECTION ( 'NONE',  ( -0.000000000000000000, -1.000000000000000000, -0.000000000000000000 ) ) ;
#112 = CARTESIAN_POINT ( 'NONE',  ( -30.38321444578816610, 29.99999999999996447, 10.04921254276209019 ) ) ;
#113 =( GEOMETRIC_REPRESENTATION_CONTEXT ( 3 ) GLOBAL_UNCERTAINTY_ASSIGNED_CONTEXT ( ( #228 ) ) GLOBAL_UNIT_ASSIGNED_CONTEXT ( ( #24, #3681, #905 ) ) REPRESENTATION_CONTEXT ( 'NONE', 'WORKASPACE' ) );
#114 = AXIS2_PLACEMENT_3D ( 'NONE', #1006, #3186, #1694 ) ;
#115 = CARTESIAN_POINT ( 'NONE',  ( -7.739250038559290168, 29.99999999999996447, 29.44337163892200948 ) ) ;
#116 = MANIFOLD_SOLID_BREP ( 'Cut-Extrude5[3]', #757 ) ;
#117 = ORIENTED_EDGE ( 'NONE', *, *, #758, .T. ) ;
#118 = CARTESIAN_POINT ( 'NONE',  ( 0.000000000000000000, 1.000000000000000888, 0.000000000000000000 ) ) ;
#119 = CARTESIAN_POINT ( 'NONE',  ( -10.04907918205366180, 0.9999999999999453770, -30.38324463082545535 ) ) ;
#120 = CARTESIAN_POINT ( 'NONE',  ( -4.028644991886120685, 1.000000000000003775, 26.12554922451304051 ) ) ;
#121 = CARTESIAN_POINT ( 'NONE',  ( 28.35126156015495624, 3.999999999999976019, 6.258819392547216864 ) ) ;
#122 = EDGE_CURVE ( 'NONE', #3569, #3833, #2113, .T. ) ;
#123 = CARTESIAN_POINT ( 'NONE',  ( 29.44337163892202724, 29.99999999999997158, 7.739250038558890488 ) ) ;
#124 = EDGE_LOOP ( 'NONE', ( #2471, #2397, #3066, #136 ) ) ;
#125 = CARTESIAN_POINT ( 'NONE',  ( 0.000000000000000000, 0.000000000000000000, 0.000000000000000000 ) ) ;
#126 = EDGE_CURVE ( 'NONE', #2287, #321, #1688, .T. ) ;
#127 = CARTESIAN_POINT ( 'NONE',  ( 30.06724980405524050, 0.9999999999999453770, -9.048974470993119468 ) ) ;
#128 = VERTEX_POINT ( 'NONE', #323 ) ;
#129 = EDGE_LOOP ( 'NONE', ( #1124, #3429, #3381, #3341 ) ) ;
#130 = CARTESIAN_POINT ( 'NONE',  ( 8.164928310215415763, 29.99999999999996447, 29.67154670419903084 ) ) ;
#131 = MANIFOLD_SOLID_BREP ( 'Cut-Extrude5[6]', #3719 ) ;
#132 = CARTESIAN_POINT ( 'NONE',  ( -6.484523281113489190, 0.9999999999999731326, -28.57124262114458091 ) ) ;
#133 = VECTOR ( 'NONE', #2727, 1000.000000000000000 ) ;
#134 = CARTESIAN_POINT ( 'NONE',  ( 2.227224146115136971, 29.81781815310738892, -33.05304094217967048 ) ) ;
#135 = DIRECTION ( 'NONE',  ( 0.000000000000000000, 1.000000000000000000, 0.000000000000000000 ) ) ;
#136 = ORIENTED_EDGE ( 'NONE', *, *, #3377, .F. ) ;
#137 = CARTESIAN_POINT ( 'NONE',  ( 30.22765753340492267, 29.99999999999997158, -9.506339185439877326 ) ) ;
#138 = DIRECTION ( 'NONE',  ( -0.000000000000000000, -1.000000000000000000, 0.000000000000000000 ) ) ;
#139 = EDGE_CURVE ( 'NONE', #924, #3411, #2913, .T. ) ;
#140 = FACE_OUTER_BOUND ( 'NONE', #216, .T. ) ;
#141 = EDGE_CURVE ( 'NONE', #1082, #2630, #2892, .T. ) ;
#142 = CARTESIAN_POINT ( 'NONE',  ( 2.395903839969372395, 29.02274439068453660, -34.15704604160986690 ) ) ;
#143 = CARTESIAN_POINT ( 'NONE',  ( -29.03983865805449582, 29.99999999999997158, 7.085501934475145980 ) ) ;
#144 = ORIENTED_EDGE ( 'NONE', *, *, #1472, .F. ) ;
#145 = B_SPLINE_CURVE_WITH_KNOTS ( 'NONE', 3,
 ( #245, #1474, #222, #182, #266, #3925, #1098, #1743 ),
 .UNSPECIFIED., .F., .F.,
 ( 4, 2, 2, 4 ),
 ( 0.000000000000000000, 0.4999999999999995559, 0.7500000000000002220, 1.000000000000000000 ),
 .UNSPECIFIED. ) ;
#146 = LINE ( 'NONE', #2845, #2109 ) ;
#147 = CARTESIAN_POINT ( 'NONE',  ( 2.077160036470916182, 29.62408168819597876, 33.44519082057720993 ) ) ;
#148 = EDGE_LOOP ( 'NONE', ( #1753, #1308, #980, #2074 ) ) ;
#149 = ORIENTED_EDGE ( 'NONE', *, *, #1702, .F. ) ;
#150 = AXIS2_PLACEMENT_3D ( 'NONE', #1759, #572, #2992 ) ;
#151 = CARTESIAN_POINT ( 'NONE',  ( -28.98695388522020622, 0.9999999999999453770, 7.007633974929305509 ) ) ;
#152 = EDGE_CURVE ( 'NONE', #3658, #3299, #1299, .T. ) ;
#153 = CARTESIAN_POINT ( 'NONE',  ( -4.336808689942017736E-16, 27.99999999999999645, -0.002000791051989803115 ) ) ;
#154 = AXIS2_PLACEMENT_3D ( 'NONE', #940, #1224, #613 ) ;
#155 = CARTESIAN_POINT ( 'NONE',  ( -6.413678643489945763, 0.9999999999999940048, -28.50641375072756389 ) ) ;
#156 = ADVANCED_FACE ( 'NONE', ( #1044 ), #1632, .F. ) ;
#157 = CARTESIAN_POINT ( 'NONE',  ( 6.442166876943985265, 30.00000000000000000, -28.53424220848878790 ) ) ;
#158 = CARTESIAN_POINT ( 'NONE',  ( -10.04907918205366180, 0.9999999999999731326, -30.38324463082545535 ) ) ;
#159 = CARTESIAN_POINT ( 'NONE',  ( -8.167768883883143261, 29.99999999999996447, 29.67102485484124230 ) ) ;
#160 = EDGE_CURVE ( 'NONE', #3895, #3744, #2416, .T. ) ;
#161 = CARTESIAN_POINT ( 'NONE',  ( -6.794406156883030512, 29.99999999999997158, 28.83117271246070956 ) ) ;
#162 = EDGE_CURVE ( 'NONE', #85, #712, #1276, .T. ) ;
#163 = EDGE_LOOP ( 'NONE', ( #176, #3323, #3674, #1835 ) ) ;
#164 = CARTESIAN_POINT ( 'NONE',  ( 29.32104738518525622, 29.99999999999997158, -7.528651716482367640 ) ) ;
#165 = CARTESIAN_POINT ( 'NONE',  ( -2.505301467302602170, 29.51809976342992670, -33.71762198987655523 ) ) ;
#166 = CARTESIAN_POINT ( 'NONE',  ( -28.59574269341558406, 29.99999999999997158, -6.510890133589008144 ) ) ;
#167 = CARTESIAN_POINT ( 'NONE',  ( 2.785551700919125295, 30.00000000000000000, -32.38240692997353420 ) ) ;
#168 = CARTESIAN_POINT ( 'NONE',  ( -26.12556583103749119, 1.000000000000000000, 4.032830723800105766 ) ) ;
#169 = ORIENTED_EDGE ( 'NONE', *, *, #3714, .F. ) ;
#170 = B_SPLINE_CURVE_WITH_KNOTS ( 'NONE', 3,
 ( #2513, #2537, #2799, #1876, #2175, #939, #2483, #3738 ),
 .UNSPECIFIED., .F., .F.,
 ( 4, 2, 2, 4 ),
 ( 0.000000000000000000, 0.5000000000000015543, 0.7500000000000007772, 1.000000000000000000 ),
 .UNSPECIFIED. ) ;
#171 = AXIS2_PLACEMENT_3D ( 'NONE', #1520, #3969, #2756 ) ;
#172 = APPLICATION_CONTEXT ( 'automotive_design' ) ;
#173 = MECHANICAL_DESIGN_GEOMETRIC_PRESENTATION_REPRESENTATION (  '', ( #2819 ), #2762 ) ;
#174 = DIRECTION ( 'NONE',  ( -0.000000000000000000, -1.000000000000000000, -0.000000000000000000 ) ) ;
#175 = DIRECTION ( 'NONE',  ( -0.000000000000000000, -1.000000000000000000, -0.000000000000000000 ) ) ;
#176 = ORIENTED_EDGE ( 'NONE', *, *, #160, .T. ) ;
#177 = ORIENTED_EDGE ( 'NONE', *, *, #428, .F. ) ;
#178 = FACE_OUTER_BOUND ( 'NONE', #2910, .T. ) ;
#179 = CARTESIAN_POINT ( 'NONE',  ( 29.14625379919608505, 29.99999999999997158, 7.245099044916871733 ) ) ;
#180 = CARTESIAN_POINT ( 'NONE',  ( -30.38374542505944476, 29.99999999999996447, 9.998551471870948504 ) ) ;
#181 = CARTESIAN_POINT ( 'NONE',  ( -28.35132035200714284, 30.00000000000000000, 6.258585244769641065 ) ) ;
#182 = CARTESIAN_POINT ( 'NONE',  ( -8.386314982653351180, 29.99999999999997158, 29.77603499932953568 ) ) ;
#183 = CARTESIAN_POINT ( 'NONE',  ( -5.954848856712186667, 0.000000000000000000, 23.76530612244903651 ) ) ;
#184 = SURFACE_SIDE_STYLE ('',( #1963 ) ) ;
#185 = VERTEX_POINT ( 'NONE', #1010 ) ;
#186 = CARTESIAN_POINT ( 'NONE',  ( -2.387469152922419013, 28.94165392810199577, -34.18847444959270376 ) ) ;
#187 = DIRECTION ( 'NONE',  ( 0.8660254037844397068, 0.000000000000000000, 0.4999999999999979461 ) ) ;
#188 = DIRECTION ( 'NONE',  ( -0.000000000000000000, 1.000000000000000000, -0.000000000000000000 ) ) ;
#189 = VECTOR ( 'NONE', #3942, 1000.000000000000114 ) ;
#190 = PLANE ( 'NONE',  #1167 ) ;
#191 = CARTESIAN_POINT ( 'NONE',  ( -28.69713255725310930, 29.99999999999997158, 6.629600024815992754 ) ) ;
#192 = ORIENTED_EDGE ( 'NONE', *, *, #139, .T. ) ;
#193 = DIRECTION ( 'NONE',  ( 0.000000000000000000, -1.000000000000000000, -0.000000000000000000 ) ) ;
#194 = EDGE_LOOP ( 'NONE', ( #226, #2033, #1765, #2986 ) ) ;
#195 = ORIENTED_EDGE ( 'NONE', *, *, #1795, .F. ) ;
#196 = CARTESIAN_POINT ( 'NONE',  ( 9.506339185439625084, 0.9999999999999176215, 30.22765753340504702 ) ) ;
#197 = CARTESIAN_POINT ( 'NONE',  ( 3.425026790108451458, 4.000000000000003553, 1.034884028326199694E-15 ) ) ;
#198 = DIRECTION ( 'NONE',  ( 0.000000000000000000, -1.000000000000000000, 0.000000000000000000 ) ) ;
#199 = DIRECTION ( 'NONE',  ( -0.000000000000000000, -1.000000000000000000, 0.000000000000000000 ) ) ;
#200 = CARTESIAN_POINT ( 'NONE',  ( -7.737207013319847171, 29.99999999999997158, -29.44400171597696314 ) ) ;
#201 = PRESENTATION_STYLE_ASSIGNMENT (( #2969 ) ) ;
#202 = AXIS2_PLACEMENT_3D ( 'NONE', #2635, #3044, #2374 ) ;
#203 = VECTOR ( 'NONE', #2197, 1000.000000000000000 ) ;
#204 = CARTESIAN_POINT ( 'NONE',  ( 5.561191531955208767, 1.908666135535499242, -27.65502949213959738 ) ) ;
#205 = CARTESIAN_POINT ( 'NONE',  ( 9.964786583326713298, 29.99999999999996447, 30.38384788904119915 ) ) ;
#206 = ORIENTED_EDGE ( 'NONE', *, *, #2740, .T. ) ;
#207 = DIRECTION ( 'NONE',  ( 0.000000000000000000, 1.000000000000000000, -0.000000000000000000 ) ) ;
#208 = CARTESIAN_POINT ( 'NONE',  ( -2.592053241195596769, 29.95861029391651087, 32.86232861239626146 ) ) ;
#209 = DIRECTION ( 'NONE',  ( 0.000000000000000000, 0.000000000000000000, 1.000000000000000000 ) ) ;
#210 = CARTESIAN_POINT ( 'NONE',  ( -28.50641375072796535, -84.94344718381945825, 6.413678643490467124 ) ) ;
#211 = CARTESIAN_POINT ( 'NONE',  ( -28.93272500840680195, 29.99999999999997158, 6.930634915335659230 ) ) ;
#212 = VERTEX_POINT ( 'NONE', #3479 ) ;
#213 = FACE_OUTER_BOUND ( 'NONE', #1156, .T. ) ;
#214 = VERTEX_POINT ( 'NONE', #1951 ) ;
#215 = EDGE_CURVE ( 'NONE', #2317, #799, #594, .T. ) ;
#216 = EDGE_LOOP ( 'NONE', ( #3763, #566, #2593, #144 ) ) ;
#217 = CARTESIAN_POINT ( 'NONE',  ( 9.506339185439625084, 29.99999999999996447, 30.22765753340504702 ) ) ;
#218 = FACE_OUTER_BOUND ( 'NONE', #326, .T. ) ;
#219 = CARTESIAN_POINT ( 'NONE',  ( -9.048877111365571935, 0.9999999999999731326, -30.06721119398710584 ) ) ;
#220 = CARTESIAN_POINT ( 'NONE',  ( 2.977424428356081787, 0.000000000000000000, -5.157050385609482035 ) ) ;
#221 = DIRECTION ( 'NONE',  ( 0.000000000000000000, 0.000000000000000000, 1.000000000000000000 ) ) ;
#222 = CARTESIAN_POINT ( 'NONE',  ( -9.052655923250700454, 29.99999999999997158, 30.06870357553470186 ) ) ;
#223 = B_SPLINE_CURVE_WITH_KNOTS ( 'NONE', 3,
 ( #1937, #2582, #979, #669, #1953, #123, #2274, #398 ),
 .UNSPECIFIED., .F., .F.,
 ( 4, 2, 2, 4 ),
 ( 0.000000000000000000, 0.5000000000000004441, 0.7500000000000006661, 1.000000000000000000 ),
 .UNSPECIFIED. ) ;
#224 = CARTESIAN_POINT ( 'NONE',  ( 1.354061739223346494, 27.99999999999999645, -33.85615338233036198 ) ) ;
#225 = CARTESIAN_POINT ( 'NONE',  ( -28.99339922229298239, 29.99999999999996447, -7.016757265370083374 ) ) ;
#226 = ORIENTED_EDGE ( 'NONE', *, *, #3793, .T. ) ;
#227 = CARTESIAN_POINT ( 'NONE',  ( -2.405692671724305232, 29.05957380284774416, -34.11878291499932914 ) ) ;
#228 = UNCERTAINTY_MEASURE_WITH_UNIT (LENGTH_MEASURE( 1.000000000000000082E-05 ), #24, 'distance_accuracy_value', 'NONE');
#229 = EDGE_CURVE ( 'NONE', #2243, #214, #230, .T. ) ;
#230 = LINE ( 'NONE', #2312, #324 ) ;
#231 = DIRECTION ( 'NONE',  ( 0.000000000000000000, -1.000000000000000000, 0.000000000000000000 ) ) ;
#232 = CARTESIAN_POINT ( 'NONE',  ( 30.38374542505944120, 29.99999999999997158, -9.998551471871152785 ) ) ;
#233 = ORIENTED_EDGE ( 'NONE', *, *, #3736, .F. ) ;
#234 = EDGE_CURVE ( 'NONE', #212, #2743, #3909, .T. ) ;
#235 = B_SPLINE_CURVE_WITH_KNOTS ( 'NONE', 3,
 ( #251, #2485, #448, #2289, #2953, #1950, #3512, #165, #1064, #413, #3774, #471, #2876, #1043 ),
 .UNSPECIFIED., .F., .F.,
 ( 4, 2, 2, 2, 2, 2, 4 ),
 ( 0.000000000000000000, 0.0003995533331608907223, 0.0007991066663217814446, 0.001598213332643553782, 0.001997766665804432632, 0.002397319998965310832, 0.003196426665287064196 ),
 .UNSPECIFIED. ) ;
#236 = FACE_OUTER_BOUND ( 'NONE', #1734, .T. ) ;
#237 = ORIENTED_EDGE ( 'NONE', *, *, #795, .F. ) ;
#238 = ORIENTED_EDGE ( 'NONE', *, *, #3793, .F. ) ;
#239 = CARTESIAN_POINT ( 'NONE',  ( 1.553614949060275308, 28.69839634007920282, 33.98269307872459422 ) ) ;
#240 = CARTESIAN_POINT ( 'NONE',  ( -29.19602735579721653, -84.94344718381945825, -7.321981095747903900 ) ) ;
#241 = EDGE_LOOP ( 'NONE', ( #2902, #1775, #1924, #548 ) ) ;
#242 = DIRECTION ( 'NONE',  ( -0.000000000000000000, -1.000000000000000000, -0.000000000000000000 ) ) ;
#243 = CARTESIAN_POINT ( 'NONE',  ( 28.59574269341561603, 0.9999999999999453770, 6.510890133589041895 ) ) ;
#244 = CARTESIAN_POINT ( 'NONE',  ( -7.737207013319847171, 29.99999999999996447, -29.44400171597696314 ) ) ;
#245 = CARTESIAN_POINT ( 'NONE',  ( -9.970099149685470508, 30.00000000000000000, 30.38559715111188808 ) ) ;
#246 = CLOSED_SHELL ( 'NONE', ( #2843, #1874, #3140, #1120, #2805, #1438 ) ) ;
#247 = B_SPLINE_CURVE_WITH_KNOTS ( 'NONE', 3,
 ( #3170, #2010, #3535, #405, #3182, #3519, #760, #1340, #455, #1018, #1690, #3236, #2620, #3832, #90, #1069 ),
 .UNSPECIFIED., .F., .F.,
 ( 4, 2, 2, 2, 2, 2, 2, 4 ),
 ( 0.000000000000000000, 0.001287391582577144871, 0.001931087373865717199, 0.002574783165154289743, 0.003218478956442862287, 0.003862174747731434397, 0.004505870539020006942, 0.005149566330308579486 ),
 .UNSPECIFIED. ) ;
#248 = CARTESIAN_POINT ( 'NONE',  ( 10.04921254276206355, 0.9999999999999314992, 30.38321444578827624 ) ) ;
#249 = EDGE_LOOP ( 'NONE', ( #3051, #2544, #1019, #233 ) ) ;
#250 = CARTESIAN_POINT ( 'NONE',  ( 1.084202172485504434E-16, 27.99999999999999645, 34.44567992468615358 ) ) ;
#251 = CARTESIAN_POINT ( 'NONE',  ( -2.324135821055048456, 27.99999999999999645, -34.42362760741976757 ) ) ;
#252 = PLANE ( 'NONE',  #539 ) ;
#253 = CARTESIAN_POINT ( 'NONE',  ( -7.168462927865925316, 0.9999999999999314992, 29.09608338892347135 ) ) ;
#254 = CIRCLE ( 'NONE', #3477, 24.50000000000000000 ) ;
#255 = VERTEX_POINT ( 'NONE', #1127 ) ;
#256 = EDGE_CURVE ( 'NONE', #790, #3576, #2192, .T. ) ;
#257 = CARTESIAN_POINT ( 'NONE',  ( 28.69713255725310219, 29.99999999999995026, -6.629600024815990089 ) ) ;
#258 = ORIENTED_EDGE ( 'NONE', *, *, #3577, .F. ) ;
#259 = ORIENTED_EDGE ( 'NONE', *, *, #2740, .F. ) ;
#260 = CARTESIAN_POINT ( 'NONE',  ( 2.650178720615446792, 29.95374417565604475, 32.88679301573585434 ) ) ;
#261 = CARTESIAN_POINT ( 'NONE',  ( -23.55878325911078619, 1.000000000000000888, 6.725602675615153458 ) ) ;
#262 = ORIENTED_EDGE ( 'NONE', *, *, #39, .F. ) ;
#263 = CARTESIAN_POINT ( 'NONE',  ( -9.964637902584092544, 0.9999999999999731326, -30.38379723437888558 ) ) ;
#264 = CARTESIAN_POINT ( 'NONE',  ( 28.53424220848890158, 29.99999999999996447, 6.442166876943983489 ) ) ;
#265 = DIRECTION ( 'NONE',  ( -0.000000000000000000, 1.000000000000000000, -0.000000000000000000 ) ) ;
#266 = CARTESIAN_POINT ( 'NONE',  ( -8.167768883883143261, 29.99999999999997158, 29.67102485484124230 ) ) ;
#267 = LINE ( 'NONE', #488, #273 ) ;
#268 = DIRECTION ( 'NONE',  ( 0.000000000000000000, 0.000000000000000000, 1.000000000000000000 ) ) ;
#269 = ORIENTED_EDGE ( 'NONE', *, *, #141, .T. ) ;
#270 = COLOUR_RGB ( '',0.7921568627450980005, 0.8196078431372548767, 0.9333333333333333481 ) ;
#271 = CARTESIAN_POINT ( 'NONE',  ( -2.148602964379744407, 29.76173456995947575, -33.13734667332649764 ) ) ;
#272 = CARTESIAN_POINT ( 'NONE',  ( 17.60393440239811369, 1.000000000000000888, -17.03970344683452254 ) ) ;
#273 = VECTOR ( 'NONE', #3631, 1000.000000000000000 ) ;
#274 = DIRECTION ( 'NONE',  ( 0.000000000000000000, 1.000000000000000000, -0.000000000000000000 ) ) ;
#275 = ADVANCED_FACE ( 'NONE', ( #1393 ), #3849, .F. ) ;
#276 = CARTESIAN_POINT ( 'NONE',  ( -28.57124262114491842, 0.9999999999999731326, 6.484523281113974136 ) ) ;
#277 = ORIENTED_EDGE ( 'NONE', *, *, #2368, .T. ) ;
#278 = CARTESIAN_POINT ( 'NONE',  ( 9.981669017286352030, 29.99999999999997158, 30.38379362306368847 ) ) ;
#279 = ADVANCED_FACE ( 'NONE', ( #140 ), #793, .F. ) ;
#280 = EDGE_CURVE ( 'NONE', #3534, #1160, #3886, .T. ) ;
#281 = CARTESIAN_POINT ( 'NONE',  ( 28.87634658020572331, 29.99999999999995026, -6.855257921795578469 ) ) ;
#282 = ORIENTED_EDGE ( 'NONE', *, *, #1653, .T. ) ;
#283 = EDGE_LOOP ( 'NONE', ( #468, #635, #2618, #259, #1710 ) ) ;
#284 = CARTESIAN_POINT ( 'NONE',  ( 2.821938808049773595, 30.00000000000000000, 32.37525451824844680 ) ) ;
#285 = CARTESIAN_POINT ( 'NONE',  ( -9.970099149685470508, 1.000000000000000888, 30.38559715111188808 ) ) ;
#286 = ORIENTED_EDGE ( 'NONE', *, *, #1871, .T. ) ;
#287 = CARTESIAN_POINT ( 'NONE',  ( 16.70994033486936203, 42.04006440356475593, 16.52355573129180044 ) ) ;
#288 = FACE_OUTER_BOUND ( 'NONE', #2380, .T. ) ;
#289 = CARTESIAN_POINT ( 'NONE',  ( -29.77617444378279288, 29.99999999999997158, 8.383209545494933579 ) ) ;
#290 = DIRECTION ( 'NONE',  ( -0.7071067811865632269, 0.000000000000000000, 0.7071067811865316965 ) ) ;
#291 = CARTESIAN_POINT ( 'NONE',  ( 7.321981095747801760, 0.9999999999999453770, -29.19602735579725561 ) ) ;
#292 = CARTESIAN_POINT ( 'NONE',  ( -28.53424220848886605, 0.9999999999999453770, -6.442166876943946185 ) ) ;
#293 = VERTEX_POINT ( 'NONE', #814 ) ;
#294 = CARTESIAN_POINT ( 'NONE',  ( 9.925942683782720266, 1.000000000000000888, -28.48305623129146369 ) ) ;
#295 = CARTESIAN_POINT ( 'NONE',  ( 7.737229666197646516, 29.99999999999997158, 29.44401500664203297 ) ) ;
#296 = CIRCLE ( 'NONE', #360, 25.70000000000000639 ) ;
#297 = AXIS2_PLACEMENT_3D ( 'NONE', #2954, #188, #3826 ) ;
#298 = DIRECTION ( 'NONE',  ( 0.8660254037844397068, 0.000000000000000000, 0.4999999999999979461 ) ) ;
#299 = VERTEX_POINT ( 'NONE', #2674 ) ;
#300 = ADVANCED_FACE ( 'NONE', ( #2615 ), #1730, .F. ) ;
#301 = CARTESIAN_POINT ( 'NONE',  ( 6.106586993217183235, 2.943339678957464844, 28.19932210045503140 ) ) ;
#302 = CARTESIAN_POINT ( 'NONE',  ( 6.580466847577135070, 0.9999999999999731326, -28.65632581467990292 ) ) ;
#303 = FACE_OUTER_BOUND ( 'NONE', #1597, .T. ) ;
#304 = FACE_OUTER_BOUND ( 'NONE', #1838, .T. ) ;
#305 = CARTESIAN_POINT ( 'NONE',  ( -2.821938808049769598, 30.00000000000000000, 32.37525451824843969 ) ) ;
#306 = ORIENTED_EDGE ( 'NONE', *, *, #1231, .F. ) ;
#307 = ORIENTED_EDGE ( 'NONE', *, *, #1947, .F. ) ;
#308 = CARTESIAN_POINT ( 'NONE',  ( 7.245099044916780251, 29.99999999999997158, -29.14625379919608861 ) ) ;
#309 = FACE_OUTER_BOUND ( 'NONE', #2659, .T. ) ;
#310 = CARTESIAN_POINT ( 'NONE',  ( -1.510661008687591345, 28.54038013394584894, 34.01948181964683471 ) ) ;
#311 = CARTESIAN_POINT ( 'NONE',  ( 7.245099044916780251, 0.9999999999999453770, -29.14625379919608861 ) ) ;
#312 =( GEOMETRIC_REPRESENTATION_CONTEXT ( 3 ) GLOBAL_UNCERTAINTY_ASSIGNED_CONTEXT ( ( #2976 ) ) GLOBAL_UNIT_ASSIGNED_CONTEXT ( ( #599, #2081, #2102 ) ) REPRESENTATION_CONTEXT ( 'NONE', 'WORKASPACE' ) );
#313 = APPLICATION_PROTOCOL_DEFINITION ( 'draft international standard', 'automotive_design', 1998, #172 ) ;
#314 = PRESENTATION_LAYER_ASSIGNMENT (  '', '', ( #2047 ) ) ;
#315 = CARTESIAN_POINT ( 'NONE',  ( -4.032830723799987638, 1.000000000000000000, -26.12556583103751251 ) ) ;
#316 = CARTESIAN_POINT ( 'NONE',  ( -7.085501934474998542, 29.99999999999997158, -29.03983865805449227 ) ) ;
#317 = PRODUCT_RELATED_PRODUCT_CATEGORY ( 'part', '', ( #3399 ) ) ;
#318 = AXIS2_PLACEMENT_3D ( 'NONE', #3554, #3294, #2655 ) ;
#319 = B_SPLINE_CURVE_WITH_KNOTS ( 'NONE', 3,
 ( #3567, #1099, #3882, #1723, #1477, #2082, #809, #1805, #1145, #2020, #554, #1432, #3268 ),
 .UNSPECIFIED., .F., .F.,
 ( 4, 3, 3, 3, 4 ),
 ( 0.000000000000000000, 0.2523911713683331670, 0.5048840207185759654, 0.7522849438215103435, 1.000000000000000000 ),
 .UNSPECIFIED. ) ;
#320 = CARTESIAN_POINT ( 'NONE',  ( 28.19931032608436539, 2.943876742175205230, 6.106563529583058703 ) ) ;
#321 = VERTEX_POINT ( 'NONE', #1767 ) ;
#322 = CARTESIAN_POINT ( 'NONE',  ( 9.998551471870671392, 0.9999999999999731326, 30.38374542505954423 ) ) ;
#323 = CARTESIAN_POINT ( 'NONE',  ( 28.53424220848890158, 30.00000000000000000, 6.442166876943983489 ) ) ;
#324 = VECTOR ( 'NONE', #3313, 1000.000000000000000 ) ;
#325 = CARTESIAN_POINT ( 'NONE',  ( -6.930634915335446955, 0.9999999999999453770, -28.93272500840674866 ) ) ;
#326 = EDGE_LOOP ( 'NONE', ( #3402, #2917, #2342, #707 ) ) ;
#327 = DIRECTION ( 'NONE',  ( 0.000000000000000000, -1.000000000000000000, -0.000000000000000000 ) ) ;
#328 = CARTESIAN_POINT ( 'NONE',  ( 0.000000000000000000, 1.000000000000000000, 0.000000000000000000 ) ) ;
#329 = VERTEX_POINT ( 'NONE', #1459 ) ;
#330 = ORIENTED_EDGE ( 'NONE', *, *, #952, .F. ) ;
#331 = CYLINDRICAL_SURFACE ( 'NONE', #3912, 0.5000000000000004441 ) ;
#332 = CARTESIAN_POINT ( 'NONE',  ( -30.06870357553480133, 29.99999999999997158, -9.052655923250368275 ) ) ;
#333 = FACE_OUTER_BOUND ( 'NONE', #3114, .T. ) ;
#334 = CARTESIAN_POINT ( 'NONE',  ( -1.973161831127190791, 28.28717102073199285, 34.42583673153075097 ) ) ;
#335 = CARTESIAN_POINT ( 'NONE',  ( 7.163479273359635080, 0.9999999999999176215, 29.09279771691775807 ) ) ;
#336 = CARTESIAN_POINT ( 'NONE',  ( 8.383209545494681336, 29.99999999999997158, 29.77617444378290656 ) ) ;
#337 = DIRECTION ( 'NONE',  ( 0.000000000000000000, 1.000000000000000000, 0.000000000000000000 ) ) ;
#338 = CARTESIAN_POINT ( 'NONE',  ( 0.000000000000000000, 1.000000000000000888, 0.000000000000000000 ) ) ;
#339 = LINE ( 'NONE', #1573, #3249 ) ;
#340 = VERTEX_POINT ( 'NONE', #2696 ) ;
#341 = CARTESIAN_POINT ( 'NONE',  ( 29.77617444378278933, 29.99999999999997158, -8.383209545494903381 ) ) ;
#342 = LINE ( 'NONE', #2784, #133 ) ;
#343 = CIRCLE ( 'NONE', #1170, 25.70000000000000639 ) ;
#344 = ORIENTED_EDGE ( 'NONE', *, *, #38, .T. ) ;
#345 = ADVANCED_FACE ( 'NONE', ( #3000 ), #2554, .F. ) ;
#346 = EDGE_LOOP ( 'NONE', ( #1669, #2940, #3502, #3642, #1680 ) ) ;
#347 = CARTESIAN_POINT ( 'NONE',  ( 6.651431435420485982, 29.99999999999997158, -28.71522592437715460 ) ) ;
#348 = EDGE_CURVE ( 'NONE', #1525, #3833, #2357, .T. ) ;
#349 = CARTESIAN_POINT ( 'NONE',  ( -29.32085608747950545, 29.99999999999997158, -7.529954783968804577 ) ) ;
#350 = CARTESIAN_POINT ( 'NONE',  ( -2.678104315894190623, 29.98782767902778090, 32.61072243016665340 ) ) ;
#351 = DIRECTION ( 'NONE',  ( -0.000000000000000000, -1.000000000000000000, 0.000000000000000000 ) ) ;
#352 = PRODUCT_CONTEXT ( 'NONE', #3954, 'mechanical' ) ;
#353 = CARTESIAN_POINT ( 'NONE',  ( 28.53424220848890158, 0.9999999999999731326, 6.442166876943983489 ) ) ;
#354 = CARTESIAN_POINT ( 'NONE',  ( 1.538959463752856527, 28.94165392754904076, -33.71060467976053587 ) ) ;
#355 = AXIS2_PLACEMENT_3D ( 'NONE', #2789, #3748, #1252 ) ;
#356 = CARTESIAN_POINT ( 'NONE',  ( -10.20216681071684128, 0.9999999999999731326, -30.36448082342048949 ) ) ;
#357 = LINE ( 'NONE', #1592, #1629 ) ;
#358 = VECTOR ( 'NONE', #3356, 999.9999999999998863 ) ;
#359 = CARTESIAN_POINT ( 'NONE',  ( 6.258585244769362177, 3.780666587085310670, 28.35132035200721745 ) ) ;
#360 = AXIS2_PLACEMENT_3D ( 'NONE', #2484, #3405, #3702 ) ;
#361 = CARTESIAN_POINT ( 'NONE',  ( 0.000000000000000000, 42.04006440356475593, 0.000000000000000000 ) ) ;
#362 = DIRECTION ( 'NONE',  ( 0.000000000000000000, 1.000000000000000000, -0.000000000000000000 ) ) ;
#363 = CARTESIAN_POINT ( 'NONE',  ( 6.258585244769343525, 3.999999999999976019, 28.35132035200720679 ) ) ;
#364 = ADVANCED_FACE ( 'NONE', ( #3274 ), #1748, .F. ) ;
#365 = VERTEX_POINT ( 'NONE', #3614 ) ;
#366 = EDGE_LOOP ( 'NONE', ( #858, #237, #2056, #3270 ) ) ;
#367 = FACE_OUTER_BOUND ( 'NONE', #2246, .T. ) ;
#368 = CARTESIAN_POINT ( 'NONE',  ( -29.67102485484129204, 29.99999999999997158, -8.167768883882745357 ) ) ;
#369 = CARTESIAN_POINT ( 'NONE',  ( 2.785551700919125295, 30.00000000000000000, -32.38240692997353420 ) ) ;
#370 = CARTESIAN_POINT ( 'NONE',  ( 6.722234770207823118, 29.99999999999996447, -28.77399219517000617 ) ) ;
#371 = CARTESIAN_POINT ( 'NONE',  ( -5.960485883514147432, 2.557833747714452155, -28.05322099075175046 ) ) ;
#372 = CIRCLE ( 'NONE', #3265, 22.70000000000000995 ) ;
#373 = DIRECTION ( 'NONE',  ( 0.000000000000000000, 0.000000000000000000, 1.000000000000000000 ) ) ;
#374 = CARTESIAN_POINT ( 'NONE',  ( -9.981523332335322962, 0.9999999999999731326, -30.38376016042151306 ) ) ;
#375 = CARTESIAN_POINT ( 'NONE',  ( 10.06607696785825468, 0.9999999999999731326, 30.38234234103228459 ) ) ;
#376 = DIRECTION ( 'NONE',  ( 0.000000000000000000, 0.000000000000000000, 1.000000000000000000 ) ) ;
#377 = LINE ( 'NONE', #630, #3453 ) ;
#378 = FACE_OUTER_BOUND ( 'NONE', #3708, .T. ) ;
#379 = CARTESIAN_POINT ( 'NONE',  ( 2.977424428356081787, 42.04006440356475593, -5.157050385609482035 ) ) ;
#380 = ORIENTED_EDGE ( 'NONE', *, *, #3687, .F. ) ;
#381 = ORIENTED_EDGE ( 'NONE', *, *, #3548, .F. ) ;
#382 = EDGE_CURVE ( 'NONE', #2748, #3745, #1065, .T. ) ;
#383 = DIRECTION ( 'NONE',  ( -0.8660254037844445918, 0.000000000000000000, -0.4999999999999897304 ) ) ;
#384 = ORIENTED_EDGE ( 'NONE', *, *, #2788, .F. ) ;
#385 = CARTESIAN_POINT ( 'NONE',  ( 1.891663635432521362, 29.51750515047661949, -33.39645473945524401 ) ) ;
#386 = CIRCLE ( 'NONE', #901, 24.50000000000000355 ) ;
#387 = CARTESIAN_POINT ( 'NONE',  ( 6.510890133589049888, 0.9999999999999453770, -28.59574269341550590 ) ) ;
#388 = AXIS2_PLACEMENT_3D ( 'NONE', #463, #2572, #1075 ) ;
#389 = CARTESIAN_POINT ( 'NONE',  ( -6.106586993217377746, 2.943339678957467509, -28.19932210045498522 ) ) ;
#390 = CARTESIAN_POINT ( 'NONE',  ( 2.071401862603720279, 29.49651201399974809, -33.78420070000384356 ) ) ;
#391 = EDGE_CURVE ( 'NONE', #2621, #2207, #472, .T. ) ;
#392 = CARTESIAN_POINT ( 'NONE',  ( -1.935758567210607017, 0.000000000000000000, 33.94284916839650634 ) ) ;
#393 = DIRECTION ( 'NONE',  ( 0.000000000000000000, 0.000000000000000000, 1.000000000000000000 ) ) ;
#394 = CARTESIAN_POINT ( 'NONE',  ( -5.561191531955389955, 1.908666135535496355, 27.65502949213955475 ) ) ;
#395 = CARTESIAN_POINT ( 'NONE',  ( 7.016757265370077157, 0.9999999999999731326, -28.99339922229294331 ) ) ;
#396 = DIRECTION ( 'NONE',  ( 0.000000000000000000, 1.000000000000000000, 0.000000000000000000 ) ) ;
#397 = AXIS2_PLACEMENT_3D ( 'NONE', #1549, #2170, #373 ) ;
#398 = CARTESIAN_POINT ( 'NONE',  ( 29.19602735579723074, 30.00000000000000000, 7.321981095747922552 ) ) ;
#399 = VERTEX_POINT ( 'NONE', #3573 ) ;
#400 = AXIS2_PLACEMENT_3D ( 'NONE', #3125, #3755, #3422 ) ;
#401 = B_SPLINE_CURVE_WITH_KNOTS ( 'NONE', 3,
 ( #3084, #1875, #919, #3956, #320, #2396, #2443, #1506, #3697, #857, #937, #3657, #2089, #2134, #3978, #2173 ),
 .UNSPECIFIED., .F., .F.,
 ( 4, 2, 2, 2, 2, 2, 2, 4 ),
 ( 3.075161289021299248E-17, 0.0006459870381424176033, 0.001291974076284804415, 0.001937961114427191444, 0.002583948152569578039, 0.003229935190711965068, 0.003875922228854352097, 0.005167896305139134394 ),
 .UNSPECIFIED. ) ;
#402 = ADVANCED_FACE ( 'NONE', ( #1482 ), #2331, .F. ) ;
#403 = EDGE_LOOP ( 'NONE', ( #1179, #51, #106, #1462 ) ) ;
#404 = FACE_OUTER_BOUND ( 'NONE', #3653, .T. ) ;
#405 = CARTESIAN_POINT ( 'NONE',  ( 26.86426063313574275, 1.253016810103356971, -4.771525525898318243 ) ) ;
#406 = ORIENTED_EDGE ( 'NONE', *, *, #2142, .T. ) ;
#407 = CARTESIAN_POINT ( 'NONE',  ( 1.354061739223342942, 28.13390047919572012, -33.85615338233034777 ) ) ;
#408 = CARTESIAN_POINT ( 'NONE',  ( 0.000000000000000000, 1.000000000000000888, 0.000000000000000000 ) ) ;
#409 = EDGE_CURVE ( 'NONE', #85, #1622, #1523, .T. ) ;
#410 = CARTESIAN_POINT ( 'NONE',  ( 2.148602964379761726, 29.76173456995947930, -33.13734667332651185 ) ) ;
#411 = SURFACE_STYLE_USAGE ( .BOTH. , #184 ) ;
#412 = CARTESIAN_POINT ( 'NONE',  ( -30.38559715111336601, 29.99999999999996447, -9.970099149685195172 ) ) ;
#413 = CARTESIAN_POINT ( 'NONE',  ( -2.580254024832689286, 29.74221654928011915, -33.39307503489220608 ) ) ;
#414 = DIRECTION ( 'NONE',  ( -0.000000000000000000, 1.000000000000000000, -0.000000000000000000 ) ) ;
#415 = CARTESIAN_POINT ( 'NONE',  ( 0.000000000000000000, 1.000000000000000888, 0.000000000000000000 ) ) ;
#416 = EDGE_CURVE ( 'NONE', #687, #1342, #2460, .T. ) ;
#417 = CARTESIAN_POINT ( 'NONE',  ( -30.36432714282581102, 0.9999999999999731326, 10.20227232083353464 ) ) ;
#418 = ORIENTED_EDGE ( 'NONE', *, *, #3720, .F. ) ;
#419 = AXIS2_PLACEMENT_3D ( 'NONE', #3784, #2512, #675 ) ;
#420 = B_SPLINE_CURVE_WITH_KNOTS ( 'NONE', 3,
 ( #3650, #3099, #2812, #2493, #289, #2408, #1518, #1212 ),
 .UNSPECIFIED., .F., .F.,
 ( 4, 2, 2, 4 ),
 ( 0.000000000000000000, 0.2499999999999992228, 0.4999999999999984457, 1.000000000000000000 ),
 .UNSPECIFIED. ) ;
#421 = CARTESIAN_POINT ( 'NONE',  ( -5.954848856712624539, 1.000000000000000888, -23.76530612244892637 ) ) ;
#422 = CARTESIAN_POINT ( 'NONE',  ( 29.44401500664186955, 29.99999999999996447, -7.737229666197828593 ) ) ;
#423 = VERTEX_POINT ( 'NONE', #272 ) ;
#424 = LINE ( 'NONE', #2922, #1313 ) ;
#425 = LINE ( 'NONE', #764, #2640 ) ;
#426 = CARTESIAN_POINT ( 'NONE',  ( 2.538997579658452519, 29.62820563597840717, -33.57437666871763327 ) ) ;
#427 = DIRECTION ( 'NONE',  ( 0.000000000000000000, 0.000000000000000000, 1.000000000000000000 ) ) ;
#428 = EDGE_CURVE ( 'NONE', #2322, #1920, #3019, .T. ) ;
#429 = CARTESIAN_POINT ( 'NONE',  ( 28.69713255725310219, 29.99999999999995737, -6.629600024815990089 ) ) ;
#430 = CARTESIAN_POINT ( 'NONE',  ( -10.09331211470444956, 29.99999999999996447, -30.38099426806774517 ) ) ;
#431 = DIRECTION ( 'NONE',  ( -0.000000000000000000, -1.000000000000000000, 0.000000000000000000 ) ) ;
#432 = CARTESIAN_POINT ( 'NONE',  ( -6.941653848080234113, 0.9999999999999731326, 28.94086890595260897 ) ) ;
#433 = PLANE ( 'NONE',  #1891 ) ;
#434 = ORIENTED_EDGE ( 'NONE', *, *, #3818, .F. ) ;
#435 = CIRCLE ( 'NONE', #2531, 25.70000000000000639 ) ;
#436 = DIRECTION ( 'NONE',  ( 0.000000000000000000, 1.000000000000000000, 0.000000000000000000 ) ) ;
#437 = CARTESIAN_POINT ( 'NONE',  ( 29.67154670419889229, 29.99999999999996447, -8.164928310215609386 ) ) ;
#438 = EDGE_LOOP ( 'NONE', ( #3498, #964, #3893, #3749 ) ) ;
#439 = ORIENTED_EDGE ( 'NONE', *, *, #2552, .F. ) ;
#440 = DIRECTION ( 'NONE',  ( -0.000000000000000000, 1.000000000000000000, -0.000000000000000000 ) ) ;
#441 = CARTESIAN_POINT ( 'NONE',  ( -30.37003035081242075, 0.9999999999999453770, 10.17519104697265675 ) ) ;
#442 = VECTOR ( 'NONE', #1815, 1000.000000000000000 ) ;
#443 = EDGE_CURVE ( 'NONE', #3534, #1552, #235, .T. ) ;
#444 = AXIS2_PLACEMENT_3D ( 'NONE', #3883, #1123, #1193 ) ;
#445 = CARTESIAN_POINT ( 'NONE',  ( -7.529954783969210474, 0.9999999999999453770, 29.32085608747948413 ) ) ;
#446 = ORIENTED_EDGE ( 'NONE', *, *, #700, .T. ) ;
#447 = CARTESIAN_POINT ( 'NONE',  ( -29.67102485484129204, 29.99999999999996447, -8.167768883882745357 ) ) ;
#448 = CARTESIAN_POINT ( 'NONE',  ( -2.327952450871387580, 28.26740256202844037, -34.40984549447538399 ) ) ;
#449 = ADVANCED_FACE ( 'NONE', ( #3230, #719 ), #3807, .T. ) ;
#450 = LINE ( 'NONE', #3496, #2887 ) ;
#451 = DIRECTION ( 'NONE',  ( 0.000000000000000000, -1.000000000000000000, 0.000000000000000000 ) ) ;
#452 = EDGE_LOOP ( 'NONE', ( #981, #3688, #2883, #3321, #3279, #2064, #1780, #2766 ) ) ;
#453 = ADVANCED_FACE ( 'NONE', ( #1701 ), #1333, .F. ) ;
#454 = AXIS2_PLACEMENT_3D ( 'NONE', #2839, #1595, #3445 ) ;
#455 = CARTESIAN_POINT ( 'NONE',  ( 27.76718487918317635, 2.057061588875682467, -5.674449771945713650 ) ) ;
#456 = ORIENTED_EDGE ( 'NONE', *, *, #3020, .T. ) ;
#457 = ORIENTED_EDGE ( 'NONE', *, *, #1705, .F. ) ;
#458 = CARTESIAN_POINT ( 'NONE',  ( -29.19569261685225214, 0.9999999999999453770, 7.321458899161582323 ) ) ;
#459 = EDGE_CURVE ( 'NONE', #3805, #491, #2578, .T. ) ;
#460 = ADVANCED_FACE ( 'NONE', ( #1682 ), #1719, .F. ) ;
#461 = VECTOR ( 'NONE', #2676, 1000.000000000000000 ) ;
#462 = EDGE_CURVE ( 'NONE', #595, #999, #2871, .T. ) ;
#463 = CARTESIAN_POINT ( 'NONE',  ( 0.000000000000000000, 0.000000000000000000, 0.000000000000000000 ) ) ;
#464 = PLANE ( 'NONE',  #23 ) ;
#465 = CARTESIAN_POINT ( 'NONE',  ( -2.821938808049769598, 30.00000000000000000, 32.37525451824843969 ) ) ;
#466 = DIRECTION ( 'NONE',  ( -0.000000000000000000, -1.000000000000000000, -0.000000000000000000 ) ) ;
#467 =( NAMED_UNIT ( * ) SI_UNIT ( $, .STERADIAN. ) SOLID_ANGLE_UNIT ( ) );
#468 = ORIENTED_EDGE ( 'NONE', *, *, #3144, .T. ) ;
#469 = B_SPLINE_CURVE_WITH_KNOTS ( 'NONE', 3,
 ( #18, #315, #3139, #1625, #2515, #641, #2150, #3080, #3376, #76, #371, #389, #1311, #37, #2550, #1909 ),
 .UNSPECIFIED., .F., .F.,
 ( 4, 2, 2, 2, 2, 2, 2, 4 ),
 ( 0.000000000000000000, 0.001287391582577148124, 0.001931087373865722186, 0.002574783165154296248, 0.003218478956442870527, 0.003862174747731444372, 0.004505870539020018217, 0.005149566330308592496 ),
 .UNSPECIFIED. ) ;
#470 = CARTESIAN_POINT ( 'NONE',  ( -30.06870357553480133, 0.9999999999999453770, -9.052655923250368275 ) ) ;
#471 = CARTESIAN_POINT ( 'NONE',  ( -2.684299524686767136, 29.94921725089465170, -32.91010108329816575 ) ) ;
#472 = LINE ( 'NONE', #2353, #3571 ) ;
#473 = CARTESIAN_POINT ( 'NONE',  ( 0.000000000000000000, 0.000000000000000000, 0.000000000000000000 ) ) ;
#474 = CARTESIAN_POINT ( 'NONE',  ( 29.44337163892202724, 0.9999999999999731326, 7.739250038558890488 ) ) ;
#475 = VERTEX_POINT ( 'NONE', #3478 ) ;
#476 = CARTESIAN_POINT ( 'NONE',  ( 0.000000000000000000, 0.000000000000000000, 0.000000000000000000 ) ) ;
#477 = CARTESIAN_POINT ( 'NONE',  ( -28.53424220848886605, 30.00000000000000000, -6.442166876943947074 ) ) ;
#478 = VERTEX_POINT ( 'NONE', #750 ) ;
#479 = ORIENTED_EDGE ( 'NONE', *, *, #2496, .T. ) ;
#480 = CARTESIAN_POINT ( 'NONE',  ( -29.09279771691765504, 0.9999999999999453770, 7.163479273359896204 ) ) ;
#481 = CARTESIAN_POINT ( 'NONE',  ( 28.71522592437725052, 29.99999999999997158, 6.651431435420469107 ) ) ;
#482 = VECTOR ( 'NONE', #692, 1000.000000000000114 ) ;
#483 = EDGE_CURVE ( 'NONE', #2154, #3987, #3848, .T. ) ;
#484 = VECTOR ( 'NONE', #175, 1000.000000000000000 ) ;
#485 = CARTESIAN_POINT ( 'NONE',  ( 6.413678643489684639, -84.94344718381945825, 28.50641375072754613 ) ) ;
#486 = CARTESIAN_POINT ( 'NONE',  ( -28.53424220848886605, 1.000000000000000888, -6.442166876943947074 ) ) ;
#487 = CARTESIAN_POINT ( 'NONE',  ( 25.81805331643795753, 1.000000000000000000, 3.720532621964704578 ) ) ;
#488 = CARTESIAN_POINT ( 'NONE',  ( -23.55878325911094961, 42.04006440356475593, -6.725602675614555714 ) ) ;
#489 = CARTESIAN_POINT ( 'NONE',  ( 29.04474560440994679, 0.9999999999999453770, 7.092616447670590851 ) ) ;
#490 = B_SPLINE_SURFACE_WITH_KNOTS ( 'NONE', 3, 1, ( 
 ( #291, #3079 ),
 ( #311, #2530 ),
 ( #2212, #3457 ),
 ( #75, #987 ),
 ( #3435, #3138 ),
 ( #3751, #1624 ),
 ( #56, #2549 ),
 ( #2230, #370 ),
 ( #1310, #1927 ),
 ( #693, #3157 ),
 ( #387, #676 ),
 ( #2849, #3731 ) ),
 .UNSPECIFIED., .F., .F., .F.,
 ( 4, 3, 2, 3, 4 ),
 ( 2, 2 ),
 ( 0.000000000000000000, 0.0002747622792350159788, 0.0005496069384746192065, 0.0008257026577709381844, 0.001102397151945383761 ),
 ( 0.000000000000000000, 1.000000000000000000 ),
 .UNSPECIFIED. ) ;
#491 = VERTEX_POINT ( 'NONE', #1084 ) ;
#492 = CARTESIAN_POINT ( 'NONE',  ( -2.324135831895197679, 28.14346556695019430, -34.42362760668783750 ) ) ;
#493 = CARTESIAN_POINT ( 'NONE',  ( -10.12064705216105587, 29.99999999999996447, -30.37831597759071300 ) ) ;
#494 = DIRECTION ( 'NONE',  ( 0.000000000000000000, 0.000000000000000000, -1.000000000000000000 ) ) ;
#495 = CYLINDRICAL_SURFACE ( 'NONE', #318, 1.903053269104724610 ) ;
#496 = CARTESIAN_POINT ( 'NONE',  ( 30.38362457722951149, 29.99999999999997158, -10.03232073629269294 ) ) ;
#497 = ORIENTED_EDGE ( 'NONE', *, *, #3968, .F. ) ;
#498 = CIRCLE ( 'NONE', #2565, 32.50000000000000000 ) ;
#499 =( GEOMETRIC_REPRESENTATION_CONTEXT ( 3 ) GLOBAL_UNCERTAINTY_ASSIGNED_CONTEXT ( ( #3887 ) ) GLOBAL_UNIT_ASSIGNED_CONTEXT ( ( #3226, #1679, #467 ) ) REPRESENTATION_CONTEXT ( 'NONE', 'WORKASPACE' ) );
#500 = CARTESIAN_POINT ( 'NONE',  ( 29.19569261685225925, 29.99999999999995026, -7.321458899161594758 ) ) ;
#501 = ORIENTED_EDGE ( 'NONE', *, *, #416, .T. ) ;
#502 = EDGE_LOOP ( 'NONE', ( #1361, #1399, #3041, #756 ) ) ;
#503 = CARTESIAN_POINT ( 'NONE',  ( 4.336808689942017736E-16, 30.00000000000000000, -34.50153451497305923 ) ) ;
#504 = FACE_OUTER_BOUND ( 'NONE', #1209, .T. ) ;
#505 = AXIS2_PLACEMENT_3D ( 'NONE', #2337, #856, #3277 ) ;
#506 = CARTESIAN_POINT ( 'NONE',  ( -7.528640511785090972, 0.9999999999999731326, -29.32104060617509944 ) ) ;
#507 = CARTESIAN_POINT ( 'NONE',  ( 0.000000000000000000, 0.000000000000000000, 0.000000000000000000 ) ) ;
#508 = SURFACE_SIDE_STYLE ('',( #2410 ) ) ;
#509 =( NAMED_UNIT ( * ) SI_UNIT ( $, .STERADIAN. ) SOLID_ANGLE_UNIT ( ) );
#510 = AXIS2_PLACEMENT_3D ( 'NONE', #2087, #3595, #3553 ) ;
#511 = CARTESIAN_POINT ( 'NONE',  ( 10.12076937903943907, 29.99999999999996447, 30.37822770259444027 ) ) ;
#512 = ORIENTED_EDGE ( 'NONE', *, *, #2717, .F. ) ;
#513 = CARTESIAN_POINT ( 'NONE',  ( -2.344904369050747839, 28.55781328475763203, -34.34779647926467305 ) ) ;
#514 = CARTESIAN_POINT ( 'NONE',  ( -1.683815926529443452, 28.78710885437825695, 34.30541019027435823 ) ) ;
#515 = DIRECTION ( 'NONE',  ( 0.000000000000000000, 0.000000000000000000, 1.000000000000000000 ) ) ;
#516 = ADVANCED_FACE ( 'NONE', ( #771 ), #2334, .F. ) ;
#517 = DIRECTION ( 'NONE',  ( -0.000000000000000000, -1.000000000000000000, -0.000000000000000000 ) ) ;
#518 = CARTESIAN_POINT ( 'NONE',  ( -29.09279771691765504, 29.99999999999997158, 7.163479273359896204 ) ) ;
#519 = ORIENTED_EDGE ( 'NONE', *, *, #1152, .F. ) ;
#520 = CARTESIAN_POINT ( 'NONE',  ( 29.14441767727971211, 29.99999999999995026, -7.242363969696747006 ) ) ;
#521 = ORIENTED_EDGE ( 'NONE', *, *, #1134, .T. ) ;
#522 = ORIENTED_EDGE ( 'NONE', *, *, #603, .F. ) ;
#523 = CARTESIAN_POINT ( 'NONE',  ( 9.048974470992874330, 0.9999999999999176215, 30.06724980405535419 ) ) ;
#524 = DIRECTION ( 'NONE',  ( -0.000000000000000000, -1.000000000000000000, 0.000000000000000000 ) ) ;
#525 = B_SPLINE_SURFACE_WITH_KNOTS ( 'NONE', 3, 1, ( 
 ( #2345, #2014 ),
 ( #1159, #547 ),
 ( #1779, #1402 ),
 ( #1139, #2663 ),
 ( #3857, #3284 ),
 ( #3010, #2624 ),
 ( #3898, #2403 ),
 ( #1095, #3626 ) ),
 .UNSPECIFIED., .F., .F., .F.,
 ( 4, 2, 2, 4 ),
 ( 2, 2 ),
 ( 0.000000000000000000, 0.5000000000000008882, 0.7500000000000004441, 1.000000000000000000 ),
 ( 0.000000000000000000, 1.000000000000000000 ),
 .UNSPECIFIED. ) ;
#526 = DIRECTION ( 'NONE',  ( 0.000000000000000000, 0.000000000000000000, 1.000000000000000000 ) ) ;
#527 = LINE ( 'NONE', #1782, #2091 ) ;
#528 = EDGE_CURVE ( 'NONE', #2207, #3602, #3707, .T. ) ;
#529 = CARTESIAN_POINT ( 'NONE',  ( -7.321458899161518374, 30.00000000000000000, -29.19569261685230543 ) ) ;
#530 = CARTESIAN_POINT ( 'NONE',  ( 0.000000000000000000, 1.000000000000000000, 0.000000000000000000 ) ) ;
#531 = VECTOR ( 'NONE', #2741, 1000.000000000000000 ) ;
#532 = CARTESIAN_POINT ( 'NONE',  ( 4.329994846066901104, 1.060679341845504942, -26.42629614708353714 ) ) ;
#533 = CARTESIAN_POINT ( 'NONE',  ( -29.19602735579721653, 29.99999999999996447, -7.321981095747903900 ) ) ;
#534 = EDGE_LOOP ( 'NONE', ( #3485, #3032, #286, #195 ) ) ;
#535 = VECTOR ( 'NONE', #84, 1000.000000000000114 ) ;
#536 = EDGE_CURVE ( 'NONE', #1457, #3062, #3992, .T. ) ;
#537 = FACE_OUTER_BOUND ( 'NONE', #502, .T. ) ;
#538 = DIRECTION ( 'NONE',  ( 0.000000000000000000, -1.000000000000000000, -0.000000000000000000 ) ) ;
#539 = AXIS2_PLACEMENT_3D ( 'NONE', #1483, #1812, #2716 ) ;
#540 = CARTESIAN_POINT ( 'NONE',  ( 0.000000000000000000, 42.04006440356475593, 0.000000000000000000 ) ) ;
#541 = CARTESIAN_POINT ( 'NONE',  ( 29.32085608747951255, 0.9999999999999731326, 7.529954783968817011 ) ) ;
#542 = VERTEX_POINT ( 'NONE', #1436 ) ;
#543 = CARTESIAN_POINT ( 'NONE',  ( 28.93272500840681261, 29.99999999999995026, -6.930634915335671664 ) ) ;
#544 = VERTEX_POINT ( 'NONE', #3693 ) ;
#545 = ORIENTED_EDGE ( 'NONE', *, *, #2133, .T. ) ;
#546 = CARTESIAN_POINT ( 'NONE',  ( 1.973161831127150823, 28.28717102073164114, 34.42583673153084334 ) ) ;
#547 = CARTESIAN_POINT ( 'NONE',  ( 9.510733381963516919, 29.99999999999996447, -30.22962318698080963 ) ) ;
#548 = ORIENTED_EDGE ( 'NONE', *, *, #3197, .F. ) ;
#549 = FACE_OUTER_BOUND ( 'NONE', #2182, .T. ) ;
#550 = CIRCLE ( 'NONE', #3311, 23.49999999999999645 ) ;
#551 = PLANE ( 'NONE',  #3083 ) ;
#552 = CARTESIAN_POINT ( 'NONE',  ( -8.164881575140906733, 0.9999999999999453770, -29.67152308091792534 ) ) ;
#553 = CIRCLE ( 'NONE', #2286, 34.50000000000000000 ) ;
#554 = CARTESIAN_POINT ( 'NONE',  ( 7.163479273359635080, 29.99999999999997158, 29.09279771691775807 ) ) ;
#555 = FACE_OUTER_BOUND ( 'NONE', #1770, .T. ) ;
#556 = ORIENTED_EDGE ( 'NONE', *, *, #2859, .F. ) ;
#557 = CARTESIAN_POINT ( 'NONE',  ( -2.785551700919113305, 30.00000000000000000, -32.38240692997352710 ) ) ;
#558 = UNCERTAINTY_MEASURE_WITH_UNIT (LENGTH_MEASURE( 1.000000000000000082E-05 ), #2319, 'distance_accuracy_value', 'NONE');
#559 = DIRECTION ( 'NONE',  ( 0.7071067811865278108, 0.000000000000000000, 0.7071067811865673347 ) ) ;
#560 = ADVANCED_FACE ( 'NONE', ( #3594 ), #2792, .T. ) ;
#561 = DIRECTION ( 'NONE',  ( 0.000000000000000000, 0.000000000000000000, 1.000000000000000000 ) ) ;
#562 = CARTESIAN_POINT ( 'NONE',  ( -7.321981095748312462, 0.9999999999999314992, 29.19602735579720232 ) ) ;
#563 = ORIENTED_EDGE ( 'NONE', *, *, #2534, .T. ) ;
#564 = DIRECTION ( 'NONE',  ( -0.8660254037844432595, 0.000000000000000000, -0.4999999999999919509 ) ) ;
#565 = ORIENTED_EDGE ( 'NONE', *, *, #58, .T. ) ;
#566 = ORIENTED_EDGE ( 'NONE', *, *, #3736, .T. ) ;
#567 = DIRECTION ( 'NONE',  ( 0.000000000000000000, 0.000000000000000000, 1.000000000000000000 ) ) ;
#568 = DIRECTION ( 'NONE',  ( 0.000000000000000000, 0.000000000000000000, 1.000000000000000000 ) ) ;
#569 = VECTOR ( 'NONE', #3764, 1000.000000000000000 ) ;
#570 = EDGE_LOOP ( 'NONE', ( #88, #2401, #1250, #628 ) ) ;
#571 = LINE ( 'NONE', #1802, #2895 ) ;
#572 = DIRECTION ( 'NONE',  ( 0.000000000000000000, 1.000000000000000000, -0.000000000000000000 ) ) ;
#573 = CARTESIAN_POINT ( 'NONE',  ( -4.336808689942017736E-16, 30.00000000000000000, -0.002000791051989803115 ) ) ;
#574 = LINE ( 'NONE', #849, #6 ) ;
#575 = CARTESIAN_POINT ( 'NONE',  ( 10.03232073629203569, 29.99999999999996447, 30.38362457722961452 ) ) ;
#576 = EDGE_CURVE ( 'NONE', #712, #3282, #36, .T. ) ;
#577 = VERTEX_POINT ( 'NONE', #1828 ) ;
#578 = CARTESIAN_POINT ( 'NONE',  ( -1.366531126209085567, 28.28364229070389868, -33.84683613581053407 ) ) ;
#579 = CARTESIAN_POINT ( 'NONE',  ( 30.38234234103216380, 0.9999999999999453770, -10.06607696785905226 ) ) ;
#580 = ADVANCED_FACE ( 'NONE', ( #3059 ), #490, .F. ) ;
#581 = EDGE_CURVE ( 'NONE', #255, #340, #35, .T. ) ;
#582 = VECTOR ( 'NONE', #956, 1000.000000000000000 ) ;
#583 = DIRECTION ( 'NONE',  ( -0.7071067811865336949, 0.000000000000000000, -0.7071067811865613395 ) ) ;
#584 = CARTESIAN_POINT ( 'NONE',  ( -29.09279771691765504, 0.9999999999999731326, 7.163479273359896204 ) ) ;
#585 = AXIS2_PLACEMENT_3D ( 'NONE', #1147, #1501, #1786 ) ;
#586 = VERTEX_POINT ( 'NONE', #1604 ) ;
#587 = CARTESIAN_POINT ( 'NONE',  ( 5.561456848814032128, 1.907841365375336329, 27.65419195605185365 ) ) ;
#588 = EDGE_CURVE ( 'NONE', #1622, #3895, #3173, .T. ) ;
#589 = CARTESIAN_POINT ( 'NONE',  ( 28.57124262114491842, 0.9999999999999731326, -6.484523281113973248 ) ) ;
#590 = ORIENTED_EDGE ( 'NONE', *, *, #1685, .F. ) ;
#591 = CARTESIAN_POINT ( 'NONE',  ( -1.354061739223345606, 27.99999999999999645, -33.85615338233036198 ) ) ;
#592 = CARTESIAN_POINT ( 'NONE',  ( 2.218598927098740514, 29.68262362051117975, 33.53540257677023817 ) ) ;
#593 = DIRECTION ( 'NONE',  ( 0.000000000000000000, 0.000000000000000000, 1.000000000000000000 ) ) ;
#594 = B_SPLINE_CURVE_WITH_KNOTS ( 'NONE', 3,
 ( #1914, #1612, #855, #2653, #2934, #1370, #3293, #1703, #3531, #2335, #166, #1790 ),
 .UNSPECIFIED., .F., .F.,
 ( 4, 3, 2, 3, 4 ),
 ( 0.000000000000000000, 0.2492407375601070063, 0.4985562031839176345, 0.7490065230247148209, 1.000000000000000000 ),
 .UNSPECIFIED. ) ;
#595 = VERTEX_POINT ( 'NONE', #1907 ) ;
#596 = CARTESIAN_POINT ( 'NONE',  ( -9.970099149685470508, 1.000000000000000888, 30.38559715111188808 ) ) ;
#597 = CARTESIAN_POINT ( 'NONE',  ( -4.336808689942017736E-16, 30.00000000000000000, -0.002000791051989803115 ) ) ;
#598 = CARTESIAN_POINT ( 'NONE',  ( -6.258585244769549583, 1.000000000000000888, -28.35132035200716061 ) ) ;
#599 =( LENGTH_UNIT ( ) NAMED_UNIT ( * ) SI_UNIT ( .MILLI., .METRE. ) );
#600 = CARTESIAN_POINT ( 'NONE',  ( 7.739250038558865619, 29.99999999999997158, -29.44337163892195619 ) ) ;
#601 = CARTESIAN_POINT ( 'NONE',  ( -28.65632581467998108, 29.99999999999996447, -6.580466847577087997 ) ) ;
#602 = B_SPLINE_SURFACE_WITH_KNOTS ( 'NONE', 3, 1, ( 
 ( #1866, #2773 ),
 ( #3097, #3218 ),
 ( #2586, #422 ),
 ( #2901, #437 ),
 ( #3813, #1639 ),
 ( #127, #2321 ),
 ( #2277, #3484 ),
 ( #1032, #1051 ) ),
 .UNSPECIFIED., .F., .F., .F.,
 ( 4, 2, 2, 4 ),
 ( 2, 2 ),
 ( 0.000000000000000000, 0.2499999999999986677, 0.4999999999999981126, 1.000000000000000000 ),
 ( 0.000000000000000000, 1.000000000000000000 ),
 .UNSPECIFIED. ) ;
#603 = EDGE_CURVE ( 'NONE', #3451, #212, #1583, .T. ) ;
#604 = ORIENTED_EDGE ( 'NONE', *, *, #3434, .T. ) ;
#605 = STYLED_ITEM ( 'NONE', ( #3659 ), #97 ) ;
#606 = DIRECTION ( 'NONE',  ( 0.000000000000000000, 1.000000000000000000, -0.000000000000000000 ) ) ;
#607 = AXIS2_PLACEMENT_3D ( 'NONE', #1931, #3163, #393 ) ;
#608 = CARTESIAN_POINT ( 'NONE',  ( 30.38374542505944120, 29.99999999999996447, -9.998551471871152785 ) ) ;
#609 = CARTESIAN_POINT ( 'NONE',  ( 28.50641375072796535, 1.000000000000000888, -6.413678643490467124 ) ) ;
#610 = CARTESIAN_POINT ( 'NONE',  ( -28.35126156015495624, 30.00000000000000000, -6.258819392547218641 ) ) ;
#611 = ORIENTED_EDGE ( 'NONE', *, *, #647, .T. ) ;
#612 = CARTESIAN_POINT ( 'NONE',  ( 5.873312926553729163, 2.381441818497418428, 27.96604803379157289 ) ) ;
#613 = DIRECTION ( 'NONE',  ( 0.000000000000000000, 0.000000000000000000, 1.000000000000000000 ) ) ;
#614 = ORIENTED_EDGE ( 'NONE', *, *, #2679, .F. ) ;
#615 = CARTESIAN_POINT ( 'NONE',  ( 2.821938808049773595, 30.00000000000000000, 32.37525451824844680 ) ) ;
#616 = CARTESIAN_POINT ( 'NONE',  ( 30.22962318698085227, 0.9999999999999453770, 9.510733381963396127 ) ) ;
#617 = ORIENTED_EDGE ( 'NONE', *, *, #126, .T. ) ;
#618 = VERTEX_POINT ( 'NONE', #1271 ) ;
#619 = CARTESIAN_POINT ( 'NONE',  ( 29.14441767727971211, 1.000000000000014655, -7.242363969696747006 ) ) ;
#620 = DIRECTION ( 'NONE',  ( 0.000000000000000000, 0.000000000000000000, 1.000000000000000000 ) ) ;
#621 = CARTESIAN_POINT ( 'NONE',  ( -2.751907401066483239, 29.99999999999998934, 32.49233746857459693 ) ) ;
#622 = CARTESIAN_POINT ( 'NONE',  ( 7.529954783968749510, 29.99999999999997158, -29.32085608747946992 ) ) ;
#623 = CARTESIAN_POINT ( 'NONE',  ( 6.484523281113231619, 0.9999999999999176215, 28.57124262114457380 ) ) ;
#624 = CIRCLE ( 'NONE', #3384, 1.903053269113975876 ) ;
#625 = CARTESIAN_POINT ( 'NONE',  ( 1.903945517113060593, 29.20537500578820911, -34.06355584537995185 ) ) ;
#626 = AXIS2_PLACEMENT_3D ( 'NONE', #2633, #2256, #1350 ) ;
#627 = CARTESIAN_POINT ( 'NONE',  ( -29.03983865805449582, 0.9999999999999731326, 7.085501934475145980 ) ) ;
#628 = ORIENTED_EDGE ( 'NONE', *, *, #711, .T. ) ;
#629 = CARTESIAN_POINT ( 'NONE',  ( 1.299330115102765593E-14, -84.94344718381945825, -3.425026790108451458 ) ) ;
#630 = CARTESIAN_POINT ( 'NONE',  ( 6.442166876943985265, 1.000000000000000888, -28.53424220848879145 ) ) ;
#631 = ORIENTED_EDGE ( 'NONE', *, *, #864, .F. ) ;
#632 = CARTESIAN_POINT ( 'NONE',  ( 1.847333029185037612, 29.15788844282887027, 34.08910173668058974 ) ) ;
#633 = CARTESIAN_POINT ( 'NONE',  ( 2.324135821055055562, 27.99999999999999645, -34.42362760741976757 ) ) ;
#634 = ORIENTED_EDGE ( 'NONE', *, *, #647, .F. ) ;
#635 = ORIENTED_EDGE ( 'NONE', *, *, #2255, .T. ) ;
#636 = CARTESIAN_POINT ( 'NONE',  ( -4.336808689942017736E-16, 27.99999999999999645, -0.002000791051989803115 ) ) ;
#637 = DIRECTION ( 'NONE',  ( -0.000000000000000000, -1.000000000000000000, -0.000000000000000000 ) ) ;
#638 = CARTESIAN_POINT ( 'NONE',  ( -30.22765753340497596, 29.99999999999996447, 9.506339185439978579 ) ) ;
#639 = CARTESIAN_POINT ( 'NONE',  ( -2.204103308217822743, 29.27902302196434192, 33.96982416723805898 ) ) ;
#640 = AXIS2_PLACEMENT_3D ( 'NONE', #3812, #2564, #1030 ) ;
#641 = CARTESIAN_POINT ( 'NONE',  ( -5.187838340983383922, 1.529868608434873822, -27.28057344822095232 ) ) ;
#642 = CARTESIAN_POINT ( 'NONE',  ( 1.354061739223342498, 27.99999999999999645, -33.85615338233035487 ) ) ;
#643 = AXIS2_PLACEMENT_3D ( 'NONE', #540, #231, #3596 ) ;
#644 = CARTESIAN_POINT ( 'NONE',  ( 6.484523281113231619, 0.9999999999999453770, 28.57124262114457380 ) ) ;
#645 = CARTESIAN_POINT ( 'NONE',  ( 30.35833963587398898, -84.94344718381945825, -10.22925332253780439 ) ) ;
#646 = SURFACE_STYLE_USAGE ( .BOTH. , #3109 ) ;
#647 = EDGE_CURVE ( 'NONE', #924, #31, #170, .T. ) ;
#648 = CARTESIAN_POINT ( 'NONE',  ( -7.163479273359776300, 0.9999999999999453770, -29.09279771691767280 ) ) ;
#649 = CARTESIAN_POINT ( 'NONE',  ( -2.623913249569900685, 30.00000000000000355, -32.59400538334148933 ) ) ;
#650 = CARTESIAN_POINT ( 'NONE',  ( 30.22765753340492267, 0.9999999999999731326, -9.506339185439877326 ) ) ;
#651 = DIRECTION ( 'NONE',  ( 0.000000000000000000, 0.000000000000000000, -1.000000000000000000 ) ) ;
#652 = ORIENTED_EDGE ( 'NONE', *, *, #3419, .F. ) ;
#653 = ORIENTED_EDGE ( 'NONE', *, *, #883, .F. ) ;
#654 = CARTESIAN_POINT ( 'NONE',  ( 1.084202172485504434E-16, 30.00000000000000000, 34.44567992468615358 ) ) ;
#655 = CARTESIAN_POINT ( 'NONE',  ( -29.19602735579721653, 30.00000000000000000, -7.321981095747903900 ) ) ;
#656 = DIRECTION ( 'NONE',  ( 0.7071067811865336949, 0.000000000000000000, 0.7071067811865613395 ) ) ;
#657 = CARTESIAN_POINT ( 'NONE',  ( -2.821938808049768710, 30.00000000000000000, 32.37525451824843969 ) ) ;
#658 = CARTESIAN_POINT ( 'NONE',  ( 6.778338360431019005, 29.99999999999996447, 28.81881438418728791 ) ) ;
#659 = EDGE_CURVE ( 'NONE', #3281, #2601, #2209, .T. ) ;
#660 = B_SPLINE_CURVE_WITH_KNOTS ( 'NONE', 3,
 ( #2145, #619, #3431, #2787, #3452, #32, #2810, #3096, #1561, #14, #1843, #1268, #1251 ),
 .UNSPECIFIED., .F., .F.,
 ( 4, 3, 3, 3, 4 ),
 ( 0.000000000000000000, 0.0002827522416398942301, 0.0005651459187554781338, 0.0008533517317294885473, 0.001141441485236784547 ),
 .UNSPECIFIED. ) ;
#661 = CARTESIAN_POINT ( 'NONE',  ( 2.344904369050965443, 28.55781328475753611, -34.34779647926468016 ) ) ;
#662 = EDGE_CURVE ( 'NONE', #3895, #2862, #2817, .T. ) ;
#663 = CARTESIAN_POINT ( 'NONE',  ( -10.17507927643632115, 0.9999999999999731326, -30.37016272767278124 ) ) ;
#664 = CARTESIAN_POINT ( 'NONE',  ( 9.970099149685200501, 30.00000000000000000, -30.38559715111193427 ) ) ;
#665 = CARTESIAN_POINT ( 'NONE',  ( 5.317328835784919328, 1.643669128320843775, 27.41006394302272042 ) ) ;
#666 = CARTESIAN_POINT ( 'NONE',  ( -2.977424428356300723, 42.04006440356475593, 5.157050385609860399 ) ) ;
#667 = ORIENTED_EDGE ( 'NONE', *, *, #3449, .T. ) ;
#668 = CARTESIAN_POINT ( 'NONE',  ( 7.321981095747801760, 0.9999999999999731326, -29.19602735579725561 ) ) ;
#669 = CARTESIAN_POINT ( 'NONE',  ( 29.77603499932961384, 29.99999999999997158, 8.386314982652965710 ) ) ;
#670 = CIRCLE ( 'NONE', #1933, 25.70000000000000639 ) ;
#671 = ORIENTED_EDGE ( 'NONE', *, *, #280, .F. ) ;
#672 = ORIENTED_EDGE ( 'NONE', *, *, #795, .T. ) ;
#673 = CARTESIAN_POINT ( 'NONE',  ( 6.580466847577135070, 29.99999999999997158, -28.65632581467990292 ) ) ;
#674 = DIRECTION ( 'NONE',  ( 0.000000000000000000, -1.000000000000000000, 0.000000000000000000 ) ) ;
#675 = DIRECTION ( 'NONE',  ( 0.000000000000000000, 0.000000000000000000, 1.000000000000000000 ) ) ;
#676 = CARTESIAN_POINT ( 'NONE',  ( 6.510890133589049888, 29.99999999999996447, -28.59574269341550590 ) ) ;
#677 = CARTESIAN_POINT ( 'NONE',  ( 6.556154702997478267, 0.9999999999999176215, 28.63526552384551493 ) ) ;
#678 = CARTESIAN_POINT ( 'NONE',  ( 8.164928310215415763, 29.99999999999997158, 29.67154670419903084 ) ) ;
#679 = AXIS2_PLACEMENT_3D ( 'NONE', #3394, #674, #710 ) ;
#680 = DIRECTION ( 'NONE',  ( -0.000000000000000000, -1.000000000000000000, -0.000000000000000000 ) ) ;
#681 = CARTESIAN_POINT ( 'NONE',  ( -28.83117271246065272, 0.9999999999999731326, -6.794406156882558889 ) ) ;
#682 = EDGE_CURVE ( 'NONE', #2630, #3094, #1128, .T. ) ;
#683 = AXIS2_PLACEMENT_3D ( 'NONE', #2221, #1279, #1837 ) ;
#684 = DIRECTION ( 'NONE',  ( -0.000000000000000000, -1.000000000000000000, 0.000000000000000000 ) ) ;
#685 = CARTESIAN_POINT ( 'NONE',  ( -29.19569261685225214, 0.9999999999999731326, 7.321458899161582323 ) ) ;
#686 = FACE_OUTER_BOUND ( 'NONE', #2506, .T. ) ;
#687 = VERTEX_POINT ( 'NONE', #3461 ) ;
#688 = ORIENTED_EDGE ( 'NONE', *, *, #682, .F. ) ;
#689 = DIRECTION ( 'NONE',  ( 0.000000000000000000, 0.000000000000000000, 1.000000000000000000 ) ) ;
#690 = CARTESIAN_POINT ( 'NONE',  ( -10.21095861067613164, 30.00000000000000000, 30.36464536457322794 ) ) ;
#691 = ORIENTED_EDGE ( 'NONE', *, *, #1550, .F. ) ;
#692 = DIRECTION ( 'NONE',  ( -0.7078145135131703736, 0.000000000000000000, 0.7063983397914478379 ) ) ;
#693 = CARTESIAN_POINT ( 'NONE',  ( 6.580466847577135070, 0.9999999999999453770, -28.65632581467990292 ) ) ;
#694 = ADVANCED_FACE ( 'NONE', ( #63 ), #44, .F. ) ;
#695 = CARTESIAN_POINT ( 'NONE',  ( -7.007633974929125209, 0.9999999999999731326, -28.98695388522018135 ) ) ;
#696 = AXIS2_PLACEMENT_3D ( 'NONE', #530, #2124, #1761 ) ;
#697 = CARTESIAN_POINT ( 'NONE',  ( 2.446081066885932298, 29.27586727985562476, -33.95995827035130787 ) ) ;
#698 = CARTESIAN_POINT ( 'NONE',  ( -2.084378762731558421, 28.92200786777064181, 34.21444952035727027 ) ) ;
#699 = EDGE_CURVE ( 'NONE', #984, #2116, #2980, .T. ) ;
#700 = EDGE_CURVE ( 'NONE', #2293, #1559, #1553, .T. ) ;
#701 = CYLINDRICAL_SURFACE ( 'NONE', #607, 32.03546292528178441 ) ;
#702 = CARTESIAN_POINT ( 'NONE',  ( -5.874263348858162814, 2.383688079485415834, 27.96747492448586314 ) ) ;
#703 = B_SPLINE_CURVE_WITH_KNOTS ( 'NONE', 3,
 ( #3289, #1410, #2042, #2329, #873, #3039, #3926, #3609, #1762, #1455, #3904, #2996 ),
 .UNSPECIFIED., .F., .F.,
 ( 4, 3, 2, 3, 4 ),
 ( 0.000000000000000000, 0.0002766944941744244350, 0.0005527902134707140310, 0.0008276348727103510858, 0.001102397151945407180 ),
 .UNSPECIFIED. ) ;
#704 = CARTESIAN_POINT ( 'NONE',  ( -16.70994033486924124, 1.000000000000000888, -16.52355573129191413 ) ) ;
#705 = CARTESIAN_POINT ( 'NONE',  ( 0.0001111364302131684356, 30.00000000000000000, -0.0001111640847081818428 ) ) ;
#706 = CARTESIAN_POINT ( 'NONE',  ( 0.000000000000000000, 42.04006440356475593, 0.000000000000000000 ) ) ;
#707 = ORIENTED_EDGE ( 'NONE', *, *, #1297, .F. ) ;
#708 = ORIENTED_EDGE ( 'NONE', *, *, #588, .T. ) ;
#709 = SURFACE_STYLE_USAGE ( .BOTH. , #2009 ) ;
#710 = DIRECTION ( 'NONE',  ( 0.000000000000000000, 0.000000000000000000, 1.000000000000000000 ) ) ;
#711 = EDGE_CURVE ( 'NONE', #907, #762, #1094, .T. ) ;
#712 = VERTEX_POINT ( 'NONE', #664 ) ;
#713 = CARTESIAN_POINT ( 'NONE',  ( 1.364940126980133783, 28.26573646418585284, -33.84801920709783474 ) ) ;
#714 = AXIS2_PLACEMENT_3D ( 'NONE', #1440, #3515, #3828 ) ;
#715 = TOROIDAL_SURFACE ( 'NONE', #1672, 3.499999999999907185, 2.000000000000000000 ) ;
#716 = DIRECTION ( 'NONE',  ( 0.000000000000000000, 1.000000000000000000, -0.000000000000000000 ) ) ;
#717 = CARTESIAN_POINT ( 'NONE',  ( 2.356897017894384661, 29.81731833864527914, -33.27030077990832524 ) ) ;
#718 = EDGE_CURVE ( 'NONE', #3536, #365, #357, .T. ) ;
#719 = FACE_OUTER_BOUND ( 'NONE', #1182, .T. ) ;
#720 = CARTESIAN_POINT ( 'NONE',  ( -6.258585244769549583, 30.00000000000000000, -28.35132035200716061 ) ) ;
#721 = VECTOR ( 'NONE', #2777, 1000.000000000000000 ) ;
#722 = CARTESIAN_POINT ( 'NONE',  ( -3.691013539643056682E-14, 30.00000000000000000, 3.425026790108451458 ) ) ;
#723 = ORIENTED_EDGE ( 'NONE', *, *, #2300, .T. ) ;
#724 = VECTOR ( 'NONE', #2519, 1000.000000000000000 ) ;
#725 = CARTESIAN_POINT ( 'NONE',  ( 10.21095861067619026, -84.94344718381945825, -30.36464536457465258 ) ) ;
#726 = CARTESIAN_POINT ( 'NONE',  ( 7.321981095747801760, 30.00000000000000000, -29.19602735579725561 ) ) ;
#727 = ORIENTED_EDGE ( 'NONE', *, *, #3616, .T. ) ;
#728 = CARTESIAN_POINT ( 'NONE',  ( 2.003779302008156016, 28.54430681153742100, 34.36901687825342577 ) ) ;
#729 = ADVANCED_FACE ( 'NONE', ( #993 ), #701, .F. ) ;
#730 = CARTESIAN_POINT ( 'NONE',  ( -6.556154702997732286, 0.9999999999999731326, -28.63526552384551493 ) ) ;
#731 = CARTESIAN_POINT ( 'NONE',  ( 5.962587727214689437, 2.563450409371369254, -28.05562258611638526 ) ) ;
#732 = CARTESIAN_POINT ( 'NONE',  ( -29.19602735579721653, 0.9999999999999453770, -7.321981095747903900 ) ) ;
#733 = CARTESIAN_POINT ( 'NONE',  ( -9.998408782337254053, 29.99999999999996447, -30.38373135350498799 ) ) ;
#734 = CARTESIAN_POINT ( 'NONE',  ( -6.258819392547519733, 3.781354332643577454, 28.35126156015488874 ) ) ;
#735 = DIRECTION ( 'NONE',  ( 0.8660254037844350439, 0.000000000000000000, -0.5000000000000063283 ) ) ;
#736 = AXIS2_PLACEMENT_3D ( 'NONE', #862, #3029, #567 ) ;
#737 = CYLINDRICAL_SURFACE ( 'NONE', #3346, 0.5000000000000004441 ) ;
#738 = ORIENTED_EDGE ( 'NONE', *, *, #1383, .F. ) ;
#739 = CARTESIAN_POINT ( 'NONE',  ( -30.38234234103218157, 29.99999999999997158, 10.06607696785818717 ) ) ;
#740 = CARTESIAN_POINT ( 'NONE',  ( 1.451818925407961203, 28.13812704667237696, 34.06855685746891282 ) ) ;
#741 = VERTEX_POINT ( 'NONE', #921 ) ;
#742 = VERTEX_POINT ( 'NONE', #2856 ) ;
#743 = FACE_OUTER_BOUND ( 'NONE', #1204, .T. ) ;
#744 = CARTESIAN_POINT ( 'NONE',  ( -30.38092739730145553, 29.99999999999996447, 10.09343860348541533 ) ) ;
#745 = ADVANCED_FACE ( 'NONE', ( #3680 ), #2155, .F. ) ;
#746 = CARTESIAN_POINT ( 'NONE',  ( 2.514514135977909515, 29.54996551490728862, -33.67882668325508178 ) ) ;
#747 = FILL_AREA_STYLE_COLOUR ( '', #2247 ) ;
#748 = VERTEX_POINT ( 'NONE', #2645 ) ;
#749 = CARTESIAN_POINT ( 'NONE',  ( -29.44337163892202014, 0.9999999999999453770, -7.739250038558880718 ) ) ;
#750 = CARTESIAN_POINT ( 'NONE',  ( -16.70994033486881136, 1.000000000000000888, 16.52355573129235111 ) ) ;
#751 = CARTESIAN_POINT ( 'NONE',  ( 30.36432714282592116, 0.9999999999999731326, -10.20227232083340496 ) ) ;
#752 = ADVANCED_FACE ( 'NONE', ( #824 ), #784, .F. ) ;
#753 = DIRECTION ( 'NONE',  ( -0.000000000000000000, -1.000000000000000000, -0.000000000000000000 ) ) ;
#754 = EDGE_CURVE ( 'NONE', #1053, #128, #1277, .T. ) ;
#755 = CARTESIAN_POINT ( 'NONE',  ( 30.38234234103216380, 29.99999999999997158, -10.06607696785905226 ) ) ;
#756 = ORIENTED_EDGE ( 'NONE', *, *, #2378, .F. ) ;
#757 = CLOSED_SHELL ( 'NONE', ( #3450, #453, #1081, #1058, #694, #946 ) ) ;
#758 = EDGE_CURVE ( 'NONE', #423, #3073, #2058, .T. ) ;
#759 = CARTESIAN_POINT ( 'NONE',  ( -30.37003035081242075, 29.99999999999997158, 10.17519104697265675 ) ) ;
#760 = CARTESIAN_POINT ( 'NONE',  ( 27.41006394302267068, 1.643669128320845108, -5.317328835785220420 ) ) ;
#761 = VERTEX_POINT ( 'NONE', #844 ) ;
#762 = VERTEX_POINT ( 'NONE', #3302 ) ;
#763 = CARTESIAN_POINT ( 'NONE',  ( 8.164928310215415763, 0.9999999999999176215, 29.67154670419903084 ) ) ;
#764 = CARTESIAN_POINT ( 'NONE',  ( -28.35126156015495624, -84.94344718381945825, -6.258819392547218641 ) ) ;
#765 = DIRECTION ( 'NONE',  ( 0.000000000000000000, 0.000000000000000000, 1.000000000000000000 ) ) ;
#766 = VECTOR ( 'NONE', #3972, 1000.000000000000000 ) ;
#767 = CARTESIAN_POINT ( 'NONE',  ( -2.458909451033781668, 29.76075283577205610, 33.38995161775125098 ) ) ;
#768 = CARTESIAN_POINT ( 'NONE',  ( -8.167768883883143261, 0.9999999999999453770, 29.67102485484124230 ) ) ;
#769 = VERTEX_POINT ( 'NONE', #3877 ) ;
#770 = CARTESIAN_POINT ( 'NONE',  ( 28.50641375072796535, 30.00000000000000000, -6.413678643490467124 ) ) ;
#771 = FACE_OUTER_BOUND ( 'NONE', #3469, .T. ) ;
#772 = DIRECTION ( 'NONE',  ( 0.000000000000000000, 1.000000000000000000, 0.000000000000000000 ) ) ;
#773 = ADVANCED_FACE ( 'NONE', ( #218 ), #525, .F. ) ;
#774 = CARTESIAN_POINT ( 'NONE',  ( 2.324135821055055562, 27.99999999999999645, -34.42362760741976757 ) ) ;
#775 = CARTESIAN_POINT ( 'NONE',  ( -27.00839492197350467, 1.334762719640587569, 4.915659814736074829 ) ) ;
#776 = ORIENTED_EDGE ( 'NONE', *, *, #280, .T. ) ;
#777 = PLANE ( 'NONE',  #640 ) ;
#778 = CIRCLE ( 'NONE', #3223, 32.03546292528189099 ) ;
#779 = LINE ( 'NONE', #477, #2232 ) ;
#780 = ORIENTED_EDGE ( 'NONE', *, *, #3542, .T. ) ;
#781 = ORIENTED_EDGE ( 'NONE', *, *, #2236, .F. ) ;
#782 = VECTOR ( 'NONE', #2036, 1000.000000000000000 ) ;
#783 = CARTESIAN_POINT ( 'NONE',  ( -28.63526552384579560, 0.9999999999999453770, 6.556154702998174599 ) ) ;
#784 = CYLINDRICAL_SURFACE ( 'NONE', #3682, 32.03546292528189099 ) ;
#785 = DIRECTION ( 'NONE',  ( -0.000000000000000000, -1.000000000000000000, 0.000000000000000000 ) ) ;
#786 = DIRECTION ( 'NONE',  ( 0.000000000000000000, 0.000000000000000000, 1.000000000000000000 ) ) ;
#787 = CARTESIAN_POINT ( 'NONE',  ( -6.580466847577547185, 29.99999999999996447, 28.65632581468004858 ) ) ;
#788 = CARTESIAN_POINT ( 'NONE',  ( -7.016757265370533680, 29.99999999999997158, 28.99339922229300726 ) ) ;
#789 = B_SPLINE_CURVE_WITH_KNOTS ( 'NONE', 3,
 ( #2184, #308, #1541, #2772, #3412, #3116, #965, #3728, #347, #673, #2226, #1903 ),
 .UNSPECIFIED., .F., .F.,
 ( 4, 3, 2, 3, 4 ),
 ( 0.000000000000000000, 0.2492407375600953767, 0.4985562031838852715, 0.7490065230246949479, 1.000000000000000000 ),
 .UNSPECIFIED. ) ;
#790 = VERTEX_POINT ( 'NONE', #3582 ) ;
#791 = CARTESIAN_POINT ( 'NONE',  ( -1.850891516931479464, 29.08777924442784624, -34.14906304799971082 ) ) ;
#792 = DIRECTION ( 'NONE',  ( 0.7078145135131703736, 0.000000000000000000, -0.7063983397914478379 ) ) ;
#793 = CYLINDRICAL_SURFACE ( 'NONE', #805, 32.03553271164815186 ) ;
#794 = DIRECTION ( 'NONE',  ( -0.000000000000000000, 1.000000000000000000, -0.000000000000000000 ) ) ;
#795 = EDGE_CURVE ( 'NONE', #875, #1556, #2475, .T. ) ;
#796 = CARTESIAN_POINT ( 'NONE',  ( -28.05322099075172915, 2.557833747714455264, 5.960485883514251348 ) ) ;
#797 = ORIENTED_EDGE ( 'NONE', *, *, #1816, .T. ) ;
#798 = CARTESIAN_POINT ( 'NONE',  ( 29.14441767727971211, 0.9999999999999731326, -7.242363969696747006 ) ) ;
#799 = VERTEX_POINT ( 'NONE', #1382 ) ;
#800 = ORIENTED_EDGE ( 'NONE', *, *, #122, .T. ) ;
#801 = DIRECTION ( 'NONE',  ( 0.7071067811865632269, 0.000000000000000000, -0.7071067811865316965 ) ) ;
#802 = CARTESIAN_POINT ( 'NONE',  ( 28.99339922229298594, 29.99999999999997158, 7.016757265370092256 ) ) ;
#803 = VECTOR ( 'NONE', #2424, 1000.000000000000114 ) ;
#804 = LINE ( 'NONE', #1824, #3665 ) ;
#805 = AXIS2_PLACEMENT_3D ( 'NONE', #2025, #3252, #515 ) ;
#806 = CARTESIAN_POINT ( 'NONE',  ( -8.164881575140906733, 29.99999999999996447, -29.67152308091792534 ) ) ;
#807 = DIRECTION ( 'NONE',  ( 0.000000000000000000, 0.000000000000000000, -1.000000000000000000 ) ) ;
#808 = EDGE_CURVE ( 'NONE', #2601, #2317, #3240, .T. ) ;
#809 = CARTESIAN_POINT ( 'NONE',  ( 6.855257921795091747, 29.99999999999997158, 28.87634658020565581 ) ) ;
#810 = CARTESIAN_POINT ( 'NONE',  ( 28.83117271246066338, 0.9999999999999453770, 6.794406156882573988 ) ) ;
#811 = ORIENTED_EDGE ( 'NONE', *, *, #3001, .F. ) ;
#812 = DIRECTION ( 'NONE',  ( 0.000000000000000000, 0.000000000000000000, 1.000000000000000000 ) ) ;
#813 = DIRECTION ( 'NONE',  ( 0.000000000000000000, 1.000000000000000000, 0.000000000000000000 ) ) ;
#814 = CARTESIAN_POINT ( 'NONE',  ( 6.258819392547314564, 30.00000000000000000, -28.35126156015493493 ) ) ;
#815 = CARTESIAN_POINT ( 'NONE',  ( 2.256769565372297226, 0.000000000000000000, -33.42589929390185688 ) ) ;
#816 = CARTESIAN_POINT ( 'NONE',  ( -25.81737115798306803, 1.000000000000000888, 3.724636050745690596 ) ) ;
#817 = ORIENTED_EDGE ( 'NONE', *, *, #1239, .F. ) ;
#818 = CIRCLE ( 'NONE', #1208, 32.50000000000000711 ) ;
#819 = EDGE_CURVE ( 'NONE', #3935, #2356, #1467, .T. ) ;
#820 = CARTESIAN_POINT ( 'NONE',  ( 0.000000000000000000, 0.000000000000000000, 0.000000000000000000 ) ) ;
#821 = ORIENTED_EDGE ( 'NONE', *, *, #3720, .T. ) ;
#822 = ORIENTED_EDGE ( 'NONE', *, *, #2378, .T. ) ;
#823 = CARTESIAN_POINT ( 'NONE',  ( -29.14441767727970145, 29.99999999999996447, 7.242363969696731019 ) ) ;
#824 = FACE_OUTER_BOUND ( 'NONE', #2806, .T. ) ;
#825 = CIRCLE ( 'NONE', #3781, 24.50000000000000000 ) ;
#826 = LINE ( 'NONE', #3878, #189 ) ;
#827 = EDGE_CURVE ( 'NONE', #423, #2748, #2705, .T. ) ;
#828 = CARTESIAN_POINT ( 'NONE',  ( 28.71522592437725052, 0.9999999999999453770, 6.651431435420469107 ) ) ;
#829 = FACE_OUTER_BOUND ( 'NONE', #1801, .T. ) ;
#830 = CARTESIAN_POINT ( 'NONE',  ( -0.0001111640844670552797, 30.00000000000000000, -0.0001111364301611267313 ) ) ;
#831 = CARTESIAN_POINT ( 'NONE',  ( 1.451818925407959648, 0.000000000000000000, 34.06855685746891282 ) ) ;
#832 = CARTESIAN_POINT ( 'NONE',  ( -29.14625379919607440, 0.9999999999999453770, -7.245099044916856634 ) ) ;
#833 = ORIENTED_EDGE ( 'NONE', *, *, #1134, .F. ) ;
#834 = CARTESIAN_POINT ( 'NONE',  ( -2.613386657640643040, 29.81781815262998236, -33.24280416982514197 ) ) ;
#835 = UNCERTAINTY_MEASURE_WITH_UNIT (LENGTH_MEASURE( 1.000000000000000082E-05 ), #1500, 'distance_accuracy_value', 'NONE');
#836 = DIRECTION ( 'NONE',  ( -0.7063983397914523898, 0.000000000000000000, -0.7078145135131659327 ) ) ;
#837 = CYLINDRICAL_SURFACE ( 'NONE', #643, 24.50000000000000000 ) ;
#838 = CARTESIAN_POINT ( 'NONE',  ( -22.66478919158136662, 0.000000000000000000, 6.209454960073111707 ) ) ;
#839 = ORIENTED_EDGE ( 'NONE', *, *, #1660, .T. ) ;
#840 = CARTESIAN_POINT ( 'NONE',  ( 29.09279771691767280, 0.9999999999999731326, -7.163479273359916633 ) ) ;
#841 = VERTEX_POINT ( 'NONE', #3261 ) ;
#842 = VERTEX_POINT ( 'NONE', #1073 ) ;
#843 = CARTESIAN_POINT ( 'NONE',  ( 7.737229666197646516, 0.9999999999999176215, 29.44401500664203297 ) ) ;
#844 = CARTESIAN_POINT ( 'NONE',  ( -1.354061739223345606, 0.000000000000000000, -33.85615338233036198 ) ) ;
#845 = CARTESIAN_POINT ( 'NONE',  ( -7.737207013319847171, 0.9999999999999731326, -29.44400171597696314 ) ) ;
#846 = CARTESIAN_POINT ( 'NONE',  ( 28.65632581468000595, 29.99999999999996447, 6.580466847577119971 ) ) ;
#847 = CARTESIAN_POINT ( 'NONE',  ( -29.77603499932959963, 0.9999999999999731326, -8.386314982652995909 ) ) ;
#848 = ADVANCED_FACE ( 'NONE', ( #504 ), #3120, .F. ) ;
#849 = CARTESIAN_POINT ( 'NONE',  ( 5.954848856712186667, 42.04006440356475593, -22.73301069136496011 ) ) ;
#850 = CARTESIAN_POINT ( 'NONE',  ( 10.20227232083244928, 0.9999999999999314992, 30.36432714282614143 ) ) ;
#851 = ORIENTED_EDGE ( 'NONE', *, *, #3739, .F. ) ;
#852 = EDGE_CURVE ( 'NONE', #3569, #3611, #343, .T. ) ;
#853 = VECTOR ( 'NONE', #651, 1000.000000000000000 ) ;
#854 = CYLINDRICAL_SURFACE ( 'NONE', #2490, 1.000000000000000888 ) ;
#855 = CARTESIAN_POINT ( 'NONE',  ( -29.09608338892346069, 29.99999999999997158, -7.168462927865502543 ) ) ;
#856 = DIRECTION ( 'NONE',  ( -0.000000000000000000, -1.000000000000000000, 0.000000000000000000 ) ) ;
#857 = CARTESIAN_POINT ( 'NONE',  ( 27.41167337695946671, 1.644956764358237455, 5.317347541144540557 ) ) ;
#858 = ORIENTED_EDGE ( 'NONE', *, *, #1598, .T. ) ;
#859 = CARTESIAN_POINT ( 'NONE',  ( -6.703064567619008152, 0.9999999999999453770, -28.75901578155334803 ) ) ;
#860 = ORIENTED_EDGE ( 'NONE', *, *, #3492, .F. ) ;
#861 = ORIENTED_EDGE ( 'NONE', *, *, #3837, .F. ) ;
#862 = CARTESIAN_POINT ( 'NONE',  ( -28.48305623128679542, 30.00000000000000000, -9.925942683781730835 ) ) ;
#863 = DIRECTION ( 'NONE',  ( 0.000000000000000000, -1.000000000000000000, -0.000000000000000000 ) ) ;
#864 = EDGE_CURVE ( 'NONE', #329, #3501, #3428, .T. ) ;
#865 = VERTEX_POINT ( 'NONE', #305 ) ;
#866 = CARTESIAN_POINT ( 'NONE',  ( -25.81737115798306803, 1.000000000000000888, 3.724636050745690596 ) ) ;
#867 = AXIS2_PLACEMENT_3D ( 'NONE', #2665, #2453, #1118 ) ;
#868 = DIRECTION ( 'NONE',  ( -0.7078145135131610477, 0.000000000000000000, 0.7063983397914573859 ) ) ;
#869 = CARTESIAN_POINT ( 'NONE',  ( -29.77617444378279288, 0.9999999999999453770, 8.383209545494933579 ) ) ;
#870 = EDGE_CURVE ( 'NONE', #1071, #2447, #1074, .T. ) ;
#871 = AXIS2_PLACEMENT_3D ( 'NONE', #2393, #207, #3292 ) ;
#872 = AXIS2_PLACEMENT_3D ( 'NONE', #820, #3298, #564 ) ;
#873 = CARTESIAN_POINT ( 'NONE',  ( 28.77399219517009499, 0.9999999999999731326, 6.722234770207802690 ) ) ;
#874 = CARTESIAN_POINT ( 'NONE',  ( -28.77399219517007722, 0.9999999999999453770, -6.722234770207779597 ) ) ;
#875 = VERTEX_POINT ( 'NONE', #633 ) ;
#876 = CARTESIAN_POINT ( 'NONE',  ( -2.328452100881860609, 28.28364229051806333, -34.40804676653507244 ) ) ;
#877 = EDGE_CURVE ( 'NONE', #762, #3576, #342, .T. ) ;
#878 = CARTESIAN_POINT ( 'NONE',  ( 30.38384788904108191, 0.9999999999999453770, -9.964786583326983305 ) ) ;
#879 = LINE ( 'NONE', #2027, #2769 ) ;
#880 = ADVANCED_FACE ( 'NONE', ( #2505 ), #1860, .F. ) ;
#881 = LINE ( 'NONE', #1240, #3159 ) ;
#882 = ORIENTED_EDGE ( 'NONE', *, *, #2944, .F. ) ;
#883 = EDGE_CURVE ( 'NONE', #212, #3501, #2768, .T. ) ;
#884 = CARTESIAN_POINT ( 'NONE',  ( 28.75901578155352212, 0.9999999999999731326, -6.703064567619356318 ) ) ;
#885 = ORIENTED_EDGE ( 'NONE', *, *, #2853, .T. ) ;
#886 = VERTEX_POINT ( 'NONE', #926 ) ;
#887 = CARTESIAN_POINT ( 'NONE',  ( 1.968830249073422856, 29.36054974837685450, 33.91721313978271013 ) ) ;
#888 = CARTESIAN_POINT ( 'NONE',  ( 30.38559715111333048, 0.9999999999999453770, 9.970099149685079709 ) ) ;
#889 = VECTOR ( 'NONE', #1306, 999.9999999999998863 ) ;
#890 = ORIENTED_EDGE ( 'NONE', *, *, #122, .F. ) ;
#891 = LINE ( 'NONE', #3304, #1808 ) ;
#892 = DIRECTION ( 'NONE',  ( 0.000000000000000000, 1.000000000000000000, 0.000000000000000000 ) ) ;
#893 = CARTESIAN_POINT ( 'NONE',  ( -1.463938388008686253, 28.27378662858834346, 34.05874873792730284 ) ) ;
#894 = CARTESIAN_POINT ( 'NONE',  ( 0.000000000000000000, 0.000000000000000000, 0.000000000000000000 ) ) ;
#895 = CARTESIAN_POINT ( 'NONE',  ( -1.553614949060269090, 28.69839634007919571, 33.98269307872458000 ) ) ;
#896 = DIRECTION ( 'NONE',  ( 1.000000000000000000, 0.000000000000000000, 0.000000000000000000 ) ) ;
#897 = CARTESIAN_POINT ( 'NONE',  ( -28.71522592437722921, 29.99999999999996447, -6.651431435420439797 ) ) ;
#898 = ORIENTED_EDGE ( 'NONE', *, *, #711, .F. ) ;
#899 = DIRECTION ( 'NONE',  ( 0.000000000000000000, 0.000000000000000000, 1.000000000000000000 ) ) ;
#900 = CARTESIAN_POINT ( 'NONE',  ( 30.38379362306357478, 0.9999999999999453770, -9.981669017286728618 ) ) ;
#901 = AXIS2_PLACEMENT_3D ( 'NONE', #3619, #337, #298 ) ;
#902 = CARTESIAN_POINT ( 'NONE',  ( -29.19569261685225214, 0.9999999999999731326, 7.321458899161582323 ) ) ;
#903 = CIRCLE ( 'NONE', #114, 1.500000000000022204 ) ;
#904 = EDGE_LOOP ( 'NONE', ( #2587, #344, #1957, #3248 ) ) ;
#905 =( NAMED_UNIT ( * ) SI_UNIT ( $, .STERADIAN. ) SOLID_ANGLE_UNIT ( ) );
#906 = DIRECTION ( 'NONE',  ( 0.000000000000000000, -1.000000000000000000, 0.000000000000000000 ) ) ;
#907 = VERTEX_POINT ( 'NONE', #261 ) ;
#908 = ORIENTED_EDGE ( 'NONE', *, *, #3288, .T. ) ;
#909 = CARTESIAN_POINT ( 'NONE',  ( -9.925942683782281506, 30.00000000000000000, 28.48305623128799979 ) ) ;
#910 = CARTESIAN_POINT ( 'NONE',  ( 29.67102485484128849, 29.99999999999996447, 8.167768883882731146 ) ) ;
#911 = VERTEX_POINT ( 'NONE', #2487 ) ;
#912 = CARTESIAN_POINT ( 'NONE',  ( 10.22925332253684338, 0.9999999999999731326, 30.35833963587420925 ) ) ;
#913 = DIRECTION ( 'NONE',  ( 0.000000000000000000, -1.000000000000000000, 0.000000000000000000 ) ) ;
#914 = CARTESIAN_POINT ( 'NONE',  ( -1.686168909712944197, 29.03624820007301466, 33.86121287372603206 ) ) ;
#915 = CARTESIAN_POINT ( 'NONE',  ( -1.465237964728363984, 28.28717102112180015, 34.05770336899475836 ) ) ;
#916 = CARTESIAN_POINT ( 'NONE',  ( 10.22925332253684338, 29.99999999999996447, 30.35833963587420925 ) ) ;
#917 = VECTOR ( 'NONE', #2685, 1000.000000000000000 ) ;
#918 = CARTESIAN_POINT ( 'NONE',  ( 1.366531126208963887, 28.28364229070389868, -33.84683613581028538 ) ) ;
#919 = CARTESIAN_POINT ( 'NONE',  ( 28.33181694972225628, 3.567558526929545337, 6.239335799935801674 ) ) ;
#920 = VERTEX_POINT ( 'NONE', #2449 ) ;
#921 = CARTESIAN_POINT ( 'NONE',  ( 6.442166876943985265, 0.9999999999999731326, -28.53424220848878790 ) ) ;
#922 =( NAMED_UNIT ( * ) SI_UNIT ( $, .STERADIAN. ) SOLID_ANGLE_UNIT ( ) );
#923 = CARTESIAN_POINT ( 'NONE',  ( 23.55878325911099580, 42.04006440356475593, 6.725602675614390513 ) ) ;
#924 = VERTEX_POINT ( 'NONE', #3705 ) ;
#925 = DIRECTION ( 'NONE',  ( 0.000000000000000000, 0.000000000000000000, 1.000000000000000000 ) ) ;
#926 = CARTESIAN_POINT ( 'NONE',  ( -6.258819392547520621, 30.00000000000000000, 28.35126156015488874 ) ) ;
#927 = ORIENTED_EDGE ( 'NONE', *, *, #1574, .F. ) ;
#928 = ORIENTED_EDGE ( 'NONE', *, *, #1900, .T. ) ;
#929 = CARTESIAN_POINT ( 'NONE',  ( 2.775557561562891351E-14, 1.000000000000000888, -3.295974604355933479E-14 ) ) ;
#930 = DIRECTION ( 'NONE',  ( 0.000000000000000000, 1.000000000000000000, -0.000000000000000000 ) ) ;
#931 = CARTESIAN_POINT ( 'NONE',  ( -29.44401500664189086, 0.9999999999999453770, 7.737229666197841915 ) ) ;
#932 = CARTESIAN_POINT ( 'NONE',  ( -1.645280465264483682, 28.94746739610495112, 33.89951223750318832 ) ) ;
#933 = CARTESIAN_POINT ( 'NONE',  ( 7.007633974928932474, 0.9999999999999176215, 28.98695388522023819 ) ) ;
#934 = EDGE_CURVE ( 'NONE', #2743, #2707, #1227, .T. ) ;
#935 = CARTESIAN_POINT ( 'NONE',  ( 28.35132035200713929, 30.00000000000000000, -6.258585244769650835 ) ) ;
#936 = VECTOR ( 'NONE', #2439, 1000.000000000000000 ) ;
#937 = CARTESIAN_POINT ( 'NONE',  ( 27.28053142128875663, 1.529570751267766315, 5.185942674618901904 ) ) ;
#938 = ORIENTED_EDGE ( 'NONE', *, *, #256, .F. ) ;
#939 = CARTESIAN_POINT ( 'NONE',  ( -29.44401500664189086, 0.9999999999999731326, 7.737229666197841915 ) ) ;
#940 = CARTESIAN_POINT ( 'NONE',  ( 1.299330115102765593E-14, 1.000000000000000000, -3.425026790108451458 ) ) ;
#941 = ORIENTED_EDGE ( 'NONE', *, *, #1175, .F. ) ;
#942 = CARTESIAN_POINT ( 'NONE',  ( 2.709500333686171825, 29.99999998992470651, 32.62321669331198137 ) ) ;
#943 = CARTESIAN_POINT ( 'NONE',  ( -7.529954783969210474, 0.9999999999999731326, 29.32085608747948413 ) ) ;
#944 = ORIENTED_EDGE ( 'NONE', *, *, #3739, .T. ) ;
#945 = B_SPLINE_SURFACE_WITH_KNOTS ( 'NONE', 3, 1, ( 
 ( #1807, #533 ),
 ( #832, #2735 ),
 ( #3948, #2063 ),
 ( #1764, #2997 ),
 ( #2712, #225 ),
 ( #2692, #3927 ),
 ( #2412, #3632 ),
 ( #874, #2434 ),
 ( #3652, #897 ),
 ( #3354, #601 ),
 ( #1829, #3061 ),
 ( #292, #2169 ) ),
 .UNSPECIFIED., .F., .F., .F.,
 ( 4, 3, 2, 3, 4 ),
 ( 2, 2 ),
 ( 0.000000000000000000, 0.0002747622792350409696, 0.0005496069384746791629, 0.0008257026577709966229, 0.001102397151945432550 ),
 ( 0.000000000000000000, 1.000000000000000000 ),
 .UNSPECIFIED. ) ;
#946 = ADVANCED_FACE ( 'NONE', ( #3940 ), #3963, .T. ) ;
#947 = ORIENTED_EDGE ( 'NONE', *, *, #2721, .F. ) ;
#948 = DIRECTION ( 'NONE',  ( -0.7071067811865632269, 0.000000000000000000, 0.7071067811865316965 ) ) ;
#949 = FACE_OUTER_BOUND ( 'NONE', #2468, .T. ) ;
#950 = DIRECTION ( 'NONE',  ( 0.000000000000000000, 1.000000000000000000, -0.000000000000000000 ) ) ;
#951 = CARTESIAN_POINT ( 'NONE',  ( -2.346447966914280148, 29.80090808438390226, 33.31952366025814882 ) ) ;
#952 = EDGE_CURVE ( 'NONE', #1225, #2129, #1238, .T. ) ;
#953 = CARTESIAN_POINT ( 'NONE',  ( 7.085501934474832453, 29.99999999999996447, 29.03983865805456333 ) ) ;
#954 = CLOSED_SHELL ( 'NONE', ( #2570, #2700, #1109, #2200, #2974, #3914, #1997, #1626, #449, #156, #1776, #2581, #1993, #3853, #560, #2198, #1607, #1959, #729, #402, #3213, #3322, #986, #1848, #364, #2906, #989, #3656, #752, #2163, #1772, #2263, #275, #1591, #516, #1284, #3872, #300, #3838, #2387, #1572, #1717, #2672, #1544, #2955, #2216, #1892, #1603, #279, #460, #2015, #3364, #3709, #745, #1961, #580, #773, #1587, #2018, #3615, #345, #60, #848 ) ) ;
#955 = CARTESIAN_POINT ( 'NONE',  ( 1.717480856563079028, 28.67117263494346346, -34.35963029327584906 ) ) ;
#956 = DIRECTION ( 'NONE',  ( -0.000000000000000000, 1.000000000000000000, -0.000000000000000000 ) ) ;
#957 = CARTESIAN_POINT ( 'NONE',  ( -29.04474560440994324, 0.9999999999999731326, -7.092616447670581969 ) ) ;
#958 = CARTESIAN_POINT ( 'NONE',  ( -7.007633974929125209, 29.99999999999996447, -28.98695388522018135 ) ) ;
#959 = VECTOR ( 'NONE', #3055, 1000.000000000000000 ) ;
#960 = ORIENTED_EDGE ( 'NONE', *, *, #1403, .F. ) ;
#961 = CARTESIAN_POINT ( 'NONE',  ( -29.32085608747950545, 0.9999999999999453770, -7.529954783968804577 ) ) ;
#962 = CARTESIAN_POINT ( 'NONE',  ( 30.38559715111333048, 29.99999999999996447, 9.970099149685079709 ) ) ;
#963 = ORIENTED_EDGE ( 'NONE', *, *, #2736, .F. ) ;
#964 = ORIENTED_EDGE ( 'NONE', *, *, #3443, .T. ) ;
#965 = CARTESIAN_POINT ( 'NONE',  ( 6.794406156882597969, 29.99999999999997158, -28.83117271246058877 ) ) ;
#966 = B_SPLINE_CURVE_WITH_KNOTS ( 'NONE', 3,
 ( #1300, #3069, #302, #2765, #3981, #2466, #3683, #395, #2258, #3465, #1372, #2273 ),
 .UNSPECIFIED., .F., .F.,
 ( 4, 3, 2, 3, 4 ),
 ( 0.000000000000000000, 0.0002766944941744455769, 0.0005527902134707645548, 0.0008276348727103677826, 0.001102397151945383761 ),
 .UNSPECIFIED. ) ;
#967 = CARTESIAN_POINT ( 'NONE',  ( 17.60393440239811014, 0.000000000000000000, -17.03970344683451899 ) ) ;
#968 = CARTESIAN_POINT ( 'NONE',  ( -2.977424428356300723, 0.000000000000000000, 5.157050385609860399 ) ) ;
#969 = CARTESIAN_POINT ( 'NONE',  ( 6.930634915335232904, 0.9999999999999176215, 28.93272500840678418 ) ) ;
#970 = EDGE_CURVE ( 'NONE', #3073, #3745, #1184, .T. ) ;
#971 = CARTESIAN_POINT ( 'NONE',  ( -7.321458899161518374, 30.00000000000000000, -29.19569261685230543 ) ) ;
#972 = CIRCLE ( 'NONE', #454, 1.903053269115287272 ) ;
#973 = CARTESIAN_POINT ( 'NONE',  ( -6.651431435420901650, 0.9999999999999314992, 28.71522592437728960 ) ) ;
#974 = DIRECTION ( 'NONE',  ( -0.000000000000000000, -1.000000000000000000, 0.000000000000000000 ) ) ;
#975 = AXIS2_PLACEMENT_3D ( 'NONE', #3850, #1417, #561 ) ;
#976 = CARTESIAN_POINT ( 'NONE',  ( 30.37822770259429106, 0.9999999999999731326, -10.12076937904034146 ) ) ;
#977 = LINE ( 'NONE', #923, #1192 ) ;
#978 = CARTESIAN_POINT ( 'NONE',  ( -9.970099149685470508, -84.94344718381945825, 30.38559715111188808 ) ) ;
#979 = CARTESIAN_POINT ( 'NONE',  ( 30.06870357553475159, 29.99999999999997158, 9.052655923250327419 ) ) ;
#980 = ORIENTED_EDGE ( 'NONE', *, *, #3275, .T. ) ;
#981 = ORIENTED_EDGE ( 'NONE', *, *, #1344, .T. ) ;
#982 = CARTESIAN_POINT ( 'NONE',  ( 1.084202172485504434E-16, 30.00000000000000000, 34.44567992468615358 ) ) ;
#983 = DIRECTION ( 'NONE',  ( 0.8660254037844363761, 0.000000000000000000, -0.5000000000000039968 ) ) ;
#984 = VERTEX_POINT ( 'NONE', #3388 ) ;
#985 = CARTESIAN_POINT ( 'NONE',  ( 2.365815953895060275, 29.62230043366175636, 33.61297397805285669 ) ) ;
#986 = ADVANCED_FACE ( 'NONE', ( #2804 ), #28, .F. ) ;
#987 = CARTESIAN_POINT ( 'NONE',  ( 7.092616447670551771, 29.99999999999996447, -29.04474560440991837 ) ) ;
#988 = CARTESIAN_POINT ( 'NONE',  ( 7.163479273359635080, 29.99999999999996447, 29.09279771691775807 ) ) ;
#989 = ADVANCED_FACE ( 'NONE', ( #3724 ), #3858, .F. ) ;
#990 = EDGE_CURVE ( 'NONE', #2526, #924, #1627, .T. ) ;
#991 = LINE ( 'NONE', #2498, #721 ) ;
#992 = CARTESIAN_POINT ( 'NONE',  ( -6.722234770208247667, 29.99999999999996447, 28.77399219517013407 ) ) ;
#993 = FACE_OUTER_BOUND ( 'NONE', #3679, .T. ) ;
#994 = CARTESIAN_POINT ( 'NONE',  ( -6.106563529583361571, 2.943876742175211447, 28.19931032608431209 ) ) ;
#995 = CIRCLE ( 'NONE', #154, 22.70000000000000995 ) ;
#996 = CARTESIAN_POINT ( 'NONE',  ( 2.530030268063994114, 29.60063757901851034, -33.61298470425371931 ) ) ;
#997 = CARTESIAN_POINT ( 'NONE',  ( -22.66478919158153005, 42.04006440356475593, -6.209454960072516627 ) ) ;
#998 = CARTESIAN_POINT ( 'NONE',  ( -30.38092739730145553, 0.9999999999999731326, 10.09343860348541533 ) ) ;
#999 = VERTEX_POINT ( 'NONE', #1320 ) ;
#1000 = ORIENTED_EDGE ( 'NONE', *, *, #1731, .T. ) ;
#1001 = CARTESIAN_POINT ( 'NONE',  ( -5.954848856712624539, 1.000000000000000888, -22.73301069136484642 ) ) ;
#1002 = CARTESIAN_POINT ( 'NONE',  ( 8.167768883882766673, 0.9999999999999731326, -29.67102485484117125 ) ) ;
#1003 = ORIENTED_EDGE ( 'NONE', *, *, #3342, .F. ) ;
#1004 = CYLINDRICAL_SURFACE ( 'NONE', #419, 25.70000000000000639 ) ;
#1005 = EDGE_CURVE ( 'NONE', #842, #1053, #223, .T. ) ;
#1006 = CARTESIAN_POINT ( 'NONE',  ( 1.084202172485504434E-16, 27.99999999999999645, 34.44567992468615358 ) ) ;
#1007 = VECTOR ( 'NONE', #1331, 1000.000000000000000 ) ;
#1008 = FACE_OUTER_BOUND ( 'NONE', #1304, .T. ) ;
#1009 = CARTESIAN_POINT ( 'NONE',  ( -10.22915561144278485, 0.9999999999999453770, -30.35851991774253733 ) ) ;
#1010 = CARTESIAN_POINT ( 'NONE',  ( 10.21095861067619026, 30.00000000000000000, -30.36464536457465258 ) ) ;
#1011 = CIRCLE ( 'NONE', #2377, 23.50000000000000000 ) ;
#1012 = DIRECTION ( 'NONE',  ( -0.000000000000000000, 1.000000000000000000, -0.000000000000000000 ) ) ;
#1013 = CARTESIAN_POINT ( 'NONE',  ( 4.333364047526013785, 1.060973120662208613, 26.42609915476375804 ) ) ;
#1014 = CARTESIAN_POINT ( 'NONE',  ( 5.954848856712186667, 42.04006440356475593, 0.000000000000000000 ) ) ;
#1015 = ORIENTED_EDGE ( 'NONE', *, *, #3668, .F. ) ;
#1016 = CARTESIAN_POINT ( 'NONE',  ( -28.50641375072796535, 30.00000000000000000, 6.413678643490467124 ) ) ;
#1017 = EDGE_CURVE ( 'NONE', #299, #2488, #2562, .T. ) ;
#1018 = CARTESIAN_POINT ( 'NONE',  ( 27.96604803379149473, 2.381441818497420204, -5.873312926554027591 ) ) ;
#1019 = ORIENTED_EDGE ( 'NONE', *, *, #3312, .T. ) ;
#1020 = CARTESIAN_POINT ( 'NONE',  ( -25.81805331643795043, 1.000000000000000000, -3.720532621964740994 ) ) ;
#1021 = CARTESIAN_POINT ( 'NONE',  ( 9.964786583326713298, 30.00000000000000000, 30.38384788904119915 ) ) ;
#1022 = CARTESIAN_POINT ( 'NONE',  ( 6.163634519059440819, 3.149110777469571687, -28.25626712966302279 ) ) ;
#1023 = FACE_OUTER_BOUND ( 'NONE', #2670, .T. ) ;
#1024 = CARTESIAN_POINT ( 'NONE',  ( 28.75901578155352212, 29.99999999999995737, -6.703064567619356318 ) ) ;
#1025 = CARTESIAN_POINT ( 'NONE',  ( -9.998408782337254053, 0.9999999999999453770, -30.38373135350498799 ) ) ;
#1026 = CARTESIAN_POINT ( 'NONE',  ( -4.770654377082442110, 1.253677548738910685, 26.86607401992979760 ) ) ;
#1027 = CARTESIAN_POINT ( 'NONE',  ( 2.505294799427279173, 29.51807594204297658, -33.71764991276896239 ) ) ;
#1028 = DIRECTION ( 'NONE',  ( 0.000000000000000000, 0.000000000000000000, -1.000000000000000000 ) ) ;
#1029 = VERTEX_POINT ( 'NONE', #1898 ) ;
#1030 = DIRECTION ( 'NONE',  ( 0.8660254037844363761, 0.000000000000000000, -0.5000000000000039968 ) ) ;
#1031 = AXIS2_PLACEMENT_3D ( 'NONE', #328, #3664, #3113 ) ;
#1032 = CARTESIAN_POINT ( 'NONE',  ( 30.38384788904108191, 0.9999999999999453770, -9.964786583326983305 ) ) ;
#1033 = VERTEX_POINT ( 'NONE', #363 ) ;
#1034 = EDGE_LOOP ( 'NONE', ( #2298, #2022, #780, #1794 ) ) ;
#1035 = CARTESIAN_POINT ( 'NONE',  ( 2.821938808049774483, 30.00000000000000000, 32.37525451824844680 ) ) ;
#1036 = CARTESIAN_POINT ( 'NONE',  ( -30.38384788904112810, 29.99999999999996447, 9.964786583327109426 ) ) ;
#1037 = CARTESIAN_POINT ( 'NONE',  ( 2.244046117372351379, 29.71104324353148840, -33.47981643190519208 ) ) ;
#1038 = EDGE_CURVE ( 'NONE', #2422, #3348, #1354, .T. ) ;
#1039 = CARTESIAN_POINT ( 'NONE',  ( -6.651431435420901650, 29.99999999999997158, 28.71522592437728960 ) ) ;
#1040 = ORIENTED_EDGE ( 'NONE', *, *, #588, .F. ) ;
#1041 = ADVANCED_FACE ( 'NONE', ( #1048 ), #2879, .F. ) ;
#1042 = CARTESIAN_POINT ( 'NONE',  ( 29.77617444378278933, 0.9999999999999731326, -8.383209545494903381 ) ) ;
#1043 = CARTESIAN_POINT ( 'NONE',  ( -2.785551700919118190, 30.00000000000000000, -32.38240692997351289 ) ) ;
#1044 = FACE_OUTER_BOUND ( 'NONE', #452, .T. ) ;
#1045 = VECTOR ( 'NONE', #1142, 1000.000000000000114 ) ;
#1046 = DIRECTION ( 'NONE',  ( -0.000000000000000000, -1.000000000000000000, -0.000000000000000000 ) ) ;
#1047 = AXIS2_PLACEMENT_3D ( 'NONE', #250, #3612, #812 ) ;
#1048 = FACE_OUTER_BOUND ( 'NONE', #403, .T. ) ;
#1049 = ORIENTED_EDGE ( 'NONE', *, *, #3504, .F. ) ;
#1050 = CARTESIAN_POINT ( 'NONE',  ( 6.258585244769350631, 1.000000000000000888, 28.35132035200720324 ) ) ;
#1051 = CARTESIAN_POINT ( 'NONE',  ( 30.38384788904108191, 29.99999999999996447, -9.964786583326983305 ) ) ;
#1052 = ORIENTED_EDGE ( 'NONE', *, *, #3342, .T. ) ;
#1053 = VERTEX_POINT ( 'NONE', #2524 ) ;
#1054 = CARTESIAN_POINT ( 'NONE',  ( -28.75901578155352567, 29.99999999999996447, 6.703064567619354541 ) ) ;
#1055 = B_SPLINE_CURVE_WITH_KNOTS ( 'NONE', 3,
 ( #2561, #3778, #1013, #2821, #1281, #2523, #665, #587, #2156, #612, #3047, #301, #1508, #1895, #359, #1877 ),
 .UNSPECIFIED., .F., .F.,
 ( 4, 2, 2, 2, 2, 2, 2, 4 ),
 ( 0.000000000000000000, 0.001287391582577148558, 0.001931087373865721969, 0.002574783165154295381, 0.003218478956442869226, 0.003862174747731443071, 0.004505870539020016483, 0.005149566330308589894 ),
 .UNSPECIFIED. ) ;
#1056 = CARTESIAN_POINT ( 'NONE',  ( 0.000000000000000000, 1.000000000000000000, 0.000000000000000000 ) ) ;
#1057 = CARTESIAN_POINT ( 'NONE',  ( 5.954848856712624539, 42.04006440356475593, 23.76530612244892637 ) ) ;
#1058 = ADVANCED_FACE ( 'NONE', ( #3743 ), #3446, .T. ) ;
#1059 = CARTESIAN_POINT ( 'NONE',  ( 2.186144903613881585, 29.64706853122242691, -33.58384384452883609 ) ) ;
#1060 = FACE_OUTER_BOUND ( 'NONE', #1538, .T. ) ;
#1061 = ORIENTED_EDGE ( 'NONE', *, *, #2966, .F. ) ;
#1062 = CARTESIAN_POINT ( 'NONE',  ( 30.38384788904108191, 30.00000000000000000, -9.964786583326983305 ) ) ;
#1063 = VECTOR ( 'NONE', #1356, 1000.000000000000000 ) ;
#1064 = CARTESIAN_POINT ( 'NONE',  ( -2.530037645655365708, 29.60066107058385398, -33.61295315759022628 ) ) ;
#1065 = LINE ( 'NONE', #2001, #2031 ) ;
#1066 = CARTESIAN_POINT ( 'NONE',  ( 2.342730041184939438, 28.52821527532820767, -34.35578505032336238 ) ) ;
#1067 = CARTESIAN_POINT ( 'NONE',  ( 7.528651716482187339, 0.9999999999999731326, 29.32104738518541254 ) ) ;
#1068 = ORIENTED_EDGE ( 'NONE', *, *, #96, .T. ) ;
#1069 = CARTESIAN_POINT ( 'NONE',  ( 28.35132035200713929, 3.999999999999976019, -6.258585244769650835 ) ) ;
#1070 = ORIENTED_EDGE ( 'NONE', *, *, #3060, .T. ) ;
#1071 = VERTEX_POINT ( 'NONE', #3467 ) ;
#1072 = CARTESIAN_POINT ( 'NONE',  ( -28.81881438418739450, 29.99999999999996447, 6.778338360431559018 ) ) ;
#1073 = CARTESIAN_POINT ( 'NONE',  ( 30.38559715111195558, 30.00000000000000000, 9.970099149685049511 ) ) ;
#1074 = B_SPLINE_CURVE_WITH_KNOTS ( 'NONE', 3,
 ( #2179, #943, #1513, #10, #2470, #1558, #3408, #285 ),
 .UNSPECIFIED., .F., .F.,
 ( 4, 2, 2, 4 ),
 ( 0.000000000000000000, 0.2499999999999997780, 0.5000000000000004441, 1.000000000000000000 ),
 .UNSPECIFIED. ) ;
#1075 = DIRECTION ( 'NONE',  ( 0.000000000000000000, 0.000000000000000000, 1.000000000000000000 ) ) ;
#1076 = VECTOR ( 'NONE', #680, 1000.000000000000000 ) ;
#1077 = CARTESIAN_POINT ( 'NONE',  ( -7.528640511785090972, 29.99999999999997158, -29.32104060617509944 ) ) ;
#1078 = AXIS2_PLACEMENT_3D ( 'NONE', #1056, #716, #2301 ) ;
#1079 = CARTESIAN_POINT ( 'NONE',  ( -2.644385892710593211, 29.93912719006599232, 32.89789528690926801 ) ) ;
#1080 = CARTESIAN_POINT ( 'NONE',  ( 29.14625379919608505, 29.99999999999996447, 7.245099044916871733 ) ) ;
#1081 = ADVANCED_FACE ( 'NONE', ( #686 ), #3149, .F. ) ;
#1082 = VERTEX_POINT ( 'NONE', #67 ) ;
#1083 = CARTESIAN_POINT ( 'NONE',  ( -29.19602735579721653, 29.99999999999996447, -7.321981095747903900 ) ) ;
#1084 = CARTESIAN_POINT ( 'NONE',  ( -1.964225604963708571, 0.000000000000000000, 34.44203813838840489 ) ) ;
#1085 = DIRECTION ( 'NONE',  ( -0.7071067811865673347, 0.000000000000000000, 0.7071067811865278108 ) ) ;
#1086 = CARTESIAN_POINT ( 'NONE',  ( 9.964786583326713298, -84.94344718381945825, 30.38384788904119915 ) ) ;
#1087 = CARTESIAN_POINT ( 'NONE',  ( -27.76718487918317635, 2.057061588875682467, 5.674449771945713650 ) ) ;
#1088 = ORIENTED_EDGE ( 'NONE', *, *, #2283, .F. ) ;
#1089 = AXIS2_PLACEMENT_3D ( 'NONE', #2239, #396, #2860 ) ;
#1090 = CARTESIAN_POINT ( 'NONE',  ( 6.258585244769350631, 30.00000000000000000, 28.35132035200720324 ) ) ;
#1091 = ORIENTED_EDGE ( 'NONE', *, *, #3126, .F. ) ;
#1092 = ADVANCED_FACE ( 'NONE', ( #2861 ), #433, .F. ) ;
#1093 = ORIENTED_EDGE ( 'NONE', *, *, #3449, .F. ) ;
#1094 = CIRCLE ( 'NONE', #400, 24.50000000000000000 ) ;
#1095 = CARTESIAN_POINT ( 'NONE',  ( 7.321981095747801760, 0.9999999999999453770, -29.19602735579725561 ) ) ;
#1096 = LINE ( 'NONE', #2039, #2960 ) ;
#1097 = CARTESIAN_POINT ( 'NONE',  ( -30.06870357553480133, 0.9999999999999731326, -9.052655923250368275 ) ) ;
#1098 = CARTESIAN_POINT ( 'NONE',  ( -7.529954783969210474, 29.99999999999997158, 29.32085608747948413 ) ) ;
#1099 = CARTESIAN_POINT ( 'NONE',  ( 6.484523281113231619, 29.99999999999997158, 28.57124262114457380 ) ) ;
#1100 = EDGE_CURVE ( 'NONE', #886, #3560, #670, .T. ) ;
#1101 = CARTESIAN_POINT ( 'NONE',  ( 28.99339922229298594, 0.9999999999999453770, 7.016757265370092256 ) ) ;
#1102 = EDGE_LOOP ( 'NONE', ( #3662, #3666, #2693, #2180 ) ) ;
#1103 = CARTESIAN_POINT ( 'NONE',  ( -2.514514135977927722, 29.54996551490716783, -33.67882668325519546 ) ) ;
#1104 = CARTESIAN_POINT ( 'NONE',  ( -2.031506061324602097, 28.69839633913128552, 34.31701295856746725 ) ) ;
#1105 = DIRECTION ( 'NONE',  ( 0.7078145135131659327, 0.000000000000000000, -0.7063983397914523898 ) ) ;
#1106 = FACE_OUTER_BOUND ( 'NONE', #3027, .T. ) ;
#1107 = CARTESIAN_POINT ( 'NONE',  ( 29.77603499932961384, 0.9999999999999731326, 8.386314982652965710 ) ) ;
#1108 = ORIENTED_EDGE ( 'NONE', *, *, #827, .F. ) ;
#1109 = ADVANCED_FACE ( 'NONE', ( #1335 ), #737, .T. ) ;
#1110 = CARTESIAN_POINT ( 'NONE',  ( -6.629600024815597514, 0.9999999999999453770, -28.69713255725287837 ) ) ;
#1111 = ORIENTED_EDGE ( 'NONE', *, *, #348, .T. ) ;
#1112 = EDGE_LOOP ( 'NONE', ( #3874, #811, #73, #1830 ) ) ;
#1113 = CARTESIAN_POINT ( 'NONE',  ( -28.69713255725310930, 0.9999999999999453770, 6.629600024815992754 ) ) ;
#1114 = CARTESIAN_POINT ( 'NONE',  ( 17.60393440239811014, 42.04006440356475593, -17.03970344683451899 ) ) ;
#1115 = CIRCLE ( 'NONE', #1646, 3.499999999999905853 ) ;
#1116 = DIRECTION ( 'NONE',  ( -0.000000000000000000, 0.000000000000000000, 1.000000000000000000 ) ) ;
#1117 = AXIS2_PLACEMENT_3D ( 'NONE', #2066, #538, #494 ) ;
#1118 = DIRECTION ( 'NONE',  ( 0.000000000000000000, 0.000000000000000000, 1.000000000000000000 ) ) ;
#1119 = CARTESIAN_POINT ( 'NONE',  ( -7.321458899161518374, 0.9999999999999453770, -29.19569261685230543 ) ) ;
#1120 = ADVANCED_FACE ( 'NONE', ( #3195 ), #2897, .T. ) ;
#1121 =( NAMED_UNIT ( * ) SI_UNIT ( $, .STERADIAN. ) SOLID_ANGLE_UNIT ( ) );
#1122 = DIRECTION ( 'NONE',  ( -0.000000000000000000, -1.000000000000000000, 0.000000000000000000 ) ) ;
#1123 = DIRECTION ( 'NONE',  ( 0.000000000000000000, 1.000000000000000000, -0.000000000000000000 ) ) ;
#1124 = ORIENTED_EDGE ( 'NONE', *, *, #459, .F. ) ;
#1125 = CARTESIAN_POINT ( 'NONE',  ( -1.354061739223339833, 27.99999999999999645, -33.85615338233034777 ) ) ;
#1126 = CARTESIAN_POINT ( 'NONE',  ( -2.737708371177814737, 30.00000000000000000, 32.63592024327000729 ) ) ;
#1127 = CARTESIAN_POINT ( 'NONE',  ( -23.55878325911094961, 0.000000000000000000, -6.725602675614555714 ) ) ;
#1128 = B_SPLINE_CURVE_WITH_KNOTS ( 'NONE', 3,
 ( #22, #3108, #2235, #1242, #1913, #375, #3699, #1275, #322, #1894, #2835 ),
 .UNSPECIFIED., .F., .F.,
 ( 4, 2, 3, 2, 4 ),
 ( 0.000000000000000000, 8.297621172890259867E-05, 0.0001652619793236888637, 0.0002159361728581626124, 0.0002665837363808094438 ),
 .UNSPECIFIED. ) ;
#1129 = B_SPLINE_CURVE_WITH_KNOTS ( 'NONE', 3,
 ( #3374, #2101, #893, #310, #2123, #3671, #914, #1804, #2477, #3415, #2774, #2148, #3035, #350, #621, #3692 ),
 .UNSPECIFIED., .F., .F.,
 ( 4, 2, 2, 2, 2, 2, 2, 4 ),
 ( 0.000000000000000000, 0.0004092855485674061359, 0.0008185710971348122717, 0.001227856645702218299, 0.001637142194269624543, 0.002455713291404425323, 0.002864998839971831350, 0.003274284388539237377 ),
 .UNSPECIFIED. ) ;
#1130 = CARTESIAN_POINT ( 'NONE',  ( 16.70994033486869412, 0.000000000000000000, -16.52355573129246835 ) ) ;
#1131 = CARTESIAN_POINT ( 'NONE',  ( -28.57124262114491842, 29.99999999999997158, 6.484523281113974136 ) ) ;
#1132 = ORIENTED_EDGE ( 'NONE', *, *, #2108, .F. ) ;
#1133 = MECHANICAL_DESIGN_GEOMETRIC_PRESENTATION_REPRESENTATION (  '', ( #2047 ), #499 ) ;
#1134 = EDGE_CURVE ( 'NONE', #3094, #475, #1476, .T. ) ;
#1135 = CARTESIAN_POINT ( 'NONE',  ( 28.50641375072796535, 0.9999999999999731326, -6.413678643490467124 ) ) ;
#1136 = VERTEX_POINT ( 'NONE', #838 ) ;
#1137 = ORIENTED_EDGE ( 'NONE', *, *, #1901, .T. ) ;
#1138 = CARTESIAN_POINT ( 'NONE',  ( 1.964225614587602253, 28.14545051621906424, 34.44203813783958168 ) ) ;
#1139 = CARTESIAN_POINT ( 'NONE',  ( 8.386314982653010119, 0.9999999999999453770, -29.77603499932949660 ) ) ;
#1140 = CIRCLE ( 'NONE', #505, 23.50000000000000000 ) ;
#1141 = DIRECTION ( 'NONE',  ( 0.000000000000000000, -1.000000000000000000, 0.000000000000000000 ) ) ;
#1142 = DIRECTION ( 'NONE',  ( 0.8660254037844363761, -0.000000000000000000, -0.5000000000000039968 ) ) ;
#1143 = CARTESIAN_POINT ( 'NONE',  ( -4.336808689942017736E-16, 27.99999999999999645, -0.002000791051989803115 ) ) ;
#1144 = SURFACE_SIDE_STYLE ('',( #1191 ) ) ;
#1145 = CARTESIAN_POINT ( 'NONE',  ( 7.007633974928932474, 29.99999999999997158, 28.98695388522023819 ) ) ;
#1146 = AXIS2_PLACEMENT_3D ( 'NONE', #3192, #431, #2538 ) ;
#1147 = CARTESIAN_POINT ( 'NONE',  ( -4.336808689942017736E-16, 30.00000000000000000, -0.002000791051989803115 ) ) ;
#1148 = ORIENTED_EDGE ( 'NONE', *, *, #581, .F. ) ;
#1149 = CARTESIAN_POINT ( 'NONE',  ( -2.785551700919112417, 30.00000000000000000, -32.38240692997351999 ) ) ;
#1150 = CARTESIAN_POINT ( 'NONE',  ( 28.53424220848890158, -84.94344718381945825, 6.442166876943982601 ) ) ;
#1151 = DIRECTION ( 'NONE',  ( 0.000000000000000000, 0.000000000000000000, 1.000000000000000000 ) ) ;
#1152 = EDGE_CURVE ( 'NONE', #2073, #2862, #2521, .T. ) ;
#1153 = PLANE ( 'NONE',  #714 ) ;
#1154 = ORIENTED_EDGE ( 'NONE', *, *, #990, .F. ) ;
#1155 = CARTESIAN_POINT ( 'NONE',  ( 22.66478919158131689, 0.000000000000000000, -6.209454960073268914 ) ) ;
#1156 = EDGE_LOOP ( 'NONE', ( #1169, #1502, #3799, #3219 ) ) ;
#1157 = ORIENTED_EDGE ( 'NONE', *, *, #883, .T. ) ;
#1158 = LINE ( 'NONE', #1226, #2870 ) ;
#1159 = CARTESIAN_POINT ( 'NONE',  ( 9.510733381963516919, 0.9999999999999453770, -30.22962318698080963 ) ) ;
#1160 = VERTEX_POINT ( 'NONE', #2698 ) ;
#1161 = MECHANICAL_DESIGN_GEOMETRIC_PRESENTATION_REPRESENTATION (  '', ( #605 ), #2002 ) ;
#1162 = FACE_OUTER_BOUND ( 'NONE', #2983, .T. ) ;
#1163 = ADVANCED_FACE ( 'NONE', ( #3911 ), #1153, .F. ) ;
#1164 = CARTESIAN_POINT ( 'NONE',  ( -28.19931032608437249, 2.943876742175209227, -6.106563529583065808 ) ) ;
#1165 = CARTESIAN_POINT ( 'NONE',  ( -29.67154670419890650, 0.9999999999999453770, 8.164928310215648466 ) ) ;
#1166 =( LENGTH_UNIT ( ) NAMED_UNIT ( * ) SI_UNIT ( .MILLI., .METRE. ) );
#1167 = AXIS2_PLACEMENT_3D ( 'NONE', #3869, #274, #3955 ) ;
#1168 = CARTESIAN_POINT ( 'NONE',  ( 4.336808689942017736E-16, 27.99999999999999645, -34.50153451497305923 ) ) ;
#1169 = ORIENTED_EDGE ( 'NONE', *, *, #2660, .T. ) ;
#1170 = AXIS2_PLACEMENT_3D ( 'NONE', #197, #3539, #3645 ) ;
#1171 = CARTESIAN_POINT ( 'NONE',  ( -1.592750149112857727, 29.05957380361956055, -33.66600164532027861 ) ) ;
#1172 = B_SPLINE_CURVE_WITH_KNOTS ( 'NONE', 3,
 ( #1198, #2215, #61, #3105, #2461, #3123, #2832, #19, #2761, #316, #3735, #3141, #971 ),
 .UNSPECIFIED., .F., .F.,
 ( 4, 3, 3, 3, 4 ),
 ( 0.000000000000000000, 0.2523911713683589797, 0.5048840207186374718, 0.7522849438215382101, 1.000000000000000000 ),
 .UNSPECIFIED. ) ;
#1173 = CARTESIAN_POINT ( 'NONE',  ( 30.38234234103216380, 29.99999999999996447, -10.06607696785905226 ) ) ;
#1174 = EDGE_CURVE ( 'NONE', #2808, #3389, #3669, .T. ) ;
#1175 = EDGE_CURVE ( 'NONE', #3871, #2052, #2037, .T. ) ;
#1176 = EDGE_CURVE ( 'NONE', #2488, #2703, #2571, .T. ) ;
#1177 = CARTESIAN_POINT ( 'NONE',  ( -5.954848856712624539, 0.000000000000000000, -22.73301069136484642 ) ) ;
#1178 = DIRECTION ( 'NONE',  ( -0.000000000000000000, 1.000000000000000000, -0.000000000000000000 ) ) ;
#1179 = ORIENTED_EDGE ( 'NONE', *, *, #3977, .F. ) ;
#1180 = CARTESIAN_POINT ( 'NONE',  ( -10.04907918205366180, 29.99999999999997158, -30.38324463082545535 ) ) ;
#1181 = ORIENTED_EDGE ( 'NONE', *, *, #2507, .F. ) ;
#1182 = EDGE_LOOP ( 'NONE', ( #1514, #3698, #1000, #1974 ) ) ;
#1183 = CARTESIAN_POINT ( 'NONE',  ( 2.346447966914284589, 29.80090808438427530, 33.31952366025813461 ) ) ;
#1184 = LINE ( 'NONE', #1577, #2914 ) ;
#1185 = ORIENTED_EDGE ( 'NONE', *, *, #2281, .T. ) ;
#1186 = PLANE ( 'NONE',  #1408 ) ;
#1187 = AXIS2_PLACEMENT_3D ( 'NONE', #3649, #1428, #2754 ) ;
#1188 = CARTESIAN_POINT ( 'NONE',  ( -27.65502949213961514, 1.908666135535496133, -5.561191531955098633 ) ) ;
#1189 = B_SPLINE_CURVE_WITH_KNOTS ( 'NONE', 3,
 ( #2828, #54, #2529, #2229, #1926, #3156, #385, #3769, #1623, #74, #3473, #713, #407, #1641 ),
 .UNSPECIFIED., .F., .F.,
 ( 4, 2, 2, 2, 2, 2, 4 ),
 ( -9.420594441084571702E-06, 0.0007893941468728549269, 0.001188801517529827117, 0.001588208888186799523, 0.002387023629500761249, 0.002786431000157737776, 0.003185838370814713869 ),
 .UNSPECIFIED. ) ;
#1190 = CARTESIAN_POINT ( 'NONE',  ( -29.77617444378279288, 29.99999999999996447, 8.383209545494933579 ) ) ;
#1191 = SURFACE_STYLE_FILL_AREA ( #3352 ) ;
#1192 = VECTOR ( 'NONE', #906, 1000.000000000000000 ) ;
#1193 = DIRECTION ( 'NONE',  ( 0.000000000000000000, 0.000000000000000000, 1.000000000000000000 ) ) ;
#1194 = ORIENTED_EDGE ( 'NONE', *, *, #2003, .T. ) ;
#1195 = CARTESIAN_POINT ( 'NONE',  ( -2.738352559219399129, 29.99999999999999645, -32.63760461333474439 ) ) ;
#1196 = CARTESIAN_POINT ( 'NONE',  ( 30.37822770259429106, 0.9999999999999453770, -10.12076937904034146 ) ) ;
#1197 = EDGE_CURVE ( 'NONE', #3917, #255, #386, .T. ) ;
#1198 = CARTESIAN_POINT ( 'NONE',  ( -6.413678643489945763, 30.00000000000000000, -28.50641375072756389 ) ) ;
#1199 = CARTESIAN_POINT ( 'NONE',  ( -28.69713255725310930, 0.9999999999999731326, 6.629600024815992754 ) ) ;
#1200 = ORIENTED_EDGE ( 'NONE', *, *, #1267, .F. ) ;
#1201 = CARTESIAN_POINT ( 'NONE',  ( 10.03232073629203569, 29.99999999999997158, 30.38362457722961452 ) ) ;
#1202 = CARTESIAN_POINT ( 'NONE',  ( 29.09279771691767280, 29.99999999999995026, -7.163479273359916633 ) ) ;
#1203 = ORIENTED_EDGE ( 'NONE', *, *, #3391, .F. ) ;
#1204 = EDGE_LOOP ( 'NONE', ( #2090, #1464, #1714, #3973 ) ) ;
#1205 = LINE ( 'NONE', #3071, #803 ) ;
#1206 = CARTESIAN_POINT ( 'NONE',  ( 29.67102485484128849, 0.9999999999999453770, 8.167768883882731146 ) ) ;
#1207 = PRESENTATION_LAYER_ASSIGNMENT (  '', '', ( #2045 ) ) ;
#1208 = AXIS2_PLACEMENT_3D ( 'NONE', #597, #3966, #1211 ) ;
#1209 = EDGE_LOOP ( 'NONE', ( #3468, #2844, #1491, #781 ) ) ;
#1210 = FACE_OUTER_BOUND ( 'NONE', #2446, .T. ) ;
#1211 = DIRECTION ( 'NONE',  ( 0.000000000000000000, 0.000000000000000000, 1.000000000000000000 ) ) ;
#1212 = CARTESIAN_POINT ( 'NONE',  ( -30.38384788904112810, 30.00000000000000000, 9.964786583327109426 ) ) ;
#1213 = FACE_OUTER_BOUND ( 'NONE', #2724, .T. ) ;
#1214 = CARTESIAN_POINT ( 'NONE',  ( -1.554897522104394358, 28.17007184161272804, 34.46538069679149885 ) ) ;
#1215 = CARTESIAN_POINT ( 'NONE',  ( 9.998551471870671392, 29.99999999999996447, 30.38374542505954423 ) ) ;
#1216 = ORIENTED_EDGE ( 'NONE', *, *, #229, .F. ) ;
#1217 = CARTESIAN_POINT ( 'NONE',  ( 30.38092739730143776, 0.9999999999999453770, -10.09343860348610278 ) ) ;
#1218 = CARTESIAN_POINT ( 'NONE',  ( 1.757769840215401391, 28.82231382761068872, -34.29694034442829320 ) ) ;
#1219 = VECTOR ( 'NONE', #1386, 1000.000000000000000 ) ;
#1220 = DIRECTION ( 'NONE',  ( -0.8660254037844363761, 0.000000000000000000, 0.5000000000000039968 ) ) ;
#1221 = AXIS2_PLACEMENT_3D ( 'NONE', #3628, #1141, #526 ) ;
#1222 = ORIENTED_EDGE ( 'NONE', *, *, #3945, .T. ) ;
#1223 = CARTESIAN_POINT ( 'NONE',  ( 10.12076937903943907, 29.99999999999997158, 30.37822770259444027 ) ) ;
#1224 = DIRECTION ( 'NONE',  ( 0.000000000000000000, 1.000000000000000000, -0.000000000000000000 ) ) ;
#1225 = VERTEX_POINT ( 'NONE', #610 ) ;
#1226 = CARTESIAN_POINT ( 'NONE',  ( 1.964225604963704575, 30.00000000000000000, 34.44203813838840489 ) ) ;
#1227 = LINE ( 'NONE', #3092, #3489 ) ;
#1228 = ORIENTED_EDGE ( 'NONE', *, *, #1301, .T. ) ;
#1229 = ORIENTED_EDGE ( 'NONE', *, *, #3197, .T. ) ;
#1230 = DIRECTION ( 'NONE',  ( -0.000000000000000000, -1.000000000000000000, 0.000000000000000000 ) ) ;
#1231 = EDGE_CURVE ( 'NONE', #1636, #3537, #881, .T. ) ;
#1232 = CARTESIAN_POINT ( 'NONE',  ( -26.12554922451307959, 1.000000000000003997, -4.028644991885854232 ) ) ;
#1233 = CARTESIAN_POINT ( 'NONE',  ( -30.22765753340497596, 0.9999999999999453770, 9.506339185439978579 ) ) ;
#1234 = CARTESIAN_POINT ( 'NONE',  ( -1.700254935844594861, 29.06501327738413565, 33.84767371260618773 ) ) ;
#1235 = CARTESIAN_POINT ( 'NONE',  ( 6.413678643489684639, 0.9999999999999176215, 28.50641375072754613 ) ) ;
#1236 = AXIS2_PLACEMENT_3D ( 'NONE', #815, #2050, #3315 ) ;
#1237 = CARTESIAN_POINT ( 'NONE',  ( 0.000000000000000000, 1.000000000000000888, 0.000000000000000000 ) ) ;
#1238 = CIRCLE ( 'NONE', #1757, 25.70000000000000639 ) ;
#1239 = EDGE_CURVE ( 'NONE', #1136, #790, #3336, .T. ) ;
#1240 = CARTESIAN_POINT ( 'NONE',  ( -6.413678643489945763, -84.94344718381945825, -28.50641375072756389 ) ) ;
#1241 = VERTEX_POINT ( 'NONE', #1528 ) ;
#1242 = CARTESIAN_POINT ( 'NONE',  ( 10.12076937903943907, 0.9999999999999731326, 30.37822770259444027 ) ) ;
#1243 =( LENGTH_UNIT ( ) NAMED_UNIT ( * ) SI_UNIT ( .MILLI., .METRE. ) );
#1244 = DIRECTION ( 'NONE',  ( 0.000000000000000000, -1.000000000000000000, 0.000000000000000000 ) ) ;
#1245 = ORIENTED_EDGE ( 'NONE', *, *, #3565, .F. ) ;
#1246 = DIRECTION ( 'NONE',  ( -0.000000000000000000, 1.000000000000000000, -0.000000000000000000 ) ) ;
#1247 = DIRECTION ( 'NONE',  ( 0.000000000000000000, -1.000000000000000000, 0.000000000000000000 ) ) ;
#1248 = EDGE_CURVE ( 'NONE', #475, #2139, #1608, .T. ) ;
#1249 = ORIENTED_EDGE ( 'NONE', *, *, #141, .F. ) ;
#1250 = ORIENTED_EDGE ( 'NONE', *, *, #2507, .T. ) ;
#1251 = CARTESIAN_POINT ( 'NONE',  ( 28.50641375072796535, 1.000000000000000888, -6.413678643490467124 ) ) ;
#1252 = DIRECTION ( 'NONE',  ( 0.000000000000000000, 0.000000000000000000, 1.000000000000000000 ) ) ;
#1253 = CARTESIAN_POINT ( 'NONE',  ( -29.67154670419890650, 29.99999999999996447, 8.164928310215648466 ) ) ;
#1254 = CARTESIAN_POINT ( 'NONE',  ( -2.375989270899809380, 29.63886136814634753, 33.58909070170656008 ) ) ;
#1255 = CARTESIAN_POINT ( 'NONE',  ( 28.53424220848890158, -84.94344718381945825, 6.442166876943983489 ) ) ;
#1256 = CIRCLE ( 'NONE', #871, 1.500000000000022204 ) ;
#1257 = CARTESIAN_POINT ( 'NONE',  ( -3.724636050745570248, 1.000000000000000888, -25.81737115798308224 ) ) ;
#1258 = CARTESIAN_POINT ( 'NONE',  ( -6.794406156883030512, 0.9999999999999314992, 28.83117271246070956 ) ) ;
#1259 = DIRECTION ( 'NONE',  ( -2.664535259100375697E-15, 0.000000000000000000, 1.000000000000000000 ) ) ;
#1260 = FILL_AREA_STYLE_COLOUR ( '', #3425 ) ;
#1261 = PLANE ( 'NONE',  #2030 ) ;
#1262 = ORIENTED_EDGE ( 'NONE', *, *, #2067, .F. ) ;
#1263 = CARTESIAN_POINT ( 'NONE',  ( 30.38384788904108191, 0.9999999999999731326, -9.964786583326983305 ) ) ;
#1264 = DIRECTION ( 'NONE',  ( -0.8660254037844328234, 0.000000000000000000, 0.5000000000000101030 ) ) ;
#1265 = ORIENTED_EDGE ( 'NONE', *, *, #2236, .T. ) ;
#1266 = ORIENTED_EDGE ( 'NONE', *, *, #2067, .T. ) ;
#1267 = EDGE_CURVE ( 'NONE', #31, #299, #3104, .T. ) ;
#1268 = CARTESIAN_POINT ( 'NONE',  ( 28.57124262114491842, 1.000000000000014655, -6.484523281113973248 ) ) ;
#1269 = CARTESIAN_POINT ( 'NONE',  ( -2.977424428356117758, 42.04006440356475593, -5.157050385609461607 ) ) ;
#1270 = FACE_OUTER_BOUND ( 'NONE', #904, .T. ) ;
#1271 = CARTESIAN_POINT ( 'NONE',  ( 6.258819392547314564, 3.999999999999976019, -28.35126156015493493 ) ) ;
#1272 = CARTESIAN_POINT ( 'NONE',  ( 6.629600024815351489, 0.9999999999999176215, 28.69713255725288192 ) ) ;
#1273 = CARTESIAN_POINT ( 'NONE',  ( 1.592750149113184133, 29.05957380361984121, -33.66600164532045625 ) ) ;
#1274 = CARTESIAN_POINT ( 'NONE',  ( -6.442166876944400933, 0.9999999999999314992, 28.53424220848894777 ) ) ;
#1275 = CARTESIAN_POINT ( 'NONE',  ( 10.03232073629203569, 0.9999999999999731326, 30.38362457722961452 ) ) ;
#1276 = LINE ( 'NONE', #2219, #1670 ) ;
#1277 = B_SPLINE_CURVE_WITH_KNOTS ( 'NONE', 3,
 ( #1756, #179, #2097, #3604, #802, #1426, #2325, #2923, #481, #3919, #2989, #2076 ),
 .UNSPECIFIED., .F., .F.,
 ( 4, 3, 2, 3, 4 ),
 ( 0.000000000000000000, 0.2492407375601264630, 0.4985562031839417818, 0.7490065230247193728, 1.000000000000000000 ),
 .UNSPECIFIED. ) ;
#1278 = EDGE_CURVE ( 'NONE', #3611, #1325, #401, .T. ) ;
#1279 = DIRECTION ( 'NONE',  ( 0.000000000000000000, -1.000000000000000000, 0.000000000000000000 ) ) ;
#1280 = AXIS2_PLACEMENT_3D ( 'NONE', #1364, #785, #2646 ) ;
#1281 = CARTESIAN_POINT ( 'NONE',  ( 4.915659814735775512, 1.334762719640585793, 27.00839492197355085 ) ) ;
#1282 = CARTESIAN_POINT ( 'NONE',  ( -30.37822770259429817, 0.9999999999999731326, 10.12076937903982987 ) ) ;
#1283 = EDGE_LOOP ( 'NONE', ( #545, #1355, #2747, #3090 ) ) ;
#1284 = ADVANCED_FACE ( 'NONE', ( #3316 ), #2038, .F. ) ;
#1285 = ORIENTED_EDGE ( 'NONE', *, *, #3842, .T. ) ;
#1286 = LINE ( 'NONE', #3965, #3732 ) ;
#1287 = CARTESIAN_POINT ( 'NONE',  ( -29.77603499932959963, 29.99999999999997158, -8.386314982652995909 ) ) ;
#1288 = DIRECTION ( 'NONE',  ( -0.000000000000000000, 1.000000000000000000, -0.000000000000000000 ) ) ;
#1289 = DIRECTION ( 'NONE',  ( 0.000000000000000000, 0.000000000000000000, 1.000000000000000000 ) ) ;
#1290 = EDGE_CURVE ( 'NONE', #1798, #2243, #2186, .T. ) ;
#1291 = CARTESIAN_POINT ( 'NONE',  ( -6.258585244769541589, 3.999999999999976019, -28.35132035200716416 ) ) ;
#1292 = CARTESIAN_POINT ( 'NONE',  ( 1.661622598084394831, 28.34754931316725646, -34.44605435069054522 ) ) ;
#1293 = EDGE_CURVE ( 'NONE', #3534, #841, #1630, .T. ) ;
#1294 = STYLED_ITEM ( 'NONE', ( #3067 ), #116 ) ;
#1295 = CARTESIAN_POINT ( 'NONE',  ( -1.451818925407959204, 0.000000000000000000, 34.06855685746891282 ) ) ;
#1296 = CARTESIAN_POINT ( 'NONE',  ( 5.954848856712624539, 0.000000000000000000, 0.000000000000000000 ) ) ;
#1297 = EDGE_CURVE ( 'NONE', #1954, #3282, #3717, .T. ) ;
#1298 = SURFACE_STYLE_USAGE ( .BOTH. , #2237 ) ;
#1299 = B_SPLINE_CURVE_WITH_KNOTS ( 'NONE', 3,
 ( #3462, #734, #1664, #2894, #994, #1932, #702, #2857, #394, #2520, #1351, #2877, #1026, #2558, #120, #3808 ),
 .UNSPECIFIED., .F., .F.,
 ( 4, 2, 2, 2, 2, 2, 2, 4 ),
 ( 3.075161289021299248E-17, 0.0006459870381424174949, 0.001291974076284804198, 0.001937961114427191010, 0.002583948152569577605, 0.003229935190711964201, 0.003875922228854351229, 0.005167896305139123986 ),
 .UNSPECIFIED. ) ;
#1300 = CARTESIAN_POINT ( 'NONE',  ( 6.442166876943985265, 0.9999999999999731326, -28.53424220848878790 ) ) ;
#1301 = EDGE_CURVE ( 'NONE', #2052, #842, #1893, .T. ) ;
#1302 = DIRECTION ( 'NONE',  ( 0.000000000000000000, 1.000000000000000000, 0.000000000000000000 ) ) ;
#1303 = CARTESIAN_POINT ( 'NONE',  ( -30.38234234103218157, 0.9999999999999731326, 10.06607696785818717 ) ) ;
#1304 = EDGE_LOOP ( 'NONE', ( #238, #3985, #2138, #2824 ) ) ;
#1305 = ORIENTED_EDGE ( 'NONE', *, *, #1901, .F. ) ;
#1306 = DIRECTION ( 'NONE',  ( -0.7071067811865278108, 0.000000000000000000, -0.7071067811865673347 ) ) ;
#1307 = CARTESIAN_POINT ( 'NONE',  ( 4.336808689942017736E-16, 27.99999999999999645, -34.50153451497305923 ) ) ;
#1308 = ORIENTED_EDGE ( 'NONE', *, *, #3244, .T. ) ;
#1309 = CYLINDRICAL_SURFACE ( 'NONE', #3068, 34.50000000000000000 ) ;
#1310 = CARTESIAN_POINT ( 'NONE',  ( 6.651431435420485982, 0.9999999999999453770, -28.71522592437715460 ) ) ;
#1311 = CARTESIAN_POINT ( 'NONE',  ( -6.162529589895065385, 3.145069744481860496, -28.25526469713267019 ) ) ;
#1312 = DIRECTION ( 'NONE',  ( -0.4999999999999919509, 0.000000000000000000, 0.8660254037844432595 ) ) ;
#1313 = VECTOR ( 'NONE', #801, 1000.000000000000114 ) ;
#1314 = CARTESIAN_POINT ( 'NONE',  ( -2.194549928147254914, 29.25504739638371632, 33.99001772690373002 ) ) ;
#1315 = CARTESIAN_POINT ( 'NONE',  ( 0.000000000000000000, 42.04006440356475593, 0.000000000000000000 ) ) ;
#1316 = CARTESIAN_POINT ( 'NONE',  ( 30.38374542505944120, 0.9999999999999731326, -9.998551471871152785 ) ) ;
#1317 = AXIS2_PLACEMENT_3D ( 'NONE', #294, #1526, #2760 ) ;
#1318 = CARTESIAN_POINT ( 'NONE',  ( 28.35132035200713929, 3.999999999999976019, -6.258585244769650835 ) ) ;
#1319 = CARTESIAN_POINT ( 'NONE',  ( -2.977424428356372665, 42.04006440356475593, -5.157050385609818655 ) ) ;
#1320 = CARTESIAN_POINT ( 'NONE',  ( -30.36464546912373308, 30.00000000000000000, -10.21095792046471828 ) ) ;
#1321 = ORIENTED_EDGE ( 'NONE', *, *, #2859, .T. ) ;
#1322 = ORIENTED_EDGE ( 'NONE', *, *, #2543, .F. ) ;
#1323 = CARTESIAN_POINT ( 'NONE',  ( -1.935758567210611458, 27.99999999999999645, 33.94284916839650634 ) ) ;
#1324 = CARTESIAN_POINT ( 'NONE',  ( 1.686168909712947306, 29.03624820007302176, 33.86121287372603916 ) ) ;
#1325 = VERTEX_POINT ( 'NONE', #487 ) ;
#1326 = DIRECTION ( 'NONE',  ( 0.000000000000000000, -1.000000000000000000, 0.000000000000000000 ) ) ;
#1327 = FACE_OUTER_BOUND ( 'NONE', #2098, .T. ) ;
#1328 = B_SPLINE_CURVE_WITH_KNOTS ( 'NONE', 3,
 ( #2803, #164, #1981, #3112, #341, #27, #137, #1062 ),
 .UNSPECIFIED., .F., .F.,
 ( 4, 2, 2, 4 ),
 ( 0.000000000000000000, 0.2499999999999986677, 0.4999999999999981126, 1.000000000000000000 ),
 .UNSPECIFIED. ) ;
#1329 = VECTOR ( 'NONE', #1516, 1000.000000000000000 ) ;
#1330 = CARTESIAN_POINT ( 'NONE',  ( 2.577690993619458748, 29.96500715624226174, -32.83655370159713272 ) ) ;
#1331 = DIRECTION ( 'NONE',  ( 0.000000000000000000, 0.000000000000000000, 1.000000000000000000 ) ) ;
#1332 = CYLINDRICAL_SURFACE ( 'NONE', #3819, 23.50000000000000355 ) ;
#1333 = CYLINDRICAL_SURFACE ( 'NONE', #3768, 23.50000000000000000 ) ;
#1334 = CARTESIAN_POINT ( 'NONE',  ( 0.000000000000000000, 0.000000000000000000, 0.000000000000000000 ) ) ;
#1335 = FACE_OUTER_BOUND ( 'NONE', #1618, .T. ) ;
#1336 = ORIENTED_EDGE ( 'NONE', *, *, #77, .F. ) ;
#1337 = AXIS2_PLACEMENT_3D ( 'NONE', #2596, #2271, #376 ) ;
#1338 =( NAMED_UNIT ( * ) PLANE_ANGLE_UNIT ( ) SI_UNIT ( $, .RADIAN. ) );
#1339 = AXIS2_PLACEMENT_3D ( 'NONE', #1642, #3506, #1345 ) ;
#1340 = CARTESIAN_POINT ( 'NONE',  ( 27.65419195605178970, 1.907841365375338105, -5.561456848814331444 ) ) ;
#1341 = ORIENTED_EDGE ( 'NONE', *, *, #416, .F. ) ;
#1342 = VERTEX_POINT ( 'NONE', #1295 ) ;
#1343 = LINE ( 'NONE', #3202, #2551 ) ;
#1344 = EDGE_CURVE ( 'NONE', #1342, #491, #2126, .T. ) ;
#1345 = DIRECTION ( 'NONE',  ( 0.000000000000000000, 0.000000000000000000, -1.000000000000000000 ) ) ;
#1346 = CARTESIAN_POINT ( 'NONE',  ( 1.995482422940067835, 29.62820563661527729, -33.29492809909441320 ) ) ;
#1347 = CARTESIAN_POINT ( 'NONE',  ( 29.14625379919608505, 0.9999999999999453770, 7.245099044916871733 ) ) ;
#1348 = ORIENTED_EDGE ( 'NONE', *, *, #1248, .T. ) ;
#1349 = CARTESIAN_POINT ( 'NONE',  ( -30.22962318698088069, 0.9999999999999453770, -9.510733381963486721 ) ) ;
#1350 = DIRECTION ( 'NONE',  ( 0.000000000000000000, 0.000000000000000000, 1.000000000000000000 ) ) ;
#1351 = CARTESIAN_POINT ( 'NONE',  ( -5.185942674619206549, 1.529570751267770756, 27.28053142128870689 ) ) ;
#1352 = EDGE_CURVE ( 'NONE', #544, #2293, #3841, .T. ) ;
#1353 = CARTESIAN_POINT ( 'NONE',  ( -3.691013539643056682E-14, 4.000000000000003553, 3.425026790108451458 ) ) ;
#1354 = LINE ( 'NONE', #3810, #2793 ) ;
#1355 = ORIENTED_EDGE ( 'NONE', *, *, #1795, .T. ) ;
#1356 = DIRECTION ( 'NONE',  ( -0.000000000000000000, 1.000000000000000000, -0.000000000000000000 ) ) ;
#1357 = AXIS2_PLACEMENT_3D ( 'NONE', #105, #3497, #1917 ) ;
#1358 = CARTESIAN_POINT ( 'NONE',  ( 2.256769565372297226, 27.99999999999999645, -33.42589929390185688 ) ) ;
#1359 = EDGE_CURVE ( 'NONE', #3658, #886, #3737, .T. ) ;
#1360 = ORIENTED_EDGE ( 'NONE', *, *, #2340, .F. ) ;
#1361 = ORIENTED_EDGE ( 'NONE', *, *, #3232, .T. ) ;
#1362 = CARTESIAN_POINT ( 'NONE',  ( -28.93272500840680195, 0.9999999999999453770, 6.930634915335659230 ) ) ;
#1363 = B_SPLINE_CURVE_WITH_KNOTS ( 'NONE', 3,
 ( #3439, #3081, #295, #678, #336, #1851, #3064, #2193 ),
 .UNSPECIFIED., .F., .F.,
 ( 4, 2, 2, 4 ),
 ( 0.000000000000000000, 0.2499999999999992228, 0.4999999999999984457, 1.000000000000000000 ),
 .UNSPECIFIED. ) ;
#1364 = CARTESIAN_POINT ( 'NONE',  ( 0.000000000000000000, 1.000000000000000888, 0.000000000000000000 ) ) ;
#1365 = DIRECTION ( 'NONE',  ( 0.8660254037844432595, 0.000000000000000000, 0.4999999999999919509 ) ) ;
#1366 = CARTESIAN_POINT ( 'NONE',  ( -7.321981095748312462, 30.00000000000000000, 29.19602735579720232 ) ) ;
#1367 = VERTEX_POINT ( 'NONE', #3124 ) ;
#1368 = CARTESIAN_POINT ( 'NONE',  ( -30.22962318698088069, 29.99999999999996447, -9.510733381963486721 ) ) ;
#1369 = CARTESIAN_POINT ( 'NONE',  ( -9.964637902584092544, 0.9999999999999453770, -30.38379723437888558 ) ) ;
#1370 = CARTESIAN_POINT ( 'NONE',  ( -28.94086890595256989, 29.99999999999997158, -6.941653848079771372 ) ) ;
#1371 = VECTOR ( 'NONE', #2811, 1000.000000000000000 ) ;
#1372 = CARTESIAN_POINT ( 'NONE',  ( 7.245099044916780251, 0.9999999999999731326, -29.14625379919608861 ) ) ;
#1373 = CIRCLE ( 'NONE', #736, 1.903053269115287272 ) ;
#1374 = CARTESIAN_POINT ( 'NONE',  ( -29.14441767727970145, 29.99999999999997158, 7.242363969696731019 ) ) ;
#1375 = ORIENTED_EDGE ( 'NONE', *, *, #1231, .T. ) ;
#1376 = CIRCLE ( 'NONE', #2931, 23.50000000000000000 ) ;
#1377 = DIRECTION ( 'NONE',  ( -0.000000000000000000, -1.000000000000000000, -0.000000000000000000 ) ) ;
#1378 = CARTESIAN_POINT ( 'NONE',  ( 2.678104315894192400, 29.98782767902777735, 32.61072243016666761 ) ) ;
#1379 = ORIENTED_EDGE ( 'NONE', *, *, #3312, .F. ) ;
#1380 = ORIENTED_EDGE ( 'NONE', *, *, #1174, .F. ) ;
#1381 = CARTESIAN_POINT ( 'NONE',  ( -29.09279771691765504, 29.99999999999996447, 7.163479273359896204 ) ) ;
#1382 = CARTESIAN_POINT ( 'NONE',  ( -28.53424220848886605, 30.00000000000000000, -6.442166876943946185 ) ) ;
#1383 = EDGE_CURVE ( 'NONE', #3805, #865, #2899, .T. ) ;
#1384 = CARTESIAN_POINT ( 'NONE',  ( -6.258585244769541589, 30.00000000000000000, -28.35132035200716416 ) ) ;
#1385 = CARTESIAN_POINT ( 'NONE',  ( -9.506215275720025559, 29.99999999999997158, -30.22761531808586000 ) ) ;
#1386 = DIRECTION ( 'NONE',  ( -0.000000000000000000, 1.000000000000000000, -0.000000000000000000 ) ) ;
#1387 = CARTESIAN_POINT ( 'NONE',  ( 2.785551700919113305, 30.00000000000000000, -32.38240692997351999 ) ) ;
#1388 = CARTESIAN_POINT ( 'NONE',  ( -6.442166876944400933, 30.00000000000000000, 28.53424220848894777 ) ) ;
#1389 = ORIENTED_EDGE ( 'NONE', *, *, #2283, .T. ) ;
#1390 = CARTESIAN_POINT ( 'NONE',  ( -29.67102485484129204, 0.9999999999999453770, -8.167768883882745357 ) ) ;
#1391 = AXIS2_PLACEMENT_3D ( 'NONE', #125, #436, #1955 ) ;
#1392 = DIRECTION ( 'NONE',  ( -0.8660254037844398178, 0.000000000000000000, -0.4999999999999980571 ) ) ;
#1393 = FACE_OUTER_BOUND ( 'NONE', #1751, .T. ) ;
#1394 = CARTESIAN_POINT ( 'NONE',  ( 2.324135821055055562, 0.000000000000000000, -34.42362760741976757 ) ) ;
#1395 = CARTESIAN_POINT ( 'NONE',  ( -26.86426063313574275, 1.253016810103356971, 4.771525525898318243 ) ) ;
#1396 = ORIENTED_EDGE ( 'NONE', *, *, #2853, .F. ) ;
#1397 = DIRECTION ( 'NONE',  ( 0.8660254037844398178, 0.000000000000000000, 0.4999999999999980571 ) ) ;
#1398 = DIRECTION ( 'NONE',  ( 0.7063983397914572748, 0.000000000000000000, 0.7078145135131609367 ) ) ;
#1399 = ORIENTED_EDGE ( 'NONE', *, *, #2608, .F. ) ;
#1400 = EDGE_LOOP ( 'NONE', ( #611, #563, #3647, #2174 ) ) ;
#1401 = CARTESIAN_POINT ( 'NONE',  ( -28.50641375072796535, 0.9999999999999453770, 6.413678643490467124 ) ) ;
#1402 = CARTESIAN_POINT ( 'NONE',  ( 9.052655923250400249, 29.99999999999996447, -30.06870357553470186 ) ) ;
#1403 = EDGE_CURVE ( 'NONE', #2862, #185, #1740, .T. ) ;
#1404 = EDGE_CURVE ( 'NONE', #3987, #2293, #3986, .T. ) ;
#1405 = CARTESIAN_POINT ( 'NONE',  ( -6.629600024815597514, 0.9999999999999731326, -28.69713255725287837 ) ) ;
#1406 = VECTOR ( 'NONE', #3162, 1000.000000000000000 ) ;
#1407 = DIRECTION ( 'NONE',  ( -7.292380109960424783E-15, 0.000000000000000000, 1.000000000000000000 ) ) ;
#1408 = AXIS2_PLACEMENT_3D ( 'NONE', #2346, #3285, #2687 ) ;
#1409 = FACE_OUTER_BOUND ( 'NONE', #570, .T. ) ;
#1410 = CARTESIAN_POINT ( 'NONE',  ( 28.59574269341561603, 0.9999999999999731326, 6.510890133589041895 ) ) ;
#1411 = PRESENTATION_STYLE_ASSIGNMENT (( #411 ) ) ;
#1412 = ORIENTED_EDGE ( 'NONE', *, *, #382, .F. ) ;
#1413 = EDGE_CURVE ( 'NONE', #1814, #2154, #3267, .T. ) ;
#1414 = CARTESIAN_POINT ( 'NONE',  ( -2.356897017894350910, 29.81731833864540704, -33.27030077990831813 ) ) ;
#1415 = CARTESIAN_POINT ( 'NONE',  ( -2.126961469740404898, 29.06501327633887755, 34.12981369731226522 ) ) ;
#1416 = CARTESIAN_POINT ( 'NONE',  ( 3.425026790108451458, 30.00000000000000000, 1.034884028326199694E-15 ) ) ;
#1417 = DIRECTION ( 'NONE',  ( -0.000000000000000000, -1.000000000000000000, 0.000000000000000000 ) ) ;
#1418 = B_SPLINE_SURFACE_WITH_KNOTS ( 'NONE', 3, 1, ( 
 ( #3057, #3395 ),
 ( #1886, #1543 ),
 ( #931, #3991 ),
 ( #1165, #1253 ),
 ( #869, #1190 ),
 ( #3118, #1582 ),
 ( #1233, #638 ),
 ( #2431, #1867 ) ),
 .UNSPECIFIED., .F., .F., .F.,
 ( 4, 2, 2, 4 ),
 ( 2, 2 ),
 ( 0.000000000000000000, 0.2499999999999992228, 0.4999999999999984457, 1.000000000000000000 ),
 ( 0.000000000000000000, 1.000000000000000000 ),
 .UNSPECIFIED. ) ;
#1419 = CARTESIAN_POINT ( 'NONE',  ( -28.19932210045496035, 2.943339678957469285, 6.106586993217478110 ) ) ;
#1420 = ORIENTED_EDGE ( 'NONE', *, *, #1267, .T. ) ;
#1421 = EDGE_CURVE ( 'NONE', #2120, #2602, #145, .T. ) ;
#1422 = CARTESIAN_POINT ( 'NONE',  ( -6.442166876944400933, 30.00000000000000000, 28.53424220848894777 ) ) ;
#1423 = ORIENTED_EDGE ( 'NONE', *, *, #3037, .T. ) ;
#1424 = ORIENTED_EDGE ( 'NONE', *, *, #3318, .T. ) ;
#1425 = CARTESIAN_POINT ( 'NONE',  ( 1.451818925407960981, 27.99999999999999645, 34.06855685746891993 ) ) ;
#1426 = CARTESIAN_POINT ( 'NONE',  ( 28.94086890595257699, 29.99999999999997158, 6.941653848079779365 ) ) ;
#1427 = CARTESIAN_POINT ( 'NONE',  ( -8.383150214587981708, 0.9999999999999731326, -29.77614652557232233 ) ) ;
#1428 = DIRECTION ( 'NONE',  ( -0.000000000000000000, -1.000000000000000000, -0.000000000000000000 ) ) ;
#1429 = PLANE ( 'NONE',  #1773 ) ;
#1430 = MANIFOLD_SOLID_BREP ( 'Fillet3', #954 ) ;
#1431 =( NAMED_UNIT ( * ) PLANE_ANGLE_UNIT ( ) SI_UNIT ( $, .RADIAN. ) );
#1432 = CARTESIAN_POINT ( 'NONE',  ( 7.242363969696523185, 29.99999999999997158, 29.14441767727983290 ) ) ;
#1433 = CARTESIAN_POINT ( 'NONE',  ( 10.17519104697180410, 29.99999999999996447, 30.37003035081266944 ) ) ;
#1434 = ORIENTED_EDGE ( 'NONE', *, *, #256, .T. ) ;
#1435 = CARTESIAN_POINT ( 'NONE',  ( -2.628066358531158997, 30.00000000000000000, -32.58868314507374464 ) ) ;
#1436 = CARTESIAN_POINT ( 'NONE',  ( 7.321458899161427780, 30.00000000000000000, 29.19569261685241912 ) ) ;
#1437 = DIRECTION ( 'NONE',  ( 0.000000000000000000, -1.000000000000000000, -0.000000000000000000 ) ) ;
#1438 = ADVANCED_FACE ( 'NONE', ( #1409 ), #1784, .T. ) ;
#1439 = DIRECTION ( 'NONE',  ( 0.7071067811865613395, 0.000000000000000000, -0.7071067811865336949 ) ) ;
#1440 = CARTESIAN_POINT ( 'NONE',  ( 5.954848856712624539, 42.04006440356475593, 0.000000000000000000 ) ) ;
#1441 = ORIENTED_EDGE ( 'NONE', *, *, #2433, .T. ) ;
#1442 = B_SPLINE_CURVE_WITH_KNOTS ( 'NONE', 3,
 ( #3711, #3471, #332, #1287, #368, #3077, #349, #655 ),
 .UNSPECIFIED., .F., .F.,
 ( 4, 2, 2, 4 ),
 ( 0.000000000000000000, 0.5000000000000015543, 0.7500000000000007772, 1.000000000000000000 ),
 .UNSPECIFIED. ) ;
#1443 = AXIS2_PLACEMENT_3D ( 'NONE', #118, #3190, #1681 ) ;
#1444 = CARTESIAN_POINT ( 'NONE',  ( 28.87634658020572331, 0.9999999999999731326, -6.855257921795578469 ) ) ;
#1445 = ORIENTED_EDGE ( 'NONE', *, *, #160, .F. ) ;
#1446 = ORIENTED_EDGE ( 'NONE', *, *, #699, .F. ) ;
#1447 = CARTESIAN_POINT ( 'NONE',  ( 1.554897504270378317, 27.99999999999999645, 34.46538071844586426 ) ) ;
#1448 = DIRECTION ( 'NONE',  ( 0.000000000000000000, 0.000000000000000000, 1.000000000000000000 ) ) ;
#1449 = CARTESIAN_POINT ( 'NONE',  ( -30.35833963587382911, 29.99999999999996447, 10.22925332253816677 ) ) ;
#1450 = AXIS2_PLACEMENT_3D ( 'NONE', #2000, #3552, #792 ) ;
#1451 = CARTESIAN_POINT ( 'NONE',  ( -17.60393440239866436, 42.04006440356475593, -17.03970344683395410 ) ) ;
#1452 = CARTESIAN_POINT ( 'NONE',  ( -9.506215275720025559, 0.9999999999999453770, -30.22761531808586000 ) ) ;
#1453 = MANIFOLD_SOLID_BREP ( 'Cut-Extrude5[4]', #246 ) ;
#1454 = DIRECTION ( 'NONE',  ( -0.000000000000000000, 1.000000000000000000, -0.000000000000000000 ) ) ;
#1455 = CARTESIAN_POINT ( 'NONE',  ( 29.09608338892346779, 0.9999999999999731326, 7.168462927865515866 ) ) ;
#1456 = CARTESIAN_POINT ( 'NONE',  ( 17.60393440239878515, 0.000000000000000000, 17.03970344683382976 ) ) ;
#1457 = VERTEX_POINT ( 'NONE', #3038 ) ;
#1458 = CARTESIAN_POINT ( 'NONE',  ( -1.450144787393349732, 28.69222519642686464, -33.78234132329425421 ) ) ;
#1459 = CARTESIAN_POINT ( 'NONE',  ( 5.954848856712186667, 0.000000000000000000, -22.73301069136496011 ) ) ;
#1460 = DIRECTION ( 'NONE',  ( -0.000000000000000000, 1.000000000000000000, -0.000000000000000000 ) ) ;
#1461 = CARTESIAN_POINT ( 'NONE',  ( 30.38384788904108191, 30.00000000000000000, -9.964786583326983305 ) ) ;
#1462 = ORIENTED_EDGE ( 'NONE', *, *, #1855, .F. ) ;
#1463 = CARTESIAN_POINT ( 'NONE',  ( -6.484523281113489190, 0.9999999999999453770, -28.57124262114458091 ) ) ;
#1464 = ORIENTED_EDGE ( 'NONE', *, *, #1519, .F. ) ;
#1465 = ORIENTED_EDGE ( 'NONE', *, *, #2294, .F. ) ;
#1466 = CARTESIAN_POINT ( 'NONE',  ( 25.81737115798306803, 1.000000000000000888, -3.724636050745690596 ) ) ;
#1467 = LINE ( 'NONE', #3562, #917 ) ;
#1468 = ORIENTED_EDGE ( 'NONE', *, *, #1421, .F. ) ;
#1469 = LINE ( 'NONE', #2429, #2385 ) ;
#1470 = FACE_OUTER_BOUND ( 'NONE', #148, .T. ) ;
#1471 = CARTESIAN_POINT ( 'NONE',  ( -7.321458899161518374, 29.99999999999996447, -29.19569261685230543 ) ) ;
#1472 = EDGE_CURVE ( 'NONE', #748, #999, #1497, .T. ) ;
#1473 = EDGE_CURVE ( 'NONE', #3800, #1787, #2733, .T. ) ;
#1474 = CARTESIAN_POINT ( 'NONE',  ( -9.510733381963815347, 29.99999999999997158, 30.22962318698077411 ) ) ;
#1475 = ADVANCED_FACE ( 'NONE', ( #1213 ), #3058, .T. ) ;
#1476 = B_SPLINE_CURVE_WITH_KNOTS ( 'NONE', 3,
 ( #2982, #3597, #2070, #3575, #1686, #3255, #1067, #2677 ),
 .UNSPECIFIED., .F., .F.,
 ( 4, 2, 2, 4 ),
 ( 0.000000000000000000, 0.5000000000000015543, 0.7500000000000007772, 1.000000000000000000 ),
 .UNSPECIFIED. ) ;
#1477 = CARTESIAN_POINT ( 'NONE',  ( 6.703064567618765679, 29.99999999999997158, 28.75901578155335514 ) ) ;
#1478 = FACE_OUTER_BOUND ( 'NONE', #3228, .T. ) ;
#1479 = AXIS2_PLACEMENT_3D ( 'NONE', #929, #1230, #3989 ) ;
#1480 = ORIENTED_EDGE ( 'NONE', *, *, #3988, .F. ) ;
#1481 = CARTESIAN_POINT ( 'NONE',  ( -1.538959463752783474, 28.94165392754909405, -33.71060467976034403 ) ) ;
#1482 = FACE_OUTER_BOUND ( 'NONE', #163, .T. ) ;
#1483 = CARTESIAN_POINT ( 'NONE',  ( 2.977424428356153729, 42.04006440356475593, 5.157050385609440291 ) ) ;
#1484 = CARTESIAN_POINT ( 'NONE',  ( -7.092616447671015401, 0.9999999999999314992, 29.04474560440995745 ) ) ;
#1485 = ORIENTED_EDGE ( 'NONE', *, *, #3253, .T. ) ;
#1486 = CARTESIAN_POINT ( 'NONE',  ( 28.81881438418740160, 0.9999999999999731326, -6.778338360431559018 ) ) ;
#1487 = ORIENTED_EDGE ( 'NONE', *, *, #1550, .T. ) ;
#1488 = ORIENTED_EDGE ( 'NONE', *, *, #3288, .F. ) ;
#1489 = CARTESIAN_POINT ( 'NONE',  ( 1.465237964728244968, 28.28717102112125303, 34.05770336899477968 ) ) ;
#1490 = CARTESIAN_POINT ( 'NONE',  ( 5.954848856712186667, 0.000000000000000000, 0.000000000000000000 ) ) ;
#1491 = ORIENTED_EDGE ( 'NONE', *, *, #3922, .F. ) ;
#1492 = CIRCLE ( 'NONE', #1089, 1.903053269104724610 ) ;
#1493 = CYLINDRICAL_SURFACE ( 'NONE', #1221, 23.50000000000000000 ) ;
#1494 = EDGE_CURVE ( 'NONE', #841, #491, #2945, .T. ) ;
#1495 = LINE ( 'NONE', #2100, #1329 ) ;
#1496 = CARTESIAN_POINT ( 'NONE',  ( -3.425026790108451458, -84.94344718381945825, -1.034884028326199694E-15 ) ) ;
#1497 = LINE ( 'NONE', #2348, #3262 ) ;
#1498 = AXIS2_PLACEMENT_3D ( 'NONE', #2697, #3910, #1151 ) ;
#1499 = B_SPLINE_CURVE_WITH_KNOTS ( 'NONE', 3,
 ( #72, #3691, #3766, #1002, #1601, #2827, #53, #3454 ),
 .UNSPECIFIED., .F., .F.,
 ( 4, 2, 2, 4 ),
 ( 0.000000000000000000, 0.2499999999999995559, 0.4999999999999991118, 1.000000000000000000 ),
 .UNSPECIFIED. ) ;
#1500 =( LENGTH_UNIT ( ) NAMED_UNIT ( * ) SI_UNIT ( .MILLI., .METRE. ) );
#1501 = DIRECTION ( 'NONE',  ( -0.000000000000000000, -1.000000000000000000, -0.000000000000000000 ) ) ;
#1502 = ORIENTED_EDGE ( 'NONE', *, *, #2611, .T. ) ;
#1503 = CARTESIAN_POINT ( 'NONE',  ( -1.757769840215379409, 28.82231382761056793, -34.29694034442853479 ) ) ;
#1504 = CARTESIAN_POINT ( 'NONE',  ( 30.37822770259429106, 29.99999999999996447, -10.12076937904034146 ) ) ;
#1505 = CARTESIAN_POINT ( 'NONE',  ( 2.977424428356264308, 1.000000000000000888, -5.157050385609881715 ) ) ;
#1506 = CARTESIAN_POINT ( 'NONE',  ( 27.76660832781216470, 2.055780034965347891, 5.672994058718167310 ) ) ;
#1507 = EDGE_LOOP ( 'NONE', ( #1148, #3916, #882, #3426 ) ) ;
#1508 = CARTESIAN_POINT ( 'NONE',  ( 6.162529589894870874, 3.145069744481858720, 28.25526469713272348 ) ) ;
#1509 = CARTESIAN_POINT ( 'NONE',  ( 29.19569261685225925, 0.9999999999999731326, -7.321458899161594758 ) ) ;
#1510 = EDGE_LOOP ( 'NONE', ( #2841, #1485, #800, #3783, #2599 ) ) ;
#1511 = ORIENTED_EDGE ( 'NONE', *, *, #3565, .T. ) ;
#1512 = CARTESIAN_POINT ( 'NONE',  ( 2.375989270899601991, 29.63886136814525685, 33.58909070170776090 ) ) ;
#1513 = CARTESIAN_POINT ( 'NONE',  ( -7.739250038559290168, 0.9999999999999731326, 29.44337163892200948 ) ) ;
#1514 = ORIENTED_EDGE ( 'NONE', *, *, #2608, .T. ) ;
#1515 = PLANE ( 'NONE',  #1742 ) ;
#1516 = DIRECTION ( 'NONE',  ( -0.000000000000000000, 1.000000000000000000, -0.000000000000000000 ) ) ;
#1517 = VECTOR ( 'NONE', #2662, 1000.000000000000000 ) ;
#1518 = CARTESIAN_POINT ( 'NONE',  ( -30.22765753340497596, 29.99999999999997158, 9.506339185439978579 ) ) ;
#1519 = EDGE_CURVE ( 'NONE', #1552, #865, #498, .T. ) ;
#1520 = CARTESIAN_POINT ( 'NONE',  ( 0.000000000000000000, 1.000000000000000000, 0.000000000000000000 ) ) ;
#1521 = CARTESIAN_POINT ( 'NONE',  ( -2.821938808049768710, 30.00000000000000000, 32.37525451824843969 ) ) ;
#1522 = AXIS2_PLACEMENT_3D ( 'NONE', #361, #1896, #47 ) ;
#1523 = CIRCLE ( 'NONE', #1317, 1.903053269110541290 ) ;
#1524 = CARTESIAN_POINT ( 'NONE',  ( 10.09343860348525368, 0.9999999999999314992, 30.38092739730156921 ) ) ;
#1525 = VERTEX_POINT ( 'NONE', #1827 ) ;
#1526 = DIRECTION ( 'NONE',  ( -0.000000000000000000, -1.000000000000000000, 0.000000000000000000 ) ) ;
#1527 = CARTESIAN_POINT ( 'NONE',  ( 1.450144787393278456, 28.69222519642691793, -33.78234132329405526 ) ) ;
#1528 = CARTESIAN_POINT ( 'NONE',  ( 3.720532621964872888, 1.000000000000000000, -25.81805331643793266 ) ) ;
#1529 = ORIENTED_EDGE ( 'NONE', *, *, #2905, .T. ) ;
#1530 = SURFACE_SIDE_STYLE ('',( #3383 ) ) ;
#1531 = EDGE_CURVE ( 'NONE', #687, #865, #1129, .T. ) ;
#1532 = B_SPLINE_CURVE_WITH_KNOTS ( 'NONE', 3,
 ( #770, #1700, #1662, #429, #1024, #2504, #3493, #2932, #1647, #99, #1999, #1880, #2911 ),
 .UNSPECIFIED., .F., .F.,
 ( 4, 3, 3, 3, 4 ),
 ( 0.000000000000000000, 0.2523911713683103519, 0.5048840207185545381, 0.7522849438215055695, 1.000000000000000000 ),
 .UNSPECIFIED. ) ;
#1533 = CYLINDRICAL_SURFACE ( 'NONE', #1522, 23.50000000000000000 ) ;
#1534 = PLANE ( 'NONE',  #2185 ) ;
#1535 = CYLINDRICAL_SURFACE ( 'NONE', #3314, 25.70000000000000639 ) ;
#1536 = DIRECTION ( 'NONE',  ( 0.7071067811865632269, 0.000000000000000000, -0.7071067811865316965 ) ) ;
#1537 = VECTOR ( 'NONE', #290, 1000.000000000000114 ) ;
#1538 = EDGE_LOOP ( 'NONE', ( #2381, #2007, #1578, #3007 ) ) ;
#1539 = AXIS2_PLACEMENT_3D ( 'NONE', #982, #2261, #89 ) ;
#1540 = ORIENTED_EDGE ( 'NONE', *, *, #2944, .T. ) ;
#1541 = CARTESIAN_POINT ( 'NONE',  ( 7.168462927865451917, 29.99999999999997158, -29.09608338892345358 ) ) ;
#1542 = FACE_OUTER_BOUND ( 'NONE', #3131, .T. ) ;
#1543 = CARTESIAN_POINT ( 'NONE',  ( -29.32104738518525266, 29.99999999999996447, 7.528651716482368528 ) ) ;
#1544 = ADVANCED_FACE ( 'NONE', ( #333 ), #3351, .F. ) ;
#1545 = CARTESIAN_POINT ( 'NONE',  ( -2.467861316369754920, 29.77200507376018734, 33.36743812895502259 ) ) ;
#1546 = CIRCLE ( 'NONE', #1498, 25.70000000000000639 ) ;
#1547 = LINE ( 'NONE', #1255, #2128 ) ;
#1548 = STYLED_ITEM ( 'NONE', ( #3164 ), #131 ) ;
#1549 = CARTESIAN_POINT ( 'NONE',  ( 0.0001111640846335887334, -84.94344718381945825, 0.0001111364300032668950 ) ) ;
#1550 = EDGE_CURVE ( 'NONE', #1636, #3834, #2732, .T. ) ;
#1551 = CARTESIAN_POINT ( 'NONE',  ( -29.14441767727970145, 0.9999999999999731326, 7.242363969696731019 ) ) ;
#1552 = VERTEX_POINT ( 'NONE', #3944 ) ;
#1553 = LINE ( 'NONE', #1296, #203 ) ;
#1554 = DIRECTION ( 'NONE',  ( 0.000000000000000000, 1.000000000000000000, -0.000000000000000000 ) ) ;
#1555 = CARTESIAN_POINT ( 'NONE',  ( -7.085501934474998542, 0.9999999999999453770, -29.03983865805449227 ) ) ;
#1556 = VERTEX_POINT ( 'NONE', #2167 ) ;
#1557 = CARTESIAN_POINT ( 'NONE',  ( 2.681371557804103745, 30.00000000000000000, 32.61035380058392263 ) ) ;
#1558 = CARTESIAN_POINT ( 'NONE',  ( -9.052655923250700454, 0.9999999999999731326, 30.06870357553470186 ) ) ;
#1559 = VERTEX_POINT ( 'NONE', #1846 ) ;
#1560 = ORIENTED_EDGE ( 'NONE', *, *, #3339, .F. ) ;
#1561 = CARTESIAN_POINT ( 'NONE',  ( 28.75901578155352212, 1.000000000000014655, -6.703064567619356318 ) ) ;
#1562 = CARTESIAN_POINT ( 'NONE',  ( -22.66478919158152650, 1.000000000000000888, -6.209454960072515739 ) ) ;
#1563 = CYLINDRICAL_SURFACE ( 'NONE', #2026, 1.903053269110541290 ) ;
#1564 = CARTESIAN_POINT ( 'NONE',  ( -1.451818923624089264, 28.14545051592795843, 34.06855685060151018 ) ) ;
#1565 = CARTESIAN_POINT ( 'NONE',  ( 1.299330115102765593E-14, 4.000000000000003553, -3.425026790108451458 ) ) ;
#1566 = B_SPLINE_SURFACE_WITH_KNOTS ( 'NONE', 3, 1, ( 
 ( #2285, #3508 ),
 ( #2574, #3525 ),
 ( #3175, #1929 ),
 ( #1977, #2854 ),
 ( #768, #159 ),
 ( #3205, #115 ),
 ( #445, #2591 ),
 ( #3160, #2909 ) ),
 .UNSPECIFIED., .F., .F., .F.,
 ( 4, 2, 2, 4 ),
 ( 2, 2 ),
 ( 0.000000000000000000, 0.4999999999999995559, 0.7500000000000002220, 1.000000000000000000 ),
 ( 0.000000000000000000, 1.000000000000000000 ),
 .UNSPECIFIED. ) ;
#1567 = CIRCLE ( 'NONE', #202, 1.903053269110541290 ) ;
#1568 = DIRECTION ( 'NONE',  ( 0.000000000000000000, 0.000000000000000000, 1.000000000000000000 ) ) ;
#1569 = VECTOR ( 'NONE', #3836, 1000.000000000000000 ) ;
#1570 = CARTESIAN_POINT ( 'NONE',  ( -28.50641375072796535, 1.000000000000000888, 6.413678643490467124 ) ) ;
#1571 = DIRECTION ( 'NONE',  ( -0.000000000000000000, -1.000000000000000000, 0.000000000000000000 ) ) ;
#1572 = ADVANCED_FACE ( 'NONE', ( #3078 ), #1418, .F. ) ;
#1573 = CARTESIAN_POINT ( 'NONE',  ( 30.36464536457331320, -84.94344718381945825, 10.21095861067626132 ) ) ;
#1574 = EDGE_CURVE ( 'NONE', #3389, #3411, #420, .T. ) ;
#1575 = ORIENTED_EDGE ( 'NONE', *, *, #3143, .F. ) ;
#1576 = CARTESIAN_POINT ( 'NONE',  ( 29.19569261685225925, 1.000000000000014655, -7.321458899161594758 ) ) ;
#1577 = CARTESIAN_POINT ( 'NONE',  ( -2.977424428356372665, 0.000000000000000000, -5.157050385609818655 ) ) ;
#1578 = ORIENTED_EDGE ( 'NONE', *, *, #2008, .T. ) ;
#1579 = ORIENTED_EDGE ( 'NONE', *, *, #2315, .T. ) ;
#1580 = CARTESIAN_POINT ( 'NONE',  ( 16.70994033486936203, 0.000000000000000000, 16.52355573129180044 ) ) ;
#1581 = LINE ( 'NONE', #3136, #1371 ) ;
#1582 = CARTESIAN_POINT ( 'NONE',  ( -30.06724980405526537, 29.99999999999996447, 9.048974470993188746 ) ) ;
#1583 = LINE ( 'NONE', #2829, #3048 ) ;
#1584 = CIRCLE ( 'NONE', #3816, 1.499999999999904077 ) ;
#1585 = CARTESIAN_POINT ( 'NONE',  ( -7.321458899161518374, 0.9999999999999731326, -29.19569261685230543 ) ) ;
#1586 = B_SPLINE_CURVE_WITH_KNOTS ( 'NONE', 3,
 ( #529, #1077, #200, #3242, #3860, #1783, #1385, #1994 ),
 .UNSPECIFIED., .F., .F.,
 ( 4, 2, 2, 4 ),
 ( 0.000000000000000000, 0.2500000000000000000, 0.5000000000000000000, 1.000000000000000000 ),
 .UNSPECIFIED. ) ;
#1587 = ADVANCED_FACE ( 'NONE', ( #2755 ), #1563, .F. ) ;
#1588 = CYLINDRICAL_SURFACE ( 'NONE', #397, 32.03546292528194783 ) ;
#1589 = PRODUCT_DEFINITION_CONTEXT ( 'detailed design', #172, 'design' ) ;
#1590 = CARTESIAN_POINT ( 'NONE',  ( -1.964225604963704130, 28.13958732068118707, 34.44203813838840489 ) ) ;
#1591 = ADVANCED_FACE ( 'NONE', ( #1270 ), #1004, .F. ) ;
#1592 = CARTESIAN_POINT ( 'NONE',  ( -16.70994033486924124, 42.04006440356475593, -16.52355573129191768 ) ) ;
#1593 = FILL_AREA_STYLE_COLOUR ( '', #270 ) ;
#1594 = DIRECTION ( 'NONE',  ( -0.8660254037844397068, 0.000000000000000000, -0.4999999999999979461 ) ) ;
#1595 = DIRECTION ( 'NONE',  ( -0.000000000000000000, -1.000000000000000000, 0.000000000000000000 ) ) ;
#1596 = DIRECTION ( 'NONE',  ( -0.000000000000000000, 1.000000000000000000, -0.000000000000000000 ) ) ;
#1597 = EDGE_LOOP ( 'NONE', ( #1108, #117, #3238, #1412 ) ) ;
#1598 = EDGE_CURVE ( 'NONE', #3938, #1556, #1919, .T. ) ;
#1599 = VERTEX_POINT ( 'NONE', #1958 ) ;
#1600 = CYLINDRICAL_SURFACE ( 'NONE', #1539, 1.500000000000022204 ) ;
#1601 = CARTESIAN_POINT ( 'NONE',  ( 8.386314982653010119, 0.9999999999999731326, -29.77603499932949660 ) ) ;
#1602 = LINE ( 'NONE', #3750, #482 ) ;
#1603 = ADVANCED_FACE ( 'NONE', ( #1943 ), #34, .F. ) ;
#1604 = CARTESIAN_POINT ( 'NONE',  ( -28.35126156015495624, 3.999999999999976019, -6.258819392547218641 ) ) ;
#1605 = DIRECTION ( 'NONE',  ( 0.000000000000000000, 0.000000000000000000, 1.000000000000000000 ) ) ;
#1606 = CARTESIAN_POINT ( 'NONE',  ( 6.778338360431019005, 0.9999999999999176215, 28.81881438418728791 ) ) ;
#1607 = ADVANCED_FACE ( 'NONE', ( #743 ), #3762, .T. ) ;
#1608 = B_SPLINE_CURVE_WITH_KNOTS ( 'NONE', 3,
 ( #2742, #3045, #21, #3934, #2797, #3380, #3678, #1793, #1852, #2481, #2111, #644, #2763 ),
 .UNSPECIFIED., .F., .F.,
 ( 4, 3, 3, 3, 4 ),
 ( 0.000000000000000000, 0.0002827522416400976265, 0.0005651459187558712655, 0.0008533517317300929900, 0.001141441485237627840 ),
 .UNSPECIFIED. ) ;
#1609 = CARTESIAN_POINT ( 'NONE',  ( 2.324135831895738580, 28.14346556695012325, -34.42362760668780908 ) ) ;
#1610 = CARTESIAN_POINT ( 'NONE',  ( 7.321981095747801760, -84.94344718381945825, -29.19602735579725561 ) ) ;
#1611 = CARTESIAN_POINT ( 'NONE',  ( -29.14625379919607440, 0.9999999999999731326, -7.245099044916856634 ) ) ;
#1612 = CARTESIAN_POINT ( 'NONE',  ( -29.14625379919607440, 29.99999999999997158, -7.245099044916856634 ) ) ;
#1613 = AXIS2_PLACEMENT_3D ( 'NONE', #894, #2690, #807 ) ;
#1614 = CARTESIAN_POINT ( 'NONE',  ( 0.0001111640846335887334, 30.00000000000000000, 0.0001111364300032668950 ) ) ;
#1615 = CIRCLE ( 'NONE', #2833, 24.50000000000000000 ) ;
#1616 = DIRECTION ( 'NONE',  ( 0.8660254037844328234, 0.000000000000000000, -0.5000000000000101030 ) ) ;
#1617 = CARTESIAN_POINT ( 'NONE',  ( 29.32085608747951255, 29.99999999999996447, 7.529954783968817011 ) ) ;
#1618 = EDGE_LOOP ( 'NONE', ( #2802, #667, #3689, #3725 ) ) ;
#1619 = VERTEX_POINT ( 'NONE', #1657 ) ;
#1620 = DIRECTION ( 'NONE',  ( -0.000000000000000000, 1.000000000000000000, -0.000000000000000000 ) ) ;
#1621 = CARTESIAN_POINT ( 'NONE',  ( -27.28053142128876019, 1.529570751267767426, -5.185942674618920556 ) ) ;
#1622 = VERTEX_POINT ( 'NONE', #2248 ) ;
#1623 = CARTESIAN_POINT ( 'NONE',  ( 1.562117586003466396, 29.01943873970256860, -33.69230703868134214 ) ) ;
#1624 = CARTESIAN_POINT ( 'NONE',  ( 6.941653848079785583, 29.99999999999996447, -28.94086890595252370 ) ) ;
#1625 = CARTESIAN_POINT ( 'NONE',  ( -4.771525525898205444, 1.253016810103356304, -26.86426063313576051 ) ) ;
#1626 = ADVANCED_FACE ( 'NONE', ( #2548 ), #1309, .T. ) ;
#1627 = B_SPLINE_CURVE_WITH_KNOTS ( 'NONE', 3,
 ( #1635, #417, #3130, #1282, #998, #1303, #2292, #2223, #1651, #3760, #2240 ),
 .UNSPECIFIED., .F., .F.,
 ( 4, 2, 3, 2, 4 ),
 ( 0.000000000000000000, 8.297621172963503145E-05, 0.0001652619793251091957, 0.0002159361728592983142, 0.0002665837363817683122 ),
 .UNSPECIFIED. ) ;
#1628 = CARTESIAN_POINT ( 'NONE',  ( 2.628066358524794754, 30.00000000000000000, -32.58868314506825925 ) ) ;
#1629 = VECTOR ( 'NONE', #974, 1000.000000000000000 ) ;
#1630 = LINE ( 'NONE', #2855, #1076 ) ;
#1631 = CARTESIAN_POINT ( 'NONE',  ( -28.65632581467998108, 0.9999999999999731326, -6.580466847577087997 ) ) ;
#1632 = PLANE ( 'NONE',  #1337 ) ;
#1633 = LINE ( 'NONE', #2291, #3592 ) ;
#1634 = DIRECTION ( 'NONE',  ( 0.000000000000000000, 0.000000000000000000, 1.000000000000000000 ) ) ;
#1635 = CARTESIAN_POINT ( 'NONE',  ( -30.35833963587382911, 0.9999999999999731326, 10.22925332253816677 ) ) ;
#1636 = VERTEX_POINT ( 'NONE', #1906 ) ;
#1637 = ORIENTED_EDGE ( 'NONE', *, *, #1038, .F. ) ;
#1638 = DIRECTION ( 'NONE',  ( 0.000000000000000000, -1.000000000000000000, 0.000000000000000000 ) ) ;
#1639 = CARTESIAN_POINT ( 'NONE',  ( 29.77617444378278933, 29.99999999999996447, -8.383209545494903381 ) ) ;
#1640 = ORIENTED_EDGE ( 'NONE', *, *, #2730, .F. ) ;
#1641 = CARTESIAN_POINT ( 'NONE',  ( 1.354061739223346494, 27.99999999999999645, -33.85615338233036198 ) ) ;
#1642 = CARTESIAN_POINT ( 'NONE',  ( 0.000000000000000000, 42.04006440356475593, 0.000000000000000000 ) ) ;
#1643 = B_SPLINE_CURVE_WITH_KNOTS ( 'NONE', 3,
 ( #82, #3165, #2878, #2858, #2004, #2616, #432, #1650, #2896, #2597, #3193, #3514 ),
 .UNSPECIFIED., .F., .F.,
 ( 4, 3, 2, 3, 4 ),
 ( 0.000000000000000000, 0.0002766944941744316992, 0.0005527902134707556644, 0.0008276348727103339555, 0.001102397151945340176 ),
 .UNSPECIFIED. ) ;
#1644 = CARTESIAN_POINT ( 'NONE',  ( 6.239335799935903815, 3.567558526929548890, -28.33181694972224562 ) ) ;
#1645 = DIRECTION ( 'NONE',  ( 0.000000000000000000, 1.000000000000000000, -0.000000000000000000 ) ) ;
#1646 = AXIS2_PLACEMENT_3D ( 'NONE', #503, #3283, #2644 ) ;
#1647 = CARTESIAN_POINT ( 'NONE',  ( 28.98695388522022753, 29.99999999999995737, -7.007633974929322385 ) ) ;
#1648 = CARTESIAN_POINT ( 'NONE',  ( 0.000000000000000000, 30.00000000000000000, 0.000000000000000000 ) ) ;
#1649 = VECTOR ( 'NONE', #3334, 1000.000000000000000 ) ;
#1650 = CARTESIAN_POINT ( 'NONE',  ( -7.016757265370533680, 0.9999999999999731326, 28.99339922229300726 ) ) ;
#1651 = CARTESIAN_POINT ( 'NONE',  ( -30.38374542505944476, 0.9999999999999731326, 9.998551471870948504 ) ) ;
#1652 = VERTEX_POINT ( 'NONE', #369 ) ;
#1653 = EDGE_CURVE ( 'NONE', #3299, #2422, #1602, .T. ) ;
#1654 = DIRECTION ( 'NONE',  ( -0.000000000000000000, 1.000000000000000000, -0.000000000000000000 ) ) ;
#1655 = CARTESIAN_POINT ( 'NONE',  ( 1.510661008687592899, 28.54038013394585960, 34.01948181964684181 ) ) ;
#1656 = ORIENTED_EDGE ( 'NONE', *, *, #391, .T. ) ;
#1657 = CARTESIAN_POINT ( 'NONE',  ( -5.954848856712624539, 0.000000000000000000, -23.76530612244892637 ) ) ;
#1658 = CARTESIAN_POINT ( 'NONE',  ( -30.38234234103218157, 0.9999999999999453770, 10.06607696785818717 ) ) ;
#1659 = CARTESIAN_POINT ( 'NONE',  ( 2.683167626445212228, 29.99994900059146730, -32.61322202382775259 ) ) ;
#1660 = EDGE_CURVE ( 'NONE', #2973, #399, #1343, .T. ) ;
#1661 = ORIENTED_EDGE ( 'NONE', *, *, #3577, .T. ) ;
#1662 = CARTESIAN_POINT ( 'NONE',  ( 28.63526552384579205, 29.99999999999995737, -6.556154702998172823 ) ) ;
#1663 = CARTESIAN_POINT ( 'NONE',  ( -9.964637902584092544, 29.99999999999996447, -30.38379723437888558 ) ) ;
#1664 = CARTESIAN_POINT ( 'NONE',  ( -6.239335799936101878, 3.567558526929548002, 28.33181694972218878 ) ) ;
#1665 = VECTOR ( 'NONE', #1460, 1000.000000000000000 ) ;
#1666 = EDGE_CURVE ( 'NONE', #1652, #3935, #1189, .T. ) ;
#1667 = CARTESIAN_POINT ( 'NONE',  ( 23.55878325911073290, 0.000000000000000000, -6.725602675615317771 ) ) ;
#1668 = CARTESIAN_POINT ( 'NONE',  ( 1.935758567210607239, 30.00000000000000000, 33.94284916839650634 ) ) ;
#1669 = ORIENTED_EDGE ( 'NONE', *, *, #3397, .T. ) ;
#1670 = VECTOR ( 'NONE', #2836, 1000.000000000000000 ) ;
#1671 = LINE ( 'NONE', #2584, #1063 ) ;
#1672 = AXIS2_PLACEMENT_3D ( 'NONE', #1168, #3590, #268 ) ;
#1673 = CARTESIAN_POINT ( 'NONE',  ( 2.821938808049774483, 30.00000000000000000, 32.37525451824844680 ) ) ;
#1674 = ORIENTED_EDGE ( 'NONE', *, *, #215, .T. ) ;
#1675 = ORIENTED_EDGE ( 'NONE', *, *, #2543, .T. ) ;
#1676 = CARTESIAN_POINT ( 'NONE',  ( 2.118793292613232460, 29.03915875616965181, 34.14627264173173415 ) ) ;
#1677 = LINE ( 'NONE', #3839, #3031 ) ;
#1678 = CARTESIAN_POINT ( 'NONE',  ( 2.412691804620703095, 29.86089537383319126, -33.16344145493800966 ) ) ;
#1679 =( NAMED_UNIT ( * ) PLANE_ANGLE_UNIT ( ) SI_UNIT ( $, .RADIAN. ) );
#1680 = ORIENTED_EDGE ( 'NONE', *, *, #3922, .T. ) ;
#1681 = DIRECTION ( 'NONE',  ( 0.000000000000000000, 0.000000000000000000, 1.000000000000000000 ) ) ;
#1682 = FACE_OUTER_BOUND ( 'NONE', #249, .T. ) ;
#1683 = CARTESIAN_POINT ( 'NONE',  ( 30.37003035081246693, 0.9999999999999731326, -10.17519104697275623 ) ) ;
#1684 = DIRECTION ( 'NONE',  ( 0.000000000000000000, 0.000000000000000000, 1.000000000000000000 ) ) ;
#1685 = EDGE_CURVE ( 'NONE', #1599, #3987, #3184, .T. ) ;
#1686 = CARTESIAN_POINT ( 'NONE',  ( 8.164928310215415763, 0.9999999999999731326, 29.67154670419903084 ) ) ;
#1687 = ORIENTED_EDGE ( 'NONE', *, *, #1239, .T. ) ;
#1688 = B_SPLINE_CURVE_WITH_KNOTS ( 'NONE', 3,
 ( #3404, #278, #2744, #1201, #2136, #3362, #3980, #1223, #2465, #1856, #3087 ),
 .UNSPECIFIED., .F., .F.,
 ( 4, 2, 3, 2, 4 ),
 ( 0.000000000000000000, 0.1899874471348012850, 0.3800747878797246515, 0.6887424084627099541, 1.000000000000000000 ),
 .UNSPECIFIED. ) ;
#1689 = CARTESIAN_POINT ( 'NONE',  ( -30.38379362306360676, 29.99999999999997158, 9.981669017286687762 ) ) ;
#1690 = CARTESIAN_POINT ( 'NONE',  ( 28.05322099075172915, 2.557833747714455264, -5.960485883514251348 ) ) ;
#1691 = ORIENTED_EDGE ( 'NONE', *, *, #3206, .F. ) ;
#1692 = VERTEX_POINT ( 'NONE', #1020 ) ;
#1693 = CARTESIAN_POINT ( 'NONE',  ( 9.964786583326713298, 0.9999999999999176215, 30.38384788904119915 ) ) ;
#1694 = DIRECTION ( 'NONE',  ( 0.000000000000000000, 0.000000000000000000, 1.000000000000000000 ) ) ;
#1695 = CARTESIAN_POINT ( 'NONE',  ( -9.048877111365571935, 29.99999999999996447, -30.06721119398710584 ) ) ;
#1696 = DIRECTION ( 'NONE',  ( -0.000000000000000000, -1.000000000000000000, 0.000000000000000000 ) ) ;
#1697 = CARTESIAN_POINT ( 'NONE',  ( -17.60393440239866436, 0.000000000000000000, -17.03970344683395410 ) ) ;
#1698 = CARTESIAN_POINT ( 'NONE',  ( -7.092616447671015401, 29.99999999999997158, 29.04474560440995745 ) ) ;
#1699 = ORIENTED_EDGE ( 'NONE', *, *, #3060, .F. ) ;
#1700 = CARTESIAN_POINT ( 'NONE',  ( 28.57124262114491842, 29.99999999999995737, -6.484523281113973248 ) ) ;
#1701 = FACE_OUTER_BOUND ( 'NONE', #3579, .T. ) ;
#1702 = EDGE_CURVE ( 'NONE', #3833, #3627, #424, .T. ) ;
#1703 = CARTESIAN_POINT ( 'NONE',  ( -28.77399219517007722, 29.99999999999997158, -6.722234770207779597 ) ) ;
#1704 = AXIS2_PLACEMENT_3D ( 'NONE', #1269, #3154, #983 ) ;
#1705 = EDGE_CURVE ( 'NONE', #1071, #2602, #2035, .T. ) ;
#1706 = EDGE_CURVE ( 'NONE', #478, #2951, #2324, .T. ) ;
#1707 = CARTESIAN_POINT ( 'NONE',  ( 2.580245317673207861, 29.74219469850928732, -33.39311391689575004 ) ) ;
#1708 = B_SPLINE_CURVE_WITH_KNOTS ( 'NONE', 3,
 ( #263, #3921, #219, #1427, #2709, #845, #506, #2386 ),
 .UNSPECIFIED., .F., .F.,
 ( 4, 2, 2, 4 ),
 ( 0.000000000000000000, 0.5000000000000000000, 0.7500000000000000000, 1.000000000000000000 ),
 .UNSPECIFIED. ) ;
#1709 = CARTESIAN_POINT ( 'NONE',  ( 29.67102485484128849, 0.9999999999999731326, 8.167768883882731146 ) ) ;
#1710 = ORIENTED_EDGE ( 'NONE', *, *, #1278, .T. ) ;
#1711 = VECTOR ( 'NONE', #3915, 1000.000000000000000 ) ;
#1712 = CARTESIAN_POINT ( 'NONE',  ( -30.35833963587382911, 30.00000000000000000, 10.22925332253816677 ) ) ;
#1713 = LINE ( 'NONE', #2939, #484 ) ;
#1714 = ORIENTED_EDGE ( 'NONE', *, *, #443, .F. ) ;
#1715 = EDGE_LOOP ( 'NONE', ( #671, #3, #3367 ) ) ;
#1716 = CARTESIAN_POINT ( 'NONE',  ( -28.57124262114491842, 0.9999999999999453770, 6.484523281113974136 ) ) ;
#1717 = ADVANCED_FACE ( 'NONE', ( #3260 ), #2972, .F. ) ;
#1718 = CARTESIAN_POINT ( 'NONE',  ( -2.977424428356372665, 1.000000000000000888, -5.157050385609818655 ) ) ;
#1719 = B_SPLINE_SURFACE_WITH_KNOTS ( 'NONE', 3, 1, ( 
 ( #1369, #1663 ),
 ( #2595, #100 ),
 ( #1025, #733 ),
 ( #2270, #3494 ),
 ( #119, #2933 ),
 ( #3177, #1966 ),
 ( #2614, #430 ),
 ( #1729, #493 ),
 ( #3825, #3251 ),
 ( #2557, #2912 ),
 ( #1009, #2893 ) ),
 .UNSPECIFIED., .F., .F., .F.,
 ( 4, 2, 3, 2, 4 ),
 ( 2, 2 ),
 ( 0.000000000000000000, 5.065641135392707421E-05, 0.0001013395135601515582, 0.0001836314315669854537, 0.0002666131510914521380 ),
 ( 0.000000000000000000, 1.000000000000000000 ),
 .UNSPECIFIED. ) ;
#1720 = DIRECTION ( 'NONE',  ( 0.000000000000000000, 0.000000000000000000, 1.000000000000000000 ) ) ;
#1721 = CARTESIAN_POINT ( 'NONE',  ( -5.954848856712624539, 42.04006440356475593, 0.000000000000000000 ) ) ;
#1722 = CARTESIAN_POINT ( 'NONE',  ( -6.941653848080234113, 29.99999999999996447, 28.94086890595260897 ) ) ;
#1723 = CARTESIAN_POINT ( 'NONE',  ( 6.629600024815351489, 29.99999999999997158, 28.69713255725288192 ) ) ;
#1724 = PLANE ( 'NONE',  #2884 ) ;
#1725 = ORIENTED_EDGE ( 'NONE', *, *, #126, .F. ) ;
#1726 =( GEOMETRIC_REPRESENTATION_CONTEXT ( 3 ) GLOBAL_UNCERTAINTY_ASSIGNED_CONTEXT ( ( #3613 ) ) GLOBAL_UNIT_ASSIGNED_CONTEXT ( ( #1166, #1431, #1121 ) ) REPRESENTATION_CONTEXT ( 'NONE', 'WORKASPACE' ) );
#1727 = CARTESIAN_POINT ( 'NONE',  ( -2.785551700919112861, 30.00000000000000000, -32.38240692997351999 ) ) ;
#1728 = AXIS2_PLACEMENT_3D ( 'NONE', #2078, #2365, #620 ) ;
#1729 = CARTESIAN_POINT ( 'NONE',  ( -10.12064705216105587, 0.9999999999999453770, -30.37831597759071300 ) ) ;
#1730 = CYLINDRICAL_SURFACE ( 'NONE', #297, 1.903053269113975876 ) ;
#1731 = EDGE_CURVE ( 'NONE', #1652, #1552, #1115, .T. ) ;
#1732 = CARTESIAN_POINT ( 'NONE',  ( 0.000000000000000000, 1.000000000000000000, 0.000000000000000000 ) ) ;
#1733 = CARTESIAN_POINT ( 'NONE',  ( -28.63526552384579560, 29.99999999999997158, 6.556154702998174599 ) ) ;
#1734 = EDGE_LOOP ( 'NONE', ( #1185, #1375, #2332, #1465 ) ) ;
#1735 = CARTESIAN_POINT ( 'NONE',  ( 29.03983865805451714, 29.99999999999995026, -7.085501934475169961 ) ) ;
#1736 = EDGE_LOOP ( 'NONE', ( #2112, #2463, #1640, #3601, #833, #688, #1249, #2444, #941, #1480, #2203, #3028, #1970, #3410, #2278, #1445, #1040, #2404, #2737, #3256, #12, #91, #691, #3008, #2567, #3559, #2941, #2864, #3133, #50, #1132, #1194, #2359, #1200, #634, #1154, #1699, #851, #2719, #1245 ) ) ;
#1737 = ORIENTED_EDGE ( 'NONE', *, *, #1855, .T. ) ;
#1738 = CARTESIAN_POINT ( 'NONE',  ( 7.737229666197646516, 29.99999999999996447, 29.44401500664203297 ) ) ;
#1739 = LINE ( 'NONE', #3859, #959 ) ;
#1740 = CIRCLE ( 'NONE', #3847, 32.03546292528178441 ) ;
#1741 = DIRECTION ( 'NONE',  ( -0.7063983397914572748, 0.000000000000000000, -0.7078145135131609367 ) ) ;
#1742 = AXIS2_PLACEMENT_3D ( 'NONE', #2099, #3584, #2121 ) ;
#1743 = CARTESIAN_POINT ( 'NONE',  ( -7.321981095748312462, 30.00000000000000000, 29.19602735579720232 ) ) ;
#1744 = CARTESIAN_POINT ( 'NONE',  ( 10.04921254276206355, 29.99999999999996447, 30.38321444578827624 ) ) ;
#1745 = ORIENTED_EDGE ( 'NONE', *, *, #2534, .F. ) ;
#1746 = PLANE ( 'NONE',  #1964 ) ;
#1747 = CARTESIAN_POINT ( 'NONE',  ( -1.968830249073262983, 29.36054974837646725, 33.91721313978309382 ) ) ;
#1748 = PLANE ( 'NONE',  #2680 ) ;
#1749 = CARTESIAN_POINT ( 'NONE',  ( -10.22915561144278485, -84.94344718381945825, -30.35851991774253733 ) ) ;
#1750 = CARTESIAN_POINT ( 'NONE',  ( 30.06870357553475159, 0.9999999999999731326, 9.052655923250327419 ) ) ;
#1751 = EDGE_LOOP ( 'NONE', ( #3046, #1068, #3447, #908, #1088 ) ) ;
#1752 = CARTESIAN_POINT ( 'NONE',  ( -10.17507927643632115, 29.99999999999997158, -30.37016272767278124 ) ) ;
#1753 = ORIENTED_EDGE ( 'NONE', *, *, #819, .F. ) ;
#1754 = EDGE_LOOP ( 'NONE', ( #1560, #822, #501, #2135 ) ) ;
#1755 = CARTESIAN_POINT ( 'NONE',  ( -28.63526552384579560, 29.99999999999996447, 6.556154702998174599 ) ) ;
#1756 = CARTESIAN_POINT ( 'NONE',  ( 29.19602735579723074, 30.00000000000000000, 7.321981095747922552 ) ) ;
#1757 = AXIS2_PLACEMENT_3D ( 'NONE', #3686, #2160, #593 ) ;
#1758 = CARTESIAN_POINT ( 'NONE',  ( -30.35833963587382911, 0.9999999999999731326, 10.22925332253816677 ) ) ;
#1759 = CARTESIAN_POINT ( 'NONE',  ( 1.935758567210607239, 0.000000000000000000, 33.94284916839650634 ) ) ;
#1760 = CARTESIAN_POINT ( 'NONE',  ( -29.19602735579721653, 0.9999999999999731326, -7.321981095747903900 ) ) ;
#1761 = DIRECTION ( 'NONE',  ( 0.000000000000000000, 0.000000000000000000, 1.000000000000000000 ) ) ;
#1762 = CARTESIAN_POINT ( 'NONE',  ( 29.04474560440994679, 0.9999999999999731326, 7.092616447670590851 ) ) ;
#1763 = CIRCLE ( 'NONE', #1236, 1.000000000000000888 ) ;
#1764 = CARTESIAN_POINT ( 'NONE',  ( -29.04474560440994324, 0.9999999999999453770, -7.092616447670581969 ) ) ;
#1765 = ORIENTED_EDGE ( 'NONE', *, *, #3151, .T. ) ;
#1766 = CARTESIAN_POINT ( 'NONE',  ( -2.689288898725980648, 29.95444946554339793, -32.88523512434263552 ) ) ;
#1767 = CARTESIAN_POINT ( 'NONE',  ( 10.22925332253684338, 30.00000000000000000, 30.35833963587420925 ) ) ;
#1768 = CARTESIAN_POINT ( 'NONE',  ( -6.258819392547520621, 3.999999999999976019, 28.35126156015488874 ) ) ;
#1769 = CARTESIAN_POINT ( 'NONE',  ( 30.38379362306357478, 29.99999999999997158, -9.981669017286728618 ) ) ;
#1770 = EDGE_LOOP ( 'NONE', ( #68, #1691, #3115, #3017 ) ) ;
#1771 = AXIS2_PLACEMENT_3D ( 'NONE', #2511, #2210, #2165 ) ;
#1772 = ADVANCED_FACE ( 'NONE', ( #3301 ), #2363, .F. ) ;
#1773 = AXIS2_PLACEMENT_3D ( 'NONE', #2689, #2040, #765 ) ;
#1774 = FACE_OUTER_BOUND ( 'NONE', #241, .T. ) ;
#1775 = ORIENTED_EDGE ( 'NONE', *, *, #528, .F. ) ;
#1776 = ADVANCED_FACE ( 'NONE', ( #178 ), #2251, .T. ) ;
#1777 = ORIENTED_EDGE ( 'NONE', *, *, #1421, .T. ) ;
#1778 = CARTESIAN_POINT ( 'NONE',  ( 1.700254935844534687, 29.06501327738388696, 33.84767371260653590 ) ) ;
#1779 = CARTESIAN_POINT ( 'NONE',  ( 9.052655923250400249, 0.9999999999999453770, -30.06870357553470186 ) ) ;
#1780 = ORIENTED_EDGE ( 'NONE', *, *, #3025, .F. ) ;
#1781 = CARTESIAN_POINT ( 'NONE',  ( -30.36432714282581102, 29.99999999999996447, 10.20227232083353464 ) ) ;
#1782 = CARTESIAN_POINT ( 'NONE',  ( -22.66478919158136662, 42.04006440356475593, 6.209454960073111707 ) ) ;
#1783 = CARTESIAN_POINT ( 'NONE',  ( -9.048877111365571935, 29.99999999999997158, -30.06721119398710584 ) ) ;
#1784 = PLANE ( 'NONE',  #696 ) ;
#1785 = DIRECTION ( 'NONE',  ( -1.776356839400250465E-15, 0.000000000000000000, 1.000000000000000000 ) ) ;
#1786 = DIRECTION ( 'NONE',  ( 0.000000000000000000, 0.000000000000000000, -1.000000000000000000 ) ) ;
#1787 = VERTEX_POINT ( 'NONE', #1466 ) ;
#1788 = CARTESIAN_POINT ( 'NONE',  ( -2.683167626430006614, 29.99994898504769836, -32.61322202386315183 ) ) ;
#1789 = EDGE_CURVE ( 'NONE', #3536, #577, #1205, .T. ) ;
#1790 = CARTESIAN_POINT ( 'NONE',  ( -28.53424220848886605, 30.00000000000000000, -6.442166876943946185 ) ) ;
#1791 = CIRCLE ( 'NONE', #1391, 24.50000000000000355 ) ;
#1792 = DIRECTION ( 'NONE',  ( 0.000000000000000000, 0.000000000000000000, 1.000000000000000000 ) ) ;
#1793 = CARTESIAN_POINT ( 'NONE',  ( 6.778338360431019005, 0.9999999999999453770, 28.81881438418728791 ) ) ;
#1794 = ORIENTED_EDGE ( 'NONE', *, *, #3020, .F. ) ;
#1795 = EDGE_CURVE ( 'NONE', #920, #3979, #3918, .T. ) ;
#1796 = CARTESIAN_POINT ( 'NONE',  ( -6.855257921795330667, 0.9999999999999453770, -28.87634658020563805 ) ) ;
#1797 = ORIENTED_EDGE ( 'NONE', *, *, #3275, .F. ) ;
#1798 = VERTEX_POINT ( 'NONE', #1859 ) ;
#1799 = CARTESIAN_POINT ( 'NONE',  ( 1.515954887045242172, 28.56376759045947367, 34.01497936465778338 ) ) ;
#1800 = DIRECTION ( 'NONE',  ( 0.8660254037844432595, 0.000000000000000000, 0.4999999999999920064 ) ) ;
#1801 = EDGE_LOOP ( 'NONE', ( #3258, #2489, #885, #512 ) ) ;
#1802 = CARTESIAN_POINT ( 'NONE',  ( -10.21095861067613164, -84.94344718381945825, 30.36464536457322794 ) ) ;
#1803 = CARTESIAN_POINT ( 'NONE',  ( -28.35126156015495624, 3.999999999999976019, -6.258819392547218641 ) ) ;
#1804 = CARTESIAN_POINT ( 'NONE',  ( -1.804635369301415437, 29.25378774484346778, 33.74340383227002604 ) ) ;
#1805 = CARTESIAN_POINT ( 'NONE',  ( 6.930634915335232904, 29.99999999999997158, 28.93272500840678418 ) ) ;
#1806 = VECTOR ( 'NONE', #3861, 1000.000000000000000 ) ;
#1807 = CARTESIAN_POINT ( 'NONE',  ( -29.19602735579721653, 0.9999999999999453770, -7.321981095747903900 ) ) ;
#1808 = VECTOR ( 'NONE', #3012, 1000.000000000000000 ) ;
#1809 = ORIENTED_EDGE ( 'NONE', *, *, #3714, .T. ) ;
#1810 = CARTESIAN_POINT ( 'NONE',  ( -1.995482422940075606, 29.62820563661528084, -33.29492809909440609 ) ) ;
#1811 = CARTESIAN_POINT ( 'NONE',  ( 30.37003035081246693, 29.99999999999996447, -10.17519104697275623 ) ) ;
#1812 = DIRECTION ( 'NONE',  ( -0.5000000000000101030, 0.000000000000000000, -0.8660254037844328234 ) ) ;
#1813 = CARTESIAN_POINT ( 'NONE',  ( -28.81881438418739450, 0.9999999999999731326, 6.778338360431559018 ) ) ;
#1814 = VERTEX_POINT ( 'NONE', #9 ) ;
#1815 = DIRECTION ( 'NONE',  ( -0.000000000000000000, 1.000000000000000000, -0.000000000000000000 ) ) ;
#1816 = EDGE_CURVE ( 'NONE', #1556, #769, #1158, .T. ) ;
#1817 = CARTESIAN_POINT ( 'NONE',  ( 28.75901578155352212, 29.99999999999995026, -6.703064567619356318 ) ) ;
#1818 = ORIENTED_EDGE ( 'NONE', *, *, #1831, .F. ) ;
#1819 = ORIENTED_EDGE ( 'NONE', *, *, #819, .T. ) ;
#1820 = DIRECTION ( 'NONE',  ( -0.000000000000000000, 1.000000000000000000, -0.000000000000000000 ) ) ;
#1821 = CARTESIAN_POINT ( 'NONE',  ( 29.77603499932961384, 0.9999999999999453770, 8.386314982652965710 ) ) ;
#1822 = ORIENTED_EDGE ( 'NONE', *, *, #2368, .F. ) ;
#1823 = MECHANICAL_DESIGN_GEOMETRIC_PRESENTATION_REPRESENTATION (  '', ( #1294 ), #113 ) ;
#1824 = CARTESIAN_POINT ( 'NONE',  ( -5.954848856712186667, 1.000000000000000888, 0.000000000000000000 ) ) ;
#1825 = VECTOR ( 'NONE', #187, 1000.000000000000114 ) ;
#1826 = CARTESIAN_POINT ( 'NONE',  ( -28.53424220848886605, -84.94344718381945825, -6.442166876943947074 ) ) ;
#1827 = CARTESIAN_POINT ( 'NONE',  ( 28.35126156015495624, 30.00000000000000000, 6.258819392547216864 ) ) ;
#1828 = CARTESIAN_POINT ( 'NONE',  ( -17.60393440239866436, 1.000000000000000888, -17.03970344683395410 ) ) ;
#1829 = CARTESIAN_POINT ( 'NONE',  ( -28.59574269341558406, 0.9999999999999453770, -6.510890133589008144 ) ) ;
#1830 = ORIENTED_EDGE ( 'NONE', *, *, #38, .F. ) ;
#1831 = EDGE_CURVE ( 'NONE', #2526, #3623, #2402, .T. ) ;
#1832 = CARTESIAN_POINT ( 'NONE',  ( 30.38092739730143776, 29.99999999999996447, -10.09343860348610278 ) ) ;
#1833 = CARTESIAN_POINT ( 'NONE',  ( -1.964225604963708571, 27.99999999999999645, 34.44203813838840489 ) ) ;
#1834 = CARTESIAN_POINT ( 'NONE',  ( -7.168462927865925316, 29.99999999999996447, 29.09608338892347135 ) ) ;
#1835 = ORIENTED_EDGE ( 'NONE', *, *, #662, .F. ) ;
#1836 = EDGE_CURVE ( 'NONE', #3168, #2120, #624, .T. ) ;
#1837 = DIRECTION ( 'NONE',  ( 0.000000000000000000, 0.000000000000000000, -1.000000000000000000 ) ) ;
#1838 = EDGE_LOOP ( 'NONE', ( #890, #2400, #206, #1111 ) ) ;
#1839 = CARTESIAN_POINT ( 'NONE',  ( 1.820410149047280823, 29.27902302091944264, 33.72711490004831347 ) ) ;
#1840 = CARTESIAN_POINT ( 'NONE',  ( 29.44337163892202724, 29.99999999999996447, 7.739250038558890488 ) ) ;
#1841 = ORIENTED_EDGE ( 'NONE', *, *, #1100, .F. ) ;
#1842 = ORIENTED_EDGE ( 'NONE', *, *, #1887, .F. ) ;
#1843 = CARTESIAN_POINT ( 'NONE',  ( 28.63526552384579205, 1.000000000000014655, -6.556154702998172823 ) ) ;
#1844 = CARTESIAN_POINT ( 'NONE',  ( 28.77399219517009499, 0.9999999999999453770, 6.722234770207802690 ) ) ;
#1845 = VECTOR ( 'NONE', #1820, 1000.000000000000000 ) ;
#1846 = CARTESIAN_POINT ( 'NONE',  ( 5.954848856712624539, 0.000000000000000000, 22.73301069136484642 ) ) ;
#1847 = CARTESIAN_POINT ( 'NONE',  ( -2.709500333694332852, 29.99999999952664353, 32.62321669329088536 ) ) ;
#1848 = ADVANCED_FACE ( 'NONE', ( #304 ), #1535, .F. ) ;
#1849 = AXIS2_PLACEMENT_3D ( 'NONE', #1648, #2310, #3530 ) ;
#1850 = CARTESIAN_POINT ( 'NONE',  ( -9.964637902584092544, 0.9999999999999731326, -30.38379723437888558 ) ) ;
#1851 = CARTESIAN_POINT ( 'NONE',  ( 9.048974470992874330, 29.99999999999997158, 30.06724980405535419 ) ) ;
#1852 = CARTESIAN_POINT ( 'NONE',  ( 6.703064567618765679, 0.9999999999999453770, 28.75901578155335514 ) ) ;
#1853 = ORIENTED_EDGE ( 'NONE', *, *, #162, .F. ) ;
#1854 = DIRECTION ( 'NONE',  ( -0.000000000000000000, 1.000000000000000000, -0.000000000000000000 ) ) ;
#1855 = EDGE_CURVE ( 'NONE', #2322, #3337, #2159, .T. ) ;
#1856 = CARTESIAN_POINT ( 'NONE',  ( 10.20227232083244928, 29.99999999999997158, 30.36432714282614143 ) ) ;
#1857 = CARTESIAN_POINT ( 'NONE',  ( -7.007633974929125209, 0.9999999999999453770, -28.98695388522018135 ) ) ;
#1858 = ORIENTED_EDGE ( 'NONE', *, *, #3244, .F. ) ;
#1859 = CARTESIAN_POINT ( 'NONE',  ( -10.22915561144278485, 0.9999999999999731326, -30.35851991774253733 ) ) ;
#1860 = CYLINDRICAL_SURFACE ( 'NONE', #11, 23.50000000000000000 ) ;
#1861 = AXIS2_PLACEMENT_3D ( 'NONE', #2454, #950, #16 ) ;
#1862 = ORIENTED_EDGE ( 'NONE', *, *, #3837, .T. ) ;
#1863 = VECTOR ( 'NONE', #1654, 1000.000000000000000 ) ;
#1864 = ORIENTED_EDGE ( 'NONE', *, *, #2151, .T. ) ;
#1865 = CYLINDRICAL_SURFACE ( 'NONE', #3900, 24.50000000000000355 ) ;
#1866 = CARTESIAN_POINT ( 'NONE',  ( 29.19569261685225925, 0.9999999999999453770, -7.321458899161594758 ) ) ;
#1867 = CARTESIAN_POINT ( 'NONE',  ( -30.38384788904112810, 29.99999999999996447, 9.964786583327109426 ) ) ;
#1868 = CARTESIAN_POINT ( 'NONE',  ( -2.031373061911630806, 29.44957796464885647, 33.82514938487886269 ) ) ;
#1869 = CIRCLE ( 'NONE', #2190, 32.03546292528194783 ) ;
#1870 = CARTESIAN_POINT ( 'NONE',  ( 6.703064567618765679, 0.9999999999999176215, 28.75901578155335514 ) ) ;
#1871 = EDGE_CURVE ( 'NONE', #999, #3979, #1373, .T. ) ;
#1872 = CARTESIAN_POINT ( 'NONE',  ( 1.354061736522218506, 28.14346556681114464, -33.85615337666317970 ) ) ;
#1873 = CIRCLE ( 'NONE', #2194, 25.70000000000000639 ) ;
#1874 = ADVANCED_FACE ( 'NONE', ( #3229 ), #1332, .F. ) ;
#1875 = CARTESIAN_POINT ( 'NONE',  ( 28.35126156015496335, 3.781354332643577010, 6.258819392547215976 ) ) ;
#1876 = CARTESIAN_POINT ( 'NONE',  ( -29.77617444378279288, 0.9999999999999731326, 8.383209545494933579 ) ) ;
#1877 = CARTESIAN_POINT ( 'NONE',  ( 6.258585244769343525, 3.999999999999976019, 28.35132035200720679 ) ) ;
#1878 = CARTESIAN_POINT ( 'NONE',  ( -7.242363969696637760, 0.9999999999999453770, -29.14441767727973343 ) ) ;
#1879 = CARTESIAN_POINT ( 'NONE',  ( -1.681397792150364889, 29.24219006696225520, -33.59262425976431388 ) ) ;
#1880 = CARTESIAN_POINT ( 'NONE',  ( 29.14441767727971211, 29.99999999999995737, -7.242363969696747006 ) ) ;
#1881 = DIRECTION ( 'NONE',  ( -0.000000000000000000, 0.000000000000000000, 1.000000000000000000 ) ) ;
#1882 = ORIENTED_EDGE ( 'NONE', *, *, #1278, .F. ) ;
#1883 = ORIENTED_EDGE ( 'NONE', *, *, #1404, .T. ) ;
#1884 = DIRECTION ( 'NONE',  ( -0.000000000000000000, -1.000000000000000000, 0.000000000000000000 ) ) ;
#1885 = DIRECTION ( 'NONE',  ( -0.000000000000000000, 1.000000000000000000, -0.000000000000000000 ) ) ;
#1886 = CARTESIAN_POINT ( 'NONE',  ( -29.32104738518525266, 0.9999999999999453770, 7.528651716482368528 ) ) ;
#1887 = EDGE_CURVE ( 'NONE', #3744, #2073, #1949, .T. ) ;
#1888 = DIRECTION ( 'NONE',  ( -0.8660254037844432595, 0.000000000000000000, -0.4999999999999919509 ) ) ;
#1889 = CARTESIAN_POINT ( 'NONE',  ( 6.703064567618765679, 29.99999999999996447, 28.75901578155335514 ) ) ;
#1890 = LINE ( 'NONE', #3696, #2473 ) ;
#1891 = AXIS2_PLACEMENT_3D ( 'NONE', #1014, #2259, #3481 ) ;
#1892 = ADVANCED_FACE ( 'NONE', ( #3209 ), #3891, .F. ) ;
#1893 = LINE ( 'NONE', #2834, #1219 ) ;
#1894 = CARTESIAN_POINT ( 'NONE',  ( 9.981669017286352030, 0.9999999999999731326, 30.38379362306368847 ) ) ;
#1895 = CARTESIAN_POINT ( 'NONE',  ( 6.238452605682941687, 3.562208078040852932, 28.33118771292079785 ) ) ;
#1896 = DIRECTION ( 'NONE',  ( -0.000000000000000000, -1.000000000000000000, -0.000000000000000000 ) ) ;
#1897 = CARTESIAN_POINT ( 'NONE',  ( -1.891663635432515145, 29.51750515047661594, -33.39645473945525112 ) ) ;
#1898 = CARTESIAN_POINT ( 'NONE',  ( -22.66478919158136662, 1.000000000000000888, 6.209454960073109930 ) ) ;
#1899 = ORIENTED_EDGE ( 'NONE', *, *, #2108, .T. ) ;
#1900 = EDGE_CURVE ( 'NONE', #3744, #2973, #3357, .T. ) ;
#1901 = EDGE_CURVE ( 'NONE', #577, #1457, #3185, .T. ) ;
#1902 = ORIENTED_EDGE ( 'NONE', *, *, #1836, .F. ) ;
#1903 = CARTESIAN_POINT ( 'NONE',  ( 6.442166876943985265, 30.00000000000000000, -28.53424220848878790 ) ) ;
#1904 = EDGE_CURVE ( 'NONE', #3627, #399, #1532, .T. ) ;
#1905 = CARTESIAN_POINT ( 'NONE',  ( 6.442166876943985265, -84.94344718381945825, -28.53424220848878790 ) ) ;
#1906 = CARTESIAN_POINT ( 'NONE',  ( -6.413678643489945763, 0.9999999999999940048, -28.50641375072756389 ) ) ;
#1907 = CARTESIAN_POINT ( 'NONE',  ( -10.22915561144278485, 30.00000000000000000, -30.35851991774253733 ) ) ;
#1908 = CIRCLE ( 'NONE', #867, 22.70000000000000995 ) ;
#1909 = CARTESIAN_POINT ( 'NONE',  ( -6.258585244769541589, 3.999999999999976019, -28.35132035200716416 ) ) ;
#1910 = VECTOR ( 'NONE', #2341, 1000.000000000000000 ) ;
#1911 = FACE_OUTER_BOUND ( 'NONE', #2622, .T. ) ;
#1912 = CARTESIAN_POINT ( 'NONE',  ( -6.941653848080234113, 0.9999999999999314992, 28.94086890595260897 ) ) ;
#1913 = CARTESIAN_POINT ( 'NONE',  ( 10.09343860348525368, 0.9999999999999731326, 30.38092739730156921 ) ) ;
#1914 = CARTESIAN_POINT ( 'NONE',  ( -29.19602735579721653, 30.00000000000000000, -7.321981095747903900 ) ) ;
#1915 = DIRECTION ( 'NONE',  ( 0.000000000000000000, 0.000000000000000000, 1.000000000000000000 ) ) ;
#1916 = CARTESIAN_POINT ( 'NONE',  ( -3.691013539643056682E-14, 4.000000000000003553, 3.425026790108451458 ) ) ;
#1917 = DIRECTION ( 'NONE',  ( -0.8660254037844397068, 0.000000000000000000, -0.4999999999999979461 ) ) ;
#1918 = ORIENTED_EDGE ( 'NONE', *, *, #86, .F. ) ;
#1919 = B_SPLINE_CURVE_WITH_KNOTS ( 'NONE', 3,
 ( #1035, #3730, #2589, #2280, #985, #3456, #2885, #1676, #2265, #3486, #728, #3137, #2211, #3503 ),
 .UNSPECIFIED., .F., .F.,
 ( 4, 2, 2, 2, 2, 2, 4 ),
 ( -9.470420123808164550E-06, 0.0008258982215624947366, 0.001661266863248797750, 0.002078951184091959448, 0.002496635504935121146, 0.002914319825778283277, 0.003332004146621444975 ),
 .UNSPECIFIED. ) ;
#1920 = VERTEX_POINT ( 'NONE', #3723 ) ;
#1921 = DIRECTION ( 'NONE',  ( -0.000000000000000000, -1.000000000000000000, -0.000000000000000000 ) ) ;
#1922 = CARTESIAN_POINT ( 'NONE',  ( 0.000000000000000000, 0.000000000000000000, 0.000000000000000000 ) ) ;
#1923 = B_SPLINE_CURVE_WITH_KNOTS ( 'NONE', 3,
 ( #1760, #2647, #2993, #3924, #847, #1097, #3564, #2389 ),
 .UNSPECIFIED., .F., .F.,
 ( 4, 2, 2, 4 ),
 ( 0.000000000000000000, 0.2499999999999992228, 0.4999999999999984457, 1.000000000000000000 ),
 .UNSPECIFIED. ) ;
#1924 = ORIENTED_EDGE ( 'NONE', *, *, #391, .F. ) ;
#1925 = PRESENTATION_LAYER_ASSIGNMENT (  '', '', ( #2819 ) ) ;
#1926 = CARTESIAN_POINT ( 'NONE',  ( 2.123940032683993895, 29.74270650129455618, -33.16338331729003386 ) ) ;
#1927 = CARTESIAN_POINT ( 'NONE',  ( 6.651431435420485982, 29.99999999999996447, -28.71522592437715460 ) ) ;
#1928 = DIRECTION ( 'NONE',  ( 3.552713678800500929E-15, 0.000000000000000000, 1.000000000000000000 ) ) ;
#1929 = CARTESIAN_POINT ( 'NONE',  ( -9.052655923250700454, 29.99999999999996447, 30.06870357553470186 ) ) ;
#1930 = CARTESIAN_POINT ( 'NONE',  ( -2.003781847491599599, 28.54432422934017310, 34.36901212846658638 ) ) ;
#1931 = CARTESIAN_POINT ( 'NONE',  ( -0.0001111640844670552797, -84.94344718381945825, -0.0001111364301611267313 ) ) ;
#1932 = CARTESIAN_POINT ( 'NONE',  ( -5.962587727214880395, 2.563450409371367034, 28.05562258611633908 ) ) ;
#1933 = AXIS2_PLACEMENT_3D ( 'NONE', #722, #3179, #3795 ) ;
#1934 = CARTESIAN_POINT ( 'NONE',  ( 6.258585244769343525, 30.00000000000000000, 28.35132035200720679 ) ) ;
#1935 = CIRCLE ( 'NONE', #1280, 23.50000000000000000 ) ;
#1936 = DIRECTION ( 'NONE',  ( 0.000000000000000000, 0.000000000000000000, 1.000000000000000000 ) ) ;
#1937 = CARTESIAN_POINT ( 'NONE',  ( 30.38559715111195558, 30.00000000000000000, 9.970099149685049511 ) ) ;
#1938 = ORIENTED_EDGE ( 'NONE', *, *, #3434, .F. ) ;
#1939 = VERTEX_POINT ( 'NONE', #3427 ) ;
#1940 = PRESENTATION_STYLE_ASSIGNMENT (( #709 ) ) ;
#1941 = CARTESIAN_POINT ( 'NONE',  ( -9.981523332335322962, 29.99999999999997158, -30.38376016042151306 ) ) ;
#1942 = ORIENTED_EDGE ( 'NONE', *, *, #2249, .T. ) ;
#1943 = FACE_OUTER_BOUND ( 'NONE', #534, .T. ) ;
#1944 = CARTESIAN_POINT ( 'NONE',  ( 17.60393440239878515, 42.04006440356475593, 17.03970344683382976 ) ) ;
#1945 = CARTESIAN_POINT ( 'NONE',  ( 6.258819392547316340, 3.781354332643579230, -28.35126156015494203 ) ) ;
#1946 = AXIS2_PLACEMENT_3D ( 'NONE', #3121, #1605, #896 ) ;
#1947 = EDGE_CURVE ( 'NONE', #399, #2073, #1328, .T. ) ;
#1948 = AXIS2_PLACEMENT_3D ( 'NONE', #3718, #2464, #3442 ) ;
#1949 = LINE ( 'NONE', #3806, #3700 ) ;
#1950 = CARTESIAN_POINT ( 'NONE',  ( -2.395906737326801483, 29.02276416423123706, -34.15703501580730972 ) ) ;
#1951 = CARTESIAN_POINT ( 'NONE',  ( -9.964637902584092544, 30.00000000000000000, -30.38379723437888558 ) ) ;
#1952 = DIRECTION ( 'NONE',  ( -0.7071067811865336949, 0.000000000000000000, -0.7071067811865613395 ) ) ;
#1953 = CARTESIAN_POINT ( 'NONE',  ( 29.67102485484128849, 29.99999999999997158, 8.167768883882731146 ) ) ;
#1954 = VERTEX_POINT ( 'NONE', #668 ) ;
#1955 = DIRECTION ( 'NONE',  ( -0.8660254037844328234, 0.000000000000000000, 0.5000000000000101030 ) ) ;
#1956 = CARTESIAN_POINT ( 'NONE',  ( 1.545676014022154598, 28.67167103032556597, 33.98960398403595207 ) ) ;
#1957 = ORIENTED_EDGE ( 'NONE', *, *, #1359, .T. ) ;
#1958 = CARTESIAN_POINT ( 'NONE',  ( -5.954848856712186667, 1.000000000000000888, 23.76530612244903651 ) ) ;
#1959 = ADVANCED_FACE ( 'NONE', ( #2875 ), #45, .T. ) ;
#1960 = DIRECTION ( 'NONE',  ( 0.000000000000000000, -1.000000000000000000, 0.000000000000000000 ) ) ;
#1961 = ADVANCED_FACE ( 'NONE', ( #3310 ), #1746, .F. ) ;
#1962 = CARTESIAN_POINT ( 'NONE',  ( 5.874263348857974520, 2.383688079485418054, -27.96747492448590577 ) ) ;
#1963 = SURFACE_STYLE_FILL_AREA ( #2021 ) ;
#1964 = AXIS2_PLACEMENT_3D ( 'NONE', #2651, #3866, #3570 ) ;
#1965 = CARTESIAN_POINT ( 'NONE',  ( -2.324135821055047568, 27.99999999999999645, -34.42362760741976047 ) ) ;
#1966 = CARTESIAN_POINT ( 'NONE',  ( -10.06594728573382191, 29.99999999999996447, -30.38238646135668475 ) ) ;
#1967 = CARTESIAN_POINT ( 'NONE',  ( 30.38362457722951149, 0.9999999999999731326, -10.03232073629269294 ) ) ;
#1968 = CARTESIAN_POINT ( 'NONE',  ( 2.977424428356264308, 0.000000000000000000, -5.157050385609881715 ) ) ;
#1969 = DIRECTION ( 'NONE',  ( -0.000000000000000000, -1.000000000000000000, -0.000000000000000000 ) ) ;
#1970 = ORIENTED_EDGE ( 'NONE', *, *, #1473, .F. ) ;
#1971 = CARTESIAN_POINT ( 'NONE',  ( -30.37822770259429817, 29.99999999999997158, 10.12076937903982987 ) ) ;
#1972 = CARTESIAN_POINT ( 'NONE',  ( 1.633044505115495371, 28.91832344081265305, 33.91084811999257909 ) ) ;
#1973 = ORIENTED_EDGE ( 'NONE', *, *, #2255, .F. ) ;
#1974 = ORIENTED_EDGE ( 'NONE', *, *, #1519, .T. ) ;
#1975 = CARTESIAN_POINT ( 'NONE',  ( -4.336808689942017736E-16, 30.00000000000000000, -0.002000791051989803115 ) ) ;
#1976 = CYLINDRICAL_SURFACE ( 'NONE', #1339, 24.50000000000000000 ) ;
#1977 = CARTESIAN_POINT ( 'NONE',  ( -8.386314982653351180, 0.9999999999999453770, 29.77603499932953568 ) ) ;
#1978 = LINE ( 'NONE', #3526, #2441 ) ;
#1979 = EDGE_CURVE ( 'NONE', #3937, #1342, #1256, .T. ) ;
#1980 = EDGE_LOOP ( 'NONE', ( #1341, #3520, #3706, #3050 ) ) ;
#1981 = CARTESIAN_POINT ( 'NONE',  ( 29.44401500664186955, 29.99999999999997158, -7.737229666197828593 ) ) ;
#1982 = CARTESIAN_POINT ( 'NONE',  ( -5.954848856712186667, 0.000000000000000000, 0.000000000000000000 ) ) ;
#1983 = SURFACE_STYLE_FILL_AREA ( #3740 ) ;
#1984 = CARTESIAN_POINT ( 'NONE',  ( -2.324135821055048456, 27.99999999999999645, -34.42362760741976757 ) ) ;
#1985 = CARTESIAN_POINT ( 'NONE',  ( -28.50641375072796535, 30.00000000000000000, 6.413678643490467124 ) ) ;
#1986 = ORIENTED_EDGE ( 'NONE', *, *, #3206, .T. ) ;
#1987 = CARTESIAN_POINT ( 'NONE',  ( -28.35132035200714284, 3.999999999999976019, 6.258585244769641065 ) ) ;
#1988 = VECTOR ( 'NONE', #2830, 1000.000000000000114 ) ;
#1989 = CARTESIAN_POINT ( 'NONE',  ( 2.455074152022566736, 29.90460248784351904, 32.94580575658332577 ) ) ;
#1990 = ORIENTED_EDGE ( 'NONE', *, *, #3391, .T. ) ;
#1991 = DIRECTION ( 'NONE',  ( 0.000000000000000000, -1.000000000000000000, 0.000000000000000000 ) ) ;
#1992 = LINE ( 'NONE', #1944, #3101 ) ;
#1993 = ADVANCED_FACE ( 'NONE', ( #537 ), #2092, .T. ) ;
#1994 = CARTESIAN_POINT ( 'NONE',  ( -9.964637902584092544, 30.00000000000000000, -30.38379723437888558 ) ) ;
#1995 = CARTESIAN_POINT ( 'NONE',  ( -6.580466847577547185, 0.9999999999999314992, 28.65632581468004858 ) ) ;
#1996 = CARTESIAN_POINT ( 'NONE',  ( 2.588329836470296907, 29.76173457059635297, -33.35678557619808515 ) ) ;
#1997 = ADVANCED_FACE ( 'NONE', ( #2046 ), #854, .T. ) ;
#1998 = EDGE_LOOP ( 'NONE', ( #1446, #2547, #1229, #2588 ) ) ;
#1999 = CARTESIAN_POINT ( 'NONE',  ( 29.09279771691767280, 29.99999999999995737, -7.163479273359916633 ) ) ;
#2000 = CARTESIAN_POINT ( 'NONE',  ( -6.442166876944400045, -84.94344718381945825, 28.53424220848894777 ) ) ;
#2001 = CARTESIAN_POINT ( 'NONE',  ( 16.70994033486869412, 42.04006440356475593, -16.52355573129246835 ) ) ;
#2002 =( GEOMETRIC_REPRESENTATION_CONTEXT ( 3 ) GLOBAL_UNCERTAINTY_ASSIGNED_CONTEXT ( ( #2371 ) ) GLOBAL_UNIT_ASSIGNED_CONTEXT ( ( #1243, #3127, #922 ) ) REPRESENTATION_CONTEXT ( 'NONE', 'WORKASPACE' ) );
#2003 = EDGE_CURVE ( 'NONE', #1692, #2488, #3002, .T. ) ;
#2004 = CARTESIAN_POINT ( 'NONE',  ( -6.722234770208247667, 0.9999999999999731326, 28.77399219517013407 ) ) ;
#2005 = CIRCLE ( 'NONE', #975, 1.903053269113975876 ) ;
#2006 = CARTESIAN_POINT ( 'NONE',  ( -27.28057344822093455, 1.529868608434876487, 5.187838340983497609 ) ) ;
#2007 = ORIENTED_EDGE ( 'NONE', *, *, #877, .T. ) ;
#2008 = EDGE_CURVE ( 'NONE', #3576, #2951, #3654, .T. ) ;
#2009 = SURFACE_SIDE_STYLE ('',( #3470 ) ) ;
#2010 = CARTESIAN_POINT ( 'NONE',  ( 26.12556583103749119, 1.000000000000000000, -4.032830723800105766 ) ) ;
#2011 = EDGE_LOOP ( 'NONE', ( #2702, #192, #3591, #1818 ) ) ;
#2012 = ORIENTED_EDGE ( 'NONE', *, *, #1359, .F. ) ;
#2013 = CARTESIAN_POINT ( 'NONE',  ( -28.98695388522020622, 29.99999999999996447, 7.007633974929305509 ) ) ;
#2014 = CARTESIAN_POINT ( 'NONE',  ( 9.970099149685230699, 29.99999999999996447, -30.38559715111330917 ) ) ;
#2015 = ADVANCED_FACE ( 'NONE', ( #2666 ), #2686, .F. ) ;
#2016 = DIRECTION ( 'NONE',  ( -0.000000000000000000, 1.000000000000000000, -0.000000000000000000 ) ) ;
#2017 = DIRECTION ( 'NONE',  ( 1.000000000000000000, 0.000000000000000000, 0.000000000000000000 ) ) ;
#2018 = ADVANCED_FACE ( 'NONE', ( #2968 ), #1429, .T. ) ;
#2019 = CARTESIAN_POINT ( 'NONE',  ( -10.03218404957407017, 0.9999999999999731326, -30.38364035231600724 ) ) ;
#2020 = CARTESIAN_POINT ( 'NONE',  ( 7.085501934474832453, 29.99999999999997158, 29.03983865805456333 ) ) ;
#2021 = FILL_AREA_STYLE ('',( #747 ) ) ;
#2022 = ORIENTED_EDGE ( 'NONE', *, *, #1706, .T. ) ;
#2023 = CARTESIAN_POINT ( 'NONE',  ( -2.468027123965206293, 29.37353292191810894, -33.87170372051259903 ) ) ;
#2024 = CARTESIAN_POINT ( 'NONE',  ( 0.000000000000000000, 0.000000000000000000, 0.000000000000000000 ) ) ;
#2025 = CARTESIAN_POINT ( 'NONE',  ( 2.775557561562891351E-14, -84.94344718381945825, -3.295974604355933479E-14 ) ) ;
#2026 = AXIS2_PLACEMENT_3D ( 'NONE', #3967, #2790, #3712 ) ;
#2027 = CARTESIAN_POINT ( 'NONE',  ( 22.66478919158156913, 42.04006440356475593, 6.209454960072358531 ) ) ;
#2028 = DIRECTION ( 'NONE',  ( -0.8660254037844362651, 0.000000000000000000, 0.5000000000000039968 ) ) ;
#2029 = VERTEX_POINT ( 'NONE', #157 ) ;
#2030 = AXIS2_PLACEMENT_3D ( 'NONE', #666, #2202, #1594 ) ;
#2031 = VECTOR ( 'NONE', #1437, 1000.000000000000000 ) ;
#2032 = PLANE ( 'NONE',  #872 ) ;
#2033 = ORIENTED_EDGE ( 'NONE', *, *, #699, .T. ) ;
#2034 = ORIENTED_EDGE ( 'NONE', *, *, #3492, .T. ) ;
#2035 = LINE ( 'NONE', #2075, #1517 ) ;
#2036 = DIRECTION ( 'NONE',  ( -0.000000000000000000, 1.000000000000000000, -0.000000000000000000 ) ) ;
#2037 = B_SPLINE_CURVE_WITH_KNOTS ( 'NONE', 3,
 ( #2338, #541, #474, #1709, #1107, #1750, #3892, #2617 ),
 .UNSPECIFIED., .F., .F.,
 ( 4, 2, 2, 4 ),
 ( 0.000000000000000000, 0.2499999999999993339, 0.4999999999999995559, 1.000000000000000000 ),
 .UNSPECIFIED. ) ;
#2038 = B_SPLINE_SURFACE_WITH_KNOTS ( 'NONE', 3, 1, ( 
 ( #562, #2418 ),
 ( #3023, #3359 ),
 ( #253, #1834 ),
 ( #1484, #2718 ),
 ( #3773, #3142 ),
 ( #1912, #1722 ),
 ( #1258, #2556 ),
 ( #2926, #992 ),
 ( #973, #3545 ),
 ( #1995, #787 ),
 ( #2304, #2499 ),
 ( #1274, #3421 ) ),
 .UNSPECIFIED., .F., .F., .F.,
 ( 4, 3, 2, 3, 4 ),
 ( 2, 2 ),
 ( 0.000000000000000000, 0.0002747622792350061668, 0.0005496069384745845120, 0.0008257026577709084773, 0.001102397151945340176 ),
 ( 0.000000000000000000, 1.000000000000000000 ),
 .UNSPECIFIED. ) ;
#2039 = CARTESIAN_POINT ( 'NONE',  ( -6.442166876944400045, 30.00000000000000000, 28.53424220848894777 ) ) ;
#2040 = DIRECTION ( 'NONE',  ( 0.000000000000000000, 1.000000000000000000, -0.000000000000000000 ) ) ;
#2041 = DIRECTION ( 'NONE',  ( 0.000000000000000000, 1.000000000000000000, 0.000000000000000000 ) ) ;
#2042 = CARTESIAN_POINT ( 'NONE',  ( 28.65632581468000595, 0.9999999999999731326, 6.580466847577119971 ) ) ;
#2043 = CARTESIAN_POINT ( 'NONE',  ( 28.83117271246066338, 29.99999999999996447, 6.794406156882573988 ) ) ;
#2044 = VERTEX_POINT ( 'NONE', #3902 ) ;
#2045 = STYLED_ITEM ( 'NONE', ( #3608 ), #1453 ) ;
#2046 = FACE_OUTER_BOUND ( 'NONE', #2998, .T. ) ;
#2047 = STYLED_ITEM ( 'NONE', ( #1411 ), #2863 ) ;
#2048 = CARTESIAN_POINT ( 'NONE',  ( -1.572932985855675314, 28.33307094042478980, 34.44362667338916140 ) ) ;
#2049 = CARTESIAN_POINT ( 'NONE',  ( 0.000000000000000000, 1.000000000000000888, 0.000000000000000000 ) ) ;
#2050 = DIRECTION ( 'NONE',  ( -0.000000000000000000, -1.000000000000000000, 0.000000000000000000 ) ) ;
#2051 = CARTESIAN_POINT ( 'NONE',  ( 30.36432714282592116, 29.99999999999997158, -10.20227232083340496 ) ) ;
#2052 = VERTEX_POINT ( 'NONE', #3607 ) ;
#2053 = CIRCLE ( 'NONE', #3976, 23.50000000000000355 ) ;
#2054 = CARTESIAN_POINT ( 'NONE',  ( -6.778338360431262366, 29.99999999999996447, -28.81881438418727015 ) ) ;
#2055 = ORIENTED_EDGE ( 'NONE', *, *, #3419, .T. ) ;
#2056 = ORIENTED_EDGE ( 'NONE', *, *, #3616, .F. ) ;
#2057 = CARTESIAN_POINT ( 'NONE',  ( 1.554897522104609076, 28.17007184161315081, 34.46538069679189675 ) ) ;
#2058 = LINE ( 'NONE', #1114, #2654 ) ;
#2059 = DIRECTION ( 'NONE',  ( -0.8660254037844314912, 0.000000000000000000, 0.5000000000000124345 ) ) ;
#2060 = CARTESIAN_POINT ( 'NONE',  ( 28.77399219517009499, 29.99999999999996447, 6.722234770207802690 ) ) ;
#2061 = CARTESIAN_POINT ( 'NONE',  ( -9.970099149685470508, 30.00000000000000000, 30.38559715111188808 ) ) ;
#2062 = CARTESIAN_POINT ( 'NONE',  ( 1.451818925407959648, 27.99999999999999645, 34.06855685746891282 ) ) ;
#2063 = CARTESIAN_POINT ( 'NONE',  ( -29.09608338892346069, 29.99999999999996447, -7.168462927865502543 ) ) ;
#2064 = ORIENTED_EDGE ( 'NONE', *, *, #103, .F. ) ;
#2065 = CARTESIAN_POINT ( 'NONE',  ( -2.227224146114861192, 29.81781815310724681, -33.05304094217989075 ) ) ;
#2066 = CARTESIAN_POINT ( 'NONE',  ( -2.256769565372296338, 27.99999999999999645, -33.42589929390185688 ) ) ;
#2067 = EDGE_CURVE ( 'NONE', #911, #214, #1586, .T. ) ;
#2068 = CARTESIAN_POINT ( 'NONE',  ( -30.35833963587382911, 30.00000000000000000, 10.22925332253816677 ) ) ;
#2069 = B_SPLINE_SURFACE_WITH_KNOTS ( 'NONE', 3, 1, ( 
 ( #3673, #205 ),
 ( #2083, #2104 ),
 ( #2457, #1215 ),
 ( #2669, #575 ),
 ( #248, #1744 ),
 ( #3290, #3308 ),
 ( #1524, #2758 ),
 ( #2971, #511 ),
 ( #2391, #1433 ),
 ( #850, #3905 ),
 ( #3040, #916 ) ),
 .UNSPECIFIED., .F., .F., .F.,
 ( 4, 2, 3, 2, 4 ),
 ( 2, 2 ),
 ( 0.000000000000000000, 5.064756352264683823E-05, 0.0001013217570571205801, 0.0001836075246519068452, 0.0002665837363808094438 ),
 ( 0.000000000000000000, 1.000000000000000000 ),
 .UNSPECIFIED. ) ;
#2070 = CARTESIAN_POINT ( 'NONE',  ( 9.048974470992874330, 0.9999999999999731326, 30.06724980405535419 ) ) ;
#2071 = ORIENTED_EDGE ( 'NONE', *, *, #827, .T. ) ;
#2072 = CARTESIAN_POINT ( 'NONE',  ( -10.22915561144278485, 30.00000000000000000, -30.35851991774253733 ) ) ;
#2073 = VERTEX_POINT ( 'NONE', #3587 ) ;
#2074 = ORIENTED_EDGE ( 'NONE', *, *, #3733, .F. ) ;
#2075 = CARTESIAN_POINT ( 'NONE',  ( -7.321981095748312462, -84.94344718381945825, 29.19602735579720232 ) ) ;
#2076 = CARTESIAN_POINT ( 'NONE',  ( 28.53424220848890158, 30.00000000000000000, 6.442166876943983489 ) ) ;
#2077 = LINE ( 'NONE', #287, #3598 ) ;
#2078 = CARTESIAN_POINT ( 'NONE',  ( -2.256769565372296338, 0.000000000000000000, -33.42589929390185688 ) ) ;
#2079 = ADVANCED_FACE ( 'NONE', ( #829 ), #464, .F. ) ;
#2080 = CARTESIAN_POINT ( 'NONE',  ( -9.048877111365571935, 0.9999999999999453770, -30.06721119398710584 ) ) ;
#2081 =( NAMED_UNIT ( * ) PLANE_ANGLE_UNIT ( ) SI_UNIT ( $, .RADIAN. ) );
#2082 = CARTESIAN_POINT ( 'NONE',  ( 6.778338360431019005, 29.99999999999997158, 28.81881438418728791 ) ) ;
#2083 = CARTESIAN_POINT ( 'NONE',  ( 9.981669017286352030, 0.9999999999999314992, 30.38379362306368847 ) ) ;
#2084 = EDGE_LOOP ( 'NONE', ( #384, #2987, #738 ) ) ;
#2085 = EDGE_CURVE ( 'NONE', #3805, #3534, #553, .T. ) ;
#2086 = CARTESIAN_POINT ( 'NONE',  ( -2.256769565372296338, 30.00000000000000000, -33.42589929390185688 ) ) ;
#2087 = CARTESIAN_POINT ( 'NONE',  ( 0.000000000000000000, 0.000000000000000000, 0.000000000000000000 ) ) ;
#2088 = PLANE ( 'NONE',  #2398 ) ;
#2089 = CARTESIAN_POINT ( 'NONE',  ( 26.86607401992984379, 1.253677548738907355, 4.770654377082138353 ) ) ;
#2090 = ORIENTED_EDGE ( 'NONE', *, *, #1383, .T. ) ;
#2091 = VECTOR ( 'NONE', #913, 1000.000000000000000 ) ;
#2092 = TOROIDAL_SURFACE ( 'NONE', #1047, 3.500000000000019540, 2.000000000000000000 ) ;
#2093 = CARTESIAN_POINT ( 'NONE',  ( 28.57124262114491842, 29.99999999999995026, -6.484523281113973248 ) ) ;
#2094 = ORIENTED_EDGE ( 'NONE', *, *, #2708, .T. ) ;
#2095 = EDGE_LOOP ( 'NONE', ( #898, #2055, #1434, #2436 ) ) ;
#2096 = CARTESIAN_POINT ( 'NONE',  ( 1.572932985855605592, 28.33307094042422491, 34.44362667338916850 ) ) ;
#2097 = CARTESIAN_POINT ( 'NONE',  ( 29.09608338892346779, 29.99999999999997158, 7.168462927865515866 ) ) ;
#2098 = EDGE_LOOP ( 'NONE', ( #2413, #1157, #406, #2713 ) ) ;
#2099 = CARTESIAN_POINT ( 'NONE',  ( -5.954848856712186667, 42.04006440356475593, 0.000000000000000000 ) ) ;
#2100 = CARTESIAN_POINT ( 'NONE',  ( -28.35132035200714284, -84.94344718381945825, 6.258585244769641065 ) ) ;
#2101 = CARTESIAN_POINT ( 'NONE',  ( -1.451818925407961203, 28.13812704667237341, 34.06855685746891993 ) ) ;
#2102 =( NAMED_UNIT ( * ) SI_UNIT ( $, .STERADIAN. ) SOLID_ANGLE_UNIT ( ) );
#2103 = CARTESIAN_POINT ( 'NONE',  ( -7.321458899161518374, 0.9999999999999731326, -29.19569261685230543 ) ) ;
#2104 = CARTESIAN_POINT ( 'NONE',  ( 9.981669017286352030, 29.99999999999996447, 30.38379362306368847 ) ) ;
#2105 = EDGE_LOOP ( 'NONE', ( #3640, #3814, #1882, #2419 ) ) ;
#2106 = CARTESIAN_POINT ( 'NONE',  ( -1.920357275090637250, 29.54996551398220461, -33.36877115607975952 ) ) ;
#2107 = CARTESIAN_POINT ( 'NONE',  ( -1.451818925407959204, 30.00000000000000000, 34.06855685746891282 ) ) ;
#2108 = EDGE_CURVE ( 'NONE', #1692, #3281, #2327, .T. ) ;
#2109 = VECTOR ( 'NONE', #1377, 1000.000000000000000 ) ;
#2110 = PLANE ( 'NONE',  #3271 ) ;
#2111 = CARTESIAN_POINT ( 'NONE',  ( 6.556154702997478267, 0.9999999999999453770, 28.63526552384551493 ) ) ;
#2112 = ORIENTED_EDGE ( 'NONE', *, *, #1653, .F. ) ;
#2113 = LINE ( 'NONE', #3338, #442 ) ;
#2114 =( BOUNDED_SURFACE ( )  B_SPLINE_SURFACE ( 3, 2, ( 
 ( #642, #1, #2480 ),
 ( #1872, #3975, #1609 ),
 ( #918, #1292, #3420 ),
 ( #2815, #955, #661 ),
 ( #1527, #1218, #3379 ),
 ( #354, #2152, #42 ),
 ( #1273, #625, #2516 ),
 ( #2535, #3753, #697 ),
 ( #3803, #390, #3459 ),
 ( #2928, #1059, #746 ),
 ( #1346, #1037, #426 ),
 ( #410, #717, #1996 ),
 ( #134, #1678, #2872 ),
 ( #95, #1330, #2555 ),
 ( #1628, #1659, #3476 ),
 ( #1387, #3821, #3788 ) ),
 .UNSPECIFIED., .F., .F., .F. ) 
 B_SPLINE_SURFACE_WITH_KNOTS ( ( 4, 2, 2, 2, 2, 2, 2, 4 ),
 ( 3, 3 ),
 ( 0.000000000000000000, 0.0002118282437658222032, 0.0004236564875316444065, 0.0006354847312974665555, 0.0008473129750632888129, 0.001059141218829111070, 0.001270969462594933111, 0.001694625950126577626 ),
 ( 0.000000000000000000, 1.000000000000000000 ),
 .UNSPECIFIED. ) 
 GEOMETRIC_REPRESENTATION_ITEM ( )  RATIONAL_B_SPLINE_SURFACE ( (
 ( 1.000000000000000000, 0.8271833653455484825, 1.000000000000000000),
 ( 1.000000000000000000, 0.8271721014549110462, 1.000000000000000000),
 ( 1.000000000000000000, 0.8307070588283118617, 1.000000000000000000),
 ( 1.000000000000000000, 0.8434295652674026478, 1.000000000000000000),
 ( 1.000000000000000000, 0.8527094797262060322, 1.000000000000000000),
 ( 1.000000000000000000, 0.8737012934639427630, 1.000000000000000000),
 ( 1.000000000000000000, 0.8855803760316982576, 1.000000000000000000),
 ( 1.000000000000000000, 0.9092442737478536596, 1.000000000000000000),
 ( 1.000000000000000000, 0.9209199493170387996, 1.000000000000000000),
 ( 1.000000000000000000, 0.9426621863941595514, 1.000000000000000000),
 ( 1.000000000000000000, 0.9526788086332922401, 1.000000000000000000),
 ( 1.000000000000000000, 0.9698420886895093851, 1.000000000000000000),
 ( 1.000000000000000000, 0.9770984485427948174, 1.000000000000000000),
 ( 1.000000000000000000, 0.9945809975954336135, 1.000000000000000000),
 ( 1.000000000000000000, 0.9999850309735074383, 1.000000000000000000),
 ( 1.000000000000000000, 1.000000000000000000, 1.000000000000000000) ) ) 
 REPRESENTATION_ITEM ( '' )  SURFACE ( )  );
#2115 = CARTESIAN_POINT ( 'NONE',  ( 28.63526552384579205, 29.99999999999995026, -6.556154702998172823 ) ) ;
#2116 = VERTEX_POINT ( 'NONE', #2948 ) ;
#2117 = CARTESIAN_POINT ( 'NONE',  ( -2.123940032683988122, 29.74270650129454907, -33.16338331729002675 ) ) ;
#2118 = CARTESIAN_POINT ( 'NONE',  ( 2.091328188531779819, 28.94746739705286132, 34.20076625134520754 ) ) ;
#2119 = CARTESIAN_POINT ( 'NONE',  ( 30.22962318698085227, 29.99999999999996447, 9.510733381963396127 ) ) ;
#2120 = VERTEX_POINT ( 'NONE', #2061 ) ;
#2121 = DIRECTION ( 'NONE',  ( 0.000000000000000000, 0.000000000000000000, -1.000000000000000000 ) ) ;
#2122 = CARTESIAN_POINT ( 'NONE',  ( -27.41167337695946316, 1.644956764358241452, -5.317347541144554768 ) ) ;
#2123 = CARTESIAN_POINT ( 'NONE',  ( -1.545676014022152822, 28.67167103032555886, 33.98960398403592365 ) ) ;
#2124 = DIRECTION ( 'NONE',  ( 0.000000000000000000, 1.000000000000000000, -0.000000000000000000 ) ) ;
#2125 = CARTESIAN_POINT ( 'NONE',  ( 8.386314982653010119, 29.99999999999997158, -29.77603499932949660 ) ) ;
#2126 = CIRCLE ( 'NONE', #2456, 0.5000000000000004441 ) ;
#2127 = FACE_OUTER_BOUND ( 'NONE', #110, .T. ) ;
#2128 = VECTOR ( 'NONE', #3993, 1000.000000000000000 ) ;
#2129 = VERTEX_POINT ( 'NONE', #181 ) ;
#2130 = CARTESIAN_POINT ( 'NONE',  ( 2.977424428356336694, 0.000000000000000000, 5.157050385609840859 ) ) ;
#2131 = CARTESIAN_POINT ( 'NONE',  ( 30.36432714282592116, 29.99999999999996447, -10.20227232083340496 ) ) ;
#2132 = EDGE_CURVE ( 'NONE', #2052, #1082, #2809, .T. ) ;
#2133 = EDGE_CURVE ( 'NONE', #2601, #920, #1923, .T. ) ;
#2134 = CARTESIAN_POINT ( 'NONE',  ( 26.42629614708355845, 1.060679341845501833, 4.329994846066747449 ) ) ;
#2135 = ORIENTED_EDGE ( 'NONE', *, *, #1979, .F. ) ;
#2136 = CARTESIAN_POINT ( 'NONE',  ( 10.04921254276206355, 29.99999999999997158, 30.38321444578827624 ) ) ;
#2137 = CARTESIAN_POINT ( 'NONE',  ( -28.35132035200713929, 30.00000000000000000, 6.258585244769649059 ) ) ;
#2138 = ORIENTED_EDGE ( 'NONE', *, *, #3547, .T. ) ;
#2139 = VERTEX_POINT ( 'NONE', #3266 ) ;
#2140 = CARTESIAN_POINT ( 'NONE',  ( 1.683815926529444340, 28.78710885437806866, 34.30541019027436533 ) ) ;
#2141 = CARTESIAN_POINT ( 'NONE',  ( 29.44337163892202724, 0.9999999999999453770, 7.739250038558890488 ) ) ;
#2142 = EDGE_CURVE ( 'NONE', #3501, #1619, #254, .T. ) ;
#2143 = ORIENTED_EDGE ( 'NONE', *, *, #3676, .T. ) ;
#2144 = ORIENTED_EDGE ( 'NONE', *, *, #3232, .F. ) ;
#2145 = CARTESIAN_POINT ( 'NONE',  ( 29.19569261685225925, 1.000000000000014655, -7.321458899161594758 ) ) ;
#2146 = AXIS2_PLACEMENT_3D ( 'NONE', #629, #1854, #3086 ) ;
#2147 = CARTESIAN_POINT ( 'NONE',  ( 28.71522592437725052, 29.99999999999996447, 6.651431435420469107 ) ) ;
#2148 = CARTESIAN_POINT ( 'NONE',  ( -2.455074152022561407, 29.90460248784351549, 32.94580575658333288 ) ) ;
#2149 = CARTESIAN_POINT ( 'NONE',  ( -1.885494894428113355, 29.37585395519592879, 33.65855610072889448 ) ) ;
#2150 = CARTESIAN_POINT ( 'NONE',  ( -5.317328835785109398, 1.643669128320843775, -27.41006394302269200 ) ) ;
#2151 = EDGE_CURVE ( 'NONE', #3337, #3516, #3306, .T. ) ;
#2152 = CARTESIAN_POINT ( 'NONE',  ( 1.850891516931457037, 29.08777924442772900, -34.14906304799995951 ) ) ;
#2153 = CARTESIAN_POINT ( 'NONE',  ( -28.93272500840680195, 0.9999999999999731326, 6.930634915335659230 ) ) ;
#2154 = VERTEX_POINT ( 'NONE', #3331 ) ;
#2155 = CYLINDRICAL_SURFACE ( 'NONE', #2146, 25.70000000000000639 ) ;
#2156 = CARTESIAN_POINT ( 'NONE',  ( 5.674449771945415222, 2.057061588875680247, 27.76718487918324030 ) ) ;
#2157 = CARTESIAN_POINT ( 'NONE',  ( -7.085501934474998542, 29.99999999999996447, -29.03983865805449227 ) ) ;
#2158 = ORIENTED_EDGE ( 'NONE', *, *, #3507, .T. ) ;
#2159 = LINE ( 'NONE', #3387, #2609 ) ;
#2160 = DIRECTION ( 'NONE',  ( 0.000000000000000000, 1.000000000000000000, 0.000000000000000000 ) ) ;
#2161 = EDGE_LOOP ( 'NONE', ( #1305, #3392, #3129, #2225 ) ) ;
#2162 = ORIENTED_EDGE ( 'NONE', *, *, #536, .F. ) ;
#2163 = ADVANCED_FACE ( 'NONE', ( #3269 ), #2069, .F. ) ;
#2164 = DIRECTION ( 'NONE',  ( 0.8660254037844328234, 0.000000000000000000, -0.5000000000000101030 ) ) ;
#2165 = DIRECTION ( 'NONE',  ( 0.000000000000000000, 0.000000000000000000, 1.000000000000000000 ) ) ;
#2166 = AXIS2_PLACEMENT_3D ( 'NONE', #2711, #3287, #1407 ) ;
#2167 = CARTESIAN_POINT ( 'NONE',  ( 1.964225604963704575, 27.99999999999999645, 34.44203813838840489 ) ) ;
#2168 = CARTESIAN_POINT ( 'NONE',  ( -1.847333029185181275, 29.15788844282923264, 34.08910173668021315 ) ) ;
#2169 = CARTESIAN_POINT ( 'NONE',  ( -28.53424220848886605, 29.99999999999996447, -6.442166876943946185 ) ) ;
#2170 = DIRECTION ( 'NONE',  ( -0.000000000000000000, 1.000000000000000000, -0.000000000000000000 ) ) ;
#2171 = B_SPLINE_CURVE_WITH_KNOTS ( 'NONE', 3,
 ( #2566, #1941, #3782, #2262, #1180, #3641, #3280, #3026, #1752, #3600, #2072 ),
 .UNSPECIFIED., .F., .F.,
 ( 4, 2, 3, 2, 4 ),
 ( 0.000000000000000000, 0.1899996723588147363, 0.3800994555043185064, 0.6887560902950253805, 1.000000000000000000 ),
 .UNSPECIFIED. ) ;
#2172 = PRODUCT_DEFINITION_SHAPE ( 'NONE', 'NONE',  #2631 ) ;
#2173 = CARTESIAN_POINT ( 'NONE',  ( 25.81805331643795753, 1.000000000000000000, 3.720532621964704578 ) ) ;
#2174 = ORIENTED_EDGE ( 'NONE', *, *, #139, .F. ) ;
#2175 = CARTESIAN_POINT ( 'NONE',  ( -29.67154670419890650, 0.9999999999999731326, 8.164928310215648466 ) ) ;
#2176 = CARTESIAN_POINT ( 'NONE',  ( -7.163479273359776300, 29.99999999999996447, -29.09279771691767280 ) ) ;
#2177 = CARTESIAN_POINT ( 'NONE',  ( -2.204634533212527892, 29.80277472312200260, -33.07762722543122891 ) ) ;
#2178 = DIRECTION ( 'NONE',  ( 0.000000000000000000, 0.000000000000000000, 1.000000000000000000 ) ) ;
#2179 = CARTESIAN_POINT ( 'NONE',  ( -7.321981095748312462, 0.9999999999999731326, 29.19602735579720232 ) ) ;
#2180 = ORIENTED_EDGE ( 'NONE', *, *, #3617, .F. ) ;
#2181 = AXIS2_PLACEMENT_3D ( 'NONE', #654, #1884, #689 ) ;
#2182 = EDGE_LOOP ( 'NONE', ( #1396, #3767, #631, #1822 ) ) ;
#2183 = B_SPLINE_CURVE_WITH_KNOTS ( 'NONE', 3,
 ( #3982, #649, #3703, #2177, #2117, #3406, #1897, #1879, #3343, #2503, #2725, #3722, #3070, #591 ),
 .UNSPECIFIED., .F., .F.,
 ( 4, 2, 2, 2, 2, 2, 4 ),
 ( -9.420594441084586949E-06, 0.0007893941468728601311, 0.001188801517529834055, 0.001588208888186808413, 0.002387023629500767321, 0.002786431000157742113, 0.003185838370814716471 ),
 .UNSPECIFIED. ) ;
#2184 = CARTESIAN_POINT ( 'NONE',  ( 7.321981095747801760, 30.00000000000000000, -29.19602735579725561 ) ) ;
#2185 = AXIS2_PLACEMENT_3D ( 'NONE', #1319, #3759, #1616 ) ;
#2186 = B_SPLINE_CURVE_WITH_KNOTS ( 'NONE', 3,
 ( #3524, #356, #663, #2328, #62, #3441, #158, #2019, #2627, #374, #3243 ),
 .UNSPECIFIED., .F., .F.,
 ( 4, 2, 3, 2, 4 ),
 ( 0.000000000000000000, 8.298171952446668428E-05, 0.0001652736375313005799, 0.0002159567397375250638, 0.0002666131510914521380 ),
 .UNSPECIFIED. ) ;
#2187 = LINE ( 'NONE', #1905, #2927 ) ;
#2188 = DIRECTION ( 'NONE',  ( 0.000000000000000000, 0.000000000000000000, 1.000000000000000000 ) ) ;
#2189 = CARTESIAN_POINT ( 'NONE',  ( -2.006692356999618454, 28.56376759084835371, 34.36357611105496090 ) ) ;
#2190 = AXIS2_PLACEMENT_3D ( 'NONE', #1614, #2838, #65 ) ;
#2191 = CARTESIAN_POINT ( 'NONE',  ( 7.242363969696523185, 0.9999999999999176215, 29.14441767727983290 ) ) ;
#2192 = CIRCLE ( 'NONE', #510, 24.50000000000000711 ) ;
#2193 = CARTESIAN_POINT ( 'NONE',  ( 9.964786583326713298, 30.00000000000000000, 30.38384788904119915 ) ) ;
#2194 = AXIS2_PLACEMENT_3D ( 'NONE', #1565, #2776, #1928 ) ;
#2195 = DIRECTION ( 'NONE',  ( 0.000000000000000000, -1.000000000000000000, 0.000000000000000000 ) ) ;
#2196 = EDGE_CURVE ( 'NONE', #1599, #544, #2517, .T. ) ;
#2197 = DIRECTION ( 'NONE',  ( 0.000000000000000000, 0.000000000000000000, -1.000000000000000000 ) ) ;
#2198 = ADVANCED_FACE ( 'NONE', ( #555 ), #715, .T. ) ;
#2199 = FILL_AREA_STYLE ('',( #1260 ) ) ;
#2200 = ADVANCED_FACE ( 'NONE', ( #1478 ), #3015, .T. ) ;
#2201 = B_SPLINE_CURVE_WITH_KNOTS ( 'NONE', 3,
 ( #3772, #1945, #1644, #1022, #2267, #731, #1962, #3188, #204, #2411, #3307, #2970, #3246, #532, #2349, #3589 ),
 .UNSPECIFIED., .F., .F.,
 ( 4, 2, 2, 2, 2, 2, 2, 4 ),
 ( 3.075161289021299248E-17, 0.0006459870381424154349, 0.001291974076284800078, 0.001937961114427184722, 0.002583948152569569365, 0.003229935190711953792, 0.003875922228854338653, 0.005167896305139101434 ),
 .UNSPECIFIED. ) ;
#2202 = DIRECTION ( 'NONE',  ( 0.4999999999999980016, 0.000000000000000000, -0.8660254037844398178 ) ) ;
#2203 = ORIENTED_EDGE ( 'NONE', *, *, #3144, .F. ) ;
#2204 = DIRECTION ( 'NONE',  ( 0.000000000000000000, -1.000000000000000000, 0.000000000000000000 ) ) ;
#2205 = DIRECTION ( 'NONE',  ( 0.7071067811865318076, 0.000000000000000000, 0.7071067811865633379 ) ) ;
#2206 = EDGE_LOOP ( 'NONE', ( #3580, #1228, #3643, #947 ) ) ;
#2207 = VERTEX_POINT ( 'NONE', #1456 ) ;
#2208 = CARTESIAN_POINT ( 'NONE',  ( -7.321981095748312462, 30.00000000000000000, 29.19602735579720232 ) ) ;
#2209 = B_SPLINE_CURVE_WITH_KNOTS ( 'NONE', 3,
 ( #2500, #3403, #1631, #2780, #2218, #681, #80, #3382, #957, #4, #1611, #3145 ),
 .UNSPECIFIED., .F., .F.,
 ( 4, 3, 2, 3, 4 ),
 ( 0.000000000000000000, 0.0002766944941744359275, 0.0005527902134707533876, 0.0008276348727103916350, 0.001102397151945432550 ),
 .UNSPECIFIED. ) ;
#2210 = DIRECTION ( 'NONE',  ( -0.000000000000000000, -1.000000000000000000, 0.000000000000000000 ) ) ;
#2211 = CARTESIAN_POINT ( 'NONE',  ( 1.964225604963705463, 28.13958273872304972, 34.44203813838841199 ) ) ;
#2212 = CARTESIAN_POINT ( 'NONE',  ( 7.168462927865451917, 0.9999999999999453770, -29.09608338892345358 ) ) ;
#2213 = AXIS2_PLACEMENT_3D ( 'NONE', #3466, #362, #3166 ) ;
#2214 = CARTESIAN_POINT ( 'NONE',  ( 7.007633974928932474, 29.99999999999996447, 28.98695388522023819 ) ) ;
#2215 = CARTESIAN_POINT ( 'NONE',  ( -6.484523281113489190, 29.99999999999997158, -28.57124262114458091 ) ) ;
#2216 = ADVANCED_FACE ( 'NONE', ( #2127 ), #945, .F. ) ;
#2217 = CARTESIAN_POINT ( 'NONE',  ( -2.734828397279524204, 29.98762232229515234, 32.63972504307810851 ) ) ;
#2218 = CARTESIAN_POINT ( 'NONE',  ( -28.77399219517007722, 0.9999999999999731326, -6.722234770207779597 ) ) ;
#2219 = CARTESIAN_POINT ( 'NONE',  ( 9.970099149685200501, -84.94344718381945825, -30.38559715111193427 ) ) ;
#2220 = EDGE_CURVE ( 'NONE', #128, #1525, #2852, .T. ) ;
#2221 = CARTESIAN_POINT ( 'NONE',  ( 1.935758567210607239, 27.99999999999999645, 33.94284916839651345 ) ) ;
#2222 = DIRECTION ( 'NONE',  ( -0.000000000000000000, -1.000000000000000000, 0.000000000000000000 ) ) ;
#2223 = CARTESIAN_POINT ( 'NONE',  ( -30.38362457722950438, 0.9999999999999731326, 10.03232073629215826 ) ) ;
#2224 = VERTEX_POINT ( 'NONE', #3102 ) ;
#2225 = ORIENTED_EDGE ( 'NONE', *, *, #3958, .F. ) ;
#2226 = CARTESIAN_POINT ( 'NONE',  ( 6.510890133589049888, 29.99999999999997158, -28.59574269341550590 ) ) ;
#2227 = CARTESIAN_POINT ( 'NONE',  ( 7.321458899161427780, -84.94344718381945825, 29.19569261685241912 ) ) ;
#2228 = ORIENTED_EDGE ( 'NONE', *, *, #462, .F. ) ;
#2229 = CARTESIAN_POINT ( 'NONE',  ( 2.204634533212532777, 29.80277472312198839, -33.07762722543124312 ) ) ;
#2230 = CARTESIAN_POINT ( 'NONE',  ( 6.722234770207823118, 0.9999999999999453770, -28.77399219517000617 ) ) ;
#2231 = CARTESIAN_POINT ( 'NONE',  ( -6.930634915335446955, 0.9999999999999731326, -28.93272500840674866 ) ) ;
#2232 = VECTOR ( 'NONE', #1398, 1000.000000000000114 ) ;
#2233 = CARTESIAN_POINT ( 'NONE',  ( 23.55878325911099580, 1.000000000000000888, 6.725602675614390513 ) ) ;
#2234 = CARTESIAN_POINT ( 'NONE',  ( -1.972463098224201072, 28.27629378002496807, 34.42709860243068931 ) ) ;
#2235 = CARTESIAN_POINT ( 'NONE',  ( 10.17519104697180410, 0.9999999999999731326, 30.37003035081266944 ) ) ;
#2236 = EDGE_CURVE ( 'NONE', #2279, #618, #1873, .T. ) ;
#2237 = SURFACE_SIDE_STYLE ('',( #1983 ) ) ;
#2238 = CARTESIAN_POINT ( 'NONE',  ( 2.327952288819375770, 28.26739689911572384, -34.40984607722983668 ) ) ;
#2239 = CARTESIAN_POINT ( 'NONE',  ( 28.48305623129728303, 30.00000000000000000, 9.925942683783437914 ) ) ;
#2240 = CARTESIAN_POINT ( 'NONE',  ( -30.38384788904112810, 0.9999999999999731326, 9.964786583327109426 ) ) ;
#2241 = EDGE_LOOP ( 'NONE', ( #1511, #3823, #1529, #1637 ) ) ;
#2242 = B_SPLINE_SURFACE_WITH_KNOTS ( 'NONE', 3, 1, ( 
 ( #2326, #1036 ),
 ( #3241, #2250 ),
 ( #2946, #180 ),
 ( #2886, #3174 ),
 ( #2869, #112 ),
 ( #1658, #94 ),
 ( #2282, #744 ),
 ( #3786, #3204 ),
 ( #441, #2406 ),
 ( #2991, #1781 ),
 ( #2664, #1449 ) ),
 .UNSPECIFIED., .F., .F., .F.,
 ( 4, 2, 3, 2, 4 ),
 ( 2, 2 ),
 ( 0.000000000000000000, 5.064756352246999131E-05, 0.0001013217570566591166, 0.0001836075246521332808, 0.0002665837363817683122 ),
 ( 0.000000000000000000, 1.000000000000000000 ),
 .UNSPECIFIED. ) ;
#2243 = VERTEX_POINT ( 'NONE', #1850 ) ;
#2244 = FILL_AREA_STYLE_COLOUR ( '', #3776 ) ;
#2245 = DIRECTION ( 'NONE',  ( 0.000000000000000000, 0.000000000000000000, 1.000000000000000000 ) ) ;
#2246 = EDGE_LOOP ( 'NONE', ( #8, #3317, #2880, #1990, #380 ) ) ;
#2247 = COLOUR_RGB ( '',0.7921568627450980005, 0.8196078431372548767, 0.9333333333333333481 ) ;
#2248 = CARTESIAN_POINT ( 'NONE',  ( 10.21095861067619026, 1.000000000000000888, -30.36464536457465258 ) ) ;
#2249 = EDGE_CURVE ( 'NONE', #3834, #2279, #469, .T. ) ;
#2250 = CARTESIAN_POINT ( 'NONE',  ( -30.38379362306360676, 29.99999999999996447, 9.981669017286687762 ) ) ;
#2251 =( BOUNDED_SURFACE ( )  B_SPLINE_SURFACE ( 3, 2, ( 
 ( #2344, #1447, #1425 ),
 ( #1138, #2057, #2684 ),
 ( #546, #2096, #1489 ),
 ( #3407, #3644, #1799 ),
 ( #3983, #2140, #239 ),
 ( #2118, #2486, #3344 ),
 ( #2704, #632, #1778 ),
 ( #3091, #887, #1839 ),
 ( #2726, #3663, #3368 ),
 ( #1512, #592, #3962 ),
 ( #3939, #1183, #3324 ),
 ( #260, #3052, #3009 ),
 ( #2749, #942, #1557 ),
 ( #2783, #284, #615 ) ),
 .UNSPECIFIED., .F., .F., .T. ) 
 B_SPLINE_SURFACE_WITH_KNOTS ( ( 4, 2, 2, 2, 2, 2, 4 ),
 ( 3, 3 ),
 ( 0.000000000000000000, 0.0003218330252756480500, 0.0006436660505512960999, 0.0009654990758269442041, 0.001287332101102592200, 0.001930998151653888408, 0.002574664202205184400 ),
 ( 0.000000000000000000, 1.000000000000000000 ),
 .UNSPECIFIED. ) 
 GEOMETRIC_REPRESENTATION_ITEM ( )  RATIONAL_B_SPLINE_SURFACE ( (
 ( 1.000000000000000000, 0.7732729967801817983, 1.000000000000000000),
 ( 1.000000000000000000, 0.7732410363662189923, 1.000000000000000000),
 ( 1.000000000000000000, 0.7789467288632401232, 1.000000000000000000),
 ( 1.000000000000000000, 0.7987013580755637498, 1.000000000000000000),
 ( 1.000000000000000000, 0.8127786053161715207, 1.000000000000000000),
 ( 1.000000000000000000, 0.8432355413210720352, 1.000000000000000000),
 ( 1.000000000000000000, 0.8598960996726886519, 1.000000000000000000),
 ( 1.000000000000000000, 0.8916134207874820694, 1.000000000000000000),
 ( 1.000000000000000000, 0.9067141096427716596, 1.000000000000000000),
 ( 1.000000000000000000, 0.9477050751854696475, 1.000000000000000000),
 ( 1.000000000000000000, 0.9681880802216764614, 1.000000000000000000),
 ( 1.000000000000000000, 0.9943758006105634095, 1.000000000000000000),
 ( 1.000000000000000000, 0.9999528736625556968, 1.000000000000000000),
 ( 1.000000000000000000, 1.000000000000000000, 1.000000000000000000) ) ) 
 REPRESENTATION_ITEM ( '' )  SURFACE ( )  );
#2252 = AXIS2_PLACEMENT_3D ( 'NONE', #1353, #2580, #1684 ) ;
#2253 = CARTESIAN_POINT ( 'NONE',  ( 29.19602735579723074, 0.9999999999999731326, 7.321981095747922552 ) ) ;
#2254 = AXIS2_PLACEMENT_3D ( 'NONE', #2049, #2394, #3868 ) ;
#2255 = EDGE_CURVE ( 'NONE', #2264, #128, #1547, .T. ) ;
#2256 = DIRECTION ( 'NONE',  ( 0.000000000000000000, 1.000000000000000000, 0.000000000000000000 ) ) ;
#2257 = CARTESIAN_POINT ( 'NONE',  ( 30.38379362306357478, 0.9999999999999731326, -9.981669017286728618 ) ) ;
#2258 = CARTESIAN_POINT ( 'NONE',  ( 7.092616447670551771, 0.9999999999999731326, -29.04474560440991837 ) ) ;
#2259 = DIRECTION ( 'NONE',  ( -1.000000000000000000, 0.000000000000000000, 0.000000000000000000 ) ) ;
#2260 = EDGE_LOOP ( 'NONE', ( #2759, #2094, #821, #1853 ) ) ;
#2261 = DIRECTION ( 'NONE',  ( -0.000000000000000000, -1.000000000000000000, -0.000000000000000000 ) ) ;
#2262 = CARTESIAN_POINT ( 'NONE',  ( -10.03218404957407017, 29.99999999999997158, -30.38364035231600724 ) ) ;
#2263 = ADVANCED_FACE ( 'NONE', ( #2794 ), #2435, .F. ) ;
#2264 = VERTEX_POINT ( 'NONE', #353 ) ;
#2265 = CARTESIAN_POINT ( 'NONE',  ( 2.084371465164055692, 28.92198050397065856, 34.21446384786440120 ) ) ;
#2266 = FACE_OUTER_BOUND ( 'NONE', #3599, .T. ) ;
#2267 = CARTESIAN_POINT ( 'NONE',  ( 6.106563529583164396, 2.943876742175214112, -28.19931032608435473 ) ) ;
#2268 = DIRECTION ( 'NONE',  ( -0.8660254037844328234, 0.000000000000000000, 0.5000000000000101030 ) ) ;
#2269 = AXIS2_PLACEMENT_3D ( 'NONE', #1237, #3400, #1568 ) ;
#2270 = CARTESIAN_POINT ( 'NONE',  ( -10.03218404957407017, 0.9999999999999453770, -30.38364035231600724 ) ) ;
#2271 = DIRECTION ( 'NONE',  ( 0.000000000000000000, 1.000000000000000000, -0.000000000000000000 ) ) ;
#2272 = AXIS2_PLACEMENT_3D ( 'NONE', #2425, #2205, #1536 ) ;
#2273 = CARTESIAN_POINT ( 'NONE',  ( 7.321981095747801760, 0.9999999999999731326, -29.19602735579725561 ) ) ;
#2274 = CARTESIAN_POINT ( 'NONE',  ( 29.32085608747951255, 29.99999999999997158, 7.529954783968817011 ) ) ;
#2275 = ORIENTED_EDGE ( 'NONE', *, *, #3088, .F. ) ;
#2276 = CARTESIAN_POINT ( 'NONE',  ( -30.38362457722950438, 29.99999999999997158, 10.03232073629215826 ) ) ;
#2277 = CARTESIAN_POINT ( 'NONE',  ( 30.22765753340492267, 0.9999999999999453770, -9.506339185439877326 ) ) ;
#2278 = ORIENTED_EDGE ( 'NONE', *, *, #1900, .F. ) ;
#2279 = VERTEX_POINT ( 'NONE', #1291 ) ;
#2280 = CARTESIAN_POINT ( 'NONE',  ( 2.458884511073428314, 29.76071862448088012, 33.39001301294420188 ) ) ;
#2281 = EDGE_CURVE ( 'NONE', #3928, #1636, #3541, .T. ) ;
#2282 = CARTESIAN_POINT ( 'NONE',  ( -30.38092739730145553, 0.9999999999999453770, 10.09343860348541533 ) ) ;
#2283 = EDGE_CURVE ( 'NONE', #2139, #3811, #3488, .T. ) ;
#2284 = VECTOR ( 'NONE', #1885, 1000.000000000000000 ) ;
#2285 = CARTESIAN_POINT ( 'NONE',  ( -9.970099149685500706, 0.9999999999999453770, 30.38559715111326298 ) ) ;
#2286 = AXIS2_PLACEMENT_3D ( 'NONE', #1143, #2303, #786 ) ;
#2287 = VERTEX_POINT ( 'NONE', #1021 ) ;
#2288 = CARTESIAN_POINT ( 'NONE',  ( 29.67154670419889229, 0.9999999999999731326, -8.164928310215609386 ) ) ;
#2289 = CARTESIAN_POINT ( 'NONE',  ( -2.342730825854376420, 28.52822632129614178, -34.35578216971322973 ) ) ;
#2290 = CARTESIAN_POINT ( 'NONE',  ( 30.35833963587398898, 0.9999999999999731326, -10.22925332253780439 ) ) ;
#2291 = CARTESIAN_POINT ( 'NONE',  ( -1.354061739223345606, 30.00000000000000000, -33.85615338233036198 ) ) ;
#2292 = CARTESIAN_POINT ( 'NONE',  ( -30.38321444578816610, 0.9999999999999731326, 10.04921254276209019 ) ) ;
#2293 = VERTEX_POINT ( 'NONE', #2590 ) ;
#2294 = EDGE_CURVE ( 'NONE', #3928, #911, #1677, .T. ) ;
#2295 = CARTESIAN_POINT ( 'NONE',  ( 16.70994033486869412, 1.000000000000000888, -16.52355573129246835 ) ) ;
#2296 = CARTESIAN_POINT ( 'NONE',  ( 2.227621941714276410, 29.76274176144022476, 33.26003619909639042 ) ) ;
#2297 = ORIENTED_EDGE ( 'NONE', *, *, #718, .T. ) ;
#2298 = ORIENTED_EDGE ( 'NONE', *, *, #3831, .F. ) ;
#2299 = CARTESIAN_POINT ( 'NONE',  ( -29.19569261685225214, 29.99999999999996447, 7.321458899161582323 ) ) ;
#2300 = EDGE_CURVE ( 'NONE', #2044, #1814, #1935, .T. ) ;
#2301 = DIRECTION ( 'NONE',  ( 0.000000000000000000, 0.000000000000000000, 1.000000000000000000 ) ) ;
#2302 = CIRCLE ( 'NONE', #2181, 3.500000000000016875 ) ;
#2303 = DIRECTION ( 'NONE',  ( -0.000000000000000000, -1.000000000000000000, 0.000000000000000000 ) ) ;
#2304 = CARTESIAN_POINT ( 'NONE',  ( -6.510890133589464668, 0.9999999999999314992, 28.59574269341565866 ) ) ;
#2305 = EDGE_CURVE ( 'NONE', #2728, #3884, #1615, .T. ) ;
#2306 = CARTESIAN_POINT ( 'NONE',  ( 30.35833963587398898, 0.9999999999999731326, -10.22925332253780439 ) ) ;
#2307 = LINE ( 'NONE', #2629, #1007 ) ;
#2308 = VERTEX_POINT ( 'NONE', #1384 ) ;
#2309 = CARTESIAN_POINT ( 'NONE',  ( 29.32104738518525622, 0.9999999999999731326, -7.528651716482367640 ) ) ;
#2310 = DIRECTION ( 'NONE',  ( 0.000000000000000000, 1.000000000000000000, -0.000000000000000000 ) ) ;
#2311 = ADVANCED_FACE ( 'NONE', ( #2266 ), #2605, .T. ) ;
#2312 = CARTESIAN_POINT ( 'NONE',  ( -9.964637902584092544, -84.94344718381945825, -30.38379723437888558 ) ) ;
#2313 = ADVANCED_FACE ( 'NONE', ( #1327 ), #1976, .T. ) ;
#2314 = FACE_OUTER_BOUND ( 'NONE', #1112, .T. ) ;
#2315 = EDGE_CURVE ( 'NONE', #586, #1225, #425, .T. ) ;
#2316 = CARTESIAN_POINT ( 'NONE',  ( 30.38321444578816610, 29.99999999999997158, -10.04921254276279008 ) ) ;
#2317 = VERTEX_POINT ( 'NONE', #2625 ) ;
#2318 = STYLED_ITEM ( 'NONE', ( #201 ), #1430 ) ;
#2319 =( LENGTH_UNIT ( ) NAMED_UNIT ( * ) SI_UNIT ( .MILLI., .METRE. ) );
#2320 = TOROIDAL_SURFACE ( 'NONE', #2706, 32.50000000000000711, 2.000000000000000000 ) ;
#2321 = CARTESIAN_POINT ( 'NONE',  ( 30.06724980405524050, 29.99999999999996447, -9.048974470993119468 ) ) ;
#2322 = VERTEX_POINT ( 'NONE', #3802 ) ;
#2323 = ORIENTED_EDGE ( 'NONE', *, *, #2721, .T. ) ;
#2324 = LINE ( 'NONE', #2904, #3566 ) ;
#2325 = CARTESIAN_POINT ( 'NONE',  ( 28.83117271246066338, 29.99999999999997158, 6.794406156882573988 ) ) ;
#2326 = CARTESIAN_POINT ( 'NONE',  ( -30.38384788904112810, 0.9999999999999453770, 9.964786583327109426 ) ) ;
#2327 = LINE ( 'NONE', #486, #3134 ) ;
#2328 = CARTESIAN_POINT ( 'NONE',  ( -10.12064705216105587, 0.9999999999999731326, -30.37831597759071300 ) ) ;
#2329 = CARTESIAN_POINT ( 'NONE',  ( 28.71522592437725052, 0.9999999999999731326, 6.651431435420469107 ) ) ;
#2330 = CARTESIAN_POINT ( 'NONE',  ( 30.35833963587398898, 30.00000000000000000, -10.22925332253780439 ) ) ;
#2331 = B_SPLINE_SURFACE_WITH_KNOTS ( 'NONE', 3, 1, ( 
 ( #878, #3636 ),
 ( #900, #3043 ),
 ( #3358, #608 ),
 ( #2739, #3974 ),
 ( #3952, #3931 ),
 ( #579, #1173 ),
 ( #1217, #1832 ),
 ( #1196, #1504 ),
 ( #3063, #1811 ),
 ( #2415, #2131 ),
 ( #3675, #2715 ) ),
 .UNSPECIFIED., .F., .F., .F.,
 ( 4, 2, 3, 2, 4 ),
 ( 2, 2 ),
 ( 0.000000000000000000, 5.064756352296423164E-05, 0.0001013217570576487492, 0.0001836075246525922236, 0.0002665837363815135789 ),
 ( 0.000000000000000000, 1.000000000000000000 ),
 .UNSPECIFIED. ) ;
#2332 = ORIENTED_EDGE ( 'NONE', *, *, #3798, .T. ) ;
#2333 = CARTESIAN_POINT ( 'NONE',  ( 0.000000000000000000, 42.04006440356475593, 0.000000000000000000 ) ) ;
#2334 = PLANE ( 'NONE',  #1450 ) ;
#2335 = CARTESIAN_POINT ( 'NONE',  ( -28.65632581467998108, 29.99999999999997158, -6.580466847577087997 ) ) ;
#2336 = VECTOR ( 'NONE', #48, 1000.000000000000000 ) ;
#2337 = CARTESIAN_POINT ( 'NONE',  ( 0.000000000000000000, 1.000000000000000888, 0.000000000000000000 ) ) ;
#2338 = CARTESIAN_POINT ( 'NONE',  ( 29.19602735579723074, 0.9999999999999731326, 7.321981095747922552 ) ) ;
#2339 = ORIENTED_EDGE ( 'NONE', *, *, #1685, .T. ) ;
#2340 = EDGE_CURVE ( 'NONE', #2728, #2207, #1992, .T. ) ;
#2341 = DIRECTION ( 'NONE',  ( 0.7071067811865278108, 0.000000000000000000, 0.7071067811865673347 ) ) ;
#2342 = ORIENTED_EDGE ( 'NONE', *, *, #576, .T. ) ;
#2343 = ORIENTED_EDGE ( 'NONE', *, *, #3548, .T. ) ;
#2344 = CARTESIAN_POINT ( 'NONE',  ( 1.964225604963708793, 27.99999999999999645, 34.44203813838839778 ) ) ;
#2345 = CARTESIAN_POINT ( 'NONE',  ( 9.970099149685230699, 0.9999999999999453770, -30.38559715111330917 ) ) ;
#2346 = CARTESIAN_POINT ( 'NONE',  ( 0.000000000000000000, 0.000000000000000000, 0.000000000000000000 ) ) ;
#2347 = CARTESIAN_POINT ( 'NONE',  ( -7.737207013319847171, 0.9999999999999453770, -29.44400171597696314 ) ) ;
#2348 = CARTESIAN_POINT ( 'NONE',  ( -30.36464546912373308, -84.94344718381945825, -10.21095792046471828 ) ) ;
#2349 = CARTESIAN_POINT ( 'NONE',  ( 4.028644991885983018, 1.000000000000004219, -26.12554922451306538 ) ) ;
#2350 = CARTESIAN_POINT ( 'NONE',  ( 28.94086890595257699, 0.9999999999999453770, 6.941653848079779365 ) ) ;
#2351 = EDGE_LOOP ( 'NONE', ( #556, #2903, #446, #2770 ) ) ;
#2352 = CARTESIAN_POINT ( 'NONE',  ( -2.092007263511689086, 29.63886136606727106, 33.42733929151152950 ) ) ;
#2353 = CARTESIAN_POINT ( 'NONE',  ( -2.977424428356045372, 0.000000000000000000, 5.157050385609501575 ) ) ;
#2354 = DIRECTION ( 'NONE',  ( 0.000000000000000000, 1.000000000000000000, -0.000000000000000000 ) ) ;
#2355 = CARTESIAN_POINT ( 'NONE',  ( 0.000000000000000000, 42.04006440356475593, 0.000000000000000000 ) ) ;
#2356 = VERTEX_POINT ( 'NONE', #3221 ) ;
#2357 = CIRCLE ( 'NONE', #3187, 25.70000000000000639 ) ;
#2358 = CARTESIAN_POINT ( 'NONE',  ( -6.703064567619008152, 29.99999999999996447, -28.75901578155334803 ) ) ;
#2359 = ORIENTED_EDGE ( 'NONE', *, *, #1017, .F. ) ;
#2360 = EDGE_LOOP ( 'NONE', ( #2782, #1986, #1819, #1091 ) ) ;
#2361 = CARTESIAN_POINT ( 'NONE',  ( -28.69713255725310930, 29.99999999999996447, 6.629600024815992754 ) ) ;
#2362 = CARTESIAN_POINT ( 'NONE',  ( 0.0001111364302131684356, -84.94344718381945825, -0.0001111640847081818428 ) ) ;
#2363 = B_SPLINE_SURFACE_WITH_KNOTS ( 'NONE', 3, 1, ( 
 ( #3856, #3603 ),
 ( #2382, #3521 ),
 ( #843, #1738 ),
 ( #763, #130 ),
 ( #2964, #3561 ),
 ( #523, #3817 ),
 ( #196, #217 ),
 ( #1693, #3835 ) ),
 .UNSPECIFIED., .F., .F., .F.,
 ( 4, 2, 2, 4 ),
 ( 2, 2 ),
 ( 0.000000000000000000, 0.2499999999999992228, 0.4999999999999984457, 1.000000000000000000 ),
 ( 0.000000000000000000, 1.000000000000000000 ),
 .UNSPECIFIED. ) ;
#2364 = CARTESIAN_POINT ( 'NONE',  ( 0.000000000000000000, 0.000000000000000000, 0.000000000000000000 ) ) ;
#2365 = DIRECTION ( 'NONE',  ( 0.000000000000000000, 1.000000000000000000, -0.000000000000000000 ) ) ;
#2366 = CARTESIAN_POINT ( 'NONE',  ( -9.964637902584092544, 0.9999999999999453770, -30.38379723437888558 ) ) ;
#2367 = CARTESIAN_POINT ( 'NONE',  ( -5.954848856712186667, 42.04006440356475593, 22.73301069136496011 ) ) ;
#2368 = EDGE_CURVE ( 'NONE', #3684, #329, #2458, .T. ) ;
#2369 = ORIENTED_EDGE ( 'NONE', *, *, #3798, .F. ) ;
#2370 = CARTESIAN_POINT ( 'NONE',  ( -1.717480856562974223, 28.67117263494342794, -34.35963029327559326 ) ) ;
#2371 = UNCERTAINTY_MEASURE_WITH_UNIT (LENGTH_MEASURE( 1.000000000000000082E-05 ), #1243, 'distance_accuracy_value', 'NONE');
#2372 = CARTESIAN_POINT ( 'NONE',  ( 9.970099149685200501, 30.00000000000000000, -30.38559715111193427 ) ) ;
#2373 = DIRECTION ( 'NONE',  ( 0.000000000000000000, 0.000000000000000000, 1.000000000000000000 ) ) ;
#2374 = DIRECTION ( 'NONE',  ( 0.000000000000000000, 0.000000000000000000, 1.000000000000000000 ) ) ;
#2375 = CARTESIAN_POINT ( 'NONE',  ( -28.33118771292074101, 3.562208078040855597, 6.238452605683241003 ) ) ;
#2376 = ORIENTED_EDGE ( 'NONE', *, *, #970, .F. ) ;
#2377 = AXIS2_PLACEMENT_3D ( 'NONE', #473, #517, #3574 ) ;
#2378 = EDGE_CURVE ( 'NONE', #3960, #687, #903, .T. ) ;
#2379 = CARTESIAN_POINT ( 'NONE',  ( 29.03983865805451714, 0.9999999999999731326, -7.085501934475169961 ) ) ;
#2380 = EDGE_LOOP ( 'NONE', ( #1899, #2962, #3111, #3152, #1423 ) ) ;
#2381 = ORIENTED_EDGE ( 'NONE', *, *, #3036, .F. ) ;
#2382 = CARTESIAN_POINT ( 'NONE',  ( 7.528651716482187339, 0.9999999999999176215, 29.32104738518541254 ) ) ;
#2383 = DIRECTION ( 'NONE',  ( -0.000000000000000000, 1.000000000000000000, -0.000000000000000000 ) ) ;
#2384 = MECHANICAL_DESIGN_GEOMETRIC_PRESENTATION_REPRESENTATION (  '', ( #1548 ), #3414 ) ;
#2385 = VECTOR ( 'NONE', #3328, 1000.000000000000000 ) ;
#2386 = CARTESIAN_POINT ( 'NONE',  ( -7.321458899161518374, 0.9999999999999731326, -29.19569261685230543 ) ) ;
#2387 = ADVANCED_FACE ( 'NONE', ( #2924 ), #2242, .F. ) ;
#2388 = CARTESIAN_POINT ( 'NONE',  ( 28.53424220848890158, 0.9999999999999453770, 6.442166876943983489 ) ) ;
#2389 = CARTESIAN_POINT ( 'NONE',  ( -30.38559715111199111, 1.000000000000000888, -9.970099149685163198 ) ) ;
#2390 = SURFACE_STYLE_USAGE ( .BOTH. , #1144 ) ;
#2391 = CARTESIAN_POINT ( 'NONE',  ( 10.17519104697180410, 0.9999999999999314992, 30.37003035081266944 ) ) ;
#2392 = ORIENTED_EDGE ( 'NONE', *, *, #2552, .T. ) ;
#2393 = CARTESIAN_POINT ( 'NONE',  ( 1.084202172485504434E-16, 0.000000000000000000, 34.44567992468615358 ) ) ;
#2394 = DIRECTION ( 'NONE',  ( 0.000000000000000000, 1.000000000000000000, -0.000000000000000000 ) ) ;
#2395 = FACE_OUTER_BOUND ( 'NONE', #194, .T. ) ;
#2396 = CARTESIAN_POINT ( 'NONE',  ( 28.05562258611639948, 2.563450409371359484, 5.962587727214580191 ) ) ;
#2397 = ORIENTED_EDGE ( 'NONE', *, *, #2340, .T. ) ;
#2398 = AXIS2_PLACEMENT_3D ( 'NONE', #1732, #2354, #1792 ) ;
#2399 = CARTESIAN_POINT ( 'NONE',  ( -6.556154702997732286, 29.99999999999996447, -28.63526552384551493 ) ) ;
#2400 = ORIENTED_EDGE ( 'NONE', *, *, #852, .T. ) ;
#2401 = ORIENTED_EDGE ( 'NONE', *, *, #3831, .T. ) ;
#2402 = LINE ( 'NONE', #2469, #87 ) ;
#2403 = CARTESIAN_POINT ( 'NONE',  ( 7.529954783968749510, 29.99999999999996447, -29.32085608747946992 ) ) ;
#2404 = ORIENTED_EDGE ( 'NONE', *, *, #409, .F. ) ;
#2405 = AXIS2_PLACEMENT_3D ( 'NONE', #706, #2822, #49 ) ;
#2406 = CARTESIAN_POINT ( 'NONE',  ( -30.37003035081242075, 29.99999999999996447, 10.17519104697265675 ) ) ;
#2407 = CARTESIAN_POINT ( 'NONE',  ( -28.05562258611640303, 2.563450409371363925, -5.962587727214587296 ) ) ;
#2408 = CARTESIAN_POINT ( 'NONE',  ( -30.06724980405526537, 29.99999999999997158, 9.048974470993188746 ) ) ;
#2409 = ADVANCED_FACE ( 'NONE', ( #549 ), #1186, .F. ) ;
#2410 = SURFACE_STYLE_FILL_AREA ( #3881 ) ;
#2411 = CARTESIAN_POINT ( 'NONE',  ( 5.317347541144669343, 1.644956764358244117, -27.41167337695944894 ) ) ;
#2412 = CARTESIAN_POINT ( 'NONE',  ( -28.83117271246065272, 0.9999999999999453770, -6.794406156882558889 ) ) ;
#2413 = ORIENTED_EDGE ( 'NONE', *, *, #234, .F. ) ;
#2414 = CARTESIAN_POINT ( 'NONE',  ( -1.646347122882486858, 28.17669395708247393, -34.46939161018030973 ) ) ;
#2415 = CARTESIAN_POINT ( 'NONE',  ( 30.36432714282592116, 0.9999999999999453770, -10.20227232083340496 ) ) ;
#2416 = B_SPLINE_CURVE_WITH_KNOTS ( 'NONE', 3,
 ( #2290, #751, #1683, #976, #3495, #3211, #81, #1967, #1316, #2257, #3775 ),
 .UNSPECIFIED., .F., .F.,
 ( 4, 2, 3, 2, 4 ),
 ( 0.000000000000000000, 8.297621172892135537E-05, 0.0001652619793238648297, 0.0002159361728585493473, 0.0002665837363815135789 ),
 .UNSPECIFIED. ) ;
#2417 = FACE_OUTER_BOUND ( 'NONE', #438, .T. ) ;
#2418 = CARTESIAN_POINT ( 'NONE',  ( -7.321981095748312462, 29.99999999999996447, 29.19602735579720232 ) ) ;
#2419 = ORIENTED_EDGE ( 'NONE', *, *, #852, .F. ) ;
#2420 = CIRCLE ( 'NONE', #1771, 32.03546292528194783 ) ;
#2421 = CARTESIAN_POINT ( 'NONE',  ( 28.69713255725310219, 0.9999999999999731326, -6.629600024815990089 ) ) ;
#2422 = VERTEX_POINT ( 'NONE', #3263 ) ;
#2423 = ORIENTED_EDGE ( 'NONE', *, *, #1174, .T. ) ;
#2424 = DIRECTION ( 'NONE',  ( -0.8660254037844397068, 0.000000000000000000, -0.4999999999999979461 ) ) ;
#2425 = CARTESIAN_POINT ( 'NONE',  ( 28.35132035200713929, -84.94344718381945825, -6.258585244769649059 ) ) ;
#2426 = VECTOR ( 'NONE', #1244, 1000.000000000000000 ) ;
#2427 = EDGE_CURVE ( 'NONE', #3348, #886, #1096, .T. ) ;
#2428 = EDGE_LOOP ( 'NONE', ( #2162, #3855, #3327, #3201 ) ) ;
#2429 = CARTESIAN_POINT ( 'NONE',  ( 10.22925332253684338, -84.94344718381945825, 30.35833963587420925 ) ) ;
#2430 = LINE ( 'NONE', #1451, #2807 ) ;
#2431 = CARTESIAN_POINT ( 'NONE',  ( -30.38384788904112810, 0.9999999999999453770, 9.964786583327109426 ) ) ;
#2432 = EDGE_CURVE ( 'NONE', #1814, #1599, #804, .T. ) ;
#2433 = EDGE_CURVE ( 'NONE', #2243, #3928, #1708, .T. ) ;
#2434 = CARTESIAN_POINT ( 'NONE',  ( -28.77399219517007722, 29.99999999999996447, -6.722234770207779597 ) ) ;
#2435 = B_SPLINE_SURFACE_WITH_KNOTS ( 'NONE', 3, 1, ( 
 ( #1235, #2479 ),
 ( #623, #3398 ),
 ( #677, #3694 ),
 ( #1272, #3734 ),
 ( #1870, #1889 ),
 ( #1606, #658 ),
 ( #2495, #3715 ),
 ( #969, #59 ),
 ( #933, #2214 ),
 ( #3771, #953 ),
 ( #335, #988 ),
 ( #2191, #3418 ),
 ( #3122, #3437 ) ),
 .UNSPECIFIED., .F., .F., .F.,
 ( 4, 3, 3, 3, 4 ),
 ( 2, 2 ),
 ( 0.000000000000000000, 0.0002880897535075348497, 0.0005762955664817565743, 0.0008586892435975302133, 0.001141441485237627840 ),
 ( 0.000000000000000000, 1.000000000000000000 ),
 .UNSPECIFIED. ) ;
#2436 = ORIENTED_EDGE ( 'NONE', *, *, #877, .F. ) ;
#2437 = CARTESIAN_POINT ( 'NONE',  ( -3.425026790108451458, 1.000000000000000000, -1.034884028326199694E-15 ) ) ;
#2438 = EDGE_CURVE ( 'NONE', #618, #293, #1739, .T. ) ;
#2439 = DIRECTION ( 'NONE',  ( 0.8660254037844328234, -0.000000000000000000, -0.5000000000000101030 ) ) ;
#2440 = MECHANICAL_DESIGN_GEOMETRIC_PRESENTATION_REPRESENTATION (  '', ( #2318 ), #1726 ) ;
#2441 = VECTOR ( 'NONE', #3491, 1000.000000000000000 ) ;
#2442 = LINE ( 'NONE', #1505, #531 ) ;
#2443 = CARTESIAN_POINT ( 'NONE',  ( 27.96747492448592354, 2.383688079485408284, 5.874263348857862610 ) ) ;
#2444 = ORIENTED_EDGE ( 'NONE', *, *, #2132, .F. ) ;
#2445 = LINE ( 'NONE', #3959, #3953 ) ;
#2446 = EDGE_LOOP ( 'NONE', ( #381, #1052, #3865, #2921 ) ) ;
#2447 = VERTEX_POINT ( 'NONE', #596 ) ;
#2448 = DIRECTION ( 'NONE',  ( -0.000000000000000000, -1.000000000000000000, -0.000000000000000000 ) ) ;
#2449 = CARTESIAN_POINT ( 'NONE',  ( -30.38559715111199111, 1.000000000000000888, -9.970099149685163198 ) ) ;
#2450 = ORIENTED_EDGE ( 'NONE', *, *, #2220, .F. ) ;
#2451 = ADVANCED_FACE ( 'NONE', ( #3349 ), #2967, .F. ) ;
#2452 = DIRECTION ( 'NONE',  ( 0.000000000000000000, -1.000000000000000000, -0.000000000000000000 ) ) ;
#2453 = DIRECTION ( 'NONE',  ( 0.000000000000000000, 1.000000000000000000, -0.000000000000000000 ) ) ;
#2454 = CARTESIAN_POINT ( 'NONE',  ( -4.336808689942017736E-16, 0.000000000000000000, -0.002000791051989803115 ) ) ;
#2455 = CARTESIAN_POINT ( 'NONE',  ( 7.321981095747801760, 30.00000000000000000, -29.19602735579725561 ) ) ;
#2456 = AXIS2_PLACEMENT_3D ( 'NONE', #392, #1696, #3754 ) ;
#2457 = CARTESIAN_POINT ( 'NONE',  ( 9.998551471870671392, 0.9999999999999314992, 30.38374542505954423 ) ) ;
#2458 = CIRCLE ( 'NONE', #388, 23.50000000000000000 ) ;
#2459 = ORIENTED_EDGE ( 'NONE', *, *, #934, .T. ) ;
#2460 = LINE ( 'NONE', #2107, #1649 ) ;
#2461 = CARTESIAN_POINT ( 'NONE',  ( -6.703064567619008152, 29.99999999999997158, -28.75901578155334803 ) ) ;
#2462 = CARTESIAN_POINT ( 'NONE',  ( -28.63526552384579560, 0.9999999999999731326, 6.556154702998174599 ) ) ;
#2463 = ORIENTED_EDGE ( 'NONE', *, *, #3001, .T. ) ;
#2464 = DIRECTION ( 'NONE',  ( -0.000000000000000000, 1.000000000000000000, 0.000000000000000000 ) ) ;
#2465 = CARTESIAN_POINT ( 'NONE',  ( 10.17519104697180410, 29.99999999999997158, 30.37003035081266944 ) ) ;
#2466 = CARTESIAN_POINT ( 'NONE',  ( 6.794406156882597969, 0.9999999999999731326, -28.83117271246058877 ) ) ;
#2467 = ADVANCED_FACE ( 'NONE', ( #1162 ), #1493, .F. ) ;
#2468 = EDGE_LOOP ( 'NONE', ( #3949, #2339, #1883, #3296 ) ) ;
#2469 = CARTESIAN_POINT ( 'NONE',  ( -30.35833963587382911, -84.94344718381945825, 10.22925332253816677 ) ) ;
#2470 = CARTESIAN_POINT ( 'NONE',  ( -8.386314982653351180, 0.9999999999999731326, 29.77603499932953568 ) ) ;
#2471 = ORIENTED_EDGE ( 'NONE', *, *, #2305, .F. ) ;
#2472 = EDGE_LOOP ( 'NONE', ( #2542, #3095, #1777, #457 ) ) ;
#2473 = VECTOR ( 'NONE', #3716, 1000.000000000000114 ) ;
#2474 = FACE_OUTER_BOUND ( 'NONE', #366, .T. ) ;
#2475 = CIRCLE ( 'NONE', #3363, 34.50000000000000711 ) ;
#2476 = DIRECTION ( 'NONE',  ( 0.8660254037844432595, 0.000000000000000000, 0.4999999999999919509 ) ) ;
#2477 = CARTESIAN_POINT ( 'NONE',  ( -1.869509394622781207, 29.35306291548652169, 33.67572974213687331 ) ) ;
#2478 = CARTESIAN_POINT ( 'NONE',  ( -1.964225604963706795, 27.99999999999999645, 34.44203813838839068 ) ) ;
#2479 = CARTESIAN_POINT ( 'NONE',  ( 6.413678643489684639, 29.99999999999996447, 28.50641375072754613 ) ) ;
#2480 = CARTESIAN_POINT ( 'NONE',  ( 2.324135821055051565, 27.99999999999999645, -34.42362760741976757 ) ) ;
#2481 = CARTESIAN_POINT ( 'NONE',  ( 6.629600024815351489, 0.9999999999999453770, 28.69713255725288192 ) ) ;
#2482 = ORIENTED_EDGE ( 'NONE', *, *, #1789, .F. ) ;
#2483 = CARTESIAN_POINT ( 'NONE',  ( -29.32104738518525266, 0.9999999999999731326, 7.528651716482368528 ) ) ;
#2484 = CARTESIAN_POINT ( 'NONE',  ( -3.425026790108451458, 4.000000000000003553, -1.034884028326199694E-15 ) ) ;
#2485 = CARTESIAN_POINT ( 'NONE',  ( -2.324135821055052453, 28.13482811358763058, -34.42362760741977468 ) ) ;
#2486 = CARTESIAN_POINT ( 'NONE',  ( 1.788376263272986710, 29.04274561519724429, 34.16857803069030552 ) ) ;
#2487 = CARTESIAN_POINT ( 'NONE',  ( -7.321458899161518374, 30.00000000000000000, -29.19569261685230543 ) ) ;
#2488 = VERTEX_POINT ( 'NONE', #866 ) ;
#2489 = ORIENTED_EDGE ( 'NONE', *, *, #2796, .T. ) ;
#2490 = AXIS2_PLACEMENT_3D ( 'NONE', #2086, #3018, #2714 ) ;
#2491 = CARTESIAN_POINT ( 'NONE',  ( -28.35132035200713929, -84.94344718381945825, 6.258585244769649059 ) ) ;
#2492 = LINE ( 'NONE', #33, #3951 ) ;
#2493 = CARTESIAN_POINT ( 'NONE',  ( -29.67154670419890650, 29.99999999999997158, 8.164928310215648466 ) ) ;
#2494 = CARTESIAN_POINT ( 'NONE',  ( -1.964225614587291169, 28.14545051621880134, 34.44203813783959589 ) ) ;
#2495 = CARTESIAN_POINT ( 'NONE',  ( 6.855257921795091747, 0.9999999999999176215, 28.87634658020565581 ) ) ;
#2496 = EDGE_CURVE ( 'NONE', #2116, #2621, #2077, .T. ) ;
#2497 = ADVANCED_FACE ( 'NONE', ( #3563 ), #1515, .F. ) ;
#2498 = CARTESIAN_POINT ( 'NONE',  ( 5.954848856712624539, 42.04006440356475593, 22.73301069136484642 ) ) ;
#2499 = CARTESIAN_POINT ( 'NONE',  ( -6.510890133589464668, 29.99999999999996447, 28.59574269341565866 ) ) ;
#2500 = CARTESIAN_POINT ( 'NONE',  ( -28.53424220848886605, 0.9999999999999731326, -6.442166876943946185 ) ) ;
#2501 = CARTESIAN_POINT ( 'NONE',  ( -4.336808689942017736E-16, 0.000000000000000000, -0.002000791051989803115 ) ) ;
#2502 = DIRECTION ( 'NONE',  ( 0.7078145135131562737, 0.000000000000000000, -0.7063983397914621598 ) ) ;
#2503 = CARTESIAN_POINT ( 'NONE',  ( -1.439456696439874284, 28.65406674158657196, -33.79071235227193881 ) ) ;
#2504 = CARTESIAN_POINT ( 'NONE',  ( 28.81881438418740160, 29.99999999999995737, -6.778338360431559018 ) ) ;
#2505 = FACE_OUTER_BOUND ( 'NONE', #1998, .T. ) ;
#2506 = EDGE_LOOP ( 'NONE', ( #2482, #2297, #1540, #3085 ) ) ;
#2507 = EDGE_CURVE ( 'NONE', #1029, #907, #826, .T. ) ;
#2508 = ORIENTED_EDGE ( 'NONE', *, *, #3504, .T. ) ;
#2509 = DIRECTION ( 'NONE',  ( 0.000000000000000000, 0.000000000000000000, -1.000000000000000000 ) ) ;
#2510 = CLOSED_SHELL ( 'NONE', ( #1163, #2467, #2497, #3103, #3016, #1475 ) ) ;
#2511 = CARTESIAN_POINT ( 'NONE',  ( 0.0001111640846335887334, 1.000000000000000888, 0.0001111364300032668950 ) ) ;
#2512 = DIRECTION ( 'NONE',  ( -0.000000000000000000, 1.000000000000000000, -0.000000000000000000 ) ) ;
#2513 = CARTESIAN_POINT ( 'NONE',  ( -30.38384788904112810, 0.9999999999999731326, 9.964786583327109426 ) ) ;
#2514 = EDGE_CURVE ( 'NONE', #3745, #3337, #3532, .T. ) ;
#2515 = CARTESIAN_POINT ( 'NONE',  ( -4.915659814735962030, 1.334762719640585571, -27.00839492197352243 ) ) ;
#2516 = CARTESIAN_POINT ( 'NONE',  ( 2.405692671724383391, 29.05957380284819891, -34.11878291499899518 ) ) ;
#2517 = CIRCLE ( 'NONE', #444, 24.50000000000000000 ) ;
#2518 = CARTESIAN_POINT ( 'NONE',  ( -2.779618393908827478, 30.00000000000001421, 32.50622559935784750 ) ) ;
#2519 = DIRECTION ( 'NONE',  ( -0.000000000000000000, 1.000000000000000000, -0.000000000000000000 ) ) ;
#2520 = CARTESIAN_POINT ( 'NONE',  ( -5.317347541144844314, 1.644956764358241896, 27.41167337695941697 ) ) ;
#2521 = B_SPLINE_CURVE_WITH_KNOTS ( 'NONE', 3,
 ( #1461, #1769, #232, #496, #2316, #755, #2957, #3004, #3295, #2051, #2936 ),
 .UNSPECIFIED., .F., .F.,
 ( 4, 2, 3, 2, 4 ),
 ( 0.000000000000000000, 0.1899874471354900674, 0.3800747878807019808, 0.6887424084634616861, 1.000000000000000000 ),
 .UNSPECIFIED. ) ;
#2522 = CARTESIAN_POINT ( 'NONE',  ( 0.000000000000000000, 1.000000000000000888, 0.000000000000000000 ) ) ;
#2523 = CARTESIAN_POINT ( 'NONE',  ( 5.187838340983194740, 1.529868608434874488, 27.28057344822099139 ) ) ;
#2524 = CARTESIAN_POINT ( 'NONE',  ( 29.19602735579723074, 30.00000000000000000, 7.321981095747922552 ) ) ;
#2525 = EDGE_LOOP ( 'NONE', ( #727, #1858, #3852 ) ) ;
#2526 = VERTEX_POINT ( 'NONE', #1758 ) ;
#2527 = DIRECTION ( 'NONE',  ( -0.000000000000000000, 1.000000000000000000, -0.000000000000000000 ) ) ;
#2528 = CARTESIAN_POINT ( 'NONE',  ( -27.00860869104230488, 1.334648624111952175, -4.913474798944994504 ) ) ;
#2529 = CARTESIAN_POINT ( 'NONE',  ( 2.453567387953426326, 29.94986226267107909, -32.80065443202566655 ) ) ;
#2530 = CARTESIAN_POINT ( 'NONE',  ( 7.245099044916780251, 29.99999999999996447, -29.14625379919608861 ) ) ;
#2531 = AXIS2_PLACEMENT_3D ( 'NONE', #1916, #2222, #1936 ) ;
#2532 = CARTESIAN_POINT ( 'NONE',  ( -7.163479273359776300, 0.9999999999999731326, -29.09279771691767280 ) ) ;
#2533 = B_SPLINE_SURFACE_WITH_KNOTS ( 'NONE', 3, 1, ( 
 ( #2575, #3189 ),
 ( #1347, #1080 ),
 ( #2592, #3549 ),
 ( #489, #3864 ),
 ( #1101, #3509 ),
 ( #2350, #3568 ),
 ( #810, #2043 ),
 ( #1844, #2060 ),
 ( #828, #2147 ),
 ( #3034, #846 ),
 ( #243, #3373 ),
 ( #2388, #264 ) ),
 .UNSPECIFIED., .F., .F., .F.,
 ( 4, 3, 2, 3, 4 ),
 ( 2, 2 ),
 ( 0.000000000000000000, 0.0002747622792350560943, 0.0005496069384746931491, 0.0008257026577709827451, 0.001102397151945407180 ),
 ( 0.000000000000000000, 1.000000000000000000 ),
 .UNSPECIFIED. ) ;
#2534 = EDGE_CURVE ( 'NONE', #31, #3389, #891, .T. ) ;
#2535 = CARTESIAN_POINT ( 'NONE',  ( 1.713156983157095192, 29.27586727908396824, -33.56143798266160871 ) ) ;
#2536 = CARTESIAN_POINT ( 'NONE',  ( -2.118802596154083062, 29.03918898866305298, 34.14625399512993198 ) ) ;
#2537 = CARTESIAN_POINT ( 'NONE',  ( -30.22765753340497596, 0.9999999999999731326, 9.506339185439978579 ) ) ;
#2538 = DIRECTION ( 'NONE',  ( -1.776356819049523107E-15, 0.000000000000000000, 1.000000000000000000 ) ) ;
#2539 = CARTESIAN_POINT ( 'NONE',  ( 2.736756987059579593, 29.99999999999999645, -32.64624079569798454 ) ) ;
#2540 = CARTESIAN_POINT ( 'NONE',  ( 9.970099149685200501, 1.000000000000000888, -30.38559715111193427 ) ) ;
#2541 = CARTESIAN_POINT ( 'NONE',  ( 29.19602735579723074, 0.9999999999999453770, 7.321981095747922552 ) ) ;
#2542 = ORIENTED_EDGE ( 'NONE', *, *, #870, .T. ) ;
#2543 = EDGE_CURVE ( 'NONE', #2630, #321, #1469, .T. ) ;
#2544 = ORIENTED_EDGE ( 'NONE', *, *, #229, .T. ) ;
#2545 = LINE ( 'NONE', #1050, #889 ) ;
#2546 = CARTESIAN_POINT ( 'NONE',  ( -25.81805331643795043, 1.000000000000000000, -3.720532621964740994 ) ) ;
#2547 = ORIENTED_EDGE ( 'NONE', *, *, #3695, .T. ) ;
#2548 = FACE_OUTER_BOUND ( 'NONE', #129, .T. ) ;
#2549 = CARTESIAN_POINT ( 'NONE',  ( 6.794406156882597969, 29.99999999999996447, -28.83117271246058877 ) ) ;
#2550 = CARTESIAN_POINT ( 'NONE',  ( -6.258585244769557576, 3.780666587085308894, -28.35132035200717127 ) ) ;
#2551 = VECTOR ( 'NONE', #1288, 1000.000000000000000 ) ;
#2552 = EDGE_CURVE ( 'NONE', #742, #3168, #571, .T. ) ;
#2553 = VECTOR ( 'NONE', #3721, 1000.000000000000114 ) ;
#2554 = TOROIDAL_SURFACE ( 'NONE', #3074, 22.70000000000000995, 3.000000000000000000 ) ;
#2555 = CARTESIAN_POINT ( 'NONE',  ( 2.689288898725784804, 29.95444946554290411, -32.88523512434391449 ) ) ;
#2556 = CARTESIAN_POINT ( 'NONE',  ( -6.794406156883030512, 29.99999999999996447, 28.83117271246070956 ) ) ;
#2557 = CARTESIAN_POINT ( 'NONE',  ( -10.20216681071684128, 0.9999999999999453770, -30.36448082342048949 ) ) ;
#2558 = CARTESIAN_POINT ( 'NONE',  ( -4.329994846067049430, 1.060679341845504497, 26.42629614708350871 ) ) ;
#2559 = EDGE_CURVE ( 'NONE', #1033, #3560, #1286, .T. ) ;
#2560 = CARTESIAN_POINT ( 'NONE',  ( -17.60393440239823448, 0.000000000000000000, 17.03970344683439819 ) ) ;
#2561 = CARTESIAN_POINT ( 'NONE',  ( 3.724636050745396609, 1.000000000000000888, 25.81737115798310711 ) ) ;
#2562 = LINE ( 'NONE', #3779, #535 ) ;
#2563 = ORIENTED_EDGE ( 'NONE', *, *, #2432, .F. ) ;
#2564 = DIRECTION ( 'NONE',  ( 0.000000000000000000, 1.000000000000000000, 0.000000000000000000 ) ) ;
#2565 = AXIS2_PLACEMENT_3D ( 'NONE', #573, #3630, #2188 ) ;
#2566 = CARTESIAN_POINT ( 'NONE',  ( -9.964637902584092544, 30.00000000000000000, -30.38379723437888558 ) ) ;
#2567 = ORIENTED_EDGE ( 'NONE', *, *, #2433, .F. ) ;
#2568 = CIRCLE ( 'NONE', #3830, 23.50000000000000000 ) ;
#2569 = CARTESIAN_POINT ( 'NONE',  ( -4.336808689942017736E-16, 27.99999999999999645, -0.002000791051989803115 ) ) ;
#2570 = ADVANCED_FACE ( 'NONE', ( #2826 ), #331, .T. ) ;
#2571 = B_SPLINE_CURVE_WITH_KNOTS ( 'NONE', 3,
 ( #816, #168, #3278, #1395, #775, #2006, #2636, #3851, #1087, #3555, #796, #1419, #2656, #2375, #2, #3639 ),
 .UNSPECIFIED., .F., .F.,
 ( 4, 2, 2, 2, 2, 2, 2, 4 ),
 ( 0.000000000000000000, 0.001287391582577144871, 0.001931087373865717199, 0.002574783165154289743, 0.003218478956442862287, 0.003862174747731434397, 0.004505870539020006942, 0.005149566330308579486 ),
 .UNSPECIFIED. ) ;
#2572 = DIRECTION ( 'NONE',  ( -0.000000000000000000, -1.000000000000000000, 0.000000000000000000 ) ) ;
#2573 = VECTOR ( 'NONE', #3480, 1000.000000000000000 ) ;
#2574 = CARTESIAN_POINT ( 'NONE',  ( -9.510733381963815347, 0.9999999999999453770, 30.22962318698077411 ) ) ;
#2575 = CARTESIAN_POINT ( 'NONE',  ( 29.19602735579723074, 0.9999999999999453770, 7.321981095747923440 ) ) ;
#2576 = DIRECTION ( 'NONE',  ( -0.000000000000000000, 1.000000000000000000, -0.000000000000000000 ) ) ;
#2577 = AXIS2_PLACEMENT_3D ( 'NONE', #2634, #1085, #559 ) ;
#2578 = LINE ( 'NONE', #3791, #92 ) ;
#2579 =( NAMED_UNIT ( * ) SI_UNIT ( $, .STERADIAN. ) SOLID_ANGLE_UNIT ( ) );
#2580 = DIRECTION ( 'NONE',  ( 0.000000000000000000, 1.000000000000000000, -0.000000000000000000 ) ) ;
#2581 = ADVANCED_FACE ( 'NONE', ( #2474 ), #2320, .T. ) ;
#2582 = CARTESIAN_POINT ( 'NONE',  ( 30.22962318698085227, 29.99999999999997158, 9.510733381963396127 ) ) ;
#2583 = ORIENTED_EDGE ( 'NONE', *, *, #603, .T. ) ;
#2584 = CARTESIAN_POINT ( 'NONE',  ( 28.35126156015495624, -84.94344718381945825, 6.258819392547216864 ) ) ;
#2585 = EDGE_CURVE ( 'NONE', #748, #1798, #3212, .T. ) ;
#2586 = CARTESIAN_POINT ( 'NONE',  ( 29.44401500664186955, 0.9999999999999453770, -7.737229666197828593 ) ) ;
#2587 = ORIENTED_EDGE ( 'NONE', *, *, #2559, .F. ) ;
#2588 = ORIENTED_EDGE ( 'NONE', *, *, #2496, .F. ) ;
#2589 = CARTESIAN_POINT ( 'NONE',  ( 2.645002637005701374, 29.95075132205526458, 32.90144956392992981 ) ) ;
#2590 = CARTESIAN_POINT ( 'NONE',  ( 5.954848856712624539, 0.000000000000000000, 23.76530612244892637 ) ) ;
#2591 = CARTESIAN_POINT ( 'NONE',  ( -7.529954783969210474, 29.99999999999996447, 29.32085608747948413 ) ) ;
#2592 = CARTESIAN_POINT ( 'NONE',  ( 29.09608338892346779, 0.9999999999999453770, 7.168462927865515866 ) ) ;
#2593 = ORIENTED_EDGE ( 'NONE', *, *, #462, .T. ) ;
#2594 = DIRECTION ( 'NONE',  ( -0.8660254037844363761, 0.000000000000000000, 0.5000000000000041078 ) ) ;
#2595 = CARTESIAN_POINT ( 'NONE',  ( -9.981523332335322962, 0.9999999999999453770, -30.38376016042151306 ) ) ;
#2596 = CARTESIAN_POINT ( 'NONE',  ( 0.000000000000000000, 0.000000000000000000, 0.000000000000000000 ) ) ;
#2597 = CARTESIAN_POINT ( 'NONE',  ( -7.168462927865925316, 0.9999999999999731326, 29.09608338892347135 ) ) ;
#2598 = CARTESIAN_POINT ( 'NONE',  ( 29.19602735579723074, 29.99999999999996447, 7.321981095747922552 ) ) ;
#2599 = ORIENTED_EDGE ( 'NONE', *, *, #2611, .F. ) ;
#2600 = DIRECTION ( 'NONE',  ( 0.000000000000000000, 0.000000000000000000, -1.000000000000000000 ) ) ;
#2601 = VERTEX_POINT ( 'NONE', #3372 ) ;
#2602 = VERTEX_POINT ( 'NONE', #2208 ) ;
#2603 = CARTESIAN_POINT ( 'NONE',  ( -28.87634658020571621, 29.99999999999996447, 6.855257921795573139 ) ) ;
#2604 = ADVANCED_FACE ( 'NONE', ( #1210 ), #1865, .T. ) ;
#2605 = PLANE ( 'NONE',  #1078 ) ;
#2606 = FACE_OUTER_BOUND ( 'NONE', #2360, .T. ) ;
#2607 = CARTESIAN_POINT ( 'NONE',  ( -6.722234770208247667, 29.99999999999997158, 28.77399219517013407 ) ) ;
#2608 = EDGE_CURVE ( 'NONE', #865, #3938, #2302, .T. ) ;
#2609 = VECTOR ( 'NONE', #327, 1000.000000000000000 ) ;
#2610 = ORIENTED_EDGE ( 'NONE', *, *, #234, .T. ) ;
#2611 = EDGE_CURVE ( 'NONE', #3800, #3627, #3690, .T. ) ;
#2612 = CIRCLE ( 'NONE', #683, 0.5000000000000004441 ) ;
#2613 = CARTESIAN_POINT ( 'NONE',  ( 30.06724980405524050, 0.9999999999999731326, -9.048974470993119468 ) ) ;
#2614 = CARTESIAN_POINT ( 'NONE',  ( -10.09331211470444956, 0.9999999999999453770, -30.38099426806774517 ) ) ;
#2615 = FACE_OUTER_BOUND ( 'NONE', #2650, .T. ) ;
#2616 = CARTESIAN_POINT ( 'NONE',  ( -6.794406156883030512, 0.9999999999999731326, 28.83117271246070956 ) ) ;
#2617 = CARTESIAN_POINT ( 'NONE',  ( 30.38559715111195558, 1.000000000000000888, 9.970099149685049511 ) ) ;
#2618 = ORIENTED_EDGE ( 'NONE', *, *, #2220, .T. ) ;
#2619 = CARTESIAN_POINT ( 'NONE',  ( -5.954848856712624539, 42.04006440356475593, -23.76530612244892637 ) ) ;
#2620 = CARTESIAN_POINT ( 'NONE',  ( 28.25526469713265598, 3.145069744481861829, -6.162529589895170190 ) ) ;
#2621 = VERTEX_POINT ( 'NONE', #1580 ) ;
#2622 = EDGE_LOOP ( 'NONE', ( #1070, #3550, #2508, #439 ) ) ;
#2623 = CARTESIAN_POINT ( 'NONE',  ( -29.03983865805449582, 0.9999999999999453770, 7.085501934475145980 ) ) ;
#2624 = CARTESIAN_POINT ( 'NONE',  ( 7.739250038558865619, 29.99999999999996447, -29.44337163892195619 ) ) ;
#2625 = CARTESIAN_POINT ( 'NONE',  ( -29.19602735579721653, 30.00000000000000000, -7.321981095747903900 ) ) ;
#2626 = CARTESIAN_POINT ( 'NONE',  ( -7.528640511785090972, 0.9999999999999453770, -29.32104060617509944 ) ) ;
#2627 = CARTESIAN_POINT ( 'NONE',  ( -9.998408782337254053, 0.9999999999999731326, -30.38373135350498799 ) ) ;
#2628 = CARTESIAN_POINT ( 'NONE',  ( 4.336808689942017736E-16, 30.00000000000000000, -34.50153451497305923 ) ) ;
#2629 = CARTESIAN_POINT ( 'NONE',  ( -5.954848856712624539, 0.000000000000000000, 0.000000000000000000 ) ) ;
#2630 = VERTEX_POINT ( 'NONE', #912 ) ;
#2631 = PRODUCT_DEFINITION ( 'UNKNOWN', '', #3746, #1589 ) ;
#2632 = CARTESIAN_POINT ( 'NONE',  ( -29.32085608747950545, 29.99999999999996447, -7.529954783968804577 ) ) ;
#2633 = CARTESIAN_POINT ( 'NONE',  ( 2.775557561562891351E-14, 30.00000000000000000, -3.295974604355933479E-14 ) ) ;
#2634 = CARTESIAN_POINT ( 'NONE',  ( 6.258585244769350631, -84.94344718381945825, 28.35132035200720324 ) ) ;
#2635 = CARTESIAN_POINT ( 'NONE',  ( 9.925942683782720266, 30.00000000000000000, -28.48305623129146369 ) ) ;
#2636 = CARTESIAN_POINT ( 'NONE',  ( -27.41006394302267068, 1.643669128320845108, 5.317328835785220420 ) ) ;
#2637 = ORIENTED_EDGE ( 'NONE', *, *, #152, .T. ) ;
#2638 = AXIS2_PLACEMENT_3D ( 'NONE', #2355, #451, #2028 ) ;
#2639 = CARTESIAN_POINT ( 'NONE',  ( 3.425026790108451458, 1.000000000000000000, 1.034884028326199694E-15 ) ) ;
#2640 = VECTOR ( 'NONE', #2016, 1000.000000000000000 ) ;
#2641 = CARTESIAN_POINT ( 'NONE',  ( -28.53424220848886605, 0.9999999999999731326, -6.442166876943946185 ) ) ;
#2642 = ORIENTED_EDGE ( 'NONE', *, *, #754, .F. ) ;
#2643 = EDGE_LOOP ( 'NONE', ( #2786, #479, #1656, #1360 ) ) ;
#2644 = DIRECTION ( 'NONE',  ( 0.000000000000000000, 0.000000000000000000, 1.000000000000000000 ) ) ;
#2645 = CARTESIAN_POINT ( 'NONE',  ( -30.36464546912373308, 1.000000000000000888, -10.21095792046471828 ) ) ;
#2646 = DIRECTION ( 'NONE',  ( 0.000000000000000000, 0.000000000000000000, 1.000000000000000000 ) ) ;
#2647 = CARTESIAN_POINT ( 'NONE',  ( -29.32085608747950545, 0.9999999999999731326, -7.529954783968804577 ) ) ;
#2648 = DIRECTION ( 'NONE',  ( -0.000000000000000000, -1.000000000000000000, -0.000000000000000000 ) ) ;
#2649 = CARTESIAN_POINT ( 'NONE',  ( -7.168462927865925316, 29.99999999999997158, 29.09608338892347135 ) ) ;
#2650 = EDGE_LOOP ( 'NONE', ( #944, #2392, #3796, #262 ) ) ;
#2651 = CARTESIAN_POINT ( 'NONE',  ( 6.442166876943985265, -84.94344718381945825, -28.53424220848879145 ) ) ;
#2652 = CARTESIAN_POINT ( 'NONE',  ( -1.451818925407959648, 27.99999999999999645, 34.06855685746891282 ) ) ;
#2653 = CARTESIAN_POINT ( 'NONE',  ( -29.04474560440994324, 29.99999999999997158, -7.092616447670581969 ) ) ;
#2654 = VECTOR ( 'NONE', #863, 1000.000000000000000 ) ;
#2655 = DIRECTION ( 'NONE',  ( 0.000000000000000000, 0.000000000000000000, 1.000000000000000000 ) ) ;
#2656 = CARTESIAN_POINT ( 'NONE',  ( -28.25526469713265598, 3.145069744481861829, 6.162529589895170190 ) ) ;
#2657 = ORIENTED_EDGE ( 'NONE', *, *, #2008, .F. ) ;
#2658 = CARTESIAN_POINT ( 'NONE',  ( -6.413678643489945763, 29.99999999999996447, -28.50641375072756389 ) ) ;
#2659 = EDGE_LOOP ( 'NONE', ( #1181, #456, #1687, #652 ) ) ;
#2660 = EDGE_CURVE ( 'NONE', #2973, #3800, #660, .T. ) ;
#2661 = ORIENTED_EDGE ( 'NONE', *, *, #662, .T. ) ;
#2662 = DIRECTION ( 'NONE',  ( -0.000000000000000000, 1.000000000000000000, -0.000000000000000000 ) ) ;
#2663 = CARTESIAN_POINT ( 'NONE',  ( 8.386314982653010119, 29.99999999999996447, -29.77603499932949660 ) ) ;
#2664 = CARTESIAN_POINT ( 'NONE',  ( -30.35833963587382911, 0.9999999999999453770, 10.22925332253816677 ) ) ;
#2665 = CARTESIAN_POINT ( 'NONE',  ( -3.691013539643056682E-14, 1.000000000000000000, 3.425026790108451458 ) ) ;
#2666 = FACE_OUTER_BOUND ( 'NONE', #3309, .T. ) ;
#2667 = FILL_AREA_STYLE_COLOUR ( '', #3583 ) ;
#2668 = CARTESIAN_POINT ( 'NONE',  ( 0.000000000000000000, 1.000000000000000888, 0.000000000000000000 ) ) ;
#2669 = CARTESIAN_POINT ( 'NONE',  ( 10.03232073629203569, 0.9999999999999314992, 30.38362457722961452 ) ) ;
#2670 = EDGE_LOOP ( 'NONE', ( #2376, #963, #3200, #3961 ) ) ;
#2671 = CARTESIAN_POINT ( 'NONE',  ( -1.903945517112937358, 29.20537500578781120, -34.06355584537996606 ) ) ;
#2672 = ADVANCED_FACE ( 'NONE', ( #367 ), #3710, .F. ) ;
#2673 = ADVANCED_BREP_SHAPE_REPRESENTATION ( 'Stages SC3', ( #2798, #1430, #116, #1453, #97, #131, #2863, #1946 ), #2990 ) ;
#2674 = CARTESIAN_POINT ( 'NONE',  ( -28.50641375072796535, 1.000000000000000888, 6.413678643490467124 ) ) ;
#2675 = VECTOR ( 'NONE', #1326, 1000.000000000000000 ) ;
#2676 = DIRECTION ( 'NONE',  ( -0.000000000000000000, 1.000000000000000000, -0.000000000000000000 ) ) ;
#2677 = CARTESIAN_POINT ( 'NONE',  ( 7.321458899161427780, 0.9999999999999453770, 29.19569261685241912 ) ) ;
#2678 = ORIENTED_EDGE ( 'NONE', *, *, #1176, .F. ) ;
#2679 = EDGE_CURVE ( 'NONE', #3282, #2029, #789, .T. ) ;
#2680 = AXIS2_PLACEMENT_3D ( 'NONE', #1150, #1105, #836 ) ;
#2681 = CARTESIAN_POINT ( 'NONE',  ( -6.556154702997732286, 0.9999999999999453770, -28.63526552384551493 ) ) ;
#2682 = ORIENTED_EDGE ( 'NONE', *, *, #1038, .T. ) ;
#2683 = ORIENTED_EDGE ( 'NONE', *, *, #3037, .F. ) ;
#2684 = CARTESIAN_POINT ( 'NONE',  ( 1.451818923624200508, 28.14545051592836700, 34.06855685060194361 ) ) ;
#2685 = DIRECTION ( 'NONE',  ( -0.000000000000000000, -1.000000000000000000, -0.000000000000000000 ) ) ;
#2686 = B_SPLINE_SURFACE_WITH_KNOTS ( 'NONE', 3, 1, ( 
 ( #1119, #1471 ),
 ( #2626, #3014 ),
 ( #2347, #244 ),
 ( #552, #806 ),
 ( #3523, #2925 ),
 ( #2080, #1695 ),
 ( #1452, #3543 ),
 ( #2366, #3222 ) ),
 .UNSPECIFIED., .F., .F., .F.,
 ( 4, 2, 2, 4 ),
 ( 2, 2 ),
 ( 0.000000000000000000, 0.2500000000000000000, 0.5000000000000000000, 1.000000000000000000 ),
 ( 0.000000000000000000, 1.000000000000000000 ),
 .UNSPECIFIED. ) ;
#2687 = DIRECTION ( 'NONE',  ( 0.000000000000000000, 0.000000000000000000, 1.000000000000000000 ) ) ;
#2688 = CARTESIAN_POINT ( 'NONE',  ( 2.977424428356336694, 1.000000000000000888, 5.157050385609840859 ) ) ;
#2689 = CARTESIAN_POINT ( 'NONE',  ( 0.000000000000000000, 1.000000000000000000, 0.000000000000000000 ) ) ;
#2690 = DIRECTION ( 'NONE',  ( 0.000000000000000000, 1.000000000000000000, 0.000000000000000000 ) ) ;
#2691 = APPLICATION_PROTOCOL_DEFINITION ( 'draft international standard', 'automotive_design', 1998, #3954 ) ;
#2692 = CARTESIAN_POINT ( 'NONE',  ( -28.94086890595256989, 0.9999999999999453770, -6.941653848079771372 ) ) ;
#2693 = ORIENTED_EDGE ( 'NONE', *, *, #483, .F. ) ;
#2694 = CARTESIAN_POINT ( 'NONE',  ( -2.014520123551176045, 29.40960893317983249, -33.88052278257116257 ) ) ;
#2695 = UNCERTAINTY_MEASURE_WITH_UNIT (LENGTH_MEASURE( 1.000000000000000082E-05 ), #101, 'distance_accuracy_value', 'NONE');
#2696 = CARTESIAN_POINT ( 'NONE',  ( -22.66478919158153005, 0.000000000000000000, -6.209454960072516627 ) ) ;
#2697 = CARTESIAN_POINT ( 'NONE',  ( 1.299330115102765593E-14, 30.00000000000000000, -3.425026790108451458 ) ) ;
#2698 = CARTESIAN_POINT ( 'NONE',  ( -1.354061739223345606, 27.99999999999999645, -33.85615338233036198 ) ) ;
#2699 = ORIENTED_EDGE ( 'NONE', *, *, #2427, .F. ) ;
#2700 = ADVANCED_FACE ( 'NONE', ( #3135 ), #1600, .F. ) ;
#2701 = CARTESIAN_POINT ( 'NONE',  ( -6.258585244769541589, -84.94344718381945825, -28.35132035200716416 ) ) ;
#2702 = ORIENTED_EDGE ( 'NONE', *, *, #990, .T. ) ;
#2703 = VERTEX_POINT ( 'NONE', #1987 ) ;
#2704 = CARTESIAN_POINT ( 'NONE',  ( 2.126961469740296096, 29.06501327633875320, 34.12981369731237180 ) ) ;
#2705 = LINE ( 'NONE', #1718, #1569 ) ;
#2706 = AXIS2_PLACEMENT_3D ( 'NONE', #636, #52, #3153 ) ;
#2707 = VERTEX_POINT ( 'NONE', #1001 ) ;
#2708 = EDGE_CURVE ( 'NONE', #1622, #185, #3483, .T. ) ;
#2709 = CARTESIAN_POINT ( 'NONE',  ( -8.164881575140906733, 0.9999999999999731326, -29.67152308091792534 ) ) ;
#2710 = CARTESIAN_POINT ( 'NONE',  ( -28.35126156015496335, 3.781354332643577898, -6.258819392547219529 ) ) ;
#2711 = CARTESIAN_POINT ( 'NONE',  ( 28.48305623129728303, 1.000000000000000888, 9.925942683783437914 ) ) ;
#2712 = CARTESIAN_POINT ( 'NONE',  ( -28.99339922229298239, 0.9999999999999453770, -7.016757265370083374 ) ) ;
#2713 = ORIENTED_EDGE ( 'NONE', *, *, #2796, .F. ) ;
#2714 = DIRECTION ( 'NONE',  ( 0.000000000000000000, 0.000000000000000000, -1.000000000000000000 ) ) ;
#2715 = CARTESIAN_POINT ( 'NONE',  ( 30.35833963587398898, 29.99999999999996447, -10.22925332253780439 ) ) ;
#2716 = DIRECTION ( 'NONE',  ( -0.8660254037844328234, 0.000000000000000000, 0.5000000000000101030 ) ) ;
#2717 = EDGE_CURVE ( 'NONE', #2707, #3684, #146, .T. ) ;
#2718 = CARTESIAN_POINT ( 'NONE',  ( -7.092616447671015401, 29.99999999999996447, 29.04474560440995745 ) ) ;
#2719 = ORIENTED_EDGE ( 'NONE', *, *, #870, .F. ) ;
#2720 = TOROIDAL_SURFACE ( 'NONE', #2213, 22.70000000000000995, 3.000000000000000000 ) ;
#2721 = EDGE_CURVE ( 'NONE', #3871, #1053, #2865, .T. ) ;
#2722 = AXIS2_PLACEMENT_3D ( 'NONE', #2628, #466, #3843 ) ;
#2723 = CARTESIAN_POINT ( 'NONE',  ( 28.98695388522022753, 0.9999999999999731326, -7.007633974929322385 ) ) ;
#2724 = EDGE_LOOP ( 'NONE', ( #1321, #723, #3633, #3875 ) ) ;
#2725 = CARTESIAN_POINT ( 'NONE',  ( -1.407410119921504110, 28.52540564866235684, -33.81548630487758800 ) ) ;
#2726 = CARTESIAN_POINT ( 'NONE',  ( 2.245560368102132998, 29.37585395415693768, 33.88095424230039043 ) ) ;
#2727 = DIRECTION ( 'NONE',  ( 0.000000000000000000, -1.000000000000000000, 0.000000000000000000 ) ) ;
#2728 = VERTEX_POINT ( 'NONE', #71 ) ;
#2729 = CARTESIAN_POINT ( 'NONE',  ( -2.977424428356045372, 42.04006440356475593, 5.157050385609501575 ) ) ;
#2730 = EDGE_CURVE ( 'NONE', #2139, #1939, #2545, .T. ) ;
#2731 = DIRECTION ( 'NONE',  ( 0.000000000000000000, 0.000000000000000000, -1.000000000000000000 ) ) ;
#2732 = LINE ( 'NONE', #598, #3463 ) ;
#2733 = LINE ( 'NONE', #3946, #1537 ) ;
#2734 =( NAMED_UNIT ( * ) PLANE_ANGLE_UNIT ( ) SI_UNIT ( $, .RADIAN. ) );
#2735 = CARTESIAN_POINT ( 'NONE',  ( -29.14625379919607440, 29.99999999999996447, -7.245099044916856634 ) ) ;
#2736 = EDGE_CURVE ( 'NONE', #3516, #3073, #1791, .T. ) ;
#2737 = ORIENTED_EDGE ( 'NONE', *, *, #3161, .F. ) ;
#2738 = CARTESIAN_POINT ( 'NONE',  ( -2.468294645040606472, 29.95444946458886193, -32.78293949024217824 ) ) ;
#2739 = CARTESIAN_POINT ( 'NONE',  ( 30.38362457722951149, 0.9999999999999453770, -10.03232073629269294 ) ) ;
#2740 = EDGE_CURVE ( 'NONE', #3611, #1525, #1671, .T. ) ;
#2741 = DIRECTION ( 'NONE',  ( -0.8660254037844432595, 0.000000000000000000, -0.4999999999999919509 ) ) ;
#2742 = CARTESIAN_POINT ( 'NONE',  ( 7.321458899161427780, 0.9999999999999453770, 29.19569261685241912 ) ) ;
#2743 = VERTEX_POINT ( 'NONE', #421 ) ;
#2744 = CARTESIAN_POINT ( 'NONE',  ( 9.998551471870671392, 29.99999999999997158, 30.38374542505954423 ) ) ;
#2745 = AXIS2_PLACEMENT_3D ( 'NONE', #3801, #440, #93 ) ;
#2746 = LINE ( 'NONE', #3006, #3765 ) ;
#2747 = ORIENTED_EDGE ( 'NONE', *, *, #3088, .T. ) ;
#2748 = VERTEX_POINT ( 'NONE', #2295 ) ;
#2749 = CARTESIAN_POINT ( 'NONE',  ( 2.737708371174996991, 30.00000000000000000, 32.63592024326913332 ) ) ;
#2750 = CARTESIAN_POINT ( 'NONE',  ( 0.000000000000000000, 42.04006440356475593, 0.000000000000000000 ) ) ;
#2751 = CIRCLE ( 'NONE', #3637, 1.000000000000000888 ) ;
#2752 = ORIENTED_EDGE ( 'NONE', *, *, #1403, .T. ) ;
#2753 = DIRECTION ( 'NONE',  ( -0.000000000000000000, 1.000000000000000000, -0.000000000000000000 ) ) ;
#2754 = DIRECTION ( 'NONE',  ( 0.000000000000000000, 0.000000000000000000, -1.000000000000000000 ) ) ;
#2755 = FACE_OUTER_BOUND ( 'NONE', #2260, .T. ) ;
#2756 = DIRECTION ( 'NONE',  ( 0.000000000000000000, 0.000000000000000000, 1.000000000000000000 ) ) ;
#2757 = CARTESIAN_POINT ( 'NONE',  ( -2.091328188531778487, 28.94746739705286132, 34.20076625134520043 ) ) ;
#2758 = CARTESIAN_POINT ( 'NONE',  ( 10.09343860348525368, 29.99999999999996447, 30.38092739730156921 ) ) ;
#2759 = ORIENTED_EDGE ( 'NONE', *, *, #409, .T. ) ;
#2760 = DIRECTION ( 'NONE',  ( 0.000000000000000000, 0.000000000000000000, 1.000000000000000000 ) ) ;
#2761 = CARTESIAN_POINT ( 'NONE',  ( -7.007633974929125209, 29.99999999999997158, -28.98695388522018135 ) ) ;
#2762 =( GEOMETRIC_REPRESENTATION_CONTEXT ( 3 ) GLOBAL_UNCERTAINTY_ASSIGNED_CONTEXT ( ( #558 ) ) GLOBAL_UNIT_ASSIGNED_CONTEXT ( ( #2319, #1338, #3198 ) ) REPRESENTATION_CONTEXT ( 'NONE', 'WORKASPACE' ) );
#2763 = CARTESIAN_POINT ( 'NONE',  ( 6.413678643489684639, 0.9999999999999940048, 28.50641375072754613 ) ) ;
#2764 = ORIENTED_EDGE ( 'NONE', *, *, #3527, .F. ) ;
#2765 = CARTESIAN_POINT ( 'NONE',  ( 6.651431435420485982, 0.9999999999999731326, -28.71522592437715460 ) ) ;
#2766 = ORIENTED_EDGE ( 'NONE', *, *, #1979, .T. ) ;
#2767 = CARTESIAN_POINT ( 'NONE',  ( 3.425026790108451458, -84.94344718381945825, 1.034884028326199694E-15 ) ) ;
#2768 = LINE ( 'NONE', #3030, #3436 ) ;
#2769 = VECTOR ( 'NONE', #3254, 1000.000000000000000 ) ;
#2770 = ORIENTED_EDGE ( 'NONE', *, *, #3842, .F. ) ;
#2771 = EDGE_LOOP ( 'NONE', ( #3155, #2323, #13, #1973 ) ) ;
#2772 = CARTESIAN_POINT ( 'NONE',  ( 7.092616447670551771, 29.99999999999997158, -29.04474560440991837 ) ) ;
#2773 = CARTESIAN_POINT ( 'NONE',  ( 29.19569261685225925, 29.99999999999996447, -7.321458899161594758 ) ) ;
#2774 = CARTESIAN_POINT ( 'NONE',  ( -2.227621941714270193, 29.76274176144022476, 33.26003619909639042 ) ) ;
#2775 = CARTESIAN_POINT ( 'NONE',  ( 9.052655923250400249, 29.99999999999997158, -30.06870357553470186 ) ) ;
#2776 = DIRECTION ( 'NONE',  ( -0.000000000000000000, -1.000000000000000000, 0.000000000000000000 ) ) ;
#2777 = DIRECTION ( 'NONE',  ( 0.000000000000000000, -1.000000000000000000, 0.000000000000000000 ) ) ;
#2778 = CARTESIAN_POINT ( 'NONE',  ( -28.87634658020571621, 0.9999999999999731326, 6.855257921795573139 ) ) ;
#2779 = EDGE_LOOP ( 'NONE', ( #3661, #1265, #3237, #1809 ) ) ;
#2780 = CARTESIAN_POINT ( 'NONE',  ( -28.71522592437722921, 0.9999999999999731326, -6.651431435420439797 ) ) ;
#2781 = LINE ( 'NONE', #2137, #2553 ) ;
#2782 = ORIENTED_EDGE ( 'NONE', *, *, #3557, .F. ) ;
#2783 = CARTESIAN_POINT ( 'NONE',  ( 2.821938808049773595, 30.00000000000000000, 32.37525451824844680 ) ) ;
#2784 = CARTESIAN_POINT ( 'NONE',  ( -17.60393440239823448, 42.04006440356475593, 17.03970344683439819 ) ) ;
#2785 = ORIENTED_EDGE ( 'NONE', *, *, #864, .T. ) ;
#2786 = ORIENTED_EDGE ( 'NONE', *, *, #3151, .F. ) ;
#2787 = CARTESIAN_POINT ( 'NONE',  ( 29.03983865805451714, 1.000000000000014655, -7.085501934475169961 ) ) ;
#2788 = EDGE_CURVE ( 'NONE', #687, #3805, #41, .T. ) ;
#2789 = CARTESIAN_POINT ( 'NONE',  ( 4.336808689942017736E-16, 0.000000000000000000, -34.50153451497305923 ) ) ;
#2790 = DIRECTION ( 'NONE',  ( -0.000000000000000000, 1.000000000000000000, -0.000000000000000000 ) ) ;
#2791 = CARTESIAN_POINT ( 'NONE',  ( 9.510733381963516919, 29.99999999999997158, -30.22962318698080963 ) ) ;
#2792 =( BOUNDED_SURFACE ( )  B_SPLINE_SURFACE ( 3, 2, ( 
 ( #2652, #3867, #2478 ),
 ( #1564, #1214, #2494 ),
 ( #915, #2048, #334 ),
 ( #3273, #3713, #2189 ),
 ( #895, #514, #1104 ),
 ( #932, #3353, #2757 ),
 ( #1234, #2168, #1415 ),
 ( #3970, #1747, #639 ),
 ( #2149, #1868, #3100 ),
 ( #2352, #3416, #1254 ),
 ( #3572, #951, #1545 ),
 ( #2977, #208, #3888 ),
 ( #3672, #1847, #1126 ),
 ( #657, #1521, #3375 ) ),
 .UNSPECIFIED., .F., .F., .F. ) 
 B_SPLINE_SURFACE_WITH_KNOTS ( ( 4, 2, 2, 2, 2, 2, 4 ),
 ( 3, 3 ),
 ( 0.000000000000000000, 0.0003218330252756483752, 0.0006436660505512967504, 0.0009654990758269450715, 0.001287332101102593501, 0.001930998151653890143, 0.002574664202205187002 ),
 ( 0.000000000000000000, 1.000000000000000000 ),
 .UNSPECIFIED. ) 
 GEOMETRIC_REPRESENTATION_ITEM ( )  RATIONAL_B_SPLINE_SURFACE ( (
 ( 1.000000000000000000, 0.7732729967801822424, 1.000000000000000000),
 ( 1.000000000000000000, 0.7732410363662126640, 1.000000000000000000),
 ( 1.000000000000000000, 0.7789467288632584419, 1.000000000000000000),
 ( 1.000000000000000000, 0.7987013580755460973, 1.000000000000000000),
 ( 1.000000000000000000, 0.8127786053161657476, 1.000000000000000000),
 ( 1.000000000000000000, 0.8432355413210782524, 1.000000000000000000),
 ( 1.000000000000000000, 0.8598960996725535377, 1.000000000000000000),
 ( 1.000000000000000000, 0.8916134207876227347, 1.000000000000000000),
 ( 1.000000000000000000, 0.9067141096426033497, 1.000000000000000000),
 ( 1.000000000000000000, 0.9477050751858068223, 1.000000000000000000),
 ( 1.000000000000000000, 0.9681880802216643600, 1.000000000000000000),
 ( 1.000000000000000000, 0.9943758006105755110, 1.000000000000000000),
 ( 1.000000000000000000, 0.9999528736625467040, 1.000000000000000000),
 ( 1.000000000000000000, 1.000000000000000000, 1.000000000000000000) ) ) 
 REPRESENTATION_ITEM ( '' )  SURFACE ( )  );
#2793 = VECTOR ( 'NONE', #1596, 1000.000000000000000 ) ;
#2794 = FACE_OUTER_BOUND ( 'NONE', #3234, .T. ) ;
#2795 = CARTESIAN_POINT ( 'NONE',  ( 6.413678643489684639, 30.00000000000000000, 28.50641375072754613 ) ) ;
#2796 = EDGE_CURVE ( 'NONE', #2743, #1619, #107, .T. ) ;
#2797 = CARTESIAN_POINT ( 'NONE',  ( 7.007633974928932474, 0.9999999999999453770, 28.98695388522023819 ) ) ;
#2798 = MANIFOLD_SOLID_BREP ( 'Cut-Extrude5[1]', #3203 ) ;
#2799 = CARTESIAN_POINT ( 'NONE',  ( -30.06724980405526537, 0.9999999999999731326, 9.048974470993188746 ) ) ;
#2800 = SURFACE_STYLE_FILL_AREA ( #2818 ) ;
#2801 = DIRECTION ( 'NONE',  ( -0.000000000000000000, 1.000000000000000000, -0.000000000000000000 ) ) ;
#2802 = ORIENTED_EDGE ( 'NONE', *, *, #1816, .F. ) ;
#2803 = CARTESIAN_POINT ( 'NONE',  ( 29.19569261685225925, 30.00000000000000000, -7.321458899161594758 ) ) ;
#2804 = FACE_OUTER_BOUND ( 'NONE', #1510, .T. ) ;
#2805 = ADVANCED_FACE ( 'NONE', ( #404 ), #777, .F. ) ;
#2806 = EDGE_LOOP ( 'NONE', ( #269, #1675, #3482, #70 ) ) ;
#2807 = VECTOR ( 'NONE', #199, 1000.000000000000000 ) ;
#2808 = VERTEX_POINT ( 'NONE', #1016 ) ;
#2809 = CIRCLE ( 'NONE', #2166, 1.903053269104724610 ) ;
#2810 = CARTESIAN_POINT ( 'NONE',  ( 28.87634658020572331, 1.000000000000014655, -6.855257921795578469 ) ) ;
#2811 = DIRECTION ( 'NONE',  ( 0.7063983397914523898, 0.000000000000000000, 0.7078145135131659327 ) ) ;
#2812 = CARTESIAN_POINT ( 'NONE',  ( -29.44401500664189086, 29.99999999999997158, 7.737229666197841915 ) ) ;
#2813 = DIRECTION ( 'NONE',  ( 0.000000000000000000, 0.000000000000000000, -1.000000000000000000 ) ) ;
#2814 = CARTESIAN_POINT ( 'NONE',  ( -7.242363969696637760, 0.9999999999999731326, -29.14441767727973343 ) ) ;
#2815 = CARTESIAN_POINT ( 'NONE',  ( 1.414318063561911476, 28.55781328457227275, -33.81015204676209152 ) ) ;
#2816 = CARTESIAN_POINT ( 'NONE',  ( -2.235627428632100511, 29.35349070982781683, 33.90252062368006136 ) ) ;
#2817 = LINE ( 'NONE', #645, #724 ) ;
#2818 = FILL_AREA_STYLE ('',( #1593 ) ) ;
#2819 = STYLED_ITEM ( 'NONE', ( #1940 ), #2798 ) ;
#2820 = CARTESIAN_POINT ( 'NONE',  ( 5.954848856712186667, 1.000000000000000888, -22.73301069136496011 ) ) ;
#2821 = CARTESIAN_POINT ( 'NONE',  ( 4.771525525898018039, 1.253016810103354750, 26.86426063313578183 ) ) ;
#2822 = DIRECTION ( 'NONE',  ( 0.000000000000000000, -1.000000000000000000, -0.000000000000000000 ) ) ;
#2823 = ORIENTED_EDGE ( 'NONE', *, *, #659, .T. ) ;
#2824 = ORIENTED_EDGE ( 'NONE', *, *, #3695, .F. ) ;
#2825 = EDGE_CURVE ( 'NONE', #3411, #3623, #3194, .T. ) ;
#2826 = FACE_OUTER_BOUND ( 'NONE', #1980, .T. ) ;
#2827 = CARTESIAN_POINT ( 'NONE',  ( 9.052655923250400249, 0.9999999999999731326, -30.06870357553470186 ) ) ;
#2828 = CARTESIAN_POINT ( 'NONE',  ( 2.785551700919125295, 30.00000000000000000, -32.38240692997353420 ) ) ;
#2829 = CARTESIAN_POINT ( 'NONE',  ( 5.954848856712186667, 1.000000000000000888, 0.000000000000000000 ) ) ;
#2830 = DIRECTION ( 'NONE',  ( -0.7063983397914523898, 0.000000000000000000, -0.7078145135131658217 ) ) ;
#2831 = PRESENTATION_LAYER_ASSIGNMENT (  '', '', ( #2318 ) ) ;
#2832 = CARTESIAN_POINT ( 'NONE',  ( -6.855257921795330667, 29.99999999999997158, -28.87634658020563805 ) ) ;
#2833 = AXIS2_PLACEMENT_3D ( 'NONE', #408, #3820, #1720 ) ;
#2834 = CARTESIAN_POINT ( 'NONE',  ( 30.38559715111195558, -84.94344718381945825, 9.970099149685049511 ) ) ;
#2835 = CARTESIAN_POINT ( 'NONE',  ( 9.964786583326713298, 0.9999999999999731326, 30.38384788904119915 ) ) ;
#2836 = DIRECTION ( 'NONE',  ( -0.000000000000000000, 1.000000000000000000, -0.000000000000000000 ) ) ;
#2837 = EDGE_CURVE ( 'NONE', #340, #365, #2568, .T. ) ;
#2838 = DIRECTION ( 'NONE',  ( 0.000000000000000000, 1.000000000000000000, 0.000000000000000000 ) ) ;
#2839 = CARTESIAN_POINT ( 'NONE',  ( -28.48305623128679542, 1.000000000000000888, -9.925942683781730835 ) ) ;
#2840 = DIRECTION ( 'NONE',  ( 0.8660254037844397068, 0.000000000000000000, 0.4999999999999979461 ) ) ;
#2841 = ORIENTED_EDGE ( 'NONE', *, *, #1473, .T. ) ;
#2842 = EDGE_CURVE ( 'NONE', #1325, #1787, #372, .T. ) ;
#2843 = ADVANCED_FACE ( 'NONE', ( #1060 ), #1724, .F. ) ;
#2844 = ORIENTED_EDGE ( 'NONE', *, *, #3438, .F. ) ;
#2845 = CARTESIAN_POINT ( 'NONE',  ( -5.954848856712624539, 42.04006440356475593, -22.73301069136484642 ) ) ;
#2846 = DIRECTION ( 'NONE',  ( -0.000000000000000000, 1.000000000000000000, -0.000000000000000000 ) ) ;
#2847 = ORIENTED_EDGE ( 'NONE', *, *, #2003, .F. ) ;
#2848 = DIRECTION ( 'NONE',  ( 0.000000000000000000, 0.000000000000000000, -1.000000000000000000 ) ) ;
#2849 = CARTESIAN_POINT ( 'NONE',  ( 6.442166876943985265, 0.9999999999999453770, -28.53424220848878790 ) ) ;
#2850 = PRESENTATION_LAYER_ASSIGNMENT (  '', '', ( #605 ) ) ;
#2851 = VECTOR ( 'NONE', #3770, 1000.000000000000114 ) ;
#2852 = LINE ( 'NONE', #3158, #1988 ) ;
#2853 = EDGE_CURVE ( 'NONE', #1619, #3684, #2307, .T. ) ;
#2854 = CARTESIAN_POINT ( 'NONE',  ( -8.386314982653351180, 29.99999999999996447, 29.77603499932953568 ) ) ;
#2855 = CARTESIAN_POINT ( 'NONE',  ( -2.324135821055048456, 30.00000000000000000, -34.42362760741976757 ) ) ;
#2856 = CARTESIAN_POINT ( 'NONE',  ( -10.21095861067613164, 1.000000000000000888, 30.36464536457322794 ) ) ;
#2857 = CARTESIAN_POINT ( 'NONE',  ( -5.672994058718469290, 2.055780034965354997, 27.76660832781209720 ) ) ;
#2858 = CARTESIAN_POINT ( 'NONE',  ( -6.651431435420901650, 0.9999999999999731326, 28.71522592437728960 ) ) ;
#2859 = EDGE_CURVE ( 'NONE', #544, #2044, #1978, .T. ) ;
#2860 = DIRECTION ( 'NONE',  ( 0.000000000000000000, 0.000000000000000000, 1.000000000000000000 ) ) ;
#2861 = FACE_OUTER_BOUND ( 'NONE', #3169, .T. ) ;
#2862 = VERTEX_POINT ( 'NONE', #2330 ) ;
#2863 = MANIFOLD_SOLID_BREP ( 'Cut-Extrude5[7]', #3021 ) ;
#2864 = ORIENTED_EDGE ( 'NONE', *, *, #40, .F. ) ;
#2865 = LINE ( 'NONE', #2900, #3517 ) ;
#2866 = CARTESIAN_POINT ( 'NONE',  ( 2.529994625372438577, 29.94002650692231882, 32.83684185523677002 ) ) ;
#2867 = EDGE_LOOP ( 'NONE', ( #2459, #2034, #2583, #2610 ) ) ;
#2868 = CARTESIAN_POINT ( 'NONE',  ( -5.954848856712186667, 42.04006440356475593, 23.76530612244903651 ) ) ;
#2869 = CARTESIAN_POINT ( 'NONE',  ( -30.38321444578816610, 0.9999999999999453770, 10.04921254276209019 ) ) ;
#2870 = VECTOR ( 'NONE', #2448, 1000.000000000000000 ) ;
#2871 = CIRCLE ( 'NONE', #626, 32.03553271164815186 ) ;
#2872 = CARTESIAN_POINT ( 'NONE',  ( 2.613386657640749178, 29.81781815263023461, -33.24280416982448827 ) ) ;
#2873 = CARTESIAN_POINT ( 'NONE',  ( 2.977424428356336694, 42.04006440356475593, 5.157050385609840859 ) ) ;
#2874 = ADVANCED_FACE ( 'NONE', ( #1023 ), #3789, .F. ) ;
#2875 = FACE_OUTER_BOUND ( 'NONE', #1715, .T. ) ;
#2876 = CARTESIAN_POINT ( 'NONE',  ( -2.737109536171878688, 30.00000000000000355, -32.64433455652235949 ) ) ;
#2877 = CARTESIAN_POINT ( 'NONE',  ( -4.913474798945277833, 1.334648624111954618, 27.00860869104225515 ) ) ;
#2878 = CARTESIAN_POINT ( 'NONE',  ( -6.580466847577547185, 0.9999999999999731326, 28.65632581468004858 ) ) ;
#2879 = CYLINDRICAL_SURFACE ( 'NONE', #2405, 23.49999999999999645 ) ;
#2880 = ORIENTED_EDGE ( 'NONE', *, *, #2966, .T. ) ;
#2881 = DIRECTION ( 'NONE',  ( 0.000000000000000000, 0.000000000000000000, -1.000000000000000000 ) ) ;
#2882 = CARTESIAN_POINT ( 'NONE',  ( 1.869509394622784537, 29.35306291548653590, 33.67572974213688752 ) ) ;
#2883 = ORIENTED_EDGE ( 'NONE', *, *, #2919, .F. ) ;
#2884 = AXIS2_PLACEMENT_3D ( 'NONE', #2873, #3804, #3207 ) ;
#2885 = CARTESIAN_POINT ( 'NONE',  ( 2.194536854201031506, 29.25501385828827239, 33.99004523589362492 ) ) ;
#2886 = CARTESIAN_POINT ( 'NONE',  ( -30.38362457722950438, 0.9999999999999453770, 10.03232073629215826 ) ) ;
#2887 = VECTOR ( 'NONE', #1012, 1000.000000000000000 ) ;
#2888 = FACE_OUTER_BOUND ( 'NONE', #2472, .T. ) ;
#2889 = CARTESIAN_POINT ( 'NONE',  ( -6.580466847577547185, 29.99999999999997158, 28.65632581468004858 ) ) ;
#2890 = ORIENTED_EDGE ( 'NONE', *, *, #1413, .F. ) ;
#2891 = CARTESIAN_POINT ( 'NONE',  ( -1.646347091772297988, 27.99999999999999289, -34.46939165783019376 ) ) ;
#2892 = CIRCLE ( 'NONE', #1146, 32.03546292528189099 ) ;
#2893 = CARTESIAN_POINT ( 'NONE',  ( -10.22915561144278485, 29.99999999999996447, -30.35851991774253733 ) ) ;
#2894 = CARTESIAN_POINT ( 'NONE',  ( -6.163634519059637995, 3.149110777469569911, 28.25626712966295884 ) ) ;
#2895 = VECTOR ( 'NONE', #3648, 1000.000000000000000 ) ;
#2896 = CARTESIAN_POINT ( 'NONE',  ( -7.092616447671015401, 0.9999999999999731326, 29.04474560440995745 ) ) ;
#2897 = CYLINDRICAL_SURFACE ( 'NONE', #2638, 24.50000000000000711 ) ;
#2898 = ORIENTED_EDGE ( 'NONE', *, *, #3668, .T. ) ;
#2899 = B_SPLINE_CURVE_WITH_KNOTS ( 'NONE', 3,
 ( #79, #1590, #2234, #1930, #43, #698, #2536, #1314, #2816, #3460, #767, #3224, #1079, #2217, #2518, #465 ),
 .UNSPECIFIED., .F., .F.,
 ( 4, 2, 2, 2, 2, 2, 2, 4 ),
 ( 0.000000000000000000, 0.0004129155910472438349, 0.0008258311820944876699, 0.001238746773141731396, 0.001651662364188975340, 0.002477493546283469298, 0.002890409137330716277, 0.003303324728377963690 ),
 .UNSPECIFIED. ) ;
#2900 = CARTESIAN_POINT ( 'NONE',  ( 29.19602735579723074, -84.94344718381945825, 7.321981095747922552 ) ) ;
#2901 = CARTESIAN_POINT ( 'NONE',  ( 29.67154670419889229, 0.9999999999999453770, -8.164928310215609386 ) ) ;
#2902 = ORIENTED_EDGE ( 'NONE', *, *, #3547, .F. ) ;
#2903 = ORIENTED_EDGE ( 'NONE', *, *, #1352, .T. ) ;
#2904 = CARTESIAN_POINT ( 'NONE',  ( -16.70994033486881492, 42.04006440356475593, 16.52355573129235466 ) ) ;
#2905 = EDGE_CURVE ( 'NONE', #2602, #3348, #46, .T. ) ;
#2906 = ADVANCED_FACE ( 'NONE', ( #3844 ), #2533, .F. ) ;
#2907 = EDGE_CURVE ( 'NONE', #3938, #1652, #818, .T. ) ;
#2908 = CARTESIAN_POINT ( 'NONE',  ( -6.778338360431262366, 0.9999999999999731326, -28.81881438418727015 ) ) ;
#2909 = CARTESIAN_POINT ( 'NONE',  ( -7.321981095748312462, 29.99999999999996447, 29.19602735579720232 ) ) ;
#2910 = EDGE_LOOP ( 'NONE', ( #2144, #1093, #3360 ) ) ;
#2911 = CARTESIAN_POINT ( 'NONE',  ( 29.19569261685225925, 30.00000000000000000, -7.321458899161594758 ) ) ;
#2912 = CARTESIAN_POINT ( 'NONE',  ( -10.20216681071684128, 29.99999999999996447, -30.36448082342048949 ) ) ;
#2913 = LINE ( 'NONE', #3513, #3787 ) ;
#2914 = VECTOR ( 'NONE', #1264, 1000.000000000000000 ) ;
#2915 = CARTESIAN_POINT ( 'NONE',  ( 2.436206665606010624, 29.24433081801167233, -34.00216719706916990 ) ) ;
#2916 = CARTESIAN_POINT ( 'NONE',  ( -28.98695388522020622, 29.99999999999997158, 7.007633974929305509 ) ) ;
#2917 = ORIENTED_EDGE ( 'NONE', *, *, #162, .T. ) ;
#2918 = CARTESIAN_POINT ( 'NONE',  ( 1.451818925407959648, 27.99999999999999645, 34.06855685746891282 ) ) ;
#2919 = EDGE_CURVE ( 'NONE', #761, #841, #3464, .T. ) ;
#2920 = ORIENTED_EDGE ( 'NONE', *, *, #3687, .T. ) ;
#2921 = ORIENTED_EDGE ( 'NONE', *, *, #758, .F. ) ;
#2922 = CARTESIAN_POINT ( 'NONE',  ( 28.35132035200713929, 30.00000000000000000, -6.258585244769649059 ) ) ;
#2923 = CARTESIAN_POINT ( 'NONE',  ( 28.77399219517009499, 29.99999999999997158, 6.722234770207802690 ) ) ;
#2924 = FACE_OUTER_BOUND ( 'NONE', #2011, .T. ) ;
#2925 = CARTESIAN_POINT ( 'NONE',  ( -8.383150214587981708, 29.99999999999996447, -29.77614652557232233 ) ) ;
#2926 = CARTESIAN_POINT ( 'NONE',  ( -6.722234770208247667, 0.9999999999999314992, 28.77399219517013407 ) ) ;
#2927 = VECTOR ( 'NONE', #2846, 1000.000000000000000 ) ;
#2928 = CARTESIAN_POINT ( 'NONE',  ( 1.920357275090713189, 29.54996551398227922, -33.36877115607973820 ) ) ;
#2929 = CARTESIAN_POINT ( 'NONE',  ( -7.245099044917274078, 29.99999999999997158, 29.14625379919606729 ) ) ;
#2930 = ORIENTED_EDGE ( 'NONE', *, *, #718, .F. ) ;
#2931 = AXIS2_PLACEMENT_3D ( 'NONE', #2522, #684, #1915 ) ;
#2932 = CARTESIAN_POINT ( 'NONE',  ( 28.93272500840681261, 29.99999999999995737, -6.930634915335671664 ) ) ;
#2933 = CARTESIAN_POINT ( 'NONE',  ( -10.04907918205366180, 29.99999999999996447, -30.38324463082545535 ) ) ;
#2934 = CARTESIAN_POINT ( 'NONE',  ( -28.99339922229298239, 29.99999999999997158, -7.016757265370083374 ) ) ;
#2935 = CARTESIAN_POINT ( 'NONE',  ( 2.324135821055052897, 28.13482523447101613, -34.42362760741977468 ) ) ;
#2936 = CARTESIAN_POINT ( 'NONE',  ( 30.35833963587398898, 30.00000000000000000, -10.22925332253780439 ) ) ;
#2937 = ORIENTED_EDGE ( 'NONE', *, *, #428, .T. ) ;
#2938 = CARTESIAN_POINT ( 'NONE',  ( -30.36432714282581102, 29.99999999999997158, 10.20227232083353464 ) ) ;
#2939 = CARTESIAN_POINT ( 'NONE',  ( 2.324135821055055562, 30.00000000000000000, -34.42362760741976757 ) ) ;
#2940 = ORIENTED_EDGE ( 'NONE', *, *, #3106, .T. ) ;
#2941 = ORIENTED_EDGE ( 'NONE', *, *, #2585, .F. ) ;
#2942 = CARTESIAN_POINT ( 'NONE',  ( -28.81881438418739450, 0.9999999999999453770, 6.778338360431559018 ) ) ;
#2943 = CARTESIAN_POINT ( 'NONE',  ( 1.299330115102765593E-14, 4.000000000000003553, -3.425026790108451458 ) ) ;
#2944 = EDGE_CURVE ( 'NONE', #365, #3917, #3901, .T. ) ;
#2945 = CIRCLE ( 'NONE', #1861, 34.50000000000000000 ) ;
#2946 = CARTESIAN_POINT ( 'NONE',  ( -30.38374542505944476, 0.9999999999999453770, 9.998551471870948504 ) ) ;
#2947 = AXIS2_PLACEMENT_3D ( 'NONE', #98, #135, #2268 ) ;
#2948 = CARTESIAN_POINT ( 'NONE',  ( 16.70994033486936203, 1.000000000000000888, 16.52355573129180044 ) ) ;
#2949 = CARTESIAN_POINT ( 'NONE',  ( -6.258819392547520621, -84.94344718381945825, 28.35126156015488874 ) ) ;
#2950 = CARTESIAN_POINT ( 'NONE',  ( -30.38559715111199111, 30.00000000000000000, -9.970099149685163198 ) ) ;
#2951 = VERTEX_POINT ( 'NONE', #3329 ) ;
#2952 = CARTESIAN_POINT ( 'NONE',  ( -2.071401862603806432, 29.49651201399987599, -33.78420070000408515 ) ) ;
#2953 = CARTESIAN_POINT ( 'NONE',  ( -2.353851794141426534, 28.65729706718025938, -34.31489351183470404 ) ) ;
#2954 = CARTESIAN_POINT ( 'NONE',  ( -9.925942683782281506, -84.94344718381945825, 28.48305623128799979 ) ) ;
#2955 = ADVANCED_FACE ( 'NONE', ( #288 ), #551, .F. ) ;
#2956 = LINE ( 'NONE', #1749, #461 ) ;
#2957 = CARTESIAN_POINT ( 'NONE',  ( 30.38092739730143776, 29.99999999999997158, -10.09343860348610278 ) ) ;
#2958 = ORIENTED_EDGE ( 'NONE', *, *, #3557, .T. ) ;
#2959 = VECTOR ( 'NONE', #1220, 999.9999999999998863 ) ;
#2960 = VECTOR ( 'NONE', #3899, 1000.000000000000114 ) ;
#2961 = DIRECTION ( 'NONE',  ( -0.000000000000000000, -1.000000000000000000, -0.000000000000000000 ) ) ;
#2962 = ORIENTED_EDGE ( 'NONE', *, *, #3527, .T. ) ;
#2963 = ORIENTED_EDGE ( 'NONE', *, *, #483, .T. ) ;
#2964 = CARTESIAN_POINT ( 'NONE',  ( 8.383209545494681336, 0.9999999999999176215, 29.77617444378290656 ) ) ;
#2965 = DIRECTION ( 'NONE',  ( 0.000000000000000000, 1.000000000000000000, -0.000000000000000000 ) ) ;
#2966 = EDGE_CURVE ( 'NONE', #2703, #2129, #1495, .T. ) ;
#2967 = PLANE ( 'NONE',  #57 ) ;
#2968 = FACE_OUTER_BOUND ( 'NONE', #1736, .T. ) ;
#2969 = SURFACE_STYLE_USAGE ( .BOTH. , #508 ) ;
#2970 = CARTESIAN_POINT ( 'NONE',  ( 4.913474798945114408, 1.334648624111956838, -27.00860869104229778 ) ) ;
#2971 = CARTESIAN_POINT ( 'NONE',  ( 10.12076937903943907, 0.9999999999999314992, 30.37822770259444027 ) ) ;
#2972 = B_SPLINE_SURFACE_WITH_KNOTS ( 'NONE', 3, 1, ( 
 ( #1401, #3538 ),
 ( #1716, #3897 ),
 ( #783, #1755 ),
 ( #1113, #2361 ),
 ( #3220, #1054 ),
 ( #2942, #1072 ),
 ( #2988, #2603 ),
 ( #1362, #3876 ),
 ( #151, #2013 ),
 ( #2623, #3239 ),
 ( #480, #1381 ),
 ( #3581, #823 ),
 ( #458, #2299 ) ),
 .UNSPECIFIED., .F., .F., .F.,
 ( 4, 3, 3, 3, 4 ),
 ( 2, 2 ),
 ( 0.000000000000000000, 0.0002880897535073025594, 0.0005762955664812986073, 0.0008586892435968598511, 0.001141441485236773055 ),
 ( 0.000000000000000000, 1.000000000000000000 ),
 .UNSPECIFIED. ) ;
#2973 = VERTEX_POINT ( 'NONE', #3305 ) ;
#2974 = ADVANCED_FACE ( 'NONE', ( #1470 ), #3350, .T. ) ;
#2975 = CARTESIAN_POINT ( 'NONE',  ( -2.588329836470291578, 29.76173457059635297, -33.35678557619807805 ) ) ;
#2976 = UNCERTAINTY_MEASURE_WITH_UNIT (LENGTH_MEASURE( 1.000000000000000082E-05 ), #599, 'distance_accuracy_value', 'NONE');
#2977 = CARTESIAN_POINT ( 'NONE',  ( -2.536791829293886469, 29.95374417543773760, 32.83203762247534030 ) ) ;
#2978 = DIRECTION ( 'NONE',  ( 0.000000000000000000, 1.000000000000000000, -0.000000000000000000 ) ) ;
#2979 = AXIS2_PLACEMENT_3D ( 'NONE', #3490, #1312, #1365 ) ;
#2980 = CIRCLE ( 'NONE', #3862, 23.50000000000000000 ) ;
#2981 = LINE ( 'NONE', #210, #1665 ) ;
#2982 = CARTESIAN_POINT ( 'NONE',  ( 9.964786583326713298, 0.9999999999999731326, 30.38384788904119915 ) ) ;
#2983 = EDGE_LOOP ( 'NONE', ( #26, #1285, #3896, #2890 ) ) ;
#2984 = EDGE_CURVE ( 'NONE', #577, #3917, #2430, .T. ) ;
#2985 = LINE ( 'NONE', #2701, #1711 ) ;
#2986 = ORIENTED_EDGE ( 'NONE', *, *, #2305, .T. ) ;
#2987 = ORIENTED_EDGE ( 'NONE', *, *, #1531, .T. ) ;
#2988 = CARTESIAN_POINT ( 'NONE',  ( -28.87634658020571621, 0.9999999999999453770, 6.855257921795573139 ) ) ;
#2989 = CARTESIAN_POINT ( 'NONE',  ( 28.59574269341561603, 29.99999999999997158, 6.510890133589041895 ) ) ;
#2990 =( GEOMETRIC_REPRESENTATION_CONTEXT ( 3 ) GLOBAL_UNCERTAINTY_ASSIGNED_CONTEXT ( ( #835 ) ) GLOBAL_UNIT_ASSIGNED_CONTEXT ( ( #1500, #2734, #509 ) ) REPRESENTATION_CONTEXT ( 'NONE', 'WORKASPACE' ) );
#2991 = CARTESIAN_POINT ( 'NONE',  ( -30.36432714282581102, 0.9999999999999453770, 10.20227232083353464 ) ) ;
#2992 = DIRECTION ( 'NONE',  ( 0.000000000000000000, 0.000000000000000000, 1.000000000000000000 ) ) ;
#2993 = CARTESIAN_POINT ( 'NONE',  ( -29.44337163892202014, 0.9999999999999731326, -7.739250038558880718 ) ) ;
#2994 = DIRECTION ( 'NONE',  ( 0.000000000000000000, 0.000000000000000000, 1.000000000000000000 ) ) ;
#2995 = B_SPLINE_CURVE_WITH_KNOTS ( 'NONE', 3,
 ( #2918, #740, #3797, #1655, #1956, #1972, #1324, #3500, #2882, #147, #2296, #1989, #2866, #1378, #3199, #1673 ),
 .UNSPECIFIED., .F., .F.,
 ( 4, 2, 2, 2, 2, 2, 2, 4 ),
 ( 0.000000000000000000, 0.0004092855485674039132, 0.0008185710971348078265, 0.001227856645702211794, 0.001637142194269615653, 0.002455713291404423154, 0.002864998839971828314, 0.003274284388539233474 ),
 .UNSPECIFIED. ) ;
#2996 = CARTESIAN_POINT ( 'NONE',  ( 29.19602735579723074, 0.9999999999999731326, 7.321981095747922552 ) ) ;
#2997 = CARTESIAN_POINT ( 'NONE',  ( -29.04474560440994324, 29.99999999999996447, -7.092616447670581969 ) ) ;
#2998 = EDGE_LOOP ( 'NONE', ( #3075, #776, #2958, #3815 ) ) ;
#2999 = CARTESIAN_POINT ( 'NONE',  ( -2.244046117372378468, 29.71104324353136761, -33.47981643190518497 ) ) ;
#3000 = FACE_OUTER_BOUND ( 'NONE', #2105, .T. ) ;
#3001 = EDGE_CURVE ( 'NONE', #3299, #1939, #1908, .T. ) ;
#3002 = CIRCLE ( 'NONE', #3505, 22.70000000000000995 ) ;
#3003 = LINE ( 'NONE', #1086, #3409 ) ;
#3004 = CARTESIAN_POINT ( 'NONE',  ( 30.37822770259429106, 29.99999999999997158, -10.12076937904034146 ) ) ;
#3005 = ORIENTED_EDGE ( 'NONE', *, *, #2837, .T. ) ;
#3006 = CARTESIAN_POINT ( 'NONE',  ( 1.451818925407959648, 30.00000000000000000, 34.06855685746891282 ) ) ;
#3007 = ORIENTED_EDGE ( 'NONE', *, *, #1706, .F. ) ;
#3008 = ORIENTED_EDGE ( 'NONE', *, *, #2281, .F. ) ;
#3009 = CARTESIAN_POINT ( 'NONE',  ( 2.536791829293847833, 29.95374417543772338, 32.83203762247534030 ) ) ;
#3010 = CARTESIAN_POINT ( 'NONE',  ( 7.739250038558865619, 0.9999999999999453770, -29.44337163892195619 ) ) ;
#3011 = ORIENTED_EDGE ( 'NONE', *, *, #3106, .F. ) ;
#3012 = DIRECTION ( 'NONE',  ( -0.000000000000000000, 1.000000000000000000, -0.000000000000000000 ) ) ;
#3013 = LINE ( 'NONE', #2688, #1045 ) ;
#3014 = CARTESIAN_POINT ( 'NONE',  ( -7.528640511785090972, 29.99999999999996447, -29.32104060617509944 ) ) ;
#3015 = CYLINDRICAL_SURFACE ( 'NONE', #585, 34.50000000000000711 ) ;
#3016 = ADVANCED_FACE ( 'NONE', ( #3670 ), #3586, .F. ) ;
#3017 = ORIENTED_EDGE ( 'NONE', *, *, #1731, .F. ) ;
#3018 = DIRECTION ( 'NONE',  ( -0.000000000000000000, -1.000000000000000000, -0.000000000000000000 ) ) ;
#3019 = LINE ( 'NONE', #3655, #936 ) ;
#3020 = EDGE_CURVE ( 'NONE', #1029, #1136, #527, .T. ) ;
#3021 = CLOSED_SHELL ( 'NONE', ( #30, #1041, #3757, #2604, #2874, #2311 ) ) ;
#3022 = FACE_OUTER_BOUND ( 'NONE', #3386, .T. ) ;
#3023 = CARTESIAN_POINT ( 'NONE',  ( -7.245099044917274078, 0.9999999999999314992, 29.14625379919606729 ) ) ;
#3024 = ORIENTED_EDGE ( 'NONE', *, *, #103, .T. ) ;
#3025 = EDGE_CURVE ( 'NONE', #3937, #769, #3132, .T. ) ;
#3026 = CARTESIAN_POINT ( 'NONE',  ( -10.12064705216105587, 29.99999999999997158, -30.37831597759071300 ) ) ;
#3027 = EDGE_LOOP ( 'NONE', ( #1487, #1942, #1424, #1661, #306 ) ) ;
#3028 = ORIENTED_EDGE ( 'NONE', *, *, #2842, .T. ) ;
#3029 = DIRECTION ( 'NONE',  ( 0.000000000000000000, 1.000000000000000000, 0.000000000000000000 ) ) ;
#3030 = CARTESIAN_POINT ( 'NONE',  ( 5.954848856712186667, 42.04006440356475593, -23.76530612244903651 ) ) ;
#3031 = VECTOR ( 'NONE', #3474, 1000.000000000000000 ) ;
#3032 = ORIENTED_EDGE ( 'NONE', *, *, #1472, .T. ) ;
#3033 = DIRECTION ( 'NONE',  ( -0.8660254037844432595, 0.000000000000000000, -0.4999999999999919509 ) ) ;
#3034 = CARTESIAN_POINT ( 'NONE',  ( 28.65632581468000595, 0.9999999999999453770, 6.580466847577119971 ) ) ;
#3035 = CARTESIAN_POINT ( 'NONE',  ( -2.529994625372435024, 29.94002650692230461, 32.83684185523674870 ) ) ;
#3036 = EDGE_CURVE ( 'NONE', #762, #478, #3013, .T. ) ;
#3037 = EDGE_CURVE ( 'NONE', #586, #1692, #3792, .T. ) ;
#3038 = CARTESIAN_POINT ( 'NONE',  ( -23.55878325911094961, 1.000000000000000888, -6.725602675614555714 ) ) ;
#3039 = CARTESIAN_POINT ( 'NONE',  ( 28.83117271246066338, 0.9999999999999731326, 6.794406156882573988 ) ) ;
#3040 = CARTESIAN_POINT ( 'NONE',  ( 10.22925332253684338, 0.9999999999999314992, 30.35833963587420925 ) ) ;
#3041 = ORIENTED_EDGE ( 'NONE', *, *, #1531, .F. ) ;
#3042 = CARTESIAN_POINT ( 'NONE',  ( -1.414318063561782024, 28.55781328457225854, -33.81015204676184283 ) ) ;
#3043 = CARTESIAN_POINT ( 'NONE',  ( 30.38379362306357478, 29.99999999999996447, -9.981669017286728618 ) ) ;
#3044 = DIRECTION ( 'NONE',  ( 0.000000000000000000, 1.000000000000000000, 0.000000000000000000 ) ) ;
#3045 = CARTESIAN_POINT ( 'NONE',  ( 7.242363969696523185, 0.9999999999999453770, 29.14441767727983290 ) ) ;
#3046 = ORIENTED_EDGE ( 'NONE', *, *, #2730, .T. ) ;
#3047 = CARTESIAN_POINT ( 'NONE',  ( 5.960485883513952921, 2.557833747714451711, 28.05322099075178954 ) ) ;
#3048 = VECTOR ( 'NONE', #2813, 1000.000000000000000 ) ;
#3049 = CARTESIAN_POINT ( 'NONE',  ( 28.81881438418740160, 29.99999999999995026, -6.778338360431559018 ) ) ;
#3050 = ORIENTED_EDGE ( 'NONE', *, *, #1344, .F. ) ;
#3051 = ORIENTED_EDGE ( 'NONE', *, *, #1290, .T. ) ;
#3052 = CARTESIAN_POINT ( 'NONE',  ( 2.592053241195601210, 29.95861029391613428, 32.86232861239626857 ) ) ;
#3053 = CARTESIAN_POINT ( 'NONE',  ( 29.77603499932961384, 29.99999999999996447, 8.386314982652965710 ) ) ;
#3054 = ORIENTED_EDGE ( 'NONE', *, *, #536, .T. ) ;
#3055 = DIRECTION ( 'NONE',  ( -0.000000000000000000, 1.000000000000000000, -0.000000000000000000 ) ) ;
#3056 = DIRECTION ( 'NONE',  ( -0.8660254037844397068, 0.000000000000000000, -0.4999999999999979461 ) ) ;
#3057 = CARTESIAN_POINT ( 'NONE',  ( -29.19569261685225214, 0.9999999999999453770, 7.321458899161582323 ) ) ;
#3058 = PLANE ( 'NONE',  #171 ) ;
#3059 = FACE_OUTER_BOUND ( 'NONE', #3920, .T. ) ;
#3060 = EDGE_CURVE ( 'NONE', #742, #2526, #2420, .T. ) ;
#3061 = CARTESIAN_POINT ( 'NONE',  ( -28.59574269341558406, 29.99999999999996447, -6.510890133589008144 ) ) ;
#3062 = VERTEX_POINT ( 'NONE', #1562 ) ;
#3063 = CARTESIAN_POINT ( 'NONE',  ( 30.37003035081246693, 0.9999999999999453770, -10.17519104697275623 ) ) ;
#3064 = CARTESIAN_POINT ( 'NONE',  ( 9.506339185439625084, 29.99999999999997158, 30.22765753340504702 ) ) ;
#3065 = CARTESIAN_POINT ( 'NONE',  ( -28.98695388522020622, 0.9999999999999731326, 7.007633974929305509 ) ) ;
#3066 = ORIENTED_EDGE ( 'NONE', *, *, #528, .T. ) ;
#3067 = PRESENTATION_STYLE_ASSIGNMENT (( #646 ) ) ;
#3068 = AXIS2_PLACEMENT_3D ( 'NONE', #1975, #111, #2848 ) ;
#3069 = CARTESIAN_POINT ( 'NONE',  ( 6.510890133589049888, 0.9999999999999731326, -28.59574269341550590 ) ) ;
#3070 = CARTESIAN_POINT ( 'NONE',  ( -1.354061739223342054, 28.13390047919572368, -33.85615338233034777 ) ) ;
#3071 = CARTESIAN_POINT ( 'NONE',  ( 2.977424428356081787, 1.000000000000000888, -5.157050385609482035 ) ) ;
#3072 = CARTESIAN_POINT ( 'NONE',  ( 29.32085608747951255, 0.9999999999999453770, 7.529954783968817011 ) ) ;
#3073 = VERTEX_POINT ( 'NONE', #967 ) ;
#3074 = AXIS2_PLACEMENT_3D ( 'NONE', #3908, #2978, #209 ) ;
#3075 = ORIENTED_EDGE ( 'NONE', *, *, #1293, .F. ) ;
#3076 = DIRECTION ( 'NONE',  ( -0.7071067811865318076, 0.000000000000000000, -0.7071067811865633379 ) ) ;
#3077 = CARTESIAN_POINT ( 'NONE',  ( -29.44337163892202014, 29.99999999999997158, -7.739250038558880718 ) ) ;
#3078 = FACE_OUTER_BOUND ( 'NONE', #1400, .T. ) ;
#3079 = CARTESIAN_POINT ( 'NONE',  ( 7.321981095747801760, 29.99999999999996447, -29.19602735579725561 ) ) ;
#3080 = CARTESIAN_POINT ( 'NONE',  ( -5.561456848814225751, 1.907841365375335663, -27.65419195605181102 ) ) ;
#3081 = CARTESIAN_POINT ( 'NONE',  ( 7.528651716482187339, 29.99999999999997158, 29.32104738518541254 ) ) ;
#3082 = AXIS2_PLACEMENT_3D ( 'NONE', #1496, #265, #3330 ) ;
#3083 = AXIS2_PLACEMENT_3D ( 'NONE', #1826, #868, #3879 ) ;
#3084 = CARTESIAN_POINT ( 'NONE',  ( 28.35126156015495624, 3.999999999999976019, 6.258819392547216864 ) ) ;
#3085 = ORIENTED_EDGE ( 'NONE', *, *, #2984, .F. ) ;
#3086 = DIRECTION ( 'NONE',  ( 0.000000000000000000, 0.000000000000000000, 1.000000000000000000 ) ) ;
#3087 = CARTESIAN_POINT ( 'NONE',  ( 10.22925332253684338, 30.00000000000000000, 30.35833963587420925 ) ) ;
#3088 = EDGE_CURVE ( 'NONE', #3979, #2317, #1442, .T. ) ;
#3089 = CARTESIAN_POINT ( 'NONE',  ( -7.321458899161518374, 0.9999999999999453770, -29.19569261685230543 ) ) ;
#3090 = ORIENTED_EDGE ( 'NONE', *, *, #808, .F. ) ;
#3091 = CARTESIAN_POINT ( 'NONE',  ( 2.204103308217936430, 29.27902302196446271, 33.96982416723796661 ) ) ;
#3092 = CARTESIAN_POINT ( 'NONE',  ( -5.954848856712624539, 1.000000000000000888, 0.000000000000000000 ) ) ;
#3093 = TOROIDAL_SURFACE ( 'NONE', #2252, 22.70000000000000995, 3.000000000000000000 ) ;
#3094 = VERTEX_POINT ( 'NONE', #15 ) ;
#3095 = ORIENTED_EDGE ( 'NONE', *, *, #39, .T. ) ;
#3096 = CARTESIAN_POINT ( 'NONE',  ( 28.81881438418740160, 1.000000000000014655, -6.778338360431559018 ) ) ;
#3097 = CARTESIAN_POINT ( 'NONE',  ( 29.32104738518525622, 0.9999999999999453770, -7.528651716482367640 ) ) ;
#3098 = COLOUR_RGB ( '',0.7921568627450980005, 0.8196078431372548767, 0.9333333333333333481 ) ;
#3099 = CARTESIAN_POINT ( 'NONE',  ( -29.32104738518525266, 29.99999999999997158, 7.528651716482368528 ) ) ;
#3100 = CARTESIAN_POINT ( 'NONE',  ( -2.245560368102026416, 29.37585395415639056, 33.88095424230097308 ) ) ;
#3101 = VECTOR ( 'NONE', #1960, 1000.000000000000000 ) ;
#3102 = CARTESIAN_POINT ( 'NONE',  ( 30.36464536457331320, 30.00000000000000000, 10.21095861067626132 ) ) ;
#3103 = ADVANCED_FACE ( 'NONE', ( #949 ), #3432, .T. ) ;
#3104 = B_SPLINE_CURVE_WITH_KNOTS ( 'NONE', 3,
 ( #902, #1551, #584, #627, #3065, #2153, #2778, #1813, #3107, #1199, #2462, #276, #1570 ),
 .UNSPECIFIED., .F., .F.,
 ( 4, 3, 3, 3, 4 ),
 ( 0.000000000000000000, 0.0002827522416399132037, 0.0005651459187554744475, 0.0008533517317294703327, 0.001141441485236773055 ),
 .UNSPECIFIED. ) ;
#3105 = CARTESIAN_POINT ( 'NONE',  ( -6.629600024815597514, 29.99999999999997158, -28.69713255725287837 ) ) ;
#3106 = EDGE_CURVE ( 'NONE', #741, #2029, #2187, .T. ) ;
#3107 = CARTESIAN_POINT ( 'NONE',  ( -28.75901578155352567, 0.9999999999999731326, 6.703064567619354541 ) ) ;
#3108 = CARTESIAN_POINT ( 'NONE',  ( 10.20227232083244928, 0.9999999999999731326, 30.36432714282614143 ) ) ;
#3109 = SURFACE_SIDE_STYLE ('',( #2800 ) ) ;
#3110 = CARTESIAN_POINT ( 'NONE',  ( -6.855257921795330667, 29.99999999999996447, -28.87634658020563805 ) ) ;
#3111 = ORIENTED_EDGE ( 'NONE', *, *, #3264, .T. ) ;
#3112 = CARTESIAN_POINT ( 'NONE',  ( 29.67154670419889229, 29.99999999999997158, -8.164928310215609386 ) ) ;
#3113 = DIRECTION ( 'NONE',  ( 0.000000000000000000, 0.000000000000000000, 1.000000000000000000 ) ) ;
#3114 = EDGE_LOOP ( 'NONE', ( #1061, #604, #1579, #3528 ) ) ;
#3115 = ORIENTED_EDGE ( 'NONE', *, *, #5, .F. ) ;
#3116 = CARTESIAN_POINT ( 'NONE',  ( 6.941653848079785583, 29.99999999999997158, -28.94086890595252370 ) ) ;
#3117 = PLANE ( 'NONE',  #1704 ) ;
#3118 = CARTESIAN_POINT ( 'NONE',  ( -30.06724980405526537, 0.9999999999999453770, 9.048974470993188746 ) ) ;
#3119 = CARTESIAN_POINT ( 'NONE',  ( -0.0001111640844670552797, 1.000000000000000888, -0.0001111364301611267313 ) ) ;
#3120 = TOROIDAL_SURFACE ( 'NONE', #3297, 22.70000000000000995, 3.000000000000000000 ) ;
#3121 = CARTESIAN_POINT ( 'NONE',  ( 0.000000000000000000, 0.000000000000000000, 0.000000000000000000 ) ) ;
#3122 = CARTESIAN_POINT ( 'NONE',  ( 7.321458899161427780, 0.9999999999999176215, 29.19569261685241912 ) ) ;
#3123 = CARTESIAN_POINT ( 'NONE',  ( -6.778338360431262366, 29.99999999999997158, -28.81881438418727015 ) ) ;
#3124 = CARTESIAN_POINT ( 'NONE',  ( 22.66478919158156913, 0.000000000000000000, 6.209454960072358531 ) ) ;
#3125 = CARTESIAN_POINT ( 'NONE',  ( 0.000000000000000000, 1.000000000000000888, 0.000000000000000000 ) ) ;
#3126 = EDGE_CURVE ( 'NONE', #761, #2356, #3448, .T. ) ;
#3127 =( NAMED_UNIT ( * ) PLANE_ANGLE_UNIT ( ) SI_UNIT ( $, .RADIAN. ) );
#3128 = FACE_OUTER_BOUND ( 'NONE', #3455, .T. ) ;
#3129 = ORIENTED_EDGE ( 'NONE', *, *, #1197, .T. ) ;
#3130 = CARTESIAN_POINT ( 'NONE',  ( -30.37003035081242075, 0.9999999999999731326, 10.17519104697265675 ) ) ;
#3131 = EDGE_LOOP ( 'NONE', ( #928, #839, #3259, #1842 ) ) ;
#3132 = CIRCLE ( 'NONE', #150, 0.5000000000000004441 ) ;
#3133 = ORIENTED_EDGE ( 'NONE', *, *, #2133, .F. ) ;
#3134 = VECTOR ( 'NONE', #1741, 1000.000000000000114 ) ;
#3135 = FACE_OUTER_BOUND ( 'NONE', #1754, .T. ) ;
#3136 = CARTESIAN_POINT ( 'NONE',  ( 28.53424220848890158, 1.000000000000000888, 6.442166876943982601 ) ) ;
#3137 = CARTESIAN_POINT ( 'NONE',  ( 1.972462559639093227, 28.27628480348665718, 34.42709957262260190 ) ) ;
#3138 = CARTESIAN_POINT ( 'NONE',  ( 7.016757265370077157, 29.99999999999996447, -28.99339922229294331 ) ) ;
#3139 = CARTESIAN_POINT ( 'NONE',  ( -4.333364047526193197, 1.060973120662210167, -26.42609915476372251 ) ) ;
#3140 = ADVANCED_FACE ( 'NONE', ( #309 ), #3117, .F. ) ;
#3141 = CARTESIAN_POINT ( 'NONE',  ( -7.242363969696637760, 29.99999999999997158, -29.14441767727973343 ) ) ;
#3142 = CARTESIAN_POINT ( 'NONE',  ( -7.016757265370533680, 29.99999999999996447, 28.99339922229300726 ) ) ;
#3143 = EDGE_CURVE ( 'NONE', #475, #542, #3729, .T. ) ;
#3144 = EDGE_CURVE ( 'NONE', #1325, #2264, #1581, .T. ) ;
#3145 = CARTESIAN_POINT ( 'NONE',  ( -29.19602735579721653, 0.9999999999999731326, -7.321981095747903900 ) ) ;
#3146 = VECTOR ( 'NONE', #2753, 1000.000000000000000 ) ;
#3147 = CARTESIAN_POINT ( 'NONE',  ( 5.954848856712186667, 0.000000000000000000, -23.76530612244903651 ) ) ;
#3148 = LINE ( 'NONE', #997, #3742 ) ;
#3149 = PLANE ( 'NONE',  #3621 ) ;
#3150 = ORIENTED_EDGE ( 'NONE', *, *, #3542, .F. ) ;
#3151 = EDGE_CURVE ( 'NONE', #2116, #2728, #2492, .T. ) ;
#3152 = ORIENTED_EDGE ( 'NONE', *, *, #2315, .F. ) ;
#3153 = DIRECTION ( 'NONE',  ( 0.000000000000000000, 0.000000000000000000, 1.000000000000000000 ) ) ;
#3154 = DIRECTION ( 'NONE',  ( 0.5000000000000039968, 0.000000000000000000, 0.8660254037844363761 ) ) ;
#3155 = ORIENTED_EDGE ( 'NONE', *, *, #3988, .T. ) ;
#3156 = CARTESIAN_POINT ( 'NONE',  ( 1.967801550277619826, 29.60059492215834709, -33.32249626386221308 ) ) ;
#3157 = CARTESIAN_POINT ( 'NONE',  ( 6.580466847577135070, 29.99999999999996447, -28.65632581467990292 ) ) ;
#3158 = CARTESIAN_POINT ( 'NONE',  ( 28.53424220848890158, 30.00000000000000000, 6.442166876943982601 ) ) ;
#3159 = VECTOR ( 'NONE', #1178, 1000.000000000000000 ) ;
#3160 = CARTESIAN_POINT ( 'NONE',  ( -7.321981095748312462, 0.9999999999999453770, 29.19602735579720232 ) ) ;
#3161 = EDGE_CURVE ( 'NONE', #1954, #85, #1499, .T. ) ;
#3162 = DIRECTION ( 'NONE',  ( -0.000000000000000000, 1.000000000000000000, -0.000000000000000000 ) ) ;
#3163 = DIRECTION ( 'NONE',  ( -0.000000000000000000, 1.000000000000000000, -0.000000000000000000 ) ) ;
#3164 = PRESENTATION_STYLE_ASSIGNMENT (( #1298 ) ) ;
#3165 = CARTESIAN_POINT ( 'NONE',  ( -6.510890133589464668, 0.9999999999999731326, 28.59574269341565866 ) ) ;
#3166 = DIRECTION ( 'NONE',  ( 0.000000000000000000, 0.000000000000000000, 1.000000000000000000 ) ) ;
#3167 = DIRECTION ( 'NONE',  ( -0.4999999999999980016, 0.000000000000000000, 0.8660254037844398178 ) ) ;
#3168 = VERTEX_POINT ( 'NONE', #690 ) ;
#3169 = EDGE_LOOP ( 'NONE', ( #522, #1222, #2785, #653 ) ) ;
#3170 = CARTESIAN_POINT ( 'NONE',  ( 25.81737115798306803, 1.000000000000000888, -3.724636050745690596 ) ) ;
#3171 = ORIENTED_EDGE ( 'NONE', *, *, #1789, .T. ) ;
#3172 = DIRECTION ( 'NONE',  ( 0.000000000000000000, 1.000000000000000000, -0.000000000000000000 ) ) ;
#3173 = CIRCLE ( 'NONE', #3546, 32.03546292528178441 ) ;
#3174 = CARTESIAN_POINT ( 'NONE',  ( -30.38362457722950438, 29.99999999999996447, 10.03232073629215826 ) ) ;
#3175 = CARTESIAN_POINT ( 'NONE',  ( -9.052655923250700454, 0.9999999999999453770, 30.06870357553470186 ) ) ;
#3176 = CARTESIAN_POINT ( 'NONE',  ( -29.77603499932959963, 29.99999999999996447, -8.386314982652995909 ) ) ;
#3177 = CARTESIAN_POINT ( 'NONE',  ( -10.06594728573382191, 0.9999999999999453770, -30.38238646135668475 ) ) ;
#3178 = LINE ( 'NONE', #1968, #2573 ) ;
#3179 = DIRECTION ( 'NONE',  ( 0.000000000000000000, 1.000000000000000000, 0.000000000000000000 ) ) ;
#3180 = ORIENTED_EDGE ( 'NONE', *, *, #1413, .T. ) ;
#3181 = FILL_AREA_STYLE ('',( #2244 ) ) ;
#3182 = CARTESIAN_POINT ( 'NONE',  ( 27.00839492197350467, 1.334762719640587569, -4.915659814736074829 ) ) ;
#3183 = EDGE_LOOP ( 'NONE', ( #960, #519, #307, #3371, #149, #3216, #2450, #2642, #3510, #1918, #1336, #1725, #861, #497, #1488, #1841, #2699, #3906, #1468, #1902, #1049, #3370, #927, #1380, #1203, #330, #3829, #3300, #2275, #3303, #2228, #1379, #1262, #2369, #258, #169, #434, #614, #29, #418 ) ) ;
#3184 = LINE ( 'NONE', #2868, #2675 ) ;
#3185 = CIRCLE ( 'NONE', #1443, 24.50000000000000000 ) ;
#3186 = DIRECTION ( 'NONE',  ( 0.000000000000000000, 1.000000000000000000, -0.000000000000000000 ) ) ;
#3187 = AXIS2_PLACEMENT_3D ( 'NONE', #1416, #772, #2373 ) ;
#3188 = CARTESIAN_POINT ( 'NONE',  ( 5.672994058718284549, 2.055780034965357217, -27.76660832781214339 ) ) ;
#3189 = CARTESIAN_POINT ( 'NONE',  ( 29.19602735579723074, 29.99999999999996447, 7.321981095747923440 ) ) ;
#3190 = DIRECTION ( 'NONE',  ( 0.000000000000000000, 1.000000000000000000, -0.000000000000000000 ) ) ;
#3191 = DIRECTION ( 'NONE',  ( -0.000000000000000000, -1.000000000000000000, -0.000000000000000000 ) ) ;
#3192 = CARTESIAN_POINT ( 'NONE',  ( 0.0001111364302131684356, 1.000000000000000888, -0.0001111640847081818428 ) ) ;
#3193 = CARTESIAN_POINT ( 'NONE',  ( -7.245099044917274078, 0.9999999999999731326, 29.14625379919606729 ) ) ;
#3194 = B_SPLINE_CURVE_WITH_KNOTS ( 'NONE', 3,
 ( #3518, #1689, #3499, #2276, #3235, #739, #3217, #1971, #759, #2938, #1712 ),
 .UNSPECIFIED., .F., .F.,
 ( 4, 2, 3, 2, 4 ),
 ( 0.000000000000000000, 0.1899874471334545567, 0.3800747878766265186, 0.6887424084610820341, 1.000000000000000000 ),
 .UNSPECIFIED. ) ;
#3195 = FACE_OUTER_BOUND ( 'NONE', #2095, .T. ) ;
#3196 = ORIENTED_EDGE ( 'NONE', *, *, #2717, .T. ) ;
#3197 = EDGE_CURVE ( 'NONE', #1367, #2621, #550, .T. ) ;
#3198 =( NAMED_UNIT ( * ) SI_UNIT ( $, .STERADIAN. ) SOLID_ANGLE_UNIT ( ) );
#3199 = CARTESIAN_POINT ( 'NONE',  ( 2.751907401065670999, 30.00000000000000711, 32.49233746857414218 ) ) ;
#3200 = ORIENTED_EDGE ( 'NONE', *, *, #2151, .F. ) ;
#3201 = ORIENTED_EDGE ( 'NONE', *, *, #58, .F. ) ;
#3202 = CARTESIAN_POINT ( 'NONE',  ( 29.19569261685225925, -84.94344718381945825, -7.321458899161594758 ) ) ;
#3203 = CLOSED_SHELL ( 'NONE', ( #2079, #3440, #1092, #2313, #2409, #3785 ) ) ;
#3204 = CARTESIAN_POINT ( 'NONE',  ( -30.37822770259429817, 29.99999999999996447, 10.12076937903982987 ) ) ;
#3205 = CARTESIAN_POINT ( 'NONE',  ( -7.739250038559290168, 0.9999999999999453770, 29.44337163892200948 ) ) ;
#3206 = EDGE_CURVE ( 'NONE', #1160, #3935, #1584, .T. ) ;
#3207 = DIRECTION ( 'NONE',  ( -0.8660254037844363761, 0.000000000000000000, 0.5000000000000039968 ) ) ;
#3208 = ORIENTED_EDGE ( 'NONE', *, *, #3143, .T. ) ;
#3209 = FACE_OUTER_BOUND ( 'NONE', #1283, .T. ) ;
#3210 = DIRECTION ( 'NONE',  ( 0.000000000000000000, 0.000000000000000000, 1.000000000000000000 ) ) ;
#3211 = CARTESIAN_POINT ( 'NONE',  ( 30.38234234103216380, 0.9999999999999731326, -10.06607696785905226 ) ) ;
#3212 = CIRCLE ( 'NONE', #1479, 32.03553271164815186 ) ;
#3213 = ADVANCED_FACE ( 'NONE', ( #1542 ), #602, .F. ) ;
#3214 = DIRECTION ( 'NONE',  ( 0.000000000000000000, 1.000000000000000000, -0.000000000000000000 ) ) ;
#3215 = CARTESIAN_POINT ( 'NONE',  ( -28.81881438418739450, 29.99999999999997158, 6.778338360431559018 ) ) ;
#3216 = ORIENTED_EDGE ( 'NONE', *, *, #348, .F. ) ;
#3217 = CARTESIAN_POINT ( 'NONE',  ( -30.38092739730145553, 29.99999999999997158, 10.09343860348541533 ) ) ;
#3218 = CARTESIAN_POINT ( 'NONE',  ( 29.32104738518525622, 29.99999999999996447, -7.528651716482367640 ) ) ;
#3219 = ORIENTED_EDGE ( 'NONE', *, *, #1660, .F. ) ;
#3220 = CARTESIAN_POINT ( 'NONE',  ( -28.75901578155352567, 0.9999999999999453770, 6.703064567619354541 ) ) ;
#3221 = CARTESIAN_POINT ( 'NONE',  ( 1.354061739223346494, 0.000000000000000000, -33.85615338233036198 ) ) ;
#3222 = CARTESIAN_POINT ( 'NONE',  ( -9.964637902584092544, 29.99999999999996447, -30.38379723437888558 ) ) ;
#3223 = AXIS2_PLACEMENT_3D ( 'NONE', #705, #1302, #1634 ) ;
#3224 = CARTESIAN_POINT ( 'NONE',  ( -2.598501874784521437, 29.90326814669353084, 33.02351286912072936 ) ) ;
#3225 = CYLINDRICAL_SURFACE ( 'NONE', #2722, 1.499999999999904077 ) ;
#3226 =( LENGTH_UNIT ( ) NAMED_UNIT ( * ) SI_UNIT ( .MILLI., .METRE. ) );
#3227 = CIRCLE ( 'NONE', #3487, 23.50000000000000000 ) ;
#3228 = EDGE_LOOP ( 'NONE', ( #1797, #672, #797, #3024 ) ) ;
#3229 = FACE_OUTER_BOUND ( 'NONE', #1034, .T. ) ;
#3230 = FACE_BOUND ( 'NONE', #3183, .T. ) ;
#3231 = DIRECTION ( 'NONE',  ( 0.000000000000000000, 0.000000000000000000, 1.000000000000000000 ) ) ;
#3232 = EDGE_CURVE ( 'NONE', #3960, #3938, #2995, .T. ) ;
#3233 = CARTESIAN_POINT ( 'NONE',  ( -28.75901578155352567, 29.99999999999997158, 6.703064567619354541 ) ) ;
#3234 = EDGE_LOOP ( 'NONE', ( #1348, #1389, #3620, #1575 ) ) ;
#3235 = CARTESIAN_POINT ( 'NONE',  ( -30.38321444578816610, 29.99999999999997158, 10.04921254276209019 ) ) ;
#3236 = CARTESIAN_POINT ( 'NONE',  ( 28.19932210045496035, 2.943339678957469285, -6.106586993217478110 ) ) ;
#3237 = ORIENTED_EDGE ( 'NONE', *, *, #2438, .T. ) ;
#3238 = ORIENTED_EDGE ( 'NONE', *, *, #970, .T. ) ;
#3239 = CARTESIAN_POINT ( 'NONE',  ( -29.03983865805449582, 29.99999999999996447, 7.085501934475145980 ) ) ;
#3240 = LINE ( 'NONE', #240, #782 ) ;
#3241 = CARTESIAN_POINT ( 'NONE',  ( -30.38379362306360676, 0.9999999999999453770, 9.981669017286687762 ) ) ;
#3242 = CARTESIAN_POINT ( 'NONE',  ( -8.164881575140906733, 29.99999999999997158, -29.67152308091792534 ) ) ;
#3243 = CARTESIAN_POINT ( 'NONE',  ( -9.964637902584092544, 0.9999999999999731326, -30.38379723437888558 ) ) ;
#3244 = EDGE_CURVE ( 'NONE', #3935, #875, #2751, .T. ) ;
#3245 = AXIS2_PLACEMENT_3D ( 'NONE', #2569, #3172, #3433 ) ;
#3246 = CARTESIAN_POINT ( 'NONE',  ( 4.770654377082283126, 1.253677548738913128, -26.86607401992983313 ) ) ;
#3247 = CARTESIAN_POINT ( 'NONE',  ( -6.941653848080234113, 29.99999999999997158, 28.94086890595260897 ) ) ;
#3248 = ORIENTED_EDGE ( 'NONE', *, *, #1100, .T. ) ;
#3249 = VECTOR ( 'NONE', #2801, 1000.000000000000000 ) ;
#3250 = CARTESIAN_POINT ( 'NONE',  ( -2.357210436248798668, 28.69222519587396292, -34.30245882861629525 ) ) ;
#3251 = CARTESIAN_POINT ( 'NONE',  ( -10.17507927643632115, 29.99999999999996447, -30.37016272767278124 ) ) ;
#3252 = DIRECTION ( 'NONE',  ( -0.000000000000000000, 1.000000000000000000, -0.000000000000000000 ) ) ;
#3253 = EDGE_CURVE ( 'NONE', #1787, #3569, #247, .T. ) ;
#3254 = DIRECTION ( 'NONE',  ( 0.000000000000000000, -1.000000000000000000, 0.000000000000000000 ) ) ;
#3255 = CARTESIAN_POINT ( 'NONE',  ( 7.737229666197646516, 0.9999999999999731326, 29.44401500664203297 ) ) ;
#3256 = ORIENTED_EDGE ( 'NONE', *, *, #3507, .F. ) ;
#3257 = CARTESIAN_POINT ( 'NONE',  ( 28.93272500840681261, 0.9999999999999731326, -6.930634915335671664 ) ) ;
#3258 = ORIENTED_EDGE ( 'NONE', *, *, #934, .F. ) ;
#3259 = ORIENTED_EDGE ( 'NONE', *, *, #1947, .T. ) ;
#3260 = FACE_OUTER_BOUND ( 'NONE', #3430, .T. ) ;
#3261 = CARTESIAN_POINT ( 'NONE',  ( -2.324135821055048456, 0.000000000000000000, -34.42362760741976757 ) ) ;
#3262 = VECTOR ( 'NONE', #1454, 1000.000000000000000 ) ;
#3263 = CARTESIAN_POINT ( 'NONE',  ( -6.442166876944400933, 0.9999999999999731326, 28.53424220848894777 ) ) ;
#3264 = EDGE_CURVE ( 'NONE', #799, #1225, #779, .T. ) ;
#3265 = AXIS2_PLACEMENT_3D ( 'NONE', #2639, #1645, #427 ) ;
#3266 = CARTESIAN_POINT ( 'NONE',  ( 6.413678643489684639, 0.9999999999999940048, 28.50641375072754613 ) ) ;
#3267 = LINE ( 'NONE', #2367, #1806 ) ;
#3268 = CARTESIAN_POINT ( 'NONE',  ( 7.321458899161427780, 30.00000000000000000, 29.19569261685241912 ) ) ;
#3269 = FACE_OUTER_BOUND ( 'NONE', #3332, .T. ) ;
#3270 = ORIENTED_EDGE ( 'NONE', *, *, #2907, .F. ) ;
#3271 = AXIS2_PLACEMENT_3D ( 'NONE', #3335, #1439, #583 ) ;
#3272 = CARTESIAN_POINT ( 'NONE',  ( -2.577690993619357052, 29.96500715624225819, -32.83655370159618059 ) ) ;
#3273 = CARTESIAN_POINT ( 'NONE',  ( -1.515954887045120048, 28.56376759045892300, 34.01497936465779048 ) ) ;
#3274 = FACE_OUTER_BOUND ( 'NONE', #283, .T. ) ;
#3275 = EDGE_CURVE ( 'NONE', #875, #3727, #1713, .T. ) ;
#3276 = PRESENTATION_LAYER_ASSIGNMENT (  '', '', ( #1548 ) ) ;
#3277 = DIRECTION ( 'NONE',  ( 8.881784197001252323E-16, 0.000000000000000000, 1.000000000000000000 ) ) ;
#3278 = CARTESIAN_POINT ( 'NONE',  ( -26.42609915476370830, 1.060973120662209501, 4.333364047526308660 ) ) ;
#3279 = ORIENTED_EDGE ( 'NONE', *, *, #3733, .T. ) ;
#3280 = CARTESIAN_POINT ( 'NONE',  ( -10.09331211470444956, 29.99999999999997158, -30.38099426806774517 ) ) ;
#3281 = VERTEX_POINT ( 'NONE', #2641 ) ;
#3282 = VERTEX_POINT ( 'NONE', #726 ) ;
#3283 = DIRECTION ( 'NONE',  ( -0.000000000000000000, -1.000000000000000000, 0.000000000000000000 ) ) ;
#3284 = CARTESIAN_POINT ( 'NONE',  ( 8.167768883882766673, 29.99999999999996447, -29.67102485484117125 ) ) ;
#3285 = DIRECTION ( 'NONE',  ( 0.000000000000000000, 1.000000000000000000, -0.000000000000000000 ) ) ;
#3286 = CARTESIAN_POINT ( 'NONE',  ( 0.000000000000000000, 0.000000000000000000, 0.000000000000000000 ) ) ;
#3287 = DIRECTION ( 'NONE',  ( -0.000000000000000000, -1.000000000000000000, 0.000000000000000000 ) ) ;
#3288 = EDGE_CURVE ( 'NONE', #3560, #3811, #3854, .T. ) ;
#3289 = CARTESIAN_POINT ( 'NONE',  ( 28.53424220848890158, 0.9999999999999731326, 6.442166876943983489 ) ) ;
#3290 = CARTESIAN_POINT ( 'NONE',  ( 10.06607696785825468, 0.9999999999999314992, 30.38234234103228459 ) ) ;
#3291 = EDGE_LOOP ( 'NONE', ( #521, #3208, #1862, #3964 ) ) ;
#3292 = DIRECTION ( 'NONE',  ( 0.000000000000000000, 0.000000000000000000, 1.000000000000000000 ) ) ;
#3293 = CARTESIAN_POINT ( 'NONE',  ( -28.83117271246065272, 29.99999999999997158, -6.794406156882558889 ) ) ;
#3294 = DIRECTION ( 'NONE',  ( -0.000000000000000000, 1.000000000000000000, -0.000000000000000000 ) ) ;
#3295 = CARTESIAN_POINT ( 'NONE',  ( 30.37003035081246693, 29.99999999999997158, -10.17519104697275623 ) ) ;
#3296 = ORIENTED_EDGE ( 'NONE', *, *, #1352, .F. ) ;
#3297 = AXIS2_PLACEMENT_3D ( 'NONE', #2943, #2965, #1448 ) ;
#3298 = DIRECTION ( 'NONE',  ( 0.000000000000000000, 1.000000000000000000, 0.000000000000000000 ) ) ;
#3299 = VERTEX_POINT ( 'NONE', #3558 ) ;
#3300 = ORIENTED_EDGE ( 'NONE', *, *, #215, .F. ) ;
#3301 = FACE_OUTER_BOUND ( 'NONE', #3291, .T. ) ;
#3302 = CARTESIAN_POINT ( 'NONE',  ( -17.60393440239823093, 1.000000000000000888, 17.03970344683439464 ) ) ;
#3303 = ORIENTED_EDGE ( 'NONE', *, *, #1871, .F. ) ;
#3304 = CARTESIAN_POINT ( 'NONE',  ( -29.19569261685225214, -84.94344718381945825, 7.321458899161582323 ) ) ;
#3305 = CARTESIAN_POINT ( 'NONE',  ( 29.19569261685225925, 1.000000000000014655, -7.321458899161594758 ) ) ;
#3306 = LINE ( 'NONE', #3610, #766 ) ;
#3307 = CARTESIAN_POINT ( 'NONE',  ( 5.185942674619033355, 1.529570751267772755, -27.28053142128874242 ) ) ;
#3308 = CARTESIAN_POINT ( 'NONE',  ( 10.06607696785825468, 29.99999999999996447, 30.38234234103228459 ) ) ;
#3309 = EDGE_LOOP ( 'NONE', ( #1441, #3355, #1266, #1216 ) ) ;
#3310 = FACE_OUTER_BOUND ( 'NONE', #346, .T. ) ;
#3311 = AXIS2_PLACEMENT_3D ( 'NONE', #1922, #637, #383 ) ;
#3312 = EDGE_CURVE ( 'NONE', #214, #595, #2171, .T. ) ;
#3313 = DIRECTION ( 'NONE',  ( -0.000000000000000000, 1.000000000000000000, -0.000000000000000000 ) ) ;
#3314 = AXIS2_PLACEMENT_3D ( 'NONE', #2767, #1246, #925 ) ;
#3315 = DIRECTION ( 'NONE',  ( 0.000000000000000000, 0.000000000000000000, 1.000000000000000000 ) ) ;
#3316 = FACE_OUTER_BOUND ( 'NONE', #2241, .T. ) ;
#3317 = ORIENTED_EDGE ( 'NONE', *, *, #1176, .T. ) ;
#3318 = EDGE_CURVE ( 'NONE', #2279, #2308, #2985, .T. ) ;
#3319 = ADVANCED_FACE ( 'NONE', ( #1774 ), #2032, .F. ) ;
#3320 = CARTESIAN_POINT ( 'NONE',  ( -6.413678643489945763, 0.9999999999999453770, -28.50641375072756389 ) ) ;
#3321 = ORIENTED_EDGE ( 'NONE', *, *, #3126, .T. ) ;
#3322 = ADVANCED_FACE ( 'NONE', ( #213 ), #3646, .F. ) ;
#3323 = ORIENTED_EDGE ( 'NONE', *, *, #1887, .T. ) ;
#3324 = CARTESIAN_POINT ( 'NONE',  ( 2.239719958591812610, 29.77200507397850870, 33.24414445953982522 ) ) ;
#3325 = DIRECTION ( 'NONE',  ( 0.000000000000000000, 0.000000000000000000, 1.000000000000000000 ) ) ;
#3326 = B_SPLINE_SURFACE_WITH_KNOTS ( 'NONE', 3, 1, ( 
 ( #3320, #2658 ),
 ( #1463, #3873 ),
 ( #2681, #2399 ),
 ( #1110, #3622 ),
 ( #859, #2358 ),
 ( #3578, #2054 ),
 ( #1796, #3110 ),
 ( #325, #3365 ),
 ( #1857, #958 ),
 ( #1555, #2157 ),
 ( #648, #2176 ),
 ( #1878, #3741 ),
 ( #3089, #3385 ) ),
 .UNSPECIFIED., .F., .F., .F.,
 ( 4, 3, 3, 3, 4 ),
 ( 2, 2 ),
 ( 0.000000000000000000, 0.0002880897535075100215, 0.0005762955664817181935, 0.0008586892435974002175, 0.001141441485237412734 ),
 ( 0.000000000000000000, 1.000000000000000000 ),
 .UNSPECIFIED. ) ;
#3327 = ORIENTED_EDGE ( 'NONE', *, *, #581, .T. ) ;
#3328 = DIRECTION ( 'NONE',  ( -0.000000000000000000, 1.000000000000000000, -0.000000000000000000 ) ) ;
#3329 = CARTESIAN_POINT ( 'NONE',  ( -16.70994033486881492, 0.000000000000000000, 16.52355573129235466 ) ) ;
#3330 = DIRECTION ( 'NONE',  ( 0.000000000000000000, 0.000000000000000000, 1.000000000000000000 ) ) ;
#3331 = CARTESIAN_POINT ( 'NONE',  ( -5.954848856712186667, 0.000000000000000000, 22.73301069136496011 ) ) ;
#3332 = EDGE_LOOP ( 'NONE', ( #3366, #2143, #617, #1322 ) ) ;
#3333 = CARTESIAN_POINT ( 'NONE',  ( -2.538997579658447634, 29.62820563597840717, -33.57437666871762616 ) ) ;
#3334 = DIRECTION ( 'NONE',  ( -0.000000000000000000, -1.000000000000000000, -0.000000000000000000 ) ) ;
#3335 = CARTESIAN_POINT ( 'NONE',  ( -6.258585244769549583, -84.94344718381945825, -28.35132035200716061 ) ) ;
#3336 = LINE ( 'NONE', #3401, #2959 ) ;
#3337 = VERTEX_POINT ( 'NONE', #1155 ) ;
#3338 = CARTESIAN_POINT ( 'NONE',  ( 28.35132035200713929, -84.94344718381945825, -6.258585244769650835 ) ) ;
#3339 = EDGE_CURVE ( 'NONE', #3960, #3937, #2746, .T. ) ;
#3340 = CARTESIAN_POINT ( 'NONE',  ( 28.50641375072796535, 29.99999999999995026, -6.413678643490467124 ) ) ;
#3341 = ORIENTED_EDGE ( 'NONE', *, *, #1494, .T. ) ;
#3342 = EDGE_CURVE ( 'NONE', #1920, #3516, #2445, .T. ) ;
#3343 = CARTESIAN_POINT ( 'NONE',  ( -1.562117586003463732, 29.01943873970257215, -33.69230703868132792 ) ) ;
#3344 = CARTESIAN_POINT ( 'NONE',  ( 1.645280465264478575, 28.94746739610494402, 33.89951223750318832 ) ) ;
#3345 = CARTESIAN_POINT ( 'NONE',  ( 30.06870357553475159, 0.9999999999999453770, 9.052655923250327419 ) ) ;
#3346 = AXIS2_PLACEMENT_3D ( 'NONE', #1668, #1969, #1028 ) ;
#3347 = VECTOR ( 'NONE', #3522, 1000.000000000000000 ) ;
#3348 = VERTEX_POINT ( 'NONE', #1422 ) ;
#3349 = FACE_OUTER_BOUND ( 'NONE', #2643, .T. ) ;
#3350 = CYLINDRICAL_SURFACE ( 'NONE', #1187, 1.000000000000000888 ) ;
#3351 = CYLINDRICAL_SURFACE ( 'NONE', #3082, 25.70000000000000639 ) ;
#3352 = FILL_AREA_STYLE ('',( #2667 ) ) ;
#3353 = CARTESIAN_POINT ( 'NONE',  ( -1.788376263272985822, 29.04274561519707021, 34.16857803069029842 ) ) ;
#3354 = CARTESIAN_POINT ( 'NONE',  ( -28.65632581467998108, 0.9999999999999453770, -6.580466847577087997 ) ) ;
#3355 = ORIENTED_EDGE ( 'NONE', *, *, #2294, .T. ) ;
#3356 = DIRECTION ( 'NONE',  ( 0.8660254037844363761, 0.000000000000000000, -0.5000000000000039968 ) ) ;
#3357 = B_SPLINE_CURVE_WITH_KNOTS ( 'NONE', 3,
 ( #1263, #650, #2613, #1042, #2288, #3790, #2309, #1576 ),
 .UNSPECIFIED., .F., .F.,
 ( 4, 2, 2, 4 ),
 ( 0.000000000000000000, 0.5000000000000018874, 0.7500000000000013323, 1.000000000000000000 ),
 .UNSPECIFIED. ) ;
#3358 = CARTESIAN_POINT ( 'NONE',  ( 30.38374542505944120, 0.9999999999999453770, -9.998551471871152785 ) ) ;
#3359 = CARTESIAN_POINT ( 'NONE',  ( -7.245099044917274078, 29.99999999999996447, 29.14625379919606729 ) ) ;
#3360 = ORIENTED_EDGE ( 'NONE', *, *, #1598, .F. ) ;
#3361 = AXIS2_PLACEMENT_3D ( 'NONE', #2501, #1554, #3701 ) ;
#3362 = CARTESIAN_POINT ( 'NONE',  ( 10.06607696785825468, 29.99999999999997158, 30.38234234103228459 ) ) ;
#3363 = AXIS2_PLACEMENT_3D ( 'NONE', #153, #524, #3325 ) ;
#3364 = ADVANCED_FACE ( 'NONE', ( #236 ), #3326, .F. ) ;
#3365 = CARTESIAN_POINT ( 'NONE',  ( -6.930634915335446955, 29.99999999999996447, -28.93272500840674866 ) ) ;
#3366 = ORIENTED_EDGE ( 'NONE', *, *, #682, .T. ) ;
#3367 = ORIENTED_EDGE ( 'NONE', *, *, #5, .T. ) ;
#3368 = CARTESIAN_POINT ( 'NONE',  ( 1.885494894428415558, 29.37585395519619880, 33.65855610072885895 ) ) ;
#3369 = CARTESIAN_POINT ( 'NONE',  ( 30.06870357553475159, 29.99999999999996447, 9.052655923250327419 ) ) ;
#3370 = ORIENTED_EDGE ( 'NONE', *, *, #2825, .F. ) ;
#3371 = ORIENTED_EDGE ( 'NONE', *, *, #1904, .F. ) ;
#3372 = CARTESIAN_POINT ( 'NONE',  ( -29.19602735579721653, 0.9999999999999731326, -7.321981095747903900 ) ) ;
#3373 = CARTESIAN_POINT ( 'NONE',  ( 28.59574269341561603, 29.99999999999996447, 6.510890133589041895 ) ) ;
#3374 = CARTESIAN_POINT ( 'NONE',  ( -1.451818925407959204, 27.99999999999999645, 34.06855685746891282 ) ) ;
#3375 = CARTESIAN_POINT ( 'NONE',  ( -2.821938808049768710, 30.00000000000000000, 32.37525451824843969 ) ) ;
#3376 = CARTESIAN_POINT ( 'NONE',  ( -5.674449771945609733, 2.057061588875676250, -27.76718487918319767 ) ) ;
#3377 = EDGE_CURVE ( 'NONE', #3884, #3602, #977, .T. ) ;
#3378 = B_SPLINE_CURVE_WITH_KNOTS ( 'NONE', 3,
 ( #167, #2539, #3794, #3809, #1707, #996, #1027, #2915, #142, #3827, #1066, #2238, #2935, #774 ),
 .UNSPECIFIED., .F., .F.,
 ( 4, 2, 2, 2, 2, 2, 4 ),
 ( -9.419422375311359500E-06, 0.0007955029284274808517, 0.001197964103828877067, 0.001600425279230273173, 0.002405347630033065169, 0.002807808805434461059, 0.003210269980835857382 ),
 .UNSPECIFIED. ) ;
#3379 = CARTESIAN_POINT ( 'NONE',  ( 2.357210436248814656, 28.69222519587396647, -34.30245882861629525 ) ) ;
#3380 = CARTESIAN_POINT ( 'NONE',  ( 6.930634915335232904, 0.9999999999999453770, 28.93272500840678418 ) ) ;
#3381 = ORIENTED_EDGE ( 'NONE', *, *, #1293, .T. ) ;
#3382 = CARTESIAN_POINT ( 'NONE',  ( -28.99339922229298239, 0.9999999999999731326, -7.016757265370083374 ) ) ;
#3383 = SURFACE_STYLE_FILL_AREA ( #2199 ) ;
#3384 = AXIS2_PLACEMENT_3D ( 'NONE', #909, #3625, #2178 ) ;
#3385 = CARTESIAN_POINT ( 'NONE',  ( -7.321458899161518374, 29.99999999999996447, -29.19569261685230543 ) ) ;
#3386 = EDGE_LOOP ( 'NONE', ( #177, #1737, #1864, #1003 ) ) ;
#3387 = CARTESIAN_POINT ( 'NONE',  ( 22.66478919158131689, 42.04006440356475593, -6.209454960073268914 ) ) ;
#3388 = CARTESIAN_POINT ( 'NONE',  ( 22.66478919158157268, 1.000000000000000888, 6.209454960072360308 ) ) ;
#3389 = VERTEX_POINT ( 'NONE', #3424 ) ;
#3390 = VECTOR ( 'NONE', #3210, 1000.000000000000000 ) ;
#3391 = EDGE_CURVE ( 'NONE', #2129, #2808, #2781, .T. ) ;
#3392 = ORIENTED_EDGE ( 'NONE', *, *, #2984, .T. ) ;
#3393 = CARTESIAN_POINT ( 'NONE',  ( -1.935758567210607017, 30.00000000000000000, 33.94284916839650634 ) ) ;
#3394 = CARTESIAN_POINT ( 'NONE',  ( 0.000000000000000000, 42.04006440356475593, 0.000000000000000000 ) ) ;
#3395 = CARTESIAN_POINT ( 'NONE',  ( -29.19569261685225214, 29.99999999999996447, 7.321458899161582323 ) ) ;
#3396 = CARTESIAN_POINT ( 'NONE',  ( -2.977424428356300723, 1.000000000000000888, 5.157050385609860399 ) ) ;
#3397 = EDGE_CURVE ( 'NONE', #1241, #741, #377, .T. ) ;
#3398 = CARTESIAN_POINT ( 'NONE',  ( 6.484523281113231619, 29.99999999999996447, 28.57124262114457380 ) ) ;
#3399 = PRODUCT ( 'Stages SC3', 'Stages SC3', '', ( #352 ) ) ;
#3400 = DIRECTION ( 'NONE',  ( -0.000000000000000000, -1.000000000000000000, 0.000000000000000000 ) ) ;
#3401 = CARTESIAN_POINT ( 'NONE',  ( -2.977424428356117758, 0.000000000000000000, -5.157050385609461607 ) ) ;
#3402 = ORIENTED_EDGE ( 'NONE', *, *, #3161, .T. ) ;
#3403 = CARTESIAN_POINT ( 'NONE',  ( -28.59574269341558406, 0.9999999999999731326, -6.510890133589008144 ) ) ;
#3404 = CARTESIAN_POINT ( 'NONE',  ( 9.964786583326713298, 30.00000000000000000, 30.38384788904119915 ) ) ;
#3405 = DIRECTION ( 'NONE',  ( -0.000000000000000000, -1.000000000000000000, 0.000000000000000000 ) ) ;
#3406 = CARTESIAN_POINT ( 'NONE',  ( -1.967801550277615608, 29.60059492215833643, -33.32249626386221308 ) ) ;
#3407 = CARTESIAN_POINT ( 'NONE',  ( 2.006692356999662419, 28.56376759084870898, 34.36357611105488985 ) ) ;
#3408 = CARTESIAN_POINT ( 'NONE',  ( -9.510733381963815347, 0.9999999999999731326, 30.22962318698077411 ) ) ;
#3409 = VECTOR ( 'NONE', #794, 1000.000000000000000 ) ;
#3410 = ORIENTED_EDGE ( 'NONE', *, *, #2660, .F. ) ;
#3411 = VERTEX_POINT ( 'NONE', #7 ) ;
#3412 = CARTESIAN_POINT ( 'NONE',  ( 7.016757265370077157, 29.99999999999997158, -28.99339922229294331 ) ) ;
#3413 = CARTESIAN_POINT ( 'NONE',  ( -26.42629614708355135, 1.060679341845503609, -4.329994846066773206 ) ) ;
#3414 =( GEOMETRIC_REPRESENTATION_CONTEXT ( 3 ) GLOBAL_UNCERTAINTY_ASSIGNED_CONTEXT ( ( #2695 ) ) GLOBAL_UNIT_ASSIGNED_CONTEXT ( ( #101, #3756, #2579 ) ) REPRESENTATION_CONTEXT ( 'NONE', 'WORKASPACE' ) );
#3415 = CARTESIAN_POINT ( 'NONE',  ( -2.077160036470913074, 29.62408168819596455, 33.44519082057718862 ) ) ;
#3416 = CARTESIAN_POINT ( 'NONE',  ( -2.218598927098605067, 29.68262362051112646, 33.53540257676957737 ) ) ;
#3417 = AXIS2_PLACEMENT_3D ( 'NONE', #2364, #242, #2059 ) ;
#3418 = CARTESIAN_POINT ( 'NONE',  ( 7.242363969696523185, 29.99999999999996447, 29.14441767727983290 ) ) ;
#3419 = EDGE_CURVE ( 'NONE', #907, #790, #3444, .T. ) ;
#3420 = CARTESIAN_POINT ( 'NONE',  ( 2.328452100881651887, 28.28364229051817347, -34.40804676653507244 ) ) ;
#3421 = CARTESIAN_POINT ( 'NONE',  ( -6.442166876944400933, 29.99999999999996447, 28.53424220848894777 ) ) ;
#3422 = DIRECTION ( 'NONE',  ( 0.000000000000000000, 0.000000000000000000, 1.000000000000000000 ) ) ;
#3423 = SURFACE_STYLE_USAGE ( .BOTH. , #1530 ) ;
#3424 = CARTESIAN_POINT ( 'NONE',  ( -29.19569261685225214, 30.00000000000000000, 7.321458899161582323 ) ) ;
#3425 = COLOUR_RGB ( '',0.7921568627450980005, 0.8196078431372548767, 0.9333333333333333481 ) ;
#3426 = ORIENTED_EDGE ( 'NONE', *, *, #2837, .F. ) ;
#3427 = CARTESIAN_POINT ( 'NONE',  ( 3.724636050745396609, 1.000000000000000888, 25.81737115798310711 ) ) ;
#3428 = LINE ( 'NONE', #1490, #853 ) ;
#3429 = ORIENTED_EDGE ( 'NONE', *, *, #2085, .T. ) ;
#3430 = EDGE_LOOP ( 'NONE', ( #1420, #2920, #2423, #1745 ) ) ;
#3431 = CARTESIAN_POINT ( 'NONE',  ( 29.09279771691767280, 1.000000000000014655, -7.163479273359916633 ) ) ;
#3432 = CYLINDRICAL_SURFACE ( 'NONE', #679, 24.50000000000000000 ) ;
#3433 = DIRECTION ( 'NONE',  ( 0.000000000000000000, 0.000000000000000000, 1.000000000000000000 ) ) ;
#3434 = EDGE_CURVE ( 'NONE', #2703, #586, #296, .T. ) ;
#3435 = CARTESIAN_POINT ( 'NONE',  ( 7.016757265370077157, 0.9999999999999453770, -28.99339922229294331 ) ) ;
#3436 = VECTOR ( 'NONE', #3984, 1000.000000000000000 ) ;
#3437 = CARTESIAN_POINT ( 'NONE',  ( 7.321458899161427780, 29.99999999999996447, 29.19569261685241912 ) ) ;
#3438 = EDGE_CURVE ( 'NONE', #1241, #3834, #995, .T. ) ;
#3439 = CARTESIAN_POINT ( 'NONE',  ( 7.321458899161427780, 30.00000000000000000, 29.19569261685241912 ) ) ;
#3440 = ADVANCED_FACE ( 'NONE', ( #3128 ), #1533, .F. ) ;
#3441 = CARTESIAN_POINT ( 'NONE',  ( -10.06594728573382191, 0.9999999999999731326, -30.38238646135668475 ) ) ;
#3442 = DIRECTION ( 'NONE',  ( 0.8660254037844397068, 0.000000000000000000, 0.4999999999999979461 ) ) ;
#3443 = EDGE_CURVE ( 'NONE', #1082, #2224, #339, .T. ) ;
#3444 = LINE ( 'NONE', #3660, #2426 ) ;
#3445 = DIRECTION ( 'NONE',  ( 3.646190054959974165E-15, 0.000000000000000000, 1.000000000000000000 ) ) ;
#3446 = CYLINDRICAL_SURFACE ( 'NONE', #1357, 24.50000000000000355 ) ;
#3447 = ORIENTED_EDGE ( 'NONE', *, *, #2559, .T. ) ;
#3448 = CIRCLE ( 'NONE', #355, 1.499999999999904077 ) ;
#3449 = EDGE_CURVE ( 'NONE', #1556, #3960, #2612, .T. ) ;
#3450 = ADVANCED_FACE ( 'NONE', ( #25 ), #1261, .F. ) ;
#3451 = VERTEX_POINT ( 'NONE', #2820 ) ;
#3452 = CARTESIAN_POINT ( 'NONE',  ( 28.98695388522022753, 1.000000000000014655, -7.007633974929322385 ) ) ;
#3453 = VECTOR ( 'NONE', #2502, 1000.000000000000000 ) ;
#3454 = CARTESIAN_POINT ( 'NONE',  ( 9.970099149685200501, 1.000000000000000888, -30.38559715111193427 ) ) ;
#3455 = EDGE_LOOP ( 'NONE', ( #860, #3196, #277, #3957 ) ) ;
#3456 = CARTESIAN_POINT ( 'NONE',  ( 2.235612380971780055, 29.35345600606179062, 33.90255308101912846 ) ) ;
#3457 = CARTESIAN_POINT ( 'NONE',  ( 7.168462927865451917, 29.99999999999996447, -29.09608338892345358 ) ) ;
#3458 = CARTESIAN_POINT ( 'NONE',  ( -6.855257921795330667, 0.9999999999999731326, -28.87634658020563805 ) ) ;
#3459 = CARTESIAN_POINT ( 'NONE',  ( 2.468027123965237379, 29.37353292191800236, -33.87170372051272693 ) ) ;
#3460 = CARTESIAN_POINT ( 'NONE',  ( -2.365837147862662526, 29.62233692614043434, 33.61292482225331213 ) ) ;
#3461 = CARTESIAN_POINT ( 'NONE',  ( -1.451818925407959204, 27.99999999999999645, 34.06855685746891282 ) ) ;
#3462 = CARTESIAN_POINT ( 'NONE',  ( -6.258819392547520621, 3.999999999999976019, 28.35126156015488874 ) ) ;
#3463 = VECTOR ( 'NONE', #656, 1000.000000000000000 ) ;
#3464 = CIRCLE ( 'NONE', #1728, 1.000000000000000888 ) ;
#3465 = CARTESIAN_POINT ( 'NONE',  ( 7.168462927865451917, 0.9999999999999731326, -29.09608338892345358 ) ) ;
#3466 = CARTESIAN_POINT ( 'NONE',  ( -3.425026790108451458, 4.000000000000003553, -1.034884028326199694E-15 ) ) ;
#3467 = CARTESIAN_POINT ( 'NONE',  ( -7.321981095748312462, 0.9999999999999731326, 29.19602735579720232 ) ) ;
#3468 = ORIENTED_EDGE ( 'NONE', *, *, #2249, .F. ) ;
#3469 = EDGE_LOOP ( 'NONE', ( #282, #2682, #3941, #2012, #2637 ) ) ;
#3470 = SURFACE_STYLE_FILL_AREA ( #3181 ) ;
#3471 = CARTESIAN_POINT ( 'NONE',  ( -30.22962318698088069, 29.99999999999997158, -9.510733381963486721 ) ) ;
#3472 = ORIENTED_EDGE ( 'NONE', *, *, #3977, .T. ) ;
#3473 = CARTESIAN_POINT ( 'NONE',  ( 1.407410119921507219, 28.52540564866236039, -33.81548630487758800 ) ) ;
#3474 = DIRECTION ( 'NONE',  ( -0.000000000000000000, 1.000000000000000000, -0.000000000000000000 ) ) ;
#3475 = VECTOR ( 'NONE', #2195, 1000.000000000000000 ) ;
#3476 = CARTESIAN_POINT ( 'NONE',  ( 2.738352559227544170, 30.00000000000000000, -32.63760461333524887 ) ) ;
#3477 = AXIS2_PLACEMENT_3D ( 'NONE', #507, #3880, #221 ) ;
#3478 = CARTESIAN_POINT ( 'NONE',  ( 7.321458899161427780, 0.9999999999999453770, 29.19569261685241912 ) ) ;
#3479 = CARTESIAN_POINT ( 'NONE',  ( 5.954848856712186667, 1.000000000000000888, -23.76530612244903651 ) ) ;
#3480 = DIRECTION ( 'NONE',  ( -0.8660254037844432595, 0.000000000000000000, -0.4999999999999919509 ) ) ;
#3481 = DIRECTION ( 'NONE',  ( 0.000000000000000000, 0.000000000000000000, 1.000000000000000000 ) ) ;
#3482 = ORIENTED_EDGE ( 'NONE', *, *, #77, .T. ) ;
#3483 = LINE ( 'NONE', #725, #1863 ) ;
#3484 = CARTESIAN_POINT ( 'NONE',  ( 30.22765753340492267, 29.99999999999996447, -9.506339185439877326 ) ) ;
#3485 = ORIENTED_EDGE ( 'NONE', *, *, #40, .T. ) ;
#3486 = CARTESIAN_POINT ( 'NONE',  ( 2.027117990315872031, 28.67589630758094188, 34.32532118781642794 ) ) ;
#3487 = AXIS2_PLACEMENT_3D ( 'NONE', #2668, #1122, #1785 ) ;
#3488 = LINE ( 'NONE', #485, #3347 ) ;
#3489 = VECTOR ( 'NONE', #1881, 1000.000000000000000 ) ;
#3490 = CARTESIAN_POINT ( 'NONE',  ( 2.977424428356264308, 42.04006440356475593, -5.157050385609881715 ) ) ;
#3491 = DIRECTION ( 'NONE',  ( 0.000000000000000000, 0.000000000000000000, -1.000000000000000000 ) ) ;
#3492 = EDGE_CURVE ( 'NONE', #2707, #3451, #1376, .T. ) ;
#3493 = CARTESIAN_POINT ( 'NONE',  ( 28.87634658020572331, 29.99999999999995737, -6.855257921795578469 ) ) ;
#3494 = CARTESIAN_POINT ( 'NONE',  ( -10.03218404957407017, 29.99999999999996447, -30.38364035231600724 ) ) ;
#3495 = CARTESIAN_POINT ( 'NONE',  ( 30.38092739730143776, 0.9999999999999731326, -10.09343860348610278 ) ) ;
#3496 = CARTESIAN_POINT ( 'NONE',  ( -28.53424220848886605, -84.94344718381945825, -6.442166876943946185 ) ) ;
#3497 = DIRECTION ( 'NONE',  ( -0.000000000000000000, -1.000000000000000000, 0.000000000000000000 ) ) ;
#3498 = ORIENTED_EDGE ( 'NONE', *, *, #2132, .T. ) ;
#3499 = CARTESIAN_POINT ( 'NONE',  ( -30.38374542505944476, 29.99999999999997158, 9.998551471870948504 ) ) ;
#3500 = CARTESIAN_POINT ( 'NONE',  ( 1.804635369301418990, 29.25378774484348554, 33.74340383227004025 ) ) ;
#3501 = VERTEX_POINT ( 'NONE', #3147 ) ;
#3502 = ORIENTED_EDGE ( 'NONE', *, *, #3818, .T. ) ;
#3503 = CARTESIAN_POINT ( 'NONE',  ( 1.964225604963704575, 27.99999999999999645, 34.44203813838840489 ) ) ;
#3504 = EDGE_CURVE ( 'NONE', #3623, #3168, #1869, .T. ) ;
#3505 = AXIS2_PLACEMENT_3D ( 'NONE', #2437, #606, #899 ) ;
#3506 = DIRECTION ( 'NONE',  ( -0.000000000000000000, -1.000000000000000000, -0.000000000000000000 ) ) ;
#3507 = EDGE_CURVE ( 'NONE', #741, #1954, #966, .T. ) ;
#3508 = CARTESIAN_POINT ( 'NONE',  ( -9.970099149685500706, 29.99999999999996447, 30.38559715111326298 ) ) ;
#3509 = CARTESIAN_POINT ( 'NONE',  ( 28.99339922229298594, 29.99999999999996447, 7.016757265370092256 ) ) ;
#3510 = ORIENTED_EDGE ( 'NONE', *, *, #1005, .F. ) ;
#3511 = CARTESIAN_POINT ( 'NONE',  ( -29.77603499932959963, 0.9999999999999453770, -8.386314982652995909 ) ) ;
#3512 = CARTESIAN_POINT ( 'NONE',  ( -2.436211034017100374, 29.24435332272463484, -34.00215013377322748 ) ) ;
#3513 = CARTESIAN_POINT ( 'NONE',  ( -30.38384788904112810, -84.94344718381945825, 9.964786583327109426 ) ) ;
#3514 = CARTESIAN_POINT ( 'NONE',  ( -7.321981095748312462, 0.9999999999999731326, 29.19602735579720232 ) ) ;
#3515 = DIRECTION ( 'NONE',  ( -1.000000000000000000, 0.000000000000000000, 0.000000000000000000 ) ) ;
#3516 = VERTEX_POINT ( 'NONE', #1667 ) ;
#3517 = VECTOR ( 'NONE', #1620, 1000.000000000000000 ) ;
#3518 = CARTESIAN_POINT ( 'NONE',  ( -30.38384788904112810, 30.00000000000000000, 9.964786583327109426 ) ) ;
#3519 = CARTESIAN_POINT ( 'NONE',  ( 27.28057344822093455, 1.529868608434876487, -5.187838340983497609 ) ) ;
#3520 = ORIENTED_EDGE ( 'NONE', *, *, #2788, .T. ) ;
#3521 = CARTESIAN_POINT ( 'NONE',  ( 7.528651716482187339, 29.99999999999996447, 29.32104738518541254 ) ) ;
#3522 = DIRECTION ( 'NONE',  ( -0.000000000000000000, 1.000000000000000000, -0.000000000000000000 ) ) ;
#3523 = CARTESIAN_POINT ( 'NONE',  ( -8.383150214587981708, 0.9999999999999453770, -29.77614652557232233 ) ) ;
#3524 = CARTESIAN_POINT ( 'NONE',  ( -10.22915561144278485, 0.9999999999999731326, -30.35851991774253733 ) ) ;
#3525 = CARTESIAN_POINT ( 'NONE',  ( -9.510733381963815347, 29.99999999999996447, 30.22962318698077411 ) ) ;
#3526 = CARTESIAN_POINT ( 'NONE',  ( 5.954848856712624539, 1.000000000000000888, 0.000000000000000000 ) ) ;
#3527 = EDGE_CURVE ( 'NONE', #3281, #799, #450, .T. ) ;
#3528 = ORIENTED_EDGE ( 'NONE', *, *, #952, .T. ) ;
#3529 = CARTESIAN_POINT ( 'NONE',  ( -30.06870357553480133, 29.99999999999996447, -9.052655923250368275 ) ) ;
#3530 = DIRECTION ( 'NONE',  ( 0.000000000000000000, 0.000000000000000000, 1.000000000000000000 ) ) ;
#3531 = CARTESIAN_POINT ( 'NONE',  ( -28.71522592437722921, 29.99999999999997158, -6.651431435420439797 ) ) ;
#3532 = CIRCLE ( 'NONE', #3417, 23.50000000000000000 ) ;
#3533 = CARTESIAN_POINT ( 'NONE',  ( -28.87634658020571621, 29.99999999999997158, 6.855257921795573139 ) ) ;
#3534 = VERTEX_POINT ( 'NONE', #1984 ) ;
#3535 = CARTESIAN_POINT ( 'NONE',  ( 26.42609915476370830, 1.060973120662209501, -4.333364047526308660 ) ) ;
#3536 = VERTEX_POINT ( 'NONE', #704 ) ;
#3537 = VERTEX_POINT ( 'NONE', #3758 ) ;
#3538 = CARTESIAN_POINT ( 'NONE',  ( -28.50641375072796535, 29.99999999999996447, 6.413678643490467124 ) ) ;
#3539 = DIRECTION ( 'NONE',  ( -0.000000000000000000, -1.000000000000000000, 0.000000000000000000 ) ) ;
#3540 = CARTESIAN_POINT ( 'NONE',  ( -6.703064567619008152, 0.9999999999999731326, -28.75901578155334803 ) ) ;
#3541 = B_SPLINE_CURVE_WITH_KNOTS ( 'NONE', 3,
 ( #1585, #2814, #2532, #3752, #695, #2231, #3458, #2908, #3540, #1405, #730, #132, #155 ),
 .UNSPECIFIED., .F., .F.,
 ( 4, 3, 3, 3, 4 ),
 ( 0.000000000000000000, 0.0002827522416400125166, 0.0005651459187556945405, 0.0008533517317299027126, 0.001141441485237412734 ),
 .UNSPECIFIED. ) ;
#3542 = EDGE_CURVE ( 'NONE', #2951, #1136, #2053, .T. ) ;
#3543 = CARTESIAN_POINT ( 'NONE',  ( -9.506215275720025559, 29.99999999999996447, -30.22761531808586000 ) ) ;
#3544 = PRESENTATION_LAYER_ASSIGNMENT (  '', '', ( #1294 ) ) ;
#3545 = CARTESIAN_POINT ( 'NONE',  ( -6.651431435420901650, 29.99999999999996447, 28.71522592437728960 ) ) ;
#3546 = AXIS2_PLACEMENT_3D ( 'NONE', #3119, #351, #1289 ) ;
#3547 = EDGE_CURVE ( 'NONE', #3602, #1367, #3178, .T. ) ;
#3548 = EDGE_CURVE ( 'NONE', #1920, #423, #825, .T. ) ;
#3549 = CARTESIAN_POINT ( 'NONE',  ( 29.09608338892346779, 29.99999999999996447, 7.168462927865515866 ) ) ;
#3550 = ORIENTED_EDGE ( 'NONE', *, *, #1831, .T. ) ;
#3551 = CARTESIAN_POINT ( 'NONE',  ( -1.354061736522047310, 28.14346556681116240, -33.85615337666281732 ) ) ;
#3552 = DIRECTION ( 'NONE',  ( 0.7063983397914479490, 0.000000000000000000, 0.7078145135131704846 ) ) ;
#3553 = DIRECTION ( 'NONE',  ( 0.8660254037844362651, 0.000000000000000000, -0.5000000000000039968 ) ) ;
#3554 = CARTESIAN_POINT ( 'NONE',  ( 28.48305623129728303, -84.94344718381945825, 9.925942683783437914 ) ) ;
#3555 = CARTESIAN_POINT ( 'NONE',  ( -27.96604803379149473, 2.381441818497420204, 5.873312926554027591 ) ) ;
#3556 = ORIENTED_EDGE ( 'NONE', *, *, #1297, .T. ) ;
#3557 = EDGE_CURVE ( 'NONE', #1160, #761, #1633, .T. ) ;
#3558 = CARTESIAN_POINT ( 'NONE',  ( -3.720532621965004783, 1.000000000000000000, 25.81805331643791490 ) ) ;
#3559 = ORIENTED_EDGE ( 'NONE', *, *, #1290, .F. ) ;
#3560 = VERTEX_POINT ( 'NONE', #1934 ) ;
#3561 = CARTESIAN_POINT ( 'NONE',  ( 8.383209545494681336, 29.99999999999996447, 29.77617444378290656 ) ) ;
#3562 = CARTESIAN_POINT ( 'NONE',  ( 1.354061739223346494, 30.00000000000000000, -33.85615338233036198 ) ) ;
#3563 = FACE_OUTER_BOUND ( 'NONE', #3780, .T. ) ;
#3564 = CARTESIAN_POINT ( 'NONE',  ( -30.22962318698088069, 0.9999999999999731326, -9.510733381963486721 ) ) ;
#3565 = EDGE_CURVE ( 'NONE', #2422, #1071, #1643, .T. ) ;
#3566 = VECTOR ( 'NONE', #1991, 1000.000000000000000 ) ;
#3567 = CARTESIAN_POINT ( 'NONE',  ( 6.413678643489684639, 30.00000000000000000, 28.50641375072754613 ) ) ;
#3568 = CARTESIAN_POINT ( 'NONE',  ( 28.94086890595257699, 29.99999999999996447, 6.941653848079779365 ) ) ;
#3569 = VERTEX_POINT ( 'NONE', #1318 ) ;
#3570 = DIRECTION ( 'NONE',  ( -0.7078145135131562737, 0.000000000000000000, 0.7063983397914621598 ) ) ;
#3571 = VECTOR ( 'NONE', #3889, 1000.000000000000000 ) ;
#3572 = CARTESIAN_POINT ( 'NONE',  ( -2.239719958591766424, 29.77200507397849449, 33.24414445953981101 ) ) ;
#3573 = CARTESIAN_POINT ( 'NONE',  ( 29.19569261685225925, 30.00000000000000000, -7.321458899161594758 ) ) ;
#3574 = DIRECTION ( 'NONE',  ( 0.000000000000000000, 0.000000000000000000, -1.000000000000000000 ) ) ;
#3575 = CARTESIAN_POINT ( 'NONE',  ( 8.383209545494681336, 0.9999999999999731326, 29.77617444378290656 ) ) ;
#3576 = VERTEX_POINT ( 'NONE', #2560 ) ;
#3577 = EDGE_CURVE ( 'NONE', #2308, #3537, #3777, .T. ) ;
#3578 = CARTESIAN_POINT ( 'NONE',  ( -6.778338360431262366, 0.9999999999999453770, -28.81881438418727015 ) ) ;
#3579 = EDGE_LOOP ( 'NONE', ( #1015, #565, #3005, #2930 ) ) ;
#3580 = ORIENTED_EDGE ( 'NONE', *, *, #1175, .T. ) ;
#3581 = CARTESIAN_POINT ( 'NONE',  ( -29.14441767727970145, 0.9999999999999453770, 7.242363969696731019 ) ) ;
#3582 = CARTESIAN_POINT ( 'NONE',  ( -23.55878325911078619, 0.000000000000000000, 6.725602675615153458 ) ) ;
#3583 = COLOUR_RGB ( '',0.7921568627450980005, 0.8196078431372548767, 0.9333333333333333481 ) ;
#3584 = DIRECTION ( 'NONE',  ( 1.000000000000000000, 0.000000000000000000, 0.000000000000000000 ) ) ;
#3585 = AXIS2_PLACEMENT_3D ( 'NONE', #2491, #3076, #948 ) ;
#3586 = PLANE ( 'NONE',  #20 ) ;
#3587 = CARTESIAN_POINT ( 'NONE',  ( 30.38384788904108191, 30.00000000000000000, -9.964786583326983305 ) ) ;
#3588 = FILL_AREA_STYLE_COLOUR ( '', #55 ) ;
#3589 = CARTESIAN_POINT ( 'NONE',  ( 3.720532621964872888, 1.000000000000000000, -25.81805331643793266 ) ) ;
#3590 = DIRECTION ( 'NONE',  ( 0.000000000000000000, 1.000000000000000000, -0.000000000000000000 ) ) ;
#3591 = ORIENTED_EDGE ( 'NONE', *, *, #2825, .T. ) ;
#3592 = VECTOR ( 'NONE', #753, 1000.000000000000000 ) ;
#3593 = CARTESIAN_POINT ( 'NONE',  ( -2.446081066885997135, 29.27586727985605108, -33.95995827035098813 ) ) ;
#3594 = FACE_OUTER_BOUND ( 'NONE', #2084, .T. ) ;
#3595 = DIRECTION ( 'NONE',  ( 0.000000000000000000, 1.000000000000000000, 0.000000000000000000 ) ) ;
#3596 = DIRECTION ( 'NONE',  ( 0.8660254037844432595, 0.000000000000000000, 0.4999999999999919509 ) ) ;
#3597 = CARTESIAN_POINT ( 'NONE',  ( 9.506339185439625084, 0.9999999999999731326, 30.22765753340504702 ) ) ;
#3598 = VECTOR ( 'NONE', #198, 1000.000000000000000 ) ;
#3599 = EDGE_LOOP ( 'NONE', ( #2071, #3472, #2937, #2343 ) ) ;
#3600 = CARTESIAN_POINT ( 'NONE',  ( -10.20216681071684128, 29.99999999999997158, -30.36448082342048949 ) ) ;
#3601 = ORIENTED_EDGE ( 'NONE', *, *, #1248, .F. ) ;
#3602 = VERTEX_POINT ( 'NONE', #104 ) ;
#3603 = CARTESIAN_POINT ( 'NONE',  ( 7.321458899161427780, 29.99999999999996447, 29.19569261685241912 ) ) ;
#3604 = CARTESIAN_POINT ( 'NONE',  ( 29.04474560440994679, 29.99999999999997158, 7.092616447670590851 ) ) ;
#3605 = DIRECTION ( 'NONE',  ( 0.4999999999999919509, 0.000000000000000000, -0.8660254037844432595 ) ) ;
#3606 = CARTESIAN_POINT ( 'NONE',  ( -28.33181694972225628, 3.567558526929546225, -6.239335799935802562 ) ) ;
#3607 = CARTESIAN_POINT ( 'NONE',  ( 30.38559715111195558, 1.000000000000000888, 9.970099149685049511 ) ) ;
#3608 = PRESENTATION_STYLE_ASSIGNMENT (( #2390 ) ) ;
#3609 = CARTESIAN_POINT ( 'NONE',  ( 28.99339922229298594, 0.9999999999999731326, 7.016757265370092256 ) ) ;
#3610 = CARTESIAN_POINT ( 'NONE',  ( 2.977424428356153729, 0.000000000000000000, 5.157050385609440291 ) ) ;
#3611 = VERTEX_POINT ( 'NONE', #121 ) ;
#3612 = DIRECTION ( 'NONE',  ( 0.000000000000000000, 1.000000000000000000, -0.000000000000000000 ) ) ;
#3613 = UNCERTAINTY_MEASURE_WITH_UNIT (LENGTH_MEASURE( 1.000000000000000082E-05 ), #1166, 'distance_accuracy_value', 'NONE');
#3614 = CARTESIAN_POINT ( 'NONE',  ( -16.70994033486924124, 0.000000000000000000, -16.52355573129191768 ) ) ;
#3615 = ADVANCED_FACE ( 'NONE', ( #2314 ), #3093, .F. ) ;
#3616 = EDGE_CURVE ( 'NONE', #1652, #875, #3378, .T. ) ;
#3617 = EDGE_CURVE ( 'NONE', #1559, #2154, #1011, .T. ) ;
#3618 = CARTESIAN_POINT ( 'NONE',  ( 28.50641375072796535, 30.00000000000000000, -6.413678643490467124 ) ) ;
#3619 = CARTESIAN_POINT ( 'NONE',  ( 0.000000000000000000, 0.000000000000000000, 0.000000000000000000 ) ) ;
#3620 = ORIENTED_EDGE ( 'NONE', *, *, #3968, .T. ) ;
#3621 = AXIS2_PLACEMENT_3D ( 'NONE', #379, #3167, #2840 ) ;
#3622 = CARTESIAN_POINT ( 'NONE',  ( -6.629600024815597514, 29.99999999999996447, -28.69713255725287837 ) ) ;
#3623 = VERTEX_POINT ( 'NONE', #2068 ) ;
#3624 = ORIENTED_EDGE ( 'NONE', *, *, #808, .T. ) ;
#3625 = DIRECTION ( 'NONE',  ( 0.000000000000000000, 1.000000000000000000, 0.000000000000000000 ) ) ;
#3626 = CARTESIAN_POINT ( 'NONE',  ( 7.321981095747801760, 29.99999999999996447, -29.19602735579725561 ) ) ;
#3627 = VERTEX_POINT ( 'NONE', #3618 ) ;
#3628 = CARTESIAN_POINT ( 'NONE',  ( 0.000000000000000000, 42.04006440356475593, 0.000000000000000000 ) ) ;
#3629 = CARTESIAN_POINT ( 'NONE',  ( -27.96747492448593064, 2.383688079485412725, -5.874263348857870604 ) ) ;
#3630 = DIRECTION ( 'NONE',  ( 0.000000000000000000, 1.000000000000000000, -0.000000000000000000 ) ) ;
#3631 = DIRECTION ( 'NONE',  ( -0.000000000000000000, -1.000000000000000000, 0.000000000000000000 ) ) ;
#3632 = CARTESIAN_POINT ( 'NONE',  ( -28.83117271246065272, 29.99999999999996447, -6.794406156882558889 ) ) ;
#3633 = ORIENTED_EDGE ( 'NONE', *, *, #2432, .T. ) ;
#3634 = ADVANCED_FACE ( 'NONE', ( #3638 ), #837, .T. ) ;
#3635 = CARTESIAN_POINT ( 'NONE',  ( -2.412691804620744840, 29.86089537383319481, -33.16344145493851414 ) ) ;
#3636 = CARTESIAN_POINT ( 'NONE',  ( 30.38384788904108191, 29.99999999999996447, -9.964786583326983305 ) ) ;
#3637 = AXIS2_PLACEMENT_3D ( 'NONE', #1358, #109, #2600 ) ;
#3638 = FACE_OUTER_BOUND ( 'NONE', #124, .T. ) ;
#3639 = CARTESIAN_POINT ( 'NONE',  ( -28.35132035200714284, 3.999999999999976019, 6.258585244769641065 ) ) ;
#3640 = ORIENTED_EDGE ( 'NONE', *, *, #3253, .F. ) ;
#3641 = CARTESIAN_POINT ( 'NONE',  ( -10.06594728573382191, 29.99999999999997158, -30.38238646135668475 ) ) ;
#3642 = ORIENTED_EDGE ( 'NONE', *, *, #2438, .F. ) ;
#3643 = ORIENTED_EDGE ( 'NONE', *, *, #1005, .T. ) ;
#3644 = CARTESIAN_POINT ( 'NONE',  ( 1.637899488758784994, 28.64313390079323440, 34.36307237350383303 ) ) ;
#3645 = DIRECTION ( 'NONE',  ( 0.000000000000000000, 0.000000000000000000, 1.000000000000000000 ) ) ;
#3646 = B_SPLINE_SURFACE_WITH_KNOTS ( 'NONE', 3, 1, ( 
 ( #1135, #3340 ),
 ( #589, #2093 ),
 ( #3936, #2115 ),
 ( #2421, #257 ),
 ( #884, #1817 ),
 ( #1486, #3049 ),
 ( #1444, #281 ),
 ( #3257, #543 ),
 ( #2723, #3894 ),
 ( #2379, #1735 ),
 ( #840, #1202 ),
 ( #798, #520 ),
 ( #1509, #500 ) ),
 .UNSPECIFIED., .F., .F., .F.,
 ( 4, 3, 3, 3, 4 ),
 ( 2, 2 ),
 ( 0.000000000000000000, 0.0002880897535072960000, 0.0005762955664813064136, 0.0008586892435968903172, 0.001141441485236784547 ),
 ( 0.000000000000000000, 1.000000000000000000 ),
 .UNSPECIFIED. ) ;
#3647 = ORIENTED_EDGE ( 'NONE', *, *, #1574, .T. ) ;
#3648 = DIRECTION ( 'NONE',  ( -0.000000000000000000, 1.000000000000000000, -0.000000000000000000 ) ) ;
#3649 = CARTESIAN_POINT ( 'NONE',  ( 2.256769565372297226, 30.00000000000000000, -33.42589929390185688 ) ) ;
#3650 = CARTESIAN_POINT ( 'NONE',  ( -29.19569261685225214, 30.00000000000000000, 7.321458899161582323 ) ) ;
#3651 = AXIS2_PLACEMENT_3D ( 'NONE', #1323, #1638, #2881 ) ;
#3652 = CARTESIAN_POINT ( 'NONE',  ( -28.71522592437722921, 0.9999999999999453770, -6.651431435420439797 ) ) ;
#3653 = EDGE_LOOP ( 'NONE', ( #2657, #938, #817, #3150 ) ) ;
#3654 = LINE ( 'NONE', #2130, #358 ) ;
#3655 = CARTESIAN_POINT ( 'NONE',  ( 2.977424428356153729, 1.000000000000000888, 5.157050385609440291 ) ) ;
#3656 = ADVANCED_FACE ( 'NONE', ( #2417 ), #495, .F. ) ;
#3657 = CARTESIAN_POINT ( 'NONE',  ( 27.00860869104230133, 1.334648624111951731, 4.913474798944974076 ) ) ;
#3658 = VERTEX_POINT ( 'NONE', #1768 ) ;
#3659 = PRESENTATION_STYLE_ASSIGNMENT (( #3423 ) ) ;
#3660 = CARTESIAN_POINT ( 'NONE',  ( -23.55878325911078619, 42.04006440356475593, 6.725602675615153458 ) ) ;
#3661 = ORIENTED_EDGE ( 'NONE', *, *, #3318, .F. ) ;
#3662 = ORIENTED_EDGE ( 'NONE', *, *, #700, .F. ) ;
#3663 = CARTESIAN_POINT ( 'NONE',  ( 2.031373061911596611, 29.44957796464887423, 33.82514938487846479 ) ) ;
#3664 = DIRECTION ( 'NONE',  ( 0.000000000000000000, 1.000000000000000000, -0.000000000000000000 ) ) ;
#3665 = VECTOR ( 'NONE', #1116, 1000.000000000000000 ) ;
#3666 = ORIENTED_EDGE ( 'NONE', *, *, #1404, .F. ) ;
#3667 = CARTESIAN_POINT ( 'NONE',  ( 28.50641375072796535, -84.94344718381945825, -6.413678643490467124 ) ) ;
#3668 = EDGE_CURVE ( 'NONE', #3062, #3536, #1140, .T. ) ;
#3669 = B_SPLINE_CURVE_WITH_KNOTS ( 'NONE', 3,
 ( #1985, #1131, #1733, #191, #3233, #3215, #3533, #211, #2916, #143, #518, #1374, #3870 ),
 .UNSPECIFIED., .F., .F.,
 ( 4, 3, 3, 3, 4 ),
 ( 0.000000000000000000, 0.2523911713683186786, 0.5048840207185527618, 0.7522849438214864737, 1.000000000000000000 ),
 .UNSPECIFIED. ) ;
#3670 = FACE_OUTER_BOUND ( 'NONE', #1102, .T. ) ;
#3671 = CARTESIAN_POINT ( 'NONE',  ( -1.633044505115492262, 28.91832344081266370, 33.91084811999257198 ) ) ;
#3672 = CARTESIAN_POINT ( 'NONE',  ( -2.681371557800801941, 30.00000000000000000, 32.61035380058194022 ) ) ;
#3673 = CARTESIAN_POINT ( 'NONE',  ( 9.964786583326713298, 0.9999999999999314992, 30.38384788904119915 ) ) ;
#3674 = ORIENTED_EDGE ( 'NONE', *, *, #1152, .T. ) ;
#3675 = CARTESIAN_POINT ( 'NONE',  ( 30.35833963587398898, 0.9999999999999453770, -10.22925332253780439 ) ) ;
#3676 = EDGE_CURVE ( 'NONE', #3094, #2287, #3003, .T. ) ;
#3677 = FACE_OUTER_BOUND ( 'NONE', #2525, .T. ) ;
#3678 = CARTESIAN_POINT ( 'NONE',  ( 6.855257921795091747, 0.9999999999999453770, 28.87634658020565581 ) ) ;
#3679 = EDGE_LOOP ( 'NONE', ( #708, #2661, #2752, #3845 ) ) ;
#3680 = FACE_OUTER_BOUND ( 'NONE', #2779, .T. ) ;
#3681 =( NAMED_UNIT ( * ) PLANE_ANGLE_UNIT ( ) SI_UNIT ( $, .RADIAN. ) );
#3682 = AXIS2_PLACEMENT_3D ( 'NONE', #2362, #2383, #568 ) ;
#3683 = CARTESIAN_POINT ( 'NONE',  ( 6.941653848079785583, 0.9999999999999731326, -28.94086890595252370 ) ) ;
#3684 = VERTEX_POINT ( 'NONE', #1177 ) ;
#3685 = DIRECTION ( 'NONE',  ( -0.000000000000000000, 1.000000000000000000, -0.000000000000000000 ) ) ;
#3686 = CARTESIAN_POINT ( 'NONE',  ( -3.425026790108451458, 30.00000000000000000, -1.034884028326199694E-15 ) ) ;
#3687 = EDGE_CURVE ( 'NONE', #299, #2808, #2981, .T. ) ;
#3688 = ORIENTED_EDGE ( 'NONE', *, *, #1494, .F. ) ;
#3689 = ORIENTED_EDGE ( 'NONE', *, *, #3339, .T. ) ;
#3690 = LINE ( 'NONE', #3667, #3146 ) ;
#3691 = CARTESIAN_POINT ( 'NONE',  ( 7.529954783968749510, 0.9999999999999731326, -29.32085608747946992 ) ) ;
#3692 = CARTESIAN_POINT ( 'NONE',  ( -2.821938808049769598, 30.00000000000000000, 32.37525451824843969 ) ) ;
#3693 = CARTESIAN_POINT ( 'NONE',  ( 5.954848856712624539, 1.000000000000000888, 23.76530612244892637 ) ) ;
#3694 = CARTESIAN_POINT ( 'NONE',  ( 6.556154702997478267, 29.99999999999996447, 28.63526552384551493 ) ) ;
#3695 = EDGE_CURVE ( 'NONE', #984, #1367, #879, .T. ) ;
#3696 = CARTESIAN_POINT ( 'NONE',  ( 6.442166876943985265, 30.00000000000000000, -28.53424220848879145 ) ) ;
#3697 = CARTESIAN_POINT ( 'NONE',  ( 27.65502949213960804, 1.908666135535491470, 5.561191531955086198 ) ) ;
#3698 = ORIENTED_EDGE ( 'NONE', *, *, #2907, .T. ) ;
#3699 = CARTESIAN_POINT ( 'NONE',  ( 10.04921254276206355, 0.9999999999999731326, 30.38321444578827624 ) ) ;
#3700 = VECTOR ( 'NONE', #2576, 1000.000000000000000 ) ;
#3701 = DIRECTION ( 'NONE',  ( 0.000000000000000000, 0.000000000000000000, 1.000000000000000000 ) ) ;
#3702 = DIRECTION ( 'NONE',  ( 0.000000000000000000, 0.000000000000000000, 1.000000000000000000 ) ) ;
#3703 = CARTESIAN_POINT ( 'NONE',  ( -2.453567387953418333, 29.94986226267108265, -32.80065443202566655 ) ) ;
#3704 = CARTESIAN_POINT ( 'NONE',  ( -30.38559715111199111, -84.94344718381945825, -9.970099149685163198 ) ) ;
#3705 = CARTESIAN_POINT ( 'NONE',  ( -30.38384788904112810, 0.9999999999999731326, 9.964786583327109426 ) ) ;
#3706 = ORIENTED_EDGE ( 'NONE', *, *, #459, .T. ) ;
#3707 = CIRCLE ( 'NONE', #69, 24.50000000000000000 ) ;
#3708 = EDGE_LOOP ( 'NONE', ( #2678, #2847, #2683, #1938 ) ) ;
#3709 = ADVANCED_FACE ( 'NONE', ( #1106 ), #2110, .F. ) ;
#3710 = PLANE ( 'NONE',  #3585 ) ;
#3711 = CARTESIAN_POINT ( 'NONE',  ( -30.38559715111199111, 30.00000000000000000, -9.970099149685163198 ) ) ;
#3712 = DIRECTION ( 'NONE',  ( 0.000000000000000000, 0.000000000000000000, 1.000000000000000000 ) ) ;
#3713 = CARTESIAN_POINT ( 'NONE',  ( -1.637899488758714606, 28.64313390079268018, 34.36307237350381882 ) ) ;
#3714 = EDGE_CURVE ( 'NONE', #293, #2308, #1546, .T. ) ;
#3715 = CARTESIAN_POINT ( 'NONE',  ( 6.855257921795091747, 29.99999999999996447, 28.87634658020565581 ) ) ;
#3716 = DIRECTION ( 'NONE',  ( -0.7078145135131561627, 0.000000000000000000, 0.7063983397914621598 ) ) ;
#3717 = LINE ( 'NONE', #1610, #1406 ) ;
#3718 = CARTESIAN_POINT ( 'NONE',  ( 0.000000000000000000, 0.000000000000000000, 0.000000000000000000 ) ) ;
#3719 = CLOSED_SHELL ( 'NONE', ( #3903, #880, #2451, #3634, #3319, #3726 ) ) ;
#3720 = EDGE_CURVE ( 'NONE', #185, #712, #1567, .T. ) ;
#3721 = DIRECTION ( 'NONE',  ( -0.7071067811865632269, 0.000000000000000000, 0.7071067811865316965 ) ) ;
#3722 = CARTESIAN_POINT ( 'NONE',  ( -1.364940126980130009, 28.26573646418585994, -33.84801920709783474 ) ) ;
#3723 = CARTESIAN_POINT ( 'NONE',  ( 23.55878325911073290, 1.000000000000000888, -6.725602675615317771 ) ) ;
#3724 = FACE_OUTER_BOUND ( 'NONE', #2206, .T. ) ;
#3725 = ORIENTED_EDGE ( 'NONE', *, *, #3025, .T. ) ;
#3726 = ADVANCED_FACE ( 'NONE', ( #2395 ), #2088, .T. ) ;
#3727 = VERTEX_POINT ( 'NONE', #1394 ) ;
#3728 = CARTESIAN_POINT ( 'NONE',  ( 6.722234770207823118, 29.99999999999997158, -28.77399219517000617 ) ) ;
#3729 = LINE ( 'NONE', #2227, #2284 ) ;
#3730 = CARTESIAN_POINT ( 'NONE',  ( 2.736320469478345174, 30.00000000000000000, 32.64022182996781396 ) ) ;
#3731 = CARTESIAN_POINT ( 'NONE',  ( 6.442166876943985265, 29.99999999999996447, -28.53424220848878790 ) ) ;
#3732 = VECTOR ( 'NONE', #2527, 1000.000000000000000 ) ;
#3733 = EDGE_CURVE ( 'NONE', #2356, #3727, #1763, .T. ) ;
#3734 = CARTESIAN_POINT ( 'NONE',  ( 6.629600024815351489, 29.99999999999996447, 28.69713255725288192 ) ) ;
#3735 = CARTESIAN_POINT ( 'NONE',  ( -7.163479273359776300, 29.99999999999997158, -29.09279771691767280 ) ) ;
#3736 = EDGE_CURVE ( 'NONE', #1798, #595, #2956, .T. ) ;
#3737 = LINE ( 'NONE', #2949, #582 ) ;
#3738 = CARTESIAN_POINT ( 'NONE',  ( -29.19569261685225214, 0.9999999999999731326, 7.321458899161582323 ) ) ;
#3739 = EDGE_CURVE ( 'NONE', #2447, #742, #2005, .T. ) ;
#3740 = FILL_AREA_STYLE ('',( #64 ) ) ;
#3741 = CARTESIAN_POINT ( 'NONE',  ( -7.242363969696637760, 29.99999999999996447, -29.14441767727973343 ) ) ;
#3742 = VECTOR ( 'NONE', #66, 1000.000000000000000 ) ;
#3743 = FACE_OUTER_BOUND ( 'NONE', #2161, .T. ) ;
#3744 = VERTEX_POINT ( 'NONE', #3890 ) ;
#3745 = VERTEX_POINT ( 'NONE', #1130 ) ;
#3746 = PRODUCT_DEFINITION_FORMATION_WITH_SPECIFIED_SOURCE ( 'ANY', '', #3399, .NOT_KNOWN. ) ;
#3747 = CARTESIAN_POINT ( 'NONE',  ( 0.000000000000000000, 42.04006440356475593, 0.000000000000000000 ) ) ;
#3748 = DIRECTION ( 'NONE',  ( 0.000000000000000000, 1.000000000000000000, -0.000000000000000000 ) ) ;
#3749 = ORIENTED_EDGE ( 'NONE', *, *, #1301, .F. ) ;
#3750 = CARTESIAN_POINT ( 'NONE',  ( -6.442166876944400045, 1.000000000000000888, 28.53424220848894777 ) ) ;
#3751 = CARTESIAN_POINT ( 'NONE',  ( 6.941653848079785583, 0.9999999999999453770, -28.94086890595252370 ) ) ;
#3752 = CARTESIAN_POINT ( 'NONE',  ( -7.085501934474998542, 0.9999999999999731326, -29.03983865805449227 ) ) ;
#3753 = CARTESIAN_POINT ( 'NONE',  ( 2.014520123551082786, 29.40960893317949854, -33.88052278257115546 ) ) ;
#3754 = DIRECTION ( 'NONE',  ( -1.084202172485503487E-14, 0.000000000000000000, 1.000000000000000000 ) ) ;
#3755 = DIRECTION ( 'NONE',  ( 0.000000000000000000, 1.000000000000000000, -0.000000000000000000 ) ) ;
#3756 =( NAMED_UNIT ( * ) PLANE_ANGLE_UNIT ( ) SI_UNIT ( $, .RADIAN. ) );
#3757 = ADVANCED_FACE ( 'NONE', ( #3022 ), #252, .F. ) ;
#3758 = CARTESIAN_POINT ( 'NONE',  ( -6.413678643489945763, 30.00000000000000000, -28.50641375072756389 ) ) ;
#3759 = DIRECTION ( 'NONE',  ( 0.5000000000000101030, 0.000000000000000000, 0.8660254037844328234 ) ) ;
#3760 = CARTESIAN_POINT ( 'NONE',  ( -30.38379362306360676, 0.9999999999999731326, 9.981669017286687762 ) ) ;
#3761 = ORIENTED_EDGE ( 'NONE', *, *, #2679, .T. ) ;
#3762 = TOROIDAL_SURFACE ( 'NONE', #3245, 32.50000000000000000, 2.000000000000000000 ) ;
#3763 = ORIENTED_EDGE ( 'NONE', *, *, #2585, .T. ) ;
#3764 = DIRECTION ( 'NONE',  ( -0.000000000000000000, -1.000000000000000000, -0.000000000000000000 ) ) ;
#3765 = VECTOR ( 'NONE', #2961, 1000.000000000000000 ) ;
#3766 = CARTESIAN_POINT ( 'NONE',  ( 7.739250038558865619, 0.9999999999999731326, -29.44337163892195619 ) ) ;
#3767 = ORIENTED_EDGE ( 'NONE', *, *, #2142, .F. ) ;
#3768 = AXIS2_PLACEMENT_3D ( 'NONE', #1315, #138, #1392 ) ;
#3769 = CARTESIAN_POINT ( 'NONE',  ( 1.681397792150369996, 29.24219006696224810, -33.59262425976430677 ) ) ;
#3770 = DIRECTION ( 'NONE',  ( 0.8660254037844397068, 0.000000000000000000, 0.4999999999999979461 ) ) ;
#3771 = CARTESIAN_POINT ( 'NONE',  ( 7.085501934474832453, 0.9999999999999176215, 29.03983865805456333 ) ) ;
#3772 = CARTESIAN_POINT ( 'NONE',  ( 6.258819392547314564, 3.999999999999976019, -28.35126156015493493 ) ) ;
#3773 = CARTESIAN_POINT ( 'NONE',  ( -7.016757265370533680, 0.9999999999999314992, 28.99339922229300726 ) ) ;
#3774 = CARTESIAN_POINT ( 'NONE',  ( -2.605951414776997765, 29.80217918220662199, -33.27701183658671624 ) ) ;
#3775 = CARTESIAN_POINT ( 'NONE',  ( 30.38384788904108191, 0.9999999999999731326, -9.964786583326983305 ) ) ;
#3776 = COLOUR_RGB ( '',0.7921568627450980005, 0.8196078431372548767, 0.9333333333333333481 ) ;
#3777 = LINE ( 'NONE', #720, #108 ) ;
#3778 = CARTESIAN_POINT ( 'NONE',  ( 4.032830723799810890, 1.000000000000000444, 26.12556583103755514 ) ) ;
#3779 = CARTESIAN_POINT ( 'NONE',  ( -28.35132035200713929, 1.000000000000000888, 6.258585244769649059 ) ) ;
#3780 = EDGE_LOOP ( 'NONE', ( #2563, #3180, #2963, #590 ) ) ;
#3781 = AXIS2_PLACEMENT_3D ( 'NONE', #415, #3214, #3231 ) ;
#3782 = CARTESIAN_POINT ( 'NONE',  ( -9.998408782337254053, 29.99999999999997158, -30.38373135350498799 ) ) ;
#3783 = ORIENTED_EDGE ( 'NONE', *, *, #1702, .T. ) ;
#3784 = CARTESIAN_POINT ( 'NONE',  ( -3.691013539643056682E-14, -84.94344718381945825, 3.425026790108451458 ) ) ;
#3785 = ADVANCED_FACE ( 'NONE', ( #3933 ), #190, .T. ) ;
#3786 = CARTESIAN_POINT ( 'NONE',  ( -30.37822770259429817, 0.9999999999999453770, 10.12076937903982987 ) ) ;
#3787 = VECTOR ( 'NONE', #414, 1000.000000000000000 ) ;
#3788 = CARTESIAN_POINT ( 'NONE',  ( 2.785551700919113749, 30.00000000000000000, -32.38240692997351999 ) ) ;
#3789 = PLANE ( 'NONE',  #2947 ) ;
#3790 = CARTESIAN_POINT ( 'NONE',  ( 29.44401500664186955, 0.9999999999999731326, -7.737229666197828593 ) ) ;
#3791 = CARTESIAN_POINT ( 'NONE',  ( -1.964225604963708571, 30.00000000000000000, 34.44203813838840489 ) ) ;
#3792 = B_SPLINE_CURVE_WITH_KNOTS ( 'NONE', 3,
 ( #1803, #2710, #3606, #3923, #1164, #2407, #3629, #3943, #1188, #2122, #1621, #2528, #3990, #3413, #1232, #2546 ),
 .UNSPECIFIED., .F., .F.,
 ( 4, 2, 2, 2, 2, 2, 2, 4 ),
 ( 3.075161289021299248E-17, 0.0006459870381424182538, 0.001291974076284805716, 0.001937961114427192962, 0.002583948152569580641, 0.003229935190711967670, 0.003875922228854355132, 0.005167896305139120516 ),
 .UNSPECIFIED. ) ;
#3793 = EDGE_CURVE ( 'NONE', #3884, #984, #2442, .T. ) ;
#3794 = CARTESIAN_POINT ( 'NONE',  ( 2.684288150133209427, 29.94920198394412125, -32.91015654438982807 ) ) ;
#3795 = DIRECTION ( 'NONE',  ( 0.000000000000000000, 0.000000000000000000, 1.000000000000000000 ) ) ;
#3796 = ORIENTED_EDGE ( 'NONE', *, *, #1836, .T. ) ;
#3797 = CARTESIAN_POINT ( 'NONE',  ( 1.463938388008687808, 28.27378662858834346, 34.05874873792730995 ) ) ;
#3798 = EDGE_CURVE ( 'NONE', #3537, #911, #1172, .T. ) ;
#3799 = ORIENTED_EDGE ( 'NONE', *, *, #1904, .T. ) ;
#3800 = VERTEX_POINT ( 'NONE', #609 ) ;
#3801 = CARTESIAN_POINT ( 'NONE',  ( -28.48305623128679542, -84.94344718381945825, -9.925942683781730835 ) ) ;
#3802 = CARTESIAN_POINT ( 'NONE',  ( 22.66478919158131689, 1.000000000000000888, -6.209454960073265362 ) ) ;
#3803 = CARTESIAN_POINT ( 'NONE',  ( 1.779114868632140523, 29.37353292284302597, -33.50206804071681432 ) ) ;
#3804 = DIRECTION ( 'NONE',  ( -0.5000000000000039968, 0.000000000000000000, -0.8660254037844363761 ) ) ;
#3805 = VERTEX_POINT ( 'NONE', #1833 ) ;
#3806 = CARTESIAN_POINT ( 'NONE',  ( 30.38384788904108191, -84.94344718381945825, -9.964786583326983305 ) ) ;
#3807 = PLANE ( 'NONE',  #1849 ) ;
#3808 = CARTESIAN_POINT ( 'NONE',  ( -3.720532621965004783, 1.000000000000000000, 25.81805331643791490 ) ) ;
#3809 = CARTESIAN_POINT ( 'NONE',  ( 2.605942044691087034, 29.80215855623564636, -33.27705462061390307 ) ) ;
#3810 = CARTESIAN_POINT ( 'NONE',  ( -6.442166876944400933, -84.94344718381945825, 28.53424220848894777 ) ) ;
#3811 = VERTEX_POINT ( 'NONE', #2795 ) ;
#3812 = CARTESIAN_POINT ( 'NONE',  ( 0.000000000000000000, 0.000000000000000000, 0.000000000000000000 ) ) ;
#3813 = CARTESIAN_POINT ( 'NONE',  ( 29.77617444378278933, 0.9999999999999453770, -8.383209545494903381 ) ) ;
#3814 = ORIENTED_EDGE ( 'NONE', *, *, #2842, .F. ) ;
#3815 = ORIENTED_EDGE ( 'NONE', *, *, #2919, .T. ) ;
#3816 = AXIS2_PLACEMENT_3D ( 'NONE', #1307, #930, #2245 ) ;
#3817 = CARTESIAN_POINT ( 'NONE',  ( 9.048974470992874330, 29.99999999999996447, 30.06724980405535419 ) ) ;
#3818 = EDGE_CURVE ( 'NONE', #2029, #293, #1890, .T. ) ;
#3819 = AXIS2_PLACEMENT_3D ( 'NONE', #2333, #2204, #2594 ) ;
#3820 = DIRECTION ( 'NONE',  ( 0.000000000000000000, 1.000000000000000000, -0.000000000000000000 ) ) ;
#3821 = CARTESIAN_POINT ( 'NONE',  ( 2.785551700919113305, 30.00000000000000000, -32.38240692997351999 ) ) ;
#3822 = CARTESIAN_POINT ( 'NONE',  ( -6.510890133589464668, 29.99999999999997158, 28.59574269341565866 ) ) ;
#3823 = ORIENTED_EDGE ( 'NONE', *, *, #1705, .T. ) ;
#3824 = CARTESIAN_POINT ( 'NONE',  ( -30.38559715111336601, 0.9999999999999453770, -9.970099149685195172 ) ) ;
#3825 = CARTESIAN_POINT ( 'NONE',  ( -10.17507927643632115, 0.9999999999999453770, -30.37016272767278124 ) ) ;
#3826 = DIRECTION ( 'NONE',  ( 0.000000000000000000, 0.000000000000000000, 1.000000000000000000 ) ) ;
#3827 = CARTESIAN_POINT ( 'NONE',  ( 2.353850548723271707, 28.65728354137440093, -34.31489811155626057 ) ) ;
#3828 = DIRECTION ( 'NONE',  ( 0.000000000000000000, 0.000000000000000000, 1.000000000000000000 ) ) ;
#3829 = ORIENTED_EDGE ( 'NONE', *, *, #3264, .F. ) ;
#3830 = AXIS2_PLACEMENT_3D ( 'NONE', #476, #174, #1397 ) ;
#3831 = EDGE_CURVE ( 'NONE', #478, #1029, #3932, .T. ) ;
#3832 = CARTESIAN_POINT ( 'NONE',  ( 28.33118771292074101, 3.562208078040855597, -6.238452605683241003 ) ) ;
#3833 = VERTEX_POINT ( 'NONE', #935 ) ;
#3834 = VERTEX_POINT ( 'NONE', #1257 ) ;
#3835 = CARTESIAN_POINT ( 'NONE',  ( 9.964786583326713298, 29.99999999999996447, 30.38384788904119915 ) ) ;
#3836 = DIRECTION ( 'NONE',  ( -0.8660254037844328234, 0.000000000000000000, 0.5000000000000101030 ) ) ;
#3837 = EDGE_CURVE ( 'NONE', #542, #2287, #1363, .T. ) ;
#3838 = ADVANCED_FACE ( 'NONE', ( #1911 ), #1588, .F. ) ;
#3839 = CARTESIAN_POINT ( 'NONE',  ( -7.321458899161518374, -84.94344718381945825, -29.19569261685230543 ) ) ;
#3840 = DIRECTION ( 'NONE',  ( 0.000000000000000000, 0.000000000000000000, -1.000000000000000000 ) ) ;
#3841 = LINE ( 'NONE', #1057, #3475 ) ;
#3842 = EDGE_CURVE ( 'NONE', #2044, #1559, #991, .T. ) ;
#3843 = DIRECTION ( 'NONE',  ( 0.000000000000000000, 0.000000000000000000, -1.000000000000000000 ) ) ;
#3844 = FACE_OUTER_BOUND ( 'NONE', #2771, .T. ) ;
#3845 = ORIENTED_EDGE ( 'NONE', *, *, #2708, .F. ) ;
#3846 = CARTESIAN_POINT ( 'NONE',  ( -29.44337163892202014, 29.99999999999996447, -7.739250038558880718 ) ) ;
#3847 = AXIS2_PLACEMENT_3D ( 'NONE', #830, #2041, #2994 ) ;
#3848 = LINE ( 'NONE', #1982, #3390 ) ;
#3849 = PLANE ( 'NONE',  #2577 ) ;
#3850 = CARTESIAN_POINT ( 'NONE',  ( -9.925942683782281506, 1.000000000000000888, 28.48305623128799979 ) ) ;
#3851 = CARTESIAN_POINT ( 'NONE',  ( -27.65419195605178970, 1.907841365375338105, 5.561456848814331444 ) ) ;
#3852 = ORIENTED_EDGE ( 'NONE', *, *, #1666, .F. ) ;
#3853 = ADVANCED_FACE ( 'NONE', ( #3677 ), #2114, .T. ) ;
#3854 = LINE ( 'NONE', #1090, #1910 ) ;
#3855 = ORIENTED_EDGE ( 'NONE', *, *, #3958, .T. ) ;
#3856 = CARTESIAN_POINT ( 'NONE',  ( 7.321458899161427780, 0.9999999999999176215, 29.19569261685241912 ) ) ;
#3857 = CARTESIAN_POINT ( 'NONE',  ( 8.167768883882766673, 0.9999999999999453770, -29.67102485484117125 ) ) ;
#3858 = B_SPLINE_SURFACE_WITH_KNOTS ( 'NONE', 3, 1, ( 
 ( #888, #962 ),
 ( #616, #2119 ),
 ( #3345, #3369 ),
 ( #1821, #3053 ),
 ( #1206, #910 ),
 ( #2141, #1840 ),
 ( #3072, #1617 ),
 ( #2541, #2598 ) ),
 .UNSPECIFIED., .F., .F., .F.,
 ( 4, 2, 2, 4 ),
 ( 2, 2 ),
 ( 0.000000000000000000, 0.5000000000000004441, 0.7500000000000006661, 1.000000000000000000 ),
 ( 0.000000000000000000, 1.000000000000000000 ),
 .UNSPECIFIED. ) ;
#3859 = CARTESIAN_POINT ( 'NONE',  ( 6.258819392547314564, -84.94344718381945825, -28.35126156015493493 ) ) ;
#3860 = CARTESIAN_POINT ( 'NONE',  ( -8.383150214587981708, 29.99999999999997158, -29.77614652557232233 ) ) ;
#3861 = DIRECTION ( 'NONE',  ( 0.000000000000000000, -1.000000000000000000, 0.000000000000000000 ) ) ;
#3862 = AXIS2_PLACEMENT_3D ( 'NONE', #338, #1571, #1259 ) ;
#3863 = CARTESIAN_POINT ( 'NONE',  ( 2.821938808049774483, 30.00000000000000000, 32.37525451824844680 ) ) ;
#3864 = CARTESIAN_POINT ( 'NONE',  ( 29.04474560440994679, 29.99999999999996447, 7.092616447670590851 ) ) ;
#3865 = ORIENTED_EDGE ( 'NONE', *, *, #2736, .T. ) ;
#3866 = DIRECTION ( 'NONE',  ( -0.7063983397914621598, 0.000000000000000000, -0.7078145135131562737 ) ) ;
#3867 = CARTESIAN_POINT ( 'NONE',  ( -1.554897504270376318, 27.99999999999999645, 34.46538071844585716 ) ) ;
#3868 = DIRECTION ( 'NONE',  ( 0.000000000000000000, 0.000000000000000000, 1.000000000000000000 ) ) ;
#3869 = CARTESIAN_POINT ( 'NONE',  ( 0.000000000000000000, 1.000000000000000000, 0.000000000000000000 ) ) ;
#3870 = CARTESIAN_POINT ( 'NONE',  ( -29.19569261685225214, 30.00000000000000000, 7.321458899161582323 ) ) ;
#3871 = VERTEX_POINT ( 'NONE', #2253 ) ;
#3872 = ADVANCED_FACE ( 'NONE', ( #2888 ), #1566, .F. ) ;
#3873 = CARTESIAN_POINT ( 'NONE',  ( -6.484523281113489190, 29.99999999999996447, -28.57124262114458091 ) ) ;
#3874 = ORIENTED_EDGE ( 'NONE', *, *, #96, .F. ) ;
#3875 = ORIENTED_EDGE ( 'NONE', *, *, #2196, .T. ) ;
#3876 = CARTESIAN_POINT ( 'NONE',  ( -28.93272500840680195, 29.99999999999996447, 6.930634915335659230 ) ) ;
#3877 = CARTESIAN_POINT ( 'NONE',  ( 1.964225604963704575, 0.000000000000000000, 34.44203813838840489 ) ) ;
#3878 = CARTESIAN_POINT ( 'NONE',  ( -2.977424428356117758, 1.000000000000000888, -5.157050385609461607 ) ) ;
#3879 = DIRECTION ( 'NONE',  ( 0.7063983397914572748, 0.000000000000000000, 0.7078145135131609367 ) ) ;
#3880 = DIRECTION ( 'NONE',  ( 0.000000000000000000, 1.000000000000000000, -0.000000000000000000 ) ) ;
#3881 = FILL_AREA_STYLE ('',( #3588 ) ) ;
#3882 = CARTESIAN_POINT ( 'NONE',  ( 6.556154702997478267, 29.99999999999997158, 28.63526552384551493 ) ) ;
#3883 = CARTESIAN_POINT ( 'NONE',  ( 0.000000000000000000, 1.000000000000000888, 0.000000000000000000 ) ) ;
#3884 = VERTEX_POINT ( 'NONE', #2233 ) ;
#3885 = CARTESIAN_POINT ( 'NONE',  ( -2.186144903613783885, 29.64706853122230257, -33.58384384452858740 ) ) ;
#3886 = CIRCLE ( 'NONE', #1117, 1.000000000000000888 ) ;
#3887 = UNCERTAINTY_MEASURE_WITH_UNIT (LENGTH_MEASURE( 1.000000000000000082E-05 ), #3226, 'distance_accuracy_value', 'NONE');
#3888 = CARTESIAN_POINT ( 'NONE',  ( -2.650178720615442796, 29.95374417565604475, 32.88679301573584723 ) ) ;
#3889 = DIRECTION ( 'NONE',  ( 0.8660254037844432595, 0.000000000000000000, 0.4999999999999919509 ) ) ;
#3890 = CARTESIAN_POINT ( 'NONE',  ( 30.38384788904108191, 0.9999999999999731326, -9.964786583326983305 ) ) ;
#3891 = B_SPLINE_SURFACE_WITH_KNOTS ( 'NONE', 3, 1, ( 
 ( #3824, #412 ),
 ( #1349, #1368 ),
 ( #470, #3529 ),
 ( #3511, #3176 ),
 ( #1390, #447 ),
 ( #749, #3846 ),
 ( #961, #2632 ),
 ( #732, #1083 ) ),
 .UNSPECIFIED., .F., .F., .F.,
 ( 4, 2, 2, 4 ),
 ( 2, 2 ),
 ( 0.000000000000000000, 0.5000000000000015543, 0.7500000000000007772, 1.000000000000000000 ),
 ( 0.000000000000000000, 1.000000000000000000 ),
 .UNSPECIFIED. ) ;
#3892 = CARTESIAN_POINT ( 'NONE',  ( 30.22962318698085227, 0.9999999999999731326, 9.510733381963396127 ) ) ;
#3893 = ORIENTED_EDGE ( 'NONE', *, *, #86, .T. ) ;
#3894 = CARTESIAN_POINT ( 'NONE',  ( 28.98695388522022753, 29.99999999999995026, -7.007633974929322385 ) ) ;
#3895 = VERTEX_POINT ( 'NONE', #2306 ) ;
#3896 = ORIENTED_EDGE ( 'NONE', *, *, #3617, .T. ) ;
#3897 = CARTESIAN_POINT ( 'NONE',  ( -28.57124262114491842, 29.99999999999996447, 6.484523281113974136 ) ) ;
#3898 = CARTESIAN_POINT ( 'NONE',  ( 7.529954783968749510, 0.9999999999999453770, -29.32085608747946992 ) ) ;
#3899 = DIRECTION ( 'NONE',  ( 0.7078145135131703736, 0.000000000000000000, -0.7063983397914478379 ) ) ;
#3900 = AXIS2_PLACEMENT_3D ( 'NONE', #3747, #2452, #2164 ) ;
#3901 = LINE ( 'NONE', #220, #3971 ) ;
#3902 = CARTESIAN_POINT ( 'NONE',  ( 5.954848856712624539, 1.000000000000000888, 22.73301069136484642 ) ) ;
#3903 = ADVANCED_FACE ( 'NONE', ( #1008 ), #78, .F. ) ;
#3904 = CARTESIAN_POINT ( 'NONE',  ( 29.14625379919608505, 0.9999999999999731326, 7.245099044916871733 ) ) ;
#3905 = CARTESIAN_POINT ( 'NONE',  ( 10.20227232083244928, 29.99999999999996447, 30.36432714282614143 ) ) ;
#3906 = ORIENTED_EDGE ( 'NONE', *, *, #2905, .F. ) ;
#3907 = CARTESIAN_POINT ( 'NONE',  ( -1.779114868632202473, 29.37353292284308282, -33.50206804071677880 ) ) ;
#3908 = CARTESIAN_POINT ( 'NONE',  ( 3.425026790108451458, 4.000000000000003553, 1.034884028326199694E-15 ) ) ;
#3909 = CIRCLE ( 'NONE', #2254, 24.50000000000000000 ) ;
#3910 = DIRECTION ( 'NONE',  ( 0.000000000000000000, 1.000000000000000000, 0.000000000000000000 ) ) ;
#3911 = FACE_OUTER_BOUND ( 'NONE', #2351, .T. ) ;
#3912 = AXIS2_PLACEMENT_3D ( 'NONE', #3393, #1921, #2509 ) ;
#3913 = EDGE_LOOP ( 'NONE', ( #3054, #2898, #3171, #1137 ) ) ;
#3914 = ADVANCED_FACE ( 'NONE', ( #2606 ), #3225, .F. ) ;
#3915 = DIRECTION ( 'NONE',  ( -0.000000000000000000, 1.000000000000000000, -0.000000000000000000 ) ) ;
#3916 = ORIENTED_EDGE ( 'NONE', *, *, #1197, .F. ) ;
#3917 = VERTEX_POINT ( 'NONE', #1697 ) ;
#3918 = LINE ( 'NONE', #3704, #1845 ) ;
#3919 = CARTESIAN_POINT ( 'NONE',  ( 28.65632581468000595, 29.99999999999997158, 6.580466847577119971 ) ) ;
#3920 = EDGE_LOOP ( 'NONE', ( #2158, #3556, #3761, #3011 ) ) ;
#3921 = CARTESIAN_POINT ( 'NONE',  ( -9.506215275720025559, 0.9999999999999731326, -30.22761531808586000 ) ) ;
#3922 = EDGE_CURVE ( 'NONE', #618, #1241, #2201, .T. ) ;
#3923 = CARTESIAN_POINT ( 'NONE',  ( -28.25626712966303700, 3.149110777469568578, -6.163634519059341343 ) ) ;
#3924 = CARTESIAN_POINT ( 'NONE',  ( -29.67102485484129204, 0.9999999999999731326, -8.167768883882745357 ) ) ;
#3925 = CARTESIAN_POINT ( 'NONE',  ( -7.739250038559290168, 29.99999999999997158, 29.44337163892200948 ) ) ;
#3926 = CARTESIAN_POINT ( 'NONE',  ( 28.94086890595257699, 0.9999999999999731326, 6.941653848079779365 ) ) ;
#3927 = CARTESIAN_POINT ( 'NONE',  ( -28.94086890595256989, 29.99999999999996447, -6.941653848079771372 ) ) ;
#3928 = VERTEX_POINT ( 'NONE', #2103 ) ;
#3929 = CIRCLE ( 'NONE', #3361, 34.50000000000000711 ) ;
#3930 = CARTESIAN_POINT ( 'NONE',  ( -1.713156983157400726, 29.27586727908422048, -33.56143798266179346 ) ) ;
#3931 = CARTESIAN_POINT ( 'NONE',  ( 30.38321444578816610, 29.99999999999996447, -10.04921254276279008 ) ) ;
#3932 = CIRCLE ( 'NONE', #2269, 23.50000000000000000 ) ;
#3933 = FACE_OUTER_BOUND ( 'NONE', #2867, .T. ) ;
#3934 = CARTESIAN_POINT ( 'NONE',  ( 7.085501934474832453, 0.9999999999999453770, 29.03983865805456333 ) ) ;
#3935 = VERTEX_POINT ( 'NONE', #224 ) ;
#3936 = CARTESIAN_POINT ( 'NONE',  ( 28.63526552384579205, 0.9999999999999731326, -6.556154702998172823 ) ) ;
#3937 = VERTEX_POINT ( 'NONE', #831 ) ;
#3938 = VERTEX_POINT ( 'NONE', #3863 ) ;
#3939 = CARTESIAN_POINT ( 'NONE',  ( 2.467861316369758917, 29.77200507376018734, 33.36743812895502970 ) ) ;
#3940 = FACE_OUTER_BOUND ( 'NONE', #3913, .T. ) ;
#3941 = ORIENTED_EDGE ( 'NONE', *, *, #2427, .T. ) ;
#3942 = DIRECTION ( 'NONE',  ( -0.8660254037844363761, 0.000000000000000000, 0.5000000000000039968 ) ) ;
#3943 = CARTESIAN_POINT ( 'NONE',  ( -27.76660832781216115, 2.055780034965352776, -5.672994058718177968 ) ) ;
#3944 = CARTESIAN_POINT ( 'NONE',  ( -2.785551700919118190, 30.00000000000000000, -32.38240692997351289 ) ) ;
#3945 = EDGE_CURVE ( 'NONE', #3451, #329, #574, .T. ) ;
#3946 = CARTESIAN_POINT ( 'NONE',  ( 28.35132035200713929, 1.000000000000000888, -6.258585244769649059 ) ) ;
#3947 = SHAPE_DEFINITION_REPRESENTATION ( #2172, #2673 ) ;
#3948 = CARTESIAN_POINT ( 'NONE',  ( -29.09608338892346069, 0.9999999999999453770, -7.168462927865502543 ) ) ;
#3949 = ORIENTED_EDGE ( 'NONE', *, *, #2196, .F. ) ;
#3950 = CARTESIAN_POINT ( 'NONE',  ( -1.661622598084489422, 28.34754931316723869, -34.44605435069078680 ) ) ;
#3951 = VECTOR ( 'NONE', #2476, 1000.000000000000000 ) ;
#3952 = CARTESIAN_POINT ( 'NONE',  ( 30.38321444578816610, 0.9999999999999453770, -10.04921254276279008 ) ) ;
#3953 = VECTOR ( 'NONE', #193, 1000.000000000000000 ) ;
#3954 = APPLICATION_CONTEXT ( 'automotive_design' ) ;
#3955 = DIRECTION ( 'NONE',  ( 0.000000000000000000, 0.000000000000000000, 1.000000000000000000 ) ) ;
#3956 = CARTESIAN_POINT ( 'NONE',  ( 28.25626712966302989, 3.149110777469566802, 6.163634519059338679 ) ) ;
#3957 = ORIENTED_EDGE ( 'NONE', *, *, #3945, .F. ) ;
#3958 = EDGE_CURVE ( 'NONE', #1457, #255, #267, .T. ) ;
#3959 = CARTESIAN_POINT ( 'NONE',  ( 23.55878325911073290, 42.04006440356475593, -6.725602675615317771 ) ) ;
#3960 = VERTEX_POINT ( 'NONE', #2062 ) ;
#3961 = ORIENTED_EDGE ( 'NONE', *, *, #2514, .F. ) ;
#3962 = CARTESIAN_POINT ( 'NONE',  ( 2.092007263511088233, 29.63886136606672750, 33.42733929151161476 ) ) ;
#3963 = PLANE ( 'NONE',  #1031 ) ;
#3964 = ORIENTED_EDGE ( 'NONE', *, *, #3676, .F. ) ;
#3965 = CARTESIAN_POINT ( 'NONE',  ( 6.258585244769343525, -84.94344718381945825, 28.35132035200720679 ) ) ;
#3966 = DIRECTION ( 'NONE',  ( 0.000000000000000000, 1.000000000000000000, -0.000000000000000000 ) ) ;
#3967 = CARTESIAN_POINT ( 'NONE',  ( 9.925942683782720266, -84.94344718381945825, -28.48305623129146369 ) ) ;
#3968 = EDGE_CURVE ( 'NONE', #3811, #542, #319, .T. ) ;
#3969 = DIRECTION ( 'NONE',  ( 0.000000000000000000, 1.000000000000000000, -0.000000000000000000 ) ) ;
#3970 = CARTESIAN_POINT ( 'NONE',  ( -1.820410149047216652, 29.27902302091919395, 33.72711490004866164 ) ) ;
#3971 = VECTOR ( 'NONE', #3056, 1000.000000000000114 ) ;
#3972 = DIRECTION ( 'NONE',  ( 0.8660254037844328234, 0.000000000000000000, -0.5000000000000101030 ) ) ;
#3973 = ORIENTED_EDGE ( 'NONE', *, *, #2085, .F. ) ;
#3974 = CARTESIAN_POINT ( 'NONE',  ( 30.38362457722951149, 29.99999999999996447, -10.03232073629269294 ) ) ;
#3975 = CARTESIAN_POINT ( 'NONE',  ( 1.646347122882660496, 28.17669395708248103, -34.46939161018131870 ) ) ;
#3976 = AXIS2_PLACEMENT_3D ( 'NONE', #1334, #1046, #735 ) ;
#3977 = EDGE_CURVE ( 'NONE', #2748, #2322, #3227, .T. ) ;
#3978 = CARTESIAN_POINT ( 'NONE',  ( 26.12554922451309736, 1.000000000000003775, 4.028644991885824034 ) ) ;
#3979 = VERTEX_POINT ( 'NONE', #2950 ) ;
#3980 = CARTESIAN_POINT ( 'NONE',  ( 10.09343860348525368, 29.99999999999997158, 30.38092739730156921 ) ) ;
#3981 = CARTESIAN_POINT ( 'NONE',  ( 6.722234770207823118, 0.9999999999999731326, -28.77399219517000617 ) ) ;
#3982 = CARTESIAN_POINT ( 'NONE',  ( -2.785551700919118190, 30.00000000000000000, -32.38240692997351289 ) ) ;
#3983 = CARTESIAN_POINT ( 'NONE',  ( 2.031506061324603429, 28.69839633913128552, 34.31701295856747436 ) ) ;
#3984 = DIRECTION ( 'NONE',  ( -0.000000000000000000, -1.000000000000000000, -0.000000000000000000 ) ) ;
#3985 = ORIENTED_EDGE ( 'NONE', *, *, #3377, .T. ) ;
#3986 = CIRCLE ( 'NONE', #1613, 24.50000000000000000 ) ;
#3987 = VERTEX_POINT ( 'NONE', #183 ) ;
#3988 = EDGE_CURVE ( 'NONE', #2264, #3871, #703, .T. ) ;
#3989 = DIRECTION ( 'NONE',  ( 8.881784197001252323E-16, 0.000000000000000000, 1.000000000000000000 ) ) ;
#3990 = CARTESIAN_POINT ( 'NONE',  ( -26.86607401992985089, 1.253677548738909353, -4.770654377082161446 ) ) ;
#3991 = CARTESIAN_POINT ( 'NONE',  ( -29.44401500664189086, 29.99999999999996447, 7.737229666197841915 ) ) ;
#3992 = LINE ( 'NONE', #3396, #1825 ) ;
#3993 = DIRECTION ( 'NONE',  ( -0.000000000000000000, 1.000000000000000000, -0.000000000000000000 ) ) ;
ENDSEC;
END-ISO-10303-21;
