ISO-10303-21;
HEADER;
/* Generated by software containing ST-Developer
 * from STEP Tools, Inc. (www.steptools.com) 
 */

FILE_DESCRIPTION(
/* description */ ('',
'CAx-IF Rec.Pracs.---Representation and Presentation of Product Manufa
cturing Information (PMI)---4.0---2014-10-13'),
/* implementation_level */ '2;1');

FILE_NAME(
/* name */ 'Stages SC3.step',
/* time_stamp */ '2025-02-23T22:11:16-06:00',
/* author */ (''),
/* organization */ (''),
/* preprocessor_version */ 'ST-DEVELOPER v20',
/* originating_system */ 'Autodesk Translation Framework v13.20.0.188',

/* authorisation */ '');

FILE_SCHEMA (('AP242_MANAGED_MODEL_BASED_3D_ENGINEERING_MIM_LF { 1 0 10303 442 1 1 4 }'));
ENDSEC;

DATA;
#10=MECHANICAL_DESIGN_GEOMETRIC_PRESENTATION_REPRESENTATION('',(#35,#36),
#2823);
#11=ITEM_DEFINED_TRANSFORMATION($,$,#1547,#1723);
#12=ITEM_DEFINED_TRANSFORMATION($,$,#1663,#1724);
#13=(
REPRESENTATION_RELATIONSHIP($,$,#2837,#2836)
REPRESENTATION_RELATIONSHIP_WITH_TRANSFORMATION(#11)
SHAPE_REPRESENTATION_RELATIONSHIP()
);
#14=(
REPRESENTATION_RELATIONSHIP($,$,#2838,#2836)
REPRESENTATION_RELATIONSHIP_WITH_TRANSFORMATION(#12)
SHAPE_REPRESENTATION_RELATIONSHIP()
);
#15=CONTEXT_DEPENDENT_SHAPE_REPRESENTATION(#13,#2834);
#16=CONTEXT_DEPENDENT_SHAPE_REPRESENTATION(#14,#2835);
#17=NEXT_ASSEMBLY_USAGE_OCCURRENCE('Prong:1','Prong:1','Prong:1',#2840,
#2841,'Prong:1');
#18=NEXT_ASSEMBLY_USAGE_OCCURRENCE('SchwinnAC:1','SchwinnAC:1',
'SchwinnAC:1',#2840,#2842,'SchwinnAC:1');
#19=ELLIPSE('',#1665,1.03875257153731,1.);
#20=ELLIPSE('',#1666,2.01965514503724,2.);
#21=ELLIPSE('',#1673,1.03875257153732,1.);
#22=ELLIPSE('',#1674,2.01965514503724,2.);
#23=ELLIPSE('',#1679,14.1187124671829,14.);
#24=ELLIPSE('',#1680,13.127758442742,13.);
#25=ELLIPSE('',#1689,14.1187124671829,14.);
#26=ELLIPSE('',#1690,13.127758442742,13.);
#27=B_SPLINE_SURFACE_WITH_KNOTS('',3,3,((#2504,#2505,#2506,#2507,#2508,
#2509),(#2510,#2511,#2512,#2513,#2514,#2515),(#2516,#2517,#2518,#2519,#2520,
#2521),(#2522,#2523,#2524,#2525,#2526,#2527),(#2528,#2529,#2530,#2531,#2532,
#2533)),.UNSPECIFIED.,.F.,.F.,.F.,(4,1,4),(4,1,1,4),(0.,0.571428571428571,
1.),(-1.5707963267949,-0.897597901025657,-0.448798950512827,2.16054352863868E-15),
 .UNSPECIFIED.);
#28=B_SPLINE_SURFACE_WITH_KNOTS('',3,3,((#2572,#2573,#2574,#2575,#2576,
#2577),(#2578,#2579,#2580,#2581,#2582,#2583),(#2584,#2585,#2586,#2587,#2588,
#2589),(#2590,#2591,#2592,#2593,#2594,#2595),(#2596,#2597,#2598,#2599,#2600,
#2601)),.UNSPECIFIED.,.F.,.F.,.F.,(4,1,4),(4,1,1,4),(0.,0.571428571428571,
1.),(-2.74998627840408E-15,0.448798950512826,0.897597901025654,1.5707963267949),
 .UNSPECIFIED.);
#29=B_SPLINE_SURFACE_WITH_KNOTS('',3,3,((#2628,#2629,#2630,#2631,#2632,
#2633),(#2634,#2635,#2636,#2637,#2638,#2639),(#2640,#2641,#2642,#2643,#2644,
#2645),(#2646,#2647,#2648,#2649,#2650,#2651),(#2652,#2653,#2654,#2655,#2656,
#2657)),.UNSPECIFIED.,.F.,.F.,.F.,(4,1,4),(4,1,1,4),(0.,0.571428571428571,
1.),(-1.5707963267949,-0.897597901025655,-0.448798950512827,1.66533453693773E-16),
 .UNSPECIFIED.);
#30=B_SPLINE_SURFACE_WITH_KNOTS('',3,3,((#2686,#2687,#2688,#2689,#2690,
#2691),(#2692,#2693,#2694,#2695,#2696,#2697),(#2698,#2699,#2700,#2701,#2702,
#2703),(#2704,#2705,#2706,#2707,#2708,#2709),(#2710,#2711,#2712,#2713,#2714,
#2715)),.UNSPECIFIED.,.F.,.F.,.F.,(4,1,4),(4,1,1,4),(0.,0.571428571428571,
1.),(-4.47136415914588E-17,0.673198425769241,1.12199737628207,1.5707963267949),
 .UNSPECIFIED.);
#31=SHAPE_REPRESENTATION_RELATIONSHIP('SRR','None',#2837,#33);
#32=SHAPE_REPRESENTATION_RELATIONSHIP('SRR','None',#2838,#34);
#33=ADVANCED_BREP_SHAPE_REPRESENTATION('',(#37),#2821);
#34=ADVANCED_BREP_SHAPE_REPRESENTATION('',(#38),#2822);
#35=STYLED_ITEM('',(#2855),#37);
#36=STYLED_ITEM('',(#2855),#38);
#37=MANIFOLD_SOLID_BREP('Prong',#1521);
#38=MANIFOLD_SOLID_BREP('Body1',#1522);
#39=TOROIDAL_SURFACE('',#1578,6.5,4.5);
#40=TOROIDAL_SURFACE('',#1584,6.5,4.5);
#41=TOROIDAL_SURFACE('',#1590,6.5,4.5);
#42=TOROIDAL_SURFACE('',#1595,6.5,4.5);
#43=FACE_BOUND('',#211,.T.);
#44=FACE_BOUND('',#232,.T.);
#45=FACE_BOUND('',#246,.T.);
#46=FACE_BOUND('',#255,.T.);
#47=FACE_BOUND('',#259,.T.);
#48=FACE_BOUND('',#262,.T.);
#49=B_SPLINE_CURVE_WITH_KNOTS('',3,(#2270,#2271,#2272,#2273,#2274,#2275,
#2276,#2277,#2278,#2279),.UNSPECIFIED.,.F.,.F.,(4,2,2,2,4),(2.10887276333351,
2.25955986086677,2.42232147948405,2.6430660570701,2.86381063465615),
 .UNSPECIFIED.);
#50=B_SPLINE_CURVE_WITH_KNOTS('',3,(#2282,#2283,#2284,#2285,#2286,#2287,
#2288,#2289,#2290,#2291),.UNSPECIFIED.,.F.,.F.,(4,2,2,2,4),(0.,0.220744577586051,
0.441489155172101,0.604250773789381,0.754937871322642),.UNSPECIFIED.);
#51=B_SPLINE_CURVE_WITH_KNOTS('',3,(#2297,#2298,#2299,#2300,#2301,#2302,
#2303,#2304,#2305,#2306),.UNSPECIFIED.,.F.,.F.,(4,2,2,2,4),(0.,0.220744577586051,
0.441489155172101,0.604250773789382,0.754937871322642),.UNSPECIFIED.);
#52=B_SPLINE_CURVE_WITH_KNOTS('',3,(#2337,#2338,#2339,#2340,#2341,#2342,
#2343,#2344,#2345,#2346),.UNSPECIFIED.,.F.,.F.,(4,2,2,2,4),(2.10887276333351,
2.25955986086677,2.42232147948405,2.6430660570701,2.86381063465615),
 .UNSPECIFIED.);
#53=B_SPLINE_CURVE_WITH_KNOTS('',3,(#2540,#2541,#2542,#2543,#2544,#2545,
#2546,#2547,#2548,#2549),.UNSPECIFIED.,.F.,.F.,(4,2,2,2,4),(-0.000705323194693067,
0.,0.0851186551531134,0.150574431496144,0.213285316107457),
 .UNSPECIFIED.);
#54=B_SPLINE_CURVE_WITH_KNOTS('',3,(#2604,#2605,#2606,#2607,#2608,#2609,
#2610,#2611,#2612,#2613),.UNSPECIFIED.,.F.,.F.,(4,2,2,2,4),(0.,0.0477633775427994,
0.0976173857774645,0.162447510359121,0.162984715858333),.UNSPECIFIED.);
#55=PLANE('',#1570);
#56=PLANE('',#1571);
#57=PLANE('',#1572);
#58=PLANE('',#1575);
#59=PLANE('',#1577);
#60=PLANE('',#1587);
#61=PLANE('',#1619);
#62=PLANE('',#1620);
#63=PLANE('',#1643);
#64=PLANE('',#1645);
#65=PLANE('',#1646);
#66=PLANE('',#1647);
#67=PLANE('',#1648);
#68=PLANE('',#1649);
#69=PLANE('',#1650);
#70=PLANE('',#1651);
#71=PLANE('',#1652);
#72=PLANE('',#1658);
#73=PLANE('',#1661);
#74=PLANE('',#1662);
#75=PLANE('',#1669);
#76=PLANE('',#1675);
#77=PLANE('',#1683);
#78=PLANE('',#1691);
#79=PLANE('',#1693);
#80=PLANE('',#1700);
#81=PLANE('',#1701);
#82=PLANE('',#1710);
#83=PLANE('',#1712);
#84=PLANE('',#1713);
#85=PLANE('',#1714);
#86=PLANE('',#1716);
#87=PLANE('',#1718);
#88=PLANE('',#1720);
#89=PLANE('',#1721);
#90=PLANE('',#1722);
#91=SPHERICAL_SURFACE('',#1560,2.);
#92=SPHERICAL_SURFACE('',#1562,2.);
#93=SPHERICAL_SURFACE('',#1564,2.);
#94=SPHERICAL_SURFACE('',#1566,2.);
#95=SPHERICAL_SURFACE('',#1597,2.);
#96=SPHERICAL_SURFACE('',#1601,2.);
#97=SPHERICAL_SURFACE('',#1607,2.);
#98=SPHERICAL_SURFACE('',#1611,2.);
#99=SPHERICAL_SURFACE('',#1621,2.);
#100=SPHERICAL_SURFACE('',#1625,2.);
#101=SPHERICAL_SURFACE('',#1631,2.);
#102=SPHERICAL_SURFACE('',#1637,2.);
#103=FACE_OUTER_BOUND('',#197,.T.);
#104=FACE_OUTER_BOUND('',#198,.T.);
#105=FACE_OUTER_BOUND('',#199,.T.);
#106=FACE_OUTER_BOUND('',#200,.T.);
#107=FACE_OUTER_BOUND('',#201,.T.);
#108=FACE_OUTER_BOUND('',#202,.T.);
#109=FACE_OUTER_BOUND('',#203,.T.);
#110=FACE_OUTER_BOUND('',#204,.T.);
#111=FACE_OUTER_BOUND('',#205,.T.);
#112=FACE_OUTER_BOUND('',#206,.T.);
#113=FACE_OUTER_BOUND('',#207,.T.);
#114=FACE_OUTER_BOUND('',#208,.T.);
#115=FACE_OUTER_BOUND('',#209,.T.);
#116=FACE_OUTER_BOUND('',#210,.T.);
#117=FACE_OUTER_BOUND('',#212,.T.);
#118=FACE_OUTER_BOUND('',#213,.T.);
#119=FACE_OUTER_BOUND('',#214,.T.);
#120=FACE_OUTER_BOUND('',#215,.T.);
#121=FACE_OUTER_BOUND('',#216,.T.);
#122=FACE_OUTER_BOUND('',#217,.T.);
#123=FACE_OUTER_BOUND('',#218,.T.);
#124=FACE_OUTER_BOUND('',#219,.T.);
#125=FACE_OUTER_BOUND('',#220,.T.);
#126=FACE_OUTER_BOUND('',#221,.T.);
#127=FACE_OUTER_BOUND('',#222,.T.);
#128=FACE_OUTER_BOUND('',#223,.T.);
#129=FACE_OUTER_BOUND('',#224,.T.);
#130=FACE_OUTER_BOUND('',#225,.T.);
#131=FACE_OUTER_BOUND('',#226,.T.);
#132=FACE_OUTER_BOUND('',#227,.T.);
#133=FACE_OUTER_BOUND('',#228,.T.);
#134=FACE_OUTER_BOUND('',#229,.T.);
#135=FACE_OUTER_BOUND('',#230,.T.);
#136=FACE_OUTER_BOUND('',#231,.T.);
#137=FACE_OUTER_BOUND('',#233,.T.);
#138=FACE_OUTER_BOUND('',#234,.T.);
#139=FACE_OUTER_BOUND('',#235,.T.);
#140=FACE_OUTER_BOUND('',#236,.T.);
#141=FACE_OUTER_BOUND('',#237,.T.);
#142=FACE_OUTER_BOUND('',#238,.T.);
#143=FACE_OUTER_BOUND('',#239,.T.);
#144=FACE_OUTER_BOUND('',#240,.T.);
#145=FACE_OUTER_BOUND('',#241,.T.);
#146=FACE_OUTER_BOUND('',#242,.T.);
#147=FACE_OUTER_BOUND('',#243,.T.);
#148=FACE_OUTER_BOUND('',#244,.T.);
#149=FACE_OUTER_BOUND('',#245,.T.);
#150=FACE_OUTER_BOUND('',#247,.T.);
#151=FACE_OUTER_BOUND('',#248,.T.);
#152=FACE_OUTER_BOUND('',#249,.T.);
#153=FACE_OUTER_BOUND('',#250,.T.);
#154=FACE_OUTER_BOUND('',#251,.T.);
#155=FACE_OUTER_BOUND('',#252,.T.);
#156=FACE_OUTER_BOUND('',#253,.T.);
#157=FACE_OUTER_BOUND('',#254,.T.);
#158=FACE_OUTER_BOUND('',#256,.T.);
#159=FACE_OUTER_BOUND('',#257,.T.);
#160=FACE_OUTER_BOUND('',#258,.T.);
#161=FACE_OUTER_BOUND('',#260,.T.);
#162=FACE_OUTER_BOUND('',#261,.T.);
#163=FACE_OUTER_BOUND('',#263,.T.);
#164=FACE_OUTER_BOUND('',#264,.T.);
#165=FACE_OUTER_BOUND('',#265,.T.);
#166=FACE_OUTER_BOUND('',#266,.T.);
#167=FACE_OUTER_BOUND('',#267,.T.);
#168=FACE_OUTER_BOUND('',#268,.T.);
#169=FACE_OUTER_BOUND('',#269,.T.);
#170=FACE_OUTER_BOUND('',#270,.T.);
#171=FACE_OUTER_BOUND('',#271,.T.);
#172=FACE_OUTER_BOUND('',#272,.T.);
#173=FACE_OUTER_BOUND('',#273,.T.);
#174=FACE_OUTER_BOUND('',#274,.T.);
#175=FACE_OUTER_BOUND('',#275,.T.);
#176=FACE_OUTER_BOUND('',#276,.T.);
#177=FACE_OUTER_BOUND('',#277,.T.);
#178=FACE_OUTER_BOUND('',#278,.T.);
#179=FACE_OUTER_BOUND('',#279,.T.);
#180=FACE_OUTER_BOUND('',#280,.T.);
#181=FACE_OUTER_BOUND('',#281,.T.);
#182=FACE_OUTER_BOUND('',#282,.T.);
#183=FACE_OUTER_BOUND('',#283,.T.);
#184=FACE_OUTER_BOUND('',#284,.T.);
#185=FACE_OUTER_BOUND('',#285,.T.);
#186=FACE_OUTER_BOUND('',#286,.T.);
#187=FACE_OUTER_BOUND('',#287,.T.);
#188=FACE_OUTER_BOUND('',#288,.T.);
#189=FACE_OUTER_BOUND('',#289,.T.);
#190=FACE_OUTER_BOUND('',#290,.T.);
#191=FACE_OUTER_BOUND('',#291,.T.);
#192=FACE_OUTER_BOUND('',#292,.T.);
#193=FACE_OUTER_BOUND('',#293,.T.);
#194=FACE_OUTER_BOUND('',#294,.T.);
#195=FACE_OUTER_BOUND('',#295,.T.);
#196=FACE_OUTER_BOUND('',#296,.T.);
#197=EDGE_LOOP('',(#961,#962,#963,#964,#965,#966));
#198=EDGE_LOOP('',(#967,#968,#969,#970));
#199=EDGE_LOOP('',(#971,#972,#973,#974,#975,#976));
#200=EDGE_LOOP('',(#977,#978,#979,#980));
#201=EDGE_LOOP('',(#981,#982,#983));
#202=EDGE_LOOP('',(#984,#985,#986));
#203=EDGE_LOOP('',(#987,#988,#989));
#204=EDGE_LOOP('',(#990,#991,#992));
#205=EDGE_LOOP('',(#993,#994,#995,#996));
#206=EDGE_LOOP('',(#997,#998,#999,#1000,#1001));
#207=EDGE_LOOP('',(#1002,#1003,#1004,#1005,#1006));
#208=EDGE_LOOP('',(#1007,#1008,#1009,#1010,#1011));
#209=EDGE_LOOP('',(#1012,#1013,#1014,#1015));
#210=EDGE_LOOP('',(#1016,#1017,#1018,#1019));
#211=EDGE_LOOP('',(#1020));
#212=EDGE_LOOP('',(#1021,#1022,#1023,#1024));
#213=EDGE_LOOP('',(#1025,#1026,#1027,#1028));
#214=EDGE_LOOP('',(#1029,#1030,#1031,#1032));
#215=EDGE_LOOP('',(#1033,#1034,#1035,#1036));
#216=EDGE_LOOP('',(#1037,#1038,#1039,#1040,#1041,#1042,#1043,#1044));
#217=EDGE_LOOP('',(#1045,#1046,#1047,#1048));
#218=EDGE_LOOP('',(#1049,#1050,#1051,#1052));
#219=EDGE_LOOP('',(#1053,#1054,#1055,#1056));
#220=EDGE_LOOP('',(#1057,#1058,#1059));
#221=EDGE_LOOP('',(#1060,#1061,#1062));
#222=EDGE_LOOP('',(#1063,#1064,#1065,#1066));
#223=EDGE_LOOP('',(#1067,#1068,#1069,#1070));
#224=EDGE_LOOP('',(#1071,#1072,#1073));
#225=EDGE_LOOP('',(#1074,#1075,#1076,#1077));
#226=EDGE_LOOP('',(#1078,#1079,#1080));
#227=EDGE_LOOP('',(#1081,#1082,#1083,#1084));
#228=EDGE_LOOP('',(#1085,#1086,#1087,#1088));
#229=EDGE_LOOP('',(#1089,#1090,#1091,#1092));
#230=EDGE_LOOP('',(#1093,#1094,#1095,#1096));
#231=EDGE_LOOP('',(#1097,#1098,#1099,#1100));
#232=EDGE_LOOP('',(#1101,#1102,#1103,#1104,#1105,#1106));
#233=EDGE_LOOP('',(#1107,#1108,#1109,#1110));
#234=EDGE_LOOP('',(#1111,#1112,#1113));
#235=EDGE_LOOP('',(#1114,#1115,#1116));
#236=EDGE_LOOP('',(#1117,#1118,#1119,#1120));
#237=EDGE_LOOP('',(#1121,#1122,#1123,#1124));
#238=EDGE_LOOP('',(#1125,#1126,#1127));
#239=EDGE_LOOP('',(#1128,#1129,#1130,#1131));
#240=EDGE_LOOP('',(#1132,#1133,#1134,#1135));
#241=EDGE_LOOP('',(#1136,#1137,#1138));
#242=EDGE_LOOP('',(#1139,#1140,#1141,#1142));
#243=EDGE_LOOP('',(#1143,#1144,#1145,#1146));
#244=EDGE_LOOP('',(#1147,#1148,#1149,#1150));
#245=EDGE_LOOP('',(#1151,#1152,#1153,#1154));
#246=EDGE_LOOP('',(#1155));
#247=EDGE_LOOP('',(#1156,#1157,#1158,#1159));
#248=EDGE_LOOP('',(#1160,#1161,#1162,#1163));
#249=EDGE_LOOP('',(#1164,#1165,#1166,#1167));
#250=EDGE_LOOP('',(#1168,#1169,#1170,#1171));
#251=EDGE_LOOP('',(#1172,#1173,#1174,#1175));
#252=EDGE_LOOP('',(#1176,#1177,#1178,#1179));
#253=EDGE_LOOP('',(#1180,#1181,#1182,#1183));
#254=EDGE_LOOP('',(#1184,#1185,#1186,#1187,#1188,#1189));
#255=EDGE_LOOP('',(#1190));
#256=EDGE_LOOP('',(#1191,#1192,#1193,#1194));
#257=EDGE_LOOP('',(#1195,#1196,#1197,#1198));
#258=EDGE_LOOP('',(#1199));
#259=EDGE_LOOP('',(#1200));
#260=EDGE_LOOP('',(#1201,#1202,#1203,#1204));
#261=EDGE_LOOP('',(#1205,#1206,#1207,#1208));
#262=EDGE_LOOP('',(#1209));
#263=EDGE_LOOP('',(#1210,#1211,#1212,#1213,#1214));
#264=EDGE_LOOP('',(#1215,#1216,#1217,#1218));
#265=EDGE_LOOP('',(#1219,#1220,#1221,#1222));
#266=EDGE_LOOP('',(#1223,#1224,#1225,#1226,#1227));
#267=EDGE_LOOP('',(#1228,#1229,#1230,#1231));
#268=EDGE_LOOP('',(#1232,#1233,#1234,#1235));
#269=EDGE_LOOP('',(#1236,#1237,#1238,#1239,#1240));
#270=EDGE_LOOP('',(#1241,#1242,#1243,#1244));
#271=EDGE_LOOP('',(#1245,#1246,#1247,#1248));
#272=EDGE_LOOP('',(#1249,#1250,#1251,#1252));
#273=EDGE_LOOP('',(#1253,#1254,#1255,#1256,#1257));
#274=EDGE_LOOP('',(#1258,#1259,#1260,#1261));
#275=EDGE_LOOP('',(#1262,#1263,#1264,#1265));
#276=EDGE_LOOP('',(#1266,#1267,#1268,#1269));
#277=EDGE_LOOP('',(#1270,#1271,#1272,#1273));
#278=EDGE_LOOP('',(#1274,#1275,#1276,#1277));
#279=EDGE_LOOP('',(#1278,#1279,#1280,#1281,#1282,#1283,#1284,#1285,#1286,
#1287,#1288,#1289,#1290,#1291,#1292,#1293,#1294,#1295,#1296,#1297,#1298,
#1299));
#280=EDGE_LOOP('',(#1300,#1301,#1302,#1303,#1304));
#281=EDGE_LOOP('',(#1305,#1306,#1307,#1308,#1309,#1310,#1311,#1312,#1313,
#1314,#1315,#1316,#1317,#1318,#1319,#1320,#1321,#1322,#1323,#1324,#1325,
#1326,#1327,#1328));
#282=EDGE_LOOP('',(#1329,#1330,#1331,#1332));
#283=EDGE_LOOP('',(#1333,#1334,#1335,#1336));
#284=EDGE_LOOP('',(#1337,#1338,#1339,#1340));
#285=EDGE_LOOP('',(#1341,#1342,#1343,#1344));
#286=EDGE_LOOP('',(#1345,#1346,#1347,#1348));
#287=EDGE_LOOP('',(#1349,#1350,#1351,#1352));
#288=EDGE_LOOP('',(#1353,#1354,#1355,#1356));
#289=EDGE_LOOP('',(#1357,#1358,#1359,#1360));
#290=EDGE_LOOP('',(#1361,#1362,#1363,#1364));
#291=EDGE_LOOP('',(#1365,#1366,#1367,#1368));
#292=EDGE_LOOP('',(#1369,#1370,#1371,#1372));
#293=EDGE_LOOP('',(#1373,#1374,#1375,#1376));
#294=EDGE_LOOP('',(#1377,#1378,#1379,#1380));
#295=EDGE_LOOP('',(#1381,#1382,#1383,#1384));
#296=EDGE_LOOP('',(#1385,#1386,#1387,#1388));
#297=LINE('',#2214,#421);
#298=LINE('',#2218,#422);
#299=LINE('',#2220,#423);
#300=LINE('',#2221,#424);
#301=LINE('',#2226,#425);
#302=LINE('',#2229,#426);
#303=LINE('',#2234,#427);
#304=LINE('',#2238,#428);
#305=LINE('',#2240,#429);
#306=LINE('',#2241,#430);
#307=LINE('',#2246,#431);
#308=LINE('',#2248,#432);
#309=LINE('',#2259,#433);
#310=LINE('',#2262,#434);
#311=LINE('',#2265,#435);
#312=LINE('',#2267,#436);
#313=LINE('',#2269,#437);
#314=LINE('',#2293,#438);
#315=LINE('',#2294,#439);
#316=LINE('',#2308,#440);
#317=LINE('',#2310,#441);
#318=LINE('',#2311,#442);
#319=LINE('',#2314,#443);
#320=LINE('',#2318,#444);
#321=LINE('',#2319,#445);
#322=LINE('',#2333,#446);
#323=LINE('',#2334,#447);
#324=LINE('',#2353,#448);
#325=LINE('',#2362,#449);
#326=LINE('',#2380,#450);
#327=LINE('',#2381,#451);
#328=LINE('',#2383,#452);
#329=LINE('',#2384,#453);
#330=LINE('',#2390,#454);
#331=LINE('',#2391,#455);
#332=LINE('',#2399,#456);
#333=LINE('',#2400,#457);
#334=LINE('',#2402,#458);
#335=LINE('',#2404,#459);
#336=LINE('',#2406,#460);
#337=LINE('',#2407,#461);
#338=LINE('',#2411,#462);
#339=LINE('',#2413,#463);
#340=LINE('',#2415,#464);
#341=LINE('',#2417,#465);
#342=LINE('',#2419,#466);
#343=LINE('',#2420,#467);
#344=LINE('',#2435,#468);
#345=LINE('',#2443,#469);
#346=LINE('',#2444,#470);
#347=LINE('',#2446,#471);
#348=LINE('',#2452,#472);
#349=LINE('',#2454,#473);
#350=LINE('',#2456,#474);
#351=LINE('',#2463,#475);
#352=LINE('',#2465,#476);
#353=LINE('',#2466,#477);
#354=LINE('',#2469,#478);
#355=LINE('',#2470,#479);
#356=LINE('',#2473,#480);
#357=LINE('',#2474,#481);
#358=LINE('',#2477,#482);
#359=LINE('',#2478,#483);
#360=LINE('',#2481,#484);
#361=LINE('',#2482,#485);
#362=LINE('',#2484,#486);
#363=LINE('',#2490,#487);
#364=LINE('',#2494,#488);
#365=LINE('',#2500,#489);
#366=LINE('',#2555,#490);
#367=LINE('',#2556,#491);
#368=LINE('',#2559,#492);
#369=LINE('',#2561,#493);
#370=LINE('',#2562,#494);
#371=LINE('',#2568,#495);
#372=LINE('',#2571,#496);
#373=LINE('',#2618,#497);
#374=LINE('',#2620,#498);
#375=LINE('',#2621,#499);
#376=LINE('',#2624,#500);
#377=LINE('',#2627,#501);
#378=LINE('',#2667,#502);
#379=LINE('',#2668,#503);
#380=LINE('',#2670,#504);
#381=LINE('',#2676,#505);
#382=LINE('',#2679,#506);
#383=LINE('',#2682,#507);
#384=LINE('',#2685,#508);
#385=LINE('',#2719,#509);
#386=LINE('',#2720,#510);
#387=LINE('',#2722,#511);
#388=LINE('',#2727,#512);
#389=LINE('',#2731,#513);
#390=LINE('',#2733,#514);
#391=LINE('',#2735,#515);
#392=LINE('',#2739,#516);
#393=LINE('',#2743,#517);
#394=LINE('',#2745,#518);
#395=LINE('',#2747,#519);
#396=LINE('',#2751,#520);
#397=LINE('',#2754,#521);
#398=LINE('',#2759,#522);
#399=LINE('',#2763,#523);
#400=LINE('',#2765,#524);
#401=LINE('',#2767,#525);
#402=LINE('',#2771,#526);
#403=LINE('',#2775,#527);
#404=LINE('',#2777,#528);
#405=LINE('',#2779,#529);
#406=LINE('',#2783,#530);
#407=LINE('',#2786,#531);
#408=LINE('',#2787,#532);
#409=LINE('',#2789,#533);
#410=LINE('',#2791,#534);
#411=LINE('',#2793,#535);
#412=LINE('',#2795,#536);
#413=LINE('',#2797,#537);
#414=LINE('',#2800,#538);
#415=LINE('',#2801,#539);
#416=LINE('',#2804,#540);
#417=LINE('',#2806,#541);
#418=LINE('',#2808,#542);
#419=LINE('',#2810,#543);
#420=LINE('',#2812,#544);
#421=VECTOR('',#1733,10.);
#422=VECTOR('',#1736,10.);
#423=VECTOR('',#1737,10.);
#424=VECTOR('',#1738,10.);
#425=VECTOR('',#1743,10.);
#426=VECTOR('',#1746,10.);
#427=VECTOR('',#1751,10.);
#428=VECTOR('',#1754,10.);
#429=VECTOR('',#1755,10.);
#430=VECTOR('',#1756,10.);
#431=VECTOR('',#1761,10.);
#432=VECTOR('',#1764,10.);
#433=VECTOR('',#1783,10.);
#434=VECTOR('',#1786,10.);
#435=VECTOR('',#1789,10.);
#436=VECTOR('',#1790,10.);
#437=VECTOR('',#1791,10.);
#438=VECTOR('',#1794,10.);
#439=VECTOR('',#1795,10.);
#440=VECTOR('',#1798,10.);
#441=VECTOR('',#1799,10.);
#442=VECTOR('',#1800,10.);
#443=VECTOR('',#1803,10.);
#444=VECTOR('',#1808,10.);
#445=VECTOR('',#1809,10.);
#446=VECTOR('',#1826,10.);
#447=VECTOR('',#1827,10.);
#448=VECTOR('',#1838,10.);
#449=VECTOR('',#1851,10.);
#450=VECTOR('',#1874,10.);
#451=VECTOR('',#1875,10.);
#452=VECTOR('',#1878,10.);
#453=VECTOR('',#1879,10.);
#454=VECTOR('',#1888,10.);
#455=VECTOR('',#1889,10.);
#456=VECTOR('',#1900,10.);
#457=VECTOR('',#1901,10.);
#458=VECTOR('',#1904,10.);
#459=VECTOR('',#1907,10.);
#460=VECTOR('',#1910,10.);
#461=VECTOR('',#1911,10.);
#462=VECTOR('',#1914,10.);
#463=VECTOR('',#1915,10.);
#464=VECTOR('',#1916,10.);
#465=VECTOR('',#1917,10.);
#466=VECTOR('',#1918,10.);
#467=VECTOR('',#1919,10.);
#468=VECTOR('',#1942,10.);
#469=VECTOR('',#1953,10.);
#470=VECTOR('',#1954,10.);
#471=VECTOR('',#1957,10.);
#472=VECTOR('',#1966,10.);
#473=VECTOR('',#1969,10.);
#474=VECTOR('',#1972,10.);
#475=VECTOR('',#1981,10.);
#476=VECTOR('',#1982,10.);
#477=VECTOR('',#1983,10.);
#478=VECTOR('',#1986,10.);
#479=VECTOR('',#1987,10.);
#480=VECTOR('',#1990,10.);
#481=VECTOR('',#1991,10.);
#482=VECTOR('',#1994,10.);
#483=VECTOR('',#1995,10.);
#484=VECTOR('',#1998,10.);
#485=VECTOR('',#1999,10.);
#486=VECTOR('',#2002,10.);
#487=VECTOR('',#2009,2.55);
#488=VECTOR('',#2014,4.8);
#489=VECTOR('',#2023,2.55);
#490=VECTOR('',#2040,10.);
#491=VECTOR('',#2041,10.);
#492=VECTOR('',#2044,10.);
#493=VECTOR('',#2045,10.);
#494=VECTOR('',#2046,10.);
#495=VECTOR('',#2051,10.);
#496=VECTOR('',#2054,10.);
#497=VECTOR('',#2061,10.);
#498=VECTOR('',#2062,10.);
#499=VECTOR('',#2063,10.);
#500=VECTOR('',#2066,10.);
#501=VECTOR('',#2069,10.);
#502=VECTOR('',#2080,10.);
#503=VECTOR('',#2081,10.);
#504=VECTOR('',#2084,10.);
#505=VECTOR('',#2089,10.);
#506=VECTOR('',#2092,10.);
#507=VECTOR('',#2095,10.);
#508=VECTOR('',#2098,10.);
#509=VECTOR('',#2105,10.);
#510=VECTOR('',#2106,10.);
#511=VECTOR('',#2109,10.);
#512=VECTOR('',#2114,10.);
#513=VECTOR('',#2117,10.);
#514=VECTOR('',#2118,10.);
#515=VECTOR('',#2119,10.);
#516=VECTOR('',#2122,10.);
#517=VECTOR('',#2125,10.);
#518=VECTOR('',#2126,10.);
#519=VECTOR('',#2127,10.);
#520=VECTOR('',#2130,10.);
#521=VECTOR('',#2135,10.);
#522=VECTOR('',#2140,10.);
#523=VECTOR('',#2143,10.);
#524=VECTOR('',#2144,10.);
#525=VECTOR('',#2145,10.);
#526=VECTOR('',#2148,10.);
#527=VECTOR('',#2151,10.);
#528=VECTOR('',#2152,10.);
#529=VECTOR('',#2153,10.);
#530=VECTOR('',#2156,10.);
#531=VECTOR('',#2161,10.);
#532=VECTOR('',#2162,10.);
#533=VECTOR('',#2165,10.);
#534=VECTOR('',#2168,10.);
#535=VECTOR('',#2171,10.);
#536=VECTOR('',#2174,10.);
#537=VECTOR('',#2177,10.);
#538=VECTOR('',#2182,10.);
#539=VECTOR('',#2183,10.);
#540=VECTOR('',#2188,10.);
#541=VECTOR('',#2191,10.);
#542=VECTOR('',#2194,10.);
#543=VECTOR('',#2197,10.);
#544=VECTOR('',#2200,10.);
#545=CIRCLE('',#1549,2.);
#546=CIRCLE('',#1550,2.);
#547=CIRCLE('',#1552,2.);
#548=CIRCLE('',#1553,2.);
#549=CIRCLE('',#1555,2.);
#550=CIRCLE('',#1556,2.);
#551=CIRCLE('',#1558,2.);
#552=CIRCLE('',#1559,2.);
#553=CIRCLE('',#1561,2.);
#554=CIRCLE('',#1563,2.);
#555=CIRCLE('',#1565,2.);
#556=CIRCLE('',#1567,2.);
#557=CIRCLE('',#1569,2.);
#558=CIRCLE('',#1574,2.);
#559=CIRCLE('',#1576,4.8);
#560=CIRCLE('',#1579,4.49999999999999);
#561=CIRCLE('',#1580,2.);
#562=CIRCLE('',#1581,6.5);
#563=CIRCLE('',#1583,4.5);
#564=CIRCLE('',#1585,2.);
#565=CIRCLE('',#1586,6.5);
#566=CIRCLE('',#1588,6.5);
#567=CIRCLE('',#1589,6.5);
#568=CIRCLE('',#1591,4.5);
#569=CIRCLE('',#1592,2.);
#570=CIRCLE('',#1594,4.5);
#571=CIRCLE('',#1596,2.);
#572=CIRCLE('',#1598,2.);
#573=CIRCLE('',#1599,2.);
#574=CIRCLE('',#1600,2.);
#575=CIRCLE('',#1602,2.);
#576=CIRCLE('',#1603,2.);
#577=CIRCLE('',#1604,2.);
#578=CIRCLE('',#1608,2.);
#579=CIRCLE('',#1609,2.);
#580=CIRCLE('',#1612,2.);
#581=CIRCLE('',#1613,2.);
#582=CIRCLE('',#1614,2.);
#583=CIRCLE('',#1622,2.);
#584=CIRCLE('',#1623,2.);
#585=CIRCLE('',#1624,2.);
#586=CIRCLE('',#1626,2.);
#587=CIRCLE('',#1627,2.);
#588=CIRCLE('',#1628,2.);
#589=CIRCLE('',#1632,2.);
#590=CIRCLE('',#1633,2.);
#591=CIRCLE('',#1634,2.);
#592=CIRCLE('',#1638,2.);
#593=CIRCLE('',#1639,2.);
#594=CIRCLE('',#1644,2.55);
#595=CIRCLE('',#1653,2.55);
#596=CIRCLE('',#1655,2.55);
#597=CIRCLE('',#1657,4.8);
#598=CIRCLE('',#1659,2.55);
#599=CIRCLE('',#1664,0.999999999999996);
#600=CIRCLE('',#1668,1.);
#601=CIRCLE('',#1671,0.999999999999996);
#602=CIRCLE('',#1672,1.);
#603=CIRCLE('',#1677,0.999999999999994);
#604=CIRCLE('',#1678,1.);
#605=CIRCLE('',#1682,1.);
#606=CIRCLE('',#1685,1.);
#607=CIRCLE('',#1686,1.);
#608=CIRCLE('',#1688,1.);
#609=CIRCLE('',#1694,1.);
#610=CIRCLE('',#1695,1.);
#611=CIRCLE('',#1696,1.);
#612=CIRCLE('',#1697,1.);
#613=CIRCLE('',#1698,1.);
#614=CIRCLE('',#1699,1.);
#615=CIRCLE('',#1702,1.);
#616=CIRCLE('',#1703,1.);
#617=CIRCLE('',#1704,1.);
#618=CIRCLE('',#1705,1.);
#619=CIRCLE('',#1706,1.);
#620=CIRCLE('',#1707,1.);
#621=VERTEX_POINT('',#2210);
#622=VERTEX_POINT('',#2211);
#623=VERTEX_POINT('',#2213);
#624=VERTEX_POINT('',#2215);
#625=VERTEX_POINT('',#2217);
#626=VERTEX_POINT('',#2219);
#627=VERTEX_POINT('',#2223);
#628=VERTEX_POINT('',#2225);
#629=VERTEX_POINT('',#2227);
#630=VERTEX_POINT('',#2231);
#631=VERTEX_POINT('',#2233);
#632=VERTEX_POINT('',#2235);
#633=VERTEX_POINT('',#2237);
#634=VERTEX_POINT('',#2239);
#635=VERTEX_POINT('',#2243);
#636=VERTEX_POINT('',#2245);
#637=VERTEX_POINT('',#2258);
#638=VERTEX_POINT('',#2260);
#639=VERTEX_POINT('',#2264);
#640=VERTEX_POINT('',#2266);
#641=VERTEX_POINT('',#2268);
#642=VERTEX_POINT('',#2281);
#643=VERTEX_POINT('',#2292);
#644=VERTEX_POINT('',#2296);
#645=VERTEX_POINT('',#2307);
#646=VERTEX_POINT('',#2309);
#647=VERTEX_POINT('',#2313);
#648=VERTEX_POINT('',#2317);
#649=VERTEX_POINT('',#2320);
#650=VERTEX_POINT('',#2324);
#651=VERTEX_POINT('',#2325);
#652=VERTEX_POINT('',#2330);
#653=VERTEX_POINT('',#2331);
#654=VERTEX_POINT('',#2336);
#655=VERTEX_POINT('',#2350);
#656=VERTEX_POINT('',#2352);
#657=VERTEX_POINT('',#2356);
#658=VERTEX_POINT('',#2360);
#659=VERTEX_POINT('',#2366);
#660=VERTEX_POINT('',#2367);
#661=VERTEX_POINT('',#2369);
#662=VERTEX_POINT('',#2373);
#663=VERTEX_POINT('',#2374);
#664=VERTEX_POINT('',#2376);
#665=VERTEX_POINT('',#2386);
#666=VERTEX_POINT('',#2393);
#667=VERTEX_POINT('',#2395);
#668=VERTEX_POINT('',#2409);
#669=VERTEX_POINT('',#2410);
#670=VERTEX_POINT('',#2412);
#671=VERTEX_POINT('',#2414);
#672=VERTEX_POINT('',#2416);
#673=VERTEX_POINT('',#2418);
#674=VERTEX_POINT('',#2423);
#675=VERTEX_POINT('',#2424);
#676=VERTEX_POINT('',#2429);
#677=VERTEX_POINT('',#2437);
#678=VERTEX_POINT('',#2439);
#679=VERTEX_POINT('',#2448);
#680=VERTEX_POINT('',#2458);
#681=VERTEX_POINT('',#2462);
#682=VERTEX_POINT('',#2464);
#683=VERTEX_POINT('',#2468);
#684=VERTEX_POINT('',#2472);
#685=VERTEX_POINT('',#2476);
#686=VERTEX_POINT('',#2480);
#687=VERTEX_POINT('',#2486);
#688=VERTEX_POINT('',#2489);
#689=VERTEX_POINT('',#2493);
#690=VERTEX_POINT('',#2497);
#691=VERTEX_POINT('',#2534);
#692=VERTEX_POINT('',#2535);
#693=VERTEX_POINT('',#2537);
#694=VERTEX_POINT('',#2539);
#695=VERTEX_POINT('',#2552);
#696=VERTEX_POINT('',#2553);
#697=VERTEX_POINT('',#2558);
#698=VERTEX_POINT('',#2560);
#699=VERTEX_POINT('',#2564);
#700=VERTEX_POINT('',#2565);
#701=VERTEX_POINT('',#2567);
#702=VERTEX_POINT('',#2569);
#703=VERTEX_POINT('',#2602);
#704=VERTEX_POINT('',#2603);
#705=VERTEX_POINT('',#2617);
#706=VERTEX_POINT('',#2619);
#707=VERTEX_POINT('',#2623);
#708=VERTEX_POINT('',#2625);
#709=VERTEX_POINT('',#2658);
#710=VERTEX_POINT('',#2659);
#711=VERTEX_POINT('',#2664);
#712=VERTEX_POINT('',#2665);
#713=VERTEX_POINT('',#2672);
#714=VERTEX_POINT('',#2673);
#715=VERTEX_POINT('',#2675);
#716=VERTEX_POINT('',#2677);
#717=VERTEX_POINT('',#2681);
#718=VERTEX_POINT('',#2683);
#719=VERTEX_POINT('',#2724);
#720=VERTEX_POINT('',#2726);
#721=VERTEX_POINT('',#2728);
#722=VERTEX_POINT('',#2730);
#723=VERTEX_POINT('',#2732);
#724=VERTEX_POINT('',#2734);
#725=VERTEX_POINT('',#2736);
#726=VERTEX_POINT('',#2738);
#727=VERTEX_POINT('',#2740);
#728=VERTEX_POINT('',#2742);
#729=VERTEX_POINT('',#2744);
#730=VERTEX_POINT('',#2746);
#731=VERTEX_POINT('',#2748);
#732=VERTEX_POINT('',#2750);
#733=VERTEX_POINT('',#2756);
#734=VERTEX_POINT('',#2758);
#735=VERTEX_POINT('',#2760);
#736=VERTEX_POINT('',#2762);
#737=VERTEX_POINT('',#2764);
#738=VERTEX_POINT('',#2766);
#739=VERTEX_POINT('',#2768);
#740=VERTEX_POINT('',#2770);
#741=VERTEX_POINT('',#2772);
#742=VERTEX_POINT('',#2774);
#743=VERTEX_POINT('',#2776);
#744=VERTEX_POINT('',#2778);
#745=VERTEX_POINT('',#2780);
#746=VERTEX_POINT('',#2782);
#747=EDGE_CURVE('',#621,#622,#545,.T.);
#748=EDGE_CURVE('',#622,#623,#297,.T.);
#749=EDGE_CURVE('',#623,#624,#546,.T.);
#750=EDGE_CURVE('',#624,#625,#298,.T.);
#751=EDGE_CURVE('',#626,#625,#299,.T.);
#752=EDGE_CURVE('',#626,#621,#300,.T.);
#753=EDGE_CURVE('',#627,#623,#547,.T.);
#754=EDGE_CURVE('',#623,#628,#301,.T.);
#755=EDGE_CURVE('',#628,#629,#548,.T.);
#756=EDGE_CURVE('',#629,#627,#302,.T.);
#757=EDGE_CURVE('',#630,#628,#549,.T.);
#758=EDGE_CURVE('',#628,#631,#303,.T.);
#759=EDGE_CURVE('',#631,#632,#550,.T.);
#760=EDGE_CURVE('',#632,#633,#304,.T.);
#761=EDGE_CURVE('',#633,#634,#305,.T.);
#762=EDGE_CURVE('',#634,#630,#306,.T.);
#763=EDGE_CURVE('',#622,#635,#551,.T.);
#764=EDGE_CURVE('',#635,#636,#307,.T.);
#765=EDGE_CURVE('',#636,#631,#552,.T.);
#766=EDGE_CURVE('',#631,#622,#308,.T.);
#767=EDGE_CURVE('',#636,#632,#553,.T.);
#768=EDGE_CURVE('',#630,#629,#554,.T.);
#769=EDGE_CURVE('',#627,#624,#555,.T.);
#770=EDGE_CURVE('',#621,#635,#556,.T.);
#771=EDGE_CURVE('',#630,#637,#309,.T.);
#772=EDGE_CURVE('',#637,#638,#557,.F.);
#773=EDGE_CURVE('',#638,#629,#310,.T.);
#774=EDGE_CURVE('',#639,#632,#311,.T.);
#775=EDGE_CURVE('',#640,#639,#312,.T.);
#776=EDGE_CURVE('',#641,#640,#313,.T.);
#777=EDGE_CURVE('',#633,#641,#49,.T.);
#778=EDGE_CURVE('',#642,#634,#50,.T.);
#779=EDGE_CURVE('',#643,#642,#314,.T.);
#780=EDGE_CURVE('',#637,#643,#315,.T.);
#781=EDGE_CURVE('',#644,#626,#51,.T.);
#782=EDGE_CURVE('',#645,#644,#316,.T.);
#783=EDGE_CURVE('',#646,#645,#317,.T.);
#784=EDGE_CURVE('',#621,#646,#318,.T.);
#785=EDGE_CURVE('',#636,#647,#319,.T.);
#786=EDGE_CURVE('',#647,#639,#558,.F.);
#787=EDGE_CURVE('',#648,#635,#320,.T.);
#788=EDGE_CURVE('',#647,#648,#321,.T.);
#789=EDGE_CURVE('',#649,#649,#559,.T.);
#790=EDGE_CURVE('',#650,#651,#560,.T.);
#791=EDGE_CURVE('',#651,#642,#561,.T.);
#792=EDGE_CURVE('',#634,#650,#562,.T.);
#793=EDGE_CURVE('',#652,#653,#563,.T.);
#794=EDGE_CURVE('',#653,#651,#322,.T.);
#795=EDGE_CURVE('',#650,#652,#323,.T.);
#796=EDGE_CURVE('',#625,#654,#52,.T.);
#797=EDGE_CURVE('',#654,#653,#564,.T.);
#798=EDGE_CURVE('',#652,#625,#565,.T.);
#799=EDGE_CURVE('',#655,#633,#566,.T.);
#800=EDGE_CURVE('',#656,#655,#324,.T.);
#801=EDGE_CURVE('',#626,#656,#567,.T.);
#802=EDGE_CURVE('',#656,#657,#568,.T.);
#803=EDGE_CURVE('',#657,#644,#569,.T.);
#804=EDGE_CURVE('',#655,#658,#570,.T.);
#805=EDGE_CURVE('',#658,#657,#325,.T.);
#806=EDGE_CURVE('',#641,#658,#571,.T.);
#807=EDGE_CURVE('',#659,#660,#572,.F.);
#808=EDGE_CURVE('',#661,#659,#573,.F.);
#809=EDGE_CURVE('',#660,#661,#574,.F.);
#810=EDGE_CURVE('',#662,#663,#575,.F.);
#811=EDGE_CURVE('',#664,#662,#576,.F.);
#812=EDGE_CURVE('',#663,#664,#577,.F.);
#813=EDGE_CURVE('',#654,#664,#326,.T.);
#814=EDGE_CURVE('',#662,#653,#327,.T.);
#815=EDGE_CURVE('',#659,#663,#328,.T.);
#816=EDGE_CURVE('',#664,#661,#329,.T.);
#817=EDGE_CURVE('',#665,#637,#578,.F.);
#818=EDGE_CURVE('',#638,#665,#579,.F.);
#819=EDGE_CURVE('',#665,#659,#330,.T.);
#820=EDGE_CURVE('',#660,#638,#331,.T.);
#821=EDGE_CURVE('',#666,#643,#580,.F.);
#822=EDGE_CURVE('',#667,#666,#581,.F.);
#823=EDGE_CURVE('',#643,#667,#582,.F.);
#824=EDGE_CURVE('',#666,#662,#332,.T.);
#825=EDGE_CURVE('',#663,#667,#333,.T.);
#826=EDGE_CURVE('',#667,#665,#334,.T.);
#827=EDGE_CURVE('',#651,#666,#335,.T.);
#828=EDGE_CURVE('',#627,#660,#336,.T.);
#829=EDGE_CURVE('',#661,#624,#337,.T.);
#830=EDGE_CURVE('',#668,#669,#338,.T.);
#831=EDGE_CURVE('',#669,#670,#339,.T.);
#832=EDGE_CURVE('',#670,#671,#340,.T.);
#833=EDGE_CURVE('',#671,#672,#341,.T.);
#834=EDGE_CURVE('',#672,#673,#342,.T.);
#835=EDGE_CURVE('',#673,#668,#343,.T.);
#836=EDGE_CURVE('',#674,#675,#583,.F.);
#837=EDGE_CURVE('',#645,#674,#584,.F.);
#838=EDGE_CURVE('',#675,#645,#585,.F.);
#839=EDGE_CURVE('',#648,#676,#586,.F.);
#840=EDGE_CURVE('',#646,#648,#587,.F.);
#841=EDGE_CURVE('',#676,#646,#588,.F.);
#842=EDGE_CURVE('',#674,#676,#344,.T.);
#843=EDGE_CURVE('',#677,#640,#589,.F.);
#844=EDGE_CURVE('',#678,#677,#590,.F.);
#845=EDGE_CURVE('',#640,#678,#591,.F.);
#846=EDGE_CURVE('',#677,#674,#345,.T.);
#847=EDGE_CURVE('',#675,#678,#346,.T.);
#848=EDGE_CURVE('',#678,#658,#347,.T.);
#849=EDGE_CURVE('',#679,#647,#592,.F.);
#850=EDGE_CURVE('',#639,#679,#593,.F.);
#851=EDGE_CURVE('',#676,#679,#348,.T.);
#852=EDGE_CURVE('',#679,#677,#349,.T.);
#853=EDGE_CURVE('',#657,#675,#350,.T.);
#854=EDGE_CURVE('',#680,#680,#594,.T.);
#855=EDGE_CURVE('',#668,#681,#351,.T.);
#856=EDGE_CURVE('',#681,#682,#352,.T.);
#857=EDGE_CURVE('',#669,#682,#353,.T.);
#858=EDGE_CURVE('',#673,#683,#354,.T.);
#859=EDGE_CURVE('',#683,#681,#355,.T.);
#860=EDGE_CURVE('',#672,#684,#356,.T.);
#861=EDGE_CURVE('',#684,#683,#357,.T.);
#862=EDGE_CURVE('',#671,#685,#358,.T.);
#863=EDGE_CURVE('',#685,#684,#359,.T.);
#864=EDGE_CURVE('',#670,#686,#360,.T.);
#865=EDGE_CURVE('',#686,#685,#361,.T.);
#866=EDGE_CURVE('',#682,#686,#362,.T.);
#867=EDGE_CURVE('',#687,#687,#595,.T.);
#868=EDGE_CURVE('',#687,#688,#363,.T.);
#869=EDGE_CURVE('',#688,#688,#596,.T.);
#870=EDGE_CURVE('',#649,#689,#364,.T.);
#871=EDGE_CURVE('',#689,#689,#597,.T.);
#872=EDGE_CURVE('',#690,#690,#598,.T.);
#873=EDGE_CURVE('',#690,#680,#365,.T.);
#874=EDGE_CURVE('',#691,#692,#599,.T.);
#875=EDGE_CURVE('',#692,#693,#19,.T.);
#876=EDGE_CURVE('',#693,#694,#53,.T.);
#877=EDGE_CURVE('',#694,#691,#20,.T.);
#878=EDGE_CURVE('',#695,#696,#600,.T.);
#879=EDGE_CURVE('',#696,#692,#366,.T.);
#880=EDGE_CURVE('',#691,#695,#367,.T.);
#881=EDGE_CURVE('',#694,#697,#368,.T.);
#882=EDGE_CURVE('',#697,#698,#369,.T.);
#883=EDGE_CURVE('',#698,#695,#370,.T.);
#884=EDGE_CURVE('',#699,#700,#601,.T.);
#885=EDGE_CURVE('',#700,#701,#371,.T.);
#886=EDGE_CURVE('',#701,#702,#602,.T.);
#887=EDGE_CURVE('',#702,#699,#372,.T.);
#888=EDGE_CURVE('',#703,#704,#54,.T.);
#889=EDGE_CURVE('',#704,#700,#21,.T.);
#890=EDGE_CURVE('',#699,#703,#22,.T.);
#891=EDGE_CURVE('',#705,#702,#373,.T.);
#892=EDGE_CURVE('',#706,#705,#374,.T.);
#893=EDGE_CURVE('',#703,#706,#375,.T.);
#894=EDGE_CURVE('',#692,#707,#376,.T.);
#895=EDGE_CURVE('',#707,#708,#603,.T.);
#896=EDGE_CURVE('',#708,#693,#377,.T.);
#897=EDGE_CURVE('',#709,#710,#604,.T.);
#898=EDGE_CURVE('',#710,#708,#23,.T.);
#899=EDGE_CURVE('',#707,#709,#24,.T.);
#900=EDGE_CURVE('',#711,#712,#605,.T.);
#901=EDGE_CURVE('',#712,#710,#378,.T.);
#902=EDGE_CURVE('',#709,#711,#379,.T.);
#903=EDGE_CURVE('',#696,#711,#380,.T.);
#904=EDGE_CURVE('',#713,#714,#606,.T.);
#905=EDGE_CURVE('',#714,#715,#381,.T.);
#906=EDGE_CURVE('',#715,#716,#607,.T.);
#907=EDGE_CURVE('',#716,#713,#382,.T.);
#908=EDGE_CURVE('',#704,#717,#383,.T.);
#909=EDGE_CURVE('',#717,#718,#608,.T.);
#910=EDGE_CURVE('',#718,#700,#384,.T.);
#911=EDGE_CURVE('',#717,#716,#25,.T.);
#912=EDGE_CURVE('',#715,#718,#26,.T.);
#913=EDGE_CURVE('',#712,#713,#385,.F.);
#914=EDGE_CURVE('',#710,#716,#386,.T.);
#915=EDGE_CURVE('',#717,#708,#387,.T.);
#916=EDGE_CURVE('',#719,#706,#609,.T.);
#917=EDGE_CURVE('',#719,#720,#388,.T.);
#918=EDGE_CURVE('',#721,#720,#610,.T.);
#919=EDGE_CURVE('',#721,#722,#389,.T.);
#920=EDGE_CURVE('',#722,#723,#390,.T.);
#921=EDGE_CURVE('',#723,#724,#391,.T.);
#922=EDGE_CURVE('',#725,#724,#611,.T.);
#923=EDGE_CURVE('',#725,#726,#392,.T.);
#924=EDGE_CURVE('',#726,#727,#612,.T.);
#925=EDGE_CURVE('',#728,#727,#393,.T.);
#926=EDGE_CURVE('',#729,#728,#394,.T.);
#927=EDGE_CURVE('',#730,#729,#395,.T.);
#928=EDGE_CURVE('',#730,#731,#613,.T.);
#929=EDGE_CURVE('',#732,#731,#396,.T.);
#930=EDGE_CURVE('',#732,#697,#614,.T.);
#931=EDGE_CURVE('',#701,#714,#397,.T.);
#932=EDGE_CURVE('',#698,#733,#615,.T.);
#933=EDGE_CURVE('',#734,#733,#398,.T.);
#934=EDGE_CURVE('',#734,#735,#616,.T.);
#935=EDGE_CURVE('',#736,#735,#399,.T.);
#936=EDGE_CURVE('',#737,#736,#400,.T.);
#937=EDGE_CURVE('',#738,#737,#401,.T.);
#938=EDGE_CURVE('',#738,#739,#617,.T.);
#939=EDGE_CURVE('',#739,#740,#402,.T.);
#940=EDGE_CURVE('',#741,#740,#618,.T.);
#941=EDGE_CURVE('',#741,#742,#403,.T.);
#942=EDGE_CURVE('',#742,#743,#404,.T.);
#943=EDGE_CURVE('',#743,#744,#405,.T.);
#944=EDGE_CURVE('',#745,#744,#619,.T.);
#945=EDGE_CURVE('',#745,#746,#406,.T.);
#946=EDGE_CURVE('',#705,#746,#620,.T.);
#947=EDGE_CURVE('',#727,#738,#407,.T.);
#948=EDGE_CURVE('',#739,#726,#408,.T.);
#949=EDGE_CURVE('',#733,#732,#409,.T.);
#950=EDGE_CURVE('',#731,#734,#410,.T.);
#951=EDGE_CURVE('',#735,#730,#411,.T.);
#952=EDGE_CURVE('',#737,#728,#412,.T.);
#953=EDGE_CURVE('',#736,#729,#413,.T.);
#954=EDGE_CURVE('',#740,#725,#414,.T.);
#955=EDGE_CURVE('',#724,#741,#415,.T.);
#956=EDGE_CURVE('',#746,#719,#416,.T.);
#957=EDGE_CURVE('',#720,#745,#417,.T.);
#958=EDGE_CURVE('',#744,#721,#418,.T.);
#959=EDGE_CURVE('',#742,#723,#419,.T.);
#960=EDGE_CURVE('',#743,#722,#420,.T.);
#961=ORIENTED_EDGE('',*,*,#747,.T.);
#962=ORIENTED_EDGE('',*,*,#748,.T.);
#963=ORIENTED_EDGE('',*,*,#749,.T.);
#964=ORIENTED_EDGE('',*,*,#750,.T.);
#965=ORIENTED_EDGE('',*,*,#751,.F.);
#966=ORIENTED_EDGE('',*,*,#752,.T.);
#967=ORIENTED_EDGE('',*,*,#753,.T.);
#968=ORIENTED_EDGE('',*,*,#754,.T.);
#969=ORIENTED_EDGE('',*,*,#755,.T.);
#970=ORIENTED_EDGE('',*,*,#756,.T.);
#971=ORIENTED_EDGE('',*,*,#757,.T.);
#972=ORIENTED_EDGE('',*,*,#758,.T.);
#973=ORIENTED_EDGE('',*,*,#759,.T.);
#974=ORIENTED_EDGE('',*,*,#760,.T.);
#975=ORIENTED_EDGE('',*,*,#761,.T.);
#976=ORIENTED_EDGE('',*,*,#762,.T.);
#977=ORIENTED_EDGE('',*,*,#763,.T.);
#978=ORIENTED_EDGE('',*,*,#764,.T.);
#979=ORIENTED_EDGE('',*,*,#765,.T.);
#980=ORIENTED_EDGE('',*,*,#766,.T.);
#981=ORIENTED_EDGE('',*,*,#765,.F.);
#982=ORIENTED_EDGE('',*,*,#767,.T.);
#983=ORIENTED_EDGE('',*,*,#759,.F.);
#984=ORIENTED_EDGE('',*,*,#757,.F.);
#985=ORIENTED_EDGE('',*,*,#768,.T.);
#986=ORIENTED_EDGE('',*,*,#755,.F.);
#987=ORIENTED_EDGE('',*,*,#753,.F.);
#988=ORIENTED_EDGE('',*,*,#769,.T.);
#989=ORIENTED_EDGE('',*,*,#749,.F.);
#990=ORIENTED_EDGE('',*,*,#747,.F.);
#991=ORIENTED_EDGE('',*,*,#770,.T.);
#992=ORIENTED_EDGE('',*,*,#763,.F.);
#993=ORIENTED_EDGE('',*,*,#768,.F.);
#994=ORIENTED_EDGE('',*,*,#771,.T.);
#995=ORIENTED_EDGE('',*,*,#772,.T.);
#996=ORIENTED_EDGE('',*,*,#773,.T.);
#997=ORIENTED_EDGE('',*,*,#760,.F.);
#998=ORIENTED_EDGE('',*,*,#774,.F.);
#999=ORIENTED_EDGE('',*,*,#775,.F.);
#1000=ORIENTED_EDGE('',*,*,#776,.F.);
#1001=ORIENTED_EDGE('',*,*,#777,.F.);
#1002=ORIENTED_EDGE('',*,*,#762,.F.);
#1003=ORIENTED_EDGE('',*,*,#778,.F.);
#1004=ORIENTED_EDGE('',*,*,#779,.F.);
#1005=ORIENTED_EDGE('',*,*,#780,.F.);
#1006=ORIENTED_EDGE('',*,*,#771,.F.);
#1007=ORIENTED_EDGE('',*,*,#752,.F.);
#1008=ORIENTED_EDGE('',*,*,#781,.F.);
#1009=ORIENTED_EDGE('',*,*,#782,.F.);
#1010=ORIENTED_EDGE('',*,*,#783,.F.);
#1011=ORIENTED_EDGE('',*,*,#784,.F.);
#1012=ORIENTED_EDGE('',*,*,#767,.F.);
#1013=ORIENTED_EDGE('',*,*,#785,.T.);
#1014=ORIENTED_EDGE('',*,*,#786,.T.);
#1015=ORIENTED_EDGE('',*,*,#774,.T.);
#1016=ORIENTED_EDGE('',*,*,#764,.F.);
#1017=ORIENTED_EDGE('',*,*,#787,.F.);
#1018=ORIENTED_EDGE('',*,*,#788,.F.);
#1019=ORIENTED_EDGE('',*,*,#785,.F.);
#1020=ORIENTED_EDGE('',*,*,#789,.T.);
#1021=ORIENTED_EDGE('',*,*,#748,.F.);
#1022=ORIENTED_EDGE('',*,*,#766,.F.);
#1023=ORIENTED_EDGE('',*,*,#758,.F.);
#1024=ORIENTED_EDGE('',*,*,#754,.F.);
#1025=ORIENTED_EDGE('',*,*,#790,.T.);
#1026=ORIENTED_EDGE('',*,*,#791,.T.);
#1027=ORIENTED_EDGE('',*,*,#778,.T.);
#1028=ORIENTED_EDGE('',*,*,#792,.T.);
#1029=ORIENTED_EDGE('',*,*,#793,.T.);
#1030=ORIENTED_EDGE('',*,*,#794,.T.);
#1031=ORIENTED_EDGE('',*,*,#790,.F.);
#1032=ORIENTED_EDGE('',*,*,#795,.T.);
#1033=ORIENTED_EDGE('',*,*,#796,.T.);
#1034=ORIENTED_EDGE('',*,*,#797,.T.);
#1035=ORIENTED_EDGE('',*,*,#793,.F.);
#1036=ORIENTED_EDGE('',*,*,#798,.T.);
#1037=ORIENTED_EDGE('',*,*,#798,.F.);
#1038=ORIENTED_EDGE('',*,*,#795,.F.);
#1039=ORIENTED_EDGE('',*,*,#792,.F.);
#1040=ORIENTED_EDGE('',*,*,#761,.F.);
#1041=ORIENTED_EDGE('',*,*,#799,.F.);
#1042=ORIENTED_EDGE('',*,*,#800,.F.);
#1043=ORIENTED_EDGE('',*,*,#801,.F.);
#1044=ORIENTED_EDGE('',*,*,#751,.T.);
#1045=ORIENTED_EDGE('',*,*,#802,.T.);
#1046=ORIENTED_EDGE('',*,*,#803,.T.);
#1047=ORIENTED_EDGE('',*,*,#781,.T.);
#1048=ORIENTED_EDGE('',*,*,#801,.T.);
#1049=ORIENTED_EDGE('',*,*,#804,.T.);
#1050=ORIENTED_EDGE('',*,*,#805,.T.);
#1051=ORIENTED_EDGE('',*,*,#802,.F.);
#1052=ORIENTED_EDGE('',*,*,#800,.T.);
#1053=ORIENTED_EDGE('',*,*,#777,.T.);
#1054=ORIENTED_EDGE('',*,*,#806,.T.);
#1055=ORIENTED_EDGE('',*,*,#804,.F.);
#1056=ORIENTED_EDGE('',*,*,#799,.T.);
#1057=ORIENTED_EDGE('',*,*,#807,.F.);
#1058=ORIENTED_EDGE('',*,*,#808,.F.);
#1059=ORIENTED_EDGE('',*,*,#809,.F.);
#1060=ORIENTED_EDGE('',*,*,#810,.F.);
#1061=ORIENTED_EDGE('',*,*,#811,.F.);
#1062=ORIENTED_EDGE('',*,*,#812,.F.);
#1063=ORIENTED_EDGE('',*,*,#797,.F.);
#1064=ORIENTED_EDGE('',*,*,#813,.T.);
#1065=ORIENTED_EDGE('',*,*,#811,.T.);
#1066=ORIENTED_EDGE('',*,*,#814,.T.);
#1067=ORIENTED_EDGE('',*,*,#808,.T.);
#1068=ORIENTED_EDGE('',*,*,#815,.T.);
#1069=ORIENTED_EDGE('',*,*,#812,.T.);
#1070=ORIENTED_EDGE('',*,*,#816,.T.);
#1071=ORIENTED_EDGE('',*,*,#817,.F.);
#1072=ORIENTED_EDGE('',*,*,#818,.F.);
#1073=ORIENTED_EDGE('',*,*,#772,.F.);
#1074=ORIENTED_EDGE('',*,*,#818,.T.);
#1075=ORIENTED_EDGE('',*,*,#819,.T.);
#1076=ORIENTED_EDGE('',*,*,#807,.T.);
#1077=ORIENTED_EDGE('',*,*,#820,.T.);
#1078=ORIENTED_EDGE('',*,*,#821,.F.);
#1079=ORIENTED_EDGE('',*,*,#822,.F.);
#1080=ORIENTED_EDGE('',*,*,#823,.F.);
#1081=ORIENTED_EDGE('',*,*,#822,.T.);
#1082=ORIENTED_EDGE('',*,*,#824,.T.);
#1083=ORIENTED_EDGE('',*,*,#810,.T.);
#1084=ORIENTED_EDGE('',*,*,#825,.T.);
#1085=ORIENTED_EDGE('',*,*,#817,.T.);
#1086=ORIENTED_EDGE('',*,*,#780,.T.);
#1087=ORIENTED_EDGE('',*,*,#823,.T.);
#1088=ORIENTED_EDGE('',*,*,#826,.T.);
#1089=ORIENTED_EDGE('',*,*,#791,.F.);
#1090=ORIENTED_EDGE('',*,*,#827,.T.);
#1091=ORIENTED_EDGE('',*,*,#821,.T.);
#1092=ORIENTED_EDGE('',*,*,#779,.T.);
#1093=ORIENTED_EDGE('',*,*,#769,.F.);
#1094=ORIENTED_EDGE('',*,*,#828,.T.);
#1095=ORIENTED_EDGE('',*,*,#809,.T.);
#1096=ORIENTED_EDGE('',*,*,#829,.T.);
#1097=ORIENTED_EDGE('',*,*,#756,.F.);
#1098=ORIENTED_EDGE('',*,*,#773,.F.);
#1099=ORIENTED_EDGE('',*,*,#820,.F.);
#1100=ORIENTED_EDGE('',*,*,#828,.F.);
#1101=ORIENTED_EDGE('',*,*,#830,.T.);
#1102=ORIENTED_EDGE('',*,*,#831,.T.);
#1103=ORIENTED_EDGE('',*,*,#832,.T.);
#1104=ORIENTED_EDGE('',*,*,#833,.T.);
#1105=ORIENTED_EDGE('',*,*,#834,.T.);
#1106=ORIENTED_EDGE('',*,*,#835,.T.);
#1107=ORIENTED_EDGE('',*,*,#815,.F.);
#1108=ORIENTED_EDGE('',*,*,#819,.F.);
#1109=ORIENTED_EDGE('',*,*,#826,.F.);
#1110=ORIENTED_EDGE('',*,*,#825,.F.);
#1111=ORIENTED_EDGE('',*,*,#836,.F.);
#1112=ORIENTED_EDGE('',*,*,#837,.F.);
#1113=ORIENTED_EDGE('',*,*,#838,.F.);
#1114=ORIENTED_EDGE('',*,*,#839,.F.);
#1115=ORIENTED_EDGE('',*,*,#840,.F.);
#1116=ORIENTED_EDGE('',*,*,#841,.F.);
#1117=ORIENTED_EDGE('',*,*,#770,.F.);
#1118=ORIENTED_EDGE('',*,*,#784,.T.);
#1119=ORIENTED_EDGE('',*,*,#840,.T.);
#1120=ORIENTED_EDGE('',*,*,#787,.T.);
#1121=ORIENTED_EDGE('',*,*,#841,.T.);
#1122=ORIENTED_EDGE('',*,*,#783,.T.);
#1123=ORIENTED_EDGE('',*,*,#837,.T.);
#1124=ORIENTED_EDGE('',*,*,#842,.T.);
#1125=ORIENTED_EDGE('',*,*,#843,.F.);
#1126=ORIENTED_EDGE('',*,*,#844,.F.);
#1127=ORIENTED_EDGE('',*,*,#845,.F.);
#1128=ORIENTED_EDGE('',*,*,#844,.T.);
#1129=ORIENTED_EDGE('',*,*,#846,.T.);
#1130=ORIENTED_EDGE('',*,*,#836,.T.);
#1131=ORIENTED_EDGE('',*,*,#847,.T.);
#1132=ORIENTED_EDGE('',*,*,#806,.F.);
#1133=ORIENTED_EDGE('',*,*,#776,.T.);
#1134=ORIENTED_EDGE('',*,*,#845,.T.);
#1135=ORIENTED_EDGE('',*,*,#848,.T.);
#1136=ORIENTED_EDGE('',*,*,#786,.F.);
#1137=ORIENTED_EDGE('',*,*,#849,.F.);
#1138=ORIENTED_EDGE('',*,*,#850,.F.);
#1139=ORIENTED_EDGE('',*,*,#849,.T.);
#1140=ORIENTED_EDGE('',*,*,#788,.T.);
#1141=ORIENTED_EDGE('',*,*,#839,.T.);
#1142=ORIENTED_EDGE('',*,*,#851,.T.);
#1143=ORIENTED_EDGE('',*,*,#843,.T.);
#1144=ORIENTED_EDGE('',*,*,#775,.T.);
#1145=ORIENTED_EDGE('',*,*,#850,.T.);
#1146=ORIENTED_EDGE('',*,*,#852,.T.);
#1147=ORIENTED_EDGE('',*,*,#803,.F.);
#1148=ORIENTED_EDGE('',*,*,#853,.T.);
#1149=ORIENTED_EDGE('',*,*,#838,.T.);
#1150=ORIENTED_EDGE('',*,*,#782,.T.);
#1151=ORIENTED_EDGE('',*,*,#805,.F.);
#1152=ORIENTED_EDGE('',*,*,#848,.F.);
#1153=ORIENTED_EDGE('',*,*,#847,.F.);
#1154=ORIENTED_EDGE('',*,*,#853,.F.);
#1155=ORIENTED_EDGE('',*,*,#854,.T.);
#1156=ORIENTED_EDGE('',*,*,#842,.F.);
#1157=ORIENTED_EDGE('',*,*,#846,.F.);
#1158=ORIENTED_EDGE('',*,*,#852,.F.);
#1159=ORIENTED_EDGE('',*,*,#851,.F.);
#1160=ORIENTED_EDGE('',*,*,#830,.F.);
#1161=ORIENTED_EDGE('',*,*,#855,.T.);
#1162=ORIENTED_EDGE('',*,*,#856,.T.);
#1163=ORIENTED_EDGE('',*,*,#857,.F.);
#1164=ORIENTED_EDGE('',*,*,#835,.F.);
#1165=ORIENTED_EDGE('',*,*,#858,.T.);
#1166=ORIENTED_EDGE('',*,*,#859,.T.);
#1167=ORIENTED_EDGE('',*,*,#855,.F.);
#1168=ORIENTED_EDGE('',*,*,#834,.F.);
#1169=ORIENTED_EDGE('',*,*,#860,.T.);
#1170=ORIENTED_EDGE('',*,*,#861,.T.);
#1171=ORIENTED_EDGE('',*,*,#858,.F.);
#1172=ORIENTED_EDGE('',*,*,#833,.F.);
#1173=ORIENTED_EDGE('',*,*,#862,.T.);
#1174=ORIENTED_EDGE('',*,*,#863,.T.);
#1175=ORIENTED_EDGE('',*,*,#860,.F.);
#1176=ORIENTED_EDGE('',*,*,#832,.F.);
#1177=ORIENTED_EDGE('',*,*,#864,.T.);
#1178=ORIENTED_EDGE('',*,*,#865,.T.);
#1179=ORIENTED_EDGE('',*,*,#862,.F.);
#1180=ORIENTED_EDGE('',*,*,#831,.F.);
#1181=ORIENTED_EDGE('',*,*,#857,.T.);
#1182=ORIENTED_EDGE('',*,*,#866,.T.);
#1183=ORIENTED_EDGE('',*,*,#864,.F.);
#1184=ORIENTED_EDGE('',*,*,#866,.F.);
#1185=ORIENTED_EDGE('',*,*,#856,.F.);
#1186=ORIENTED_EDGE('',*,*,#859,.F.);
#1187=ORIENTED_EDGE('',*,*,#861,.F.);
#1188=ORIENTED_EDGE('',*,*,#863,.F.);
#1189=ORIENTED_EDGE('',*,*,#865,.F.);
#1190=ORIENTED_EDGE('',*,*,#867,.F.);
#1191=ORIENTED_EDGE('',*,*,#867,.T.);
#1192=ORIENTED_EDGE('',*,*,#868,.T.);
#1193=ORIENTED_EDGE('',*,*,#869,.F.);
#1194=ORIENTED_EDGE('',*,*,#868,.F.);
#1195=ORIENTED_EDGE('',*,*,#789,.F.);
#1196=ORIENTED_EDGE('',*,*,#870,.T.);
#1197=ORIENTED_EDGE('',*,*,#871,.T.);
#1198=ORIENTED_EDGE('',*,*,#870,.F.);
#1199=ORIENTED_EDGE('',*,*,#871,.F.);
#1200=ORIENTED_EDGE('',*,*,#872,.F.);
#1201=ORIENTED_EDGE('',*,*,#872,.T.);
#1202=ORIENTED_EDGE('',*,*,#873,.T.);
#1203=ORIENTED_EDGE('',*,*,#854,.F.);
#1204=ORIENTED_EDGE('',*,*,#873,.F.);
#1205=ORIENTED_EDGE('',*,*,#794,.F.);
#1206=ORIENTED_EDGE('',*,*,#814,.F.);
#1207=ORIENTED_EDGE('',*,*,#824,.F.);
#1208=ORIENTED_EDGE('',*,*,#827,.F.);
#1209=ORIENTED_EDGE('',*,*,#869,.T.);
#1210=ORIENTED_EDGE('',*,*,#750,.F.);
#1211=ORIENTED_EDGE('',*,*,#829,.F.);
#1212=ORIENTED_EDGE('',*,*,#816,.F.);
#1213=ORIENTED_EDGE('',*,*,#813,.F.);
#1214=ORIENTED_EDGE('',*,*,#796,.F.);
#1215=ORIENTED_EDGE('',*,*,#874,.T.);
#1216=ORIENTED_EDGE('',*,*,#875,.T.);
#1217=ORIENTED_EDGE('',*,*,#876,.T.);
#1218=ORIENTED_EDGE('',*,*,#877,.T.);
#1219=ORIENTED_EDGE('',*,*,#878,.T.);
#1220=ORIENTED_EDGE('',*,*,#879,.T.);
#1221=ORIENTED_EDGE('',*,*,#874,.F.);
#1222=ORIENTED_EDGE('',*,*,#880,.T.);
#1223=ORIENTED_EDGE('',*,*,#880,.F.);
#1224=ORIENTED_EDGE('',*,*,#877,.F.);
#1225=ORIENTED_EDGE('',*,*,#881,.T.);
#1226=ORIENTED_EDGE('',*,*,#882,.T.);
#1227=ORIENTED_EDGE('',*,*,#883,.T.);
#1228=ORIENTED_EDGE('',*,*,#884,.T.);
#1229=ORIENTED_EDGE('',*,*,#885,.T.);
#1230=ORIENTED_EDGE('',*,*,#886,.T.);
#1231=ORIENTED_EDGE('',*,*,#887,.T.);
#1232=ORIENTED_EDGE('',*,*,#888,.T.);
#1233=ORIENTED_EDGE('',*,*,#889,.T.);
#1234=ORIENTED_EDGE('',*,*,#884,.F.);
#1235=ORIENTED_EDGE('',*,*,#890,.T.);
#1236=ORIENTED_EDGE('',*,*,#890,.F.);
#1237=ORIENTED_EDGE('',*,*,#887,.F.);
#1238=ORIENTED_EDGE('',*,*,#891,.F.);
#1239=ORIENTED_EDGE('',*,*,#892,.F.);
#1240=ORIENTED_EDGE('',*,*,#893,.F.);
#1241=ORIENTED_EDGE('',*,*,#875,.F.);
#1242=ORIENTED_EDGE('',*,*,#894,.T.);
#1243=ORIENTED_EDGE('',*,*,#895,.T.);
#1244=ORIENTED_EDGE('',*,*,#896,.T.);
#1245=ORIENTED_EDGE('',*,*,#897,.T.);
#1246=ORIENTED_EDGE('',*,*,#898,.T.);
#1247=ORIENTED_EDGE('',*,*,#895,.F.);
#1248=ORIENTED_EDGE('',*,*,#899,.T.);
#1249=ORIENTED_EDGE('',*,*,#900,.T.);
#1250=ORIENTED_EDGE('',*,*,#901,.T.);
#1251=ORIENTED_EDGE('',*,*,#897,.F.);
#1252=ORIENTED_EDGE('',*,*,#902,.T.);
#1253=ORIENTED_EDGE('',*,*,#879,.F.);
#1254=ORIENTED_EDGE('',*,*,#903,.T.);
#1255=ORIENTED_EDGE('',*,*,#902,.F.);
#1256=ORIENTED_EDGE('',*,*,#899,.F.);
#1257=ORIENTED_EDGE('',*,*,#894,.F.);
#1258=ORIENTED_EDGE('',*,*,#904,.T.);
#1259=ORIENTED_EDGE('',*,*,#905,.T.);
#1260=ORIENTED_EDGE('',*,*,#906,.T.);
#1261=ORIENTED_EDGE('',*,*,#907,.T.);
#1262=ORIENTED_EDGE('',*,*,#889,.F.);
#1263=ORIENTED_EDGE('',*,*,#908,.T.);
#1264=ORIENTED_EDGE('',*,*,#909,.T.);
#1265=ORIENTED_EDGE('',*,*,#910,.T.);
#1266=ORIENTED_EDGE('',*,*,#909,.F.);
#1267=ORIENTED_EDGE('',*,*,#911,.T.);
#1268=ORIENTED_EDGE('',*,*,#906,.F.);
#1269=ORIENTED_EDGE('',*,*,#912,.T.);
#1270=ORIENTED_EDGE('',*,*,#901,.F.);
#1271=ORIENTED_EDGE('',*,*,#913,.T.);
#1272=ORIENTED_EDGE('',*,*,#907,.F.);
#1273=ORIENTED_EDGE('',*,*,#914,.F.);
#1274=ORIENTED_EDGE('',*,*,#898,.F.);
#1275=ORIENTED_EDGE('',*,*,#914,.T.);
#1276=ORIENTED_EDGE('',*,*,#911,.F.);
#1277=ORIENTED_EDGE('',*,*,#915,.T.);
#1278=ORIENTED_EDGE('',*,*,#896,.F.);
#1279=ORIENTED_EDGE('',*,*,#915,.F.);
#1280=ORIENTED_EDGE('',*,*,#908,.F.);
#1281=ORIENTED_EDGE('',*,*,#888,.F.);
#1282=ORIENTED_EDGE('',*,*,#893,.T.);
#1283=ORIENTED_EDGE('',*,*,#916,.F.);
#1284=ORIENTED_EDGE('',*,*,#917,.T.);
#1285=ORIENTED_EDGE('',*,*,#918,.F.);
#1286=ORIENTED_EDGE('',*,*,#919,.T.);
#1287=ORIENTED_EDGE('',*,*,#920,.T.);
#1288=ORIENTED_EDGE('',*,*,#921,.T.);
#1289=ORIENTED_EDGE('',*,*,#922,.F.);
#1290=ORIENTED_EDGE('',*,*,#923,.T.);
#1291=ORIENTED_EDGE('',*,*,#924,.T.);
#1292=ORIENTED_EDGE('',*,*,#925,.F.);
#1293=ORIENTED_EDGE('',*,*,#926,.F.);
#1294=ORIENTED_EDGE('',*,*,#927,.F.);
#1295=ORIENTED_EDGE('',*,*,#928,.T.);
#1296=ORIENTED_EDGE('',*,*,#929,.F.);
#1297=ORIENTED_EDGE('',*,*,#930,.T.);
#1298=ORIENTED_EDGE('',*,*,#881,.F.);
#1299=ORIENTED_EDGE('',*,*,#876,.F.);
#1300=ORIENTED_EDGE('',*,*,#885,.F.);
#1301=ORIENTED_EDGE('',*,*,#910,.F.);
#1302=ORIENTED_EDGE('',*,*,#912,.F.);
#1303=ORIENTED_EDGE('',*,*,#905,.F.);
#1304=ORIENTED_EDGE('',*,*,#931,.F.);
#1305=ORIENTED_EDGE('',*,*,#900,.F.);
#1306=ORIENTED_EDGE('',*,*,#903,.F.);
#1307=ORIENTED_EDGE('',*,*,#878,.F.);
#1308=ORIENTED_EDGE('',*,*,#883,.F.);
#1309=ORIENTED_EDGE('',*,*,#932,.T.);
#1310=ORIENTED_EDGE('',*,*,#933,.F.);
#1311=ORIENTED_EDGE('',*,*,#934,.T.);
#1312=ORIENTED_EDGE('',*,*,#935,.F.);
#1313=ORIENTED_EDGE('',*,*,#936,.F.);
#1314=ORIENTED_EDGE('',*,*,#937,.F.);
#1315=ORIENTED_EDGE('',*,*,#938,.T.);
#1316=ORIENTED_EDGE('',*,*,#939,.T.);
#1317=ORIENTED_EDGE('',*,*,#940,.F.);
#1318=ORIENTED_EDGE('',*,*,#941,.T.);
#1319=ORIENTED_EDGE('',*,*,#942,.T.);
#1320=ORIENTED_EDGE('',*,*,#943,.T.);
#1321=ORIENTED_EDGE('',*,*,#944,.F.);
#1322=ORIENTED_EDGE('',*,*,#945,.T.);
#1323=ORIENTED_EDGE('',*,*,#946,.F.);
#1324=ORIENTED_EDGE('',*,*,#891,.T.);
#1325=ORIENTED_EDGE('',*,*,#886,.F.);
#1326=ORIENTED_EDGE('',*,*,#931,.T.);
#1327=ORIENTED_EDGE('',*,*,#904,.F.);
#1328=ORIENTED_EDGE('',*,*,#913,.F.);
#1329=ORIENTED_EDGE('',*,*,#938,.F.);
#1330=ORIENTED_EDGE('',*,*,#947,.F.);
#1331=ORIENTED_EDGE('',*,*,#924,.F.);
#1332=ORIENTED_EDGE('',*,*,#948,.F.);
#1333=ORIENTED_EDGE('',*,*,#932,.F.);
#1334=ORIENTED_EDGE('',*,*,#882,.F.);
#1335=ORIENTED_EDGE('',*,*,#930,.F.);
#1336=ORIENTED_EDGE('',*,*,#949,.F.);
#1337=ORIENTED_EDGE('',*,*,#949,.T.);
#1338=ORIENTED_EDGE('',*,*,#929,.T.);
#1339=ORIENTED_EDGE('',*,*,#950,.T.);
#1340=ORIENTED_EDGE('',*,*,#933,.T.);
#1341=ORIENTED_EDGE('',*,*,#928,.F.);
#1342=ORIENTED_EDGE('',*,*,#951,.F.);
#1343=ORIENTED_EDGE('',*,*,#934,.F.);
#1344=ORIENTED_EDGE('',*,*,#950,.F.);
#1345=ORIENTED_EDGE('',*,*,#947,.T.);
#1346=ORIENTED_EDGE('',*,*,#937,.T.);
#1347=ORIENTED_EDGE('',*,*,#952,.T.);
#1348=ORIENTED_EDGE('',*,*,#925,.T.);
#1349=ORIENTED_EDGE('',*,*,#936,.T.);
#1350=ORIENTED_EDGE('',*,*,#953,.T.);
#1351=ORIENTED_EDGE('',*,*,#926,.T.);
#1352=ORIENTED_EDGE('',*,*,#952,.F.);
#1353=ORIENTED_EDGE('',*,*,#951,.T.);
#1354=ORIENTED_EDGE('',*,*,#927,.T.);
#1355=ORIENTED_EDGE('',*,*,#953,.F.);
#1356=ORIENTED_EDGE('',*,*,#935,.T.);
#1357=ORIENTED_EDGE('',*,*,#940,.T.);
#1358=ORIENTED_EDGE('',*,*,#954,.T.);
#1359=ORIENTED_EDGE('',*,*,#922,.T.);
#1360=ORIENTED_EDGE('',*,*,#955,.T.);
#1361=ORIENTED_EDGE('',*,*,#954,.F.);
#1362=ORIENTED_EDGE('',*,*,#939,.F.);
#1363=ORIENTED_EDGE('',*,*,#948,.T.);
#1364=ORIENTED_EDGE('',*,*,#923,.F.);
#1365=ORIENTED_EDGE('',*,*,#946,.T.);
#1366=ORIENTED_EDGE('',*,*,#956,.T.);
#1367=ORIENTED_EDGE('',*,*,#916,.T.);
#1368=ORIENTED_EDGE('',*,*,#892,.T.);
#1369=ORIENTED_EDGE('',*,*,#956,.F.);
#1370=ORIENTED_EDGE('',*,*,#945,.F.);
#1371=ORIENTED_EDGE('',*,*,#957,.F.);
#1372=ORIENTED_EDGE('',*,*,#917,.F.);
#1373=ORIENTED_EDGE('',*,*,#918,.T.);
#1374=ORIENTED_EDGE('',*,*,#957,.T.);
#1375=ORIENTED_EDGE('',*,*,#944,.T.);
#1376=ORIENTED_EDGE('',*,*,#958,.T.);
#1377=ORIENTED_EDGE('',*,*,#955,.F.);
#1378=ORIENTED_EDGE('',*,*,#921,.F.);
#1379=ORIENTED_EDGE('',*,*,#959,.F.);
#1380=ORIENTED_EDGE('',*,*,#941,.F.);
#1381=ORIENTED_EDGE('',*,*,#942,.F.);
#1382=ORIENTED_EDGE('',*,*,#959,.T.);
#1383=ORIENTED_EDGE('',*,*,#920,.F.);
#1384=ORIENTED_EDGE('',*,*,#960,.F.);
#1385=ORIENTED_EDGE('',*,*,#958,.F.);
#1386=ORIENTED_EDGE('',*,*,#943,.F.);
#1387=ORIENTED_EDGE('',*,*,#960,.T.);
#1388=ORIENTED_EDGE('',*,*,#919,.F.);
#1389=CYLINDRICAL_SURFACE('',#1548,2.);
#1390=CYLINDRICAL_SURFACE('',#1551,2.);
#1391=CYLINDRICAL_SURFACE('',#1554,2.);
#1392=CYLINDRICAL_SURFACE('',#1557,2.);
#1393=CYLINDRICAL_SURFACE('',#1568,2.);
#1394=CYLINDRICAL_SURFACE('',#1573,2.);
#1395=CYLINDRICAL_SURFACE('',#1582,4.5);
#1396=CYLINDRICAL_SURFACE('',#1593,4.5);
#1397=CYLINDRICAL_SURFACE('',#1605,2.);
#1398=CYLINDRICAL_SURFACE('',#1606,2.);
#1399=CYLINDRICAL_SURFACE('',#1610,2.);
#1400=CYLINDRICAL_SURFACE('',#1615,2.);
#1401=CYLINDRICAL_SURFACE('',#1616,2.);
#1402=CYLINDRICAL_SURFACE('',#1617,2.);
#1403=CYLINDRICAL_SURFACE('',#1618,2.);
#1404=CYLINDRICAL_SURFACE('',#1629,2.);
#1405=CYLINDRICAL_SURFACE('',#1630,2.);
#1406=CYLINDRICAL_SURFACE('',#1635,2.);
#1407=CYLINDRICAL_SURFACE('',#1636,2.);
#1408=CYLINDRICAL_SURFACE('',#1640,2.);
#1409=CYLINDRICAL_SURFACE('',#1641,2.);
#1410=CYLINDRICAL_SURFACE('',#1642,2.);
#1411=CYLINDRICAL_SURFACE('',#1654,2.55);
#1412=CYLINDRICAL_SURFACE('',#1656,4.8);
#1413=CYLINDRICAL_SURFACE('',#1660,2.55);
#1414=CYLINDRICAL_SURFACE('',#1667,1.);
#1415=CYLINDRICAL_SURFACE('',#1670,1.);
#1416=CYLINDRICAL_SURFACE('',#1676,1.);
#1417=CYLINDRICAL_SURFACE('',#1681,1.);
#1418=CYLINDRICAL_SURFACE('',#1684,1.);
#1419=CYLINDRICAL_SURFACE('',#1687,1.);
#1420=CYLINDRICAL_SURFACE('',#1692,14.);
#1421=CYLINDRICAL_SURFACE('',#1708,1.);
#1422=CYLINDRICAL_SURFACE('',#1709,1.);
#1423=CYLINDRICAL_SURFACE('',#1711,1.);
#1424=CYLINDRICAL_SURFACE('',#1715,1.);
#1425=CYLINDRICAL_SURFACE('',#1717,1.);
#1426=CYLINDRICAL_SURFACE('',#1719,1.);
#1427=ADVANCED_FACE('',(#103),#1389,.T.);
#1428=ADVANCED_FACE('',(#104),#1390,.T.);
#1429=ADVANCED_FACE('',(#105),#1391,.T.);
#1430=ADVANCED_FACE('',(#106),#1392,.T.);
#1431=ADVANCED_FACE('',(#107),#91,.T.);
#1432=ADVANCED_FACE('',(#108),#92,.T.);
#1433=ADVANCED_FACE('',(#109),#93,.T.);
#1434=ADVANCED_FACE('',(#110),#94,.T.);
#1435=ADVANCED_FACE('',(#111),#1393,.T.);
#1436=ADVANCED_FACE('',(#112),#55,.T.);
#1437=ADVANCED_FACE('',(#113),#56,.T.);
#1438=ADVANCED_FACE('',(#114),#57,.F.);
#1439=ADVANCED_FACE('',(#115),#1394,.T.);
#1440=ADVANCED_FACE('',(#116,#43),#58,.T.);
#1441=ADVANCED_FACE('',(#117),#59,.T.);
#1442=ADVANCED_FACE('',(#118),#39,.F.);
#1443=ADVANCED_FACE('',(#119),#1395,.F.);
#1444=ADVANCED_FACE('',(#120),#40,.F.);
#1445=ADVANCED_FACE('',(#121),#60,.T.);
#1446=ADVANCED_FACE('',(#122),#41,.F.);
#1447=ADVANCED_FACE('',(#123),#1396,.F.);
#1448=ADVANCED_FACE('',(#124),#42,.F.);
#1449=ADVANCED_FACE('',(#125),#95,.T.);
#1450=ADVANCED_FACE('',(#126),#96,.T.);
#1451=ADVANCED_FACE('',(#127),#1397,.T.);
#1452=ADVANCED_FACE('',(#128),#1398,.T.);
#1453=ADVANCED_FACE('',(#129),#97,.T.);
#1454=ADVANCED_FACE('',(#130),#1399,.T.);
#1455=ADVANCED_FACE('',(#131),#98,.T.);
#1456=ADVANCED_FACE('',(#132),#1400,.T.);
#1457=ADVANCED_FACE('',(#133),#1401,.T.);
#1458=ADVANCED_FACE('',(#134),#1402,.T.);
#1459=ADVANCED_FACE('',(#135),#1403,.T.);
#1460=ADVANCED_FACE('',(#136,#44),#61,.T.);
#1461=ADVANCED_FACE('',(#137),#62,.T.);
#1462=ADVANCED_FACE('',(#138),#99,.T.);
#1463=ADVANCED_FACE('',(#139),#100,.T.);
#1464=ADVANCED_FACE('',(#140),#1404,.T.);
#1465=ADVANCED_FACE('',(#141),#1405,.T.);
#1466=ADVANCED_FACE('',(#142),#101,.T.);
#1467=ADVANCED_FACE('',(#143),#1406,.T.);
#1468=ADVANCED_FACE('',(#144),#1407,.T.);
#1469=ADVANCED_FACE('',(#145),#102,.T.);
#1470=ADVANCED_FACE('',(#146),#1408,.T.);
#1471=ADVANCED_FACE('',(#147),#1409,.T.);
#1472=ADVANCED_FACE('',(#148),#1410,.T.);
#1473=ADVANCED_FACE('',(#149,#45),#63,.T.);
#1474=ADVANCED_FACE('',(#150),#64,.T.);
#1475=ADVANCED_FACE('',(#151),#65,.F.);
#1476=ADVANCED_FACE('',(#152),#66,.F.);
#1477=ADVANCED_FACE('',(#153),#67,.F.);
#1478=ADVANCED_FACE('',(#154),#68,.F.);
#1479=ADVANCED_FACE('',(#155),#69,.F.);
#1480=ADVANCED_FACE('',(#156),#70,.F.);
#1481=ADVANCED_FACE('',(#157,#46),#71,.T.);
#1482=ADVANCED_FACE('',(#158),#1411,.F.);
#1483=ADVANCED_FACE('',(#159),#1412,.F.);
#1484=ADVANCED_FACE('',(#160,#47),#72,.T.);
#1485=ADVANCED_FACE('',(#161),#1413,.F.);
#1486=ADVANCED_FACE('',(#162,#48),#73,.T.);
#1487=ADVANCED_FACE('',(#163),#74,.F.);
#1488=ADVANCED_FACE('',(#164),#27,.T.);
#1489=ADVANCED_FACE('',(#165),#1414,.F.);
#1490=ADVANCED_FACE('',(#166),#75,.T.);
#1491=ADVANCED_FACE('',(#167),#1415,.F.);
#1492=ADVANCED_FACE('',(#168),#28,.T.);
#1493=ADVANCED_FACE('',(#169),#76,.T.);
#1494=ADVANCED_FACE('',(#170),#1416,.T.);
#1495=ADVANCED_FACE('',(#171),#29,.F.);
#1496=ADVANCED_FACE('',(#172),#1417,.T.);
#1497=ADVANCED_FACE('',(#173),#77,.F.);
#1498=ADVANCED_FACE('',(#174),#1418,.T.);
#1499=ADVANCED_FACE('',(#175),#1419,.T.);
#1500=ADVANCED_FACE('',(#176),#30,.F.);
#1501=ADVANCED_FACE('',(#177),#78,.T.);
#1502=ADVANCED_FACE('',(#178),#1420,.T.);
#1503=ADVANCED_FACE('',(#179),#79,.T.);
#1504=ADVANCED_FACE('',(#180),#80,.T.);
#1505=ADVANCED_FACE('',(#181),#81,.F.);
#1506=ADVANCED_FACE('',(#182),#1421,.F.);
#1507=ADVANCED_FACE('',(#183),#1422,.F.);
#1508=ADVANCED_FACE('',(#184),#82,.F.);
#1509=ADVANCED_FACE('',(#185),#1423,.T.);
#1510=ADVANCED_FACE('',(#186),#83,.F.);
#1511=ADVANCED_FACE('',(#187),#84,.F.);
#1512=ADVANCED_FACE('',(#188),#85,.F.);
#1513=ADVANCED_FACE('',(#189),#1424,.F.);
#1514=ADVANCED_FACE('',(#190),#86,.T.);
#1515=ADVANCED_FACE('',(#191),#1425,.F.);
#1516=ADVANCED_FACE('',(#192),#87,.T.);
#1517=ADVANCED_FACE('',(#193),#1426,.T.);
#1518=ADVANCED_FACE('',(#194),#88,.T.);
#1519=ADVANCED_FACE('',(#195),#89,.T.);
#1520=ADVANCED_FACE('',(#196),#90,.T.);
#1521=CLOSED_SHELL('',(#1427,#1428,#1429,#1430,#1431,#1432,#1433,#1434,
#1435,#1436,#1437,#1438,#1439,#1440,#1441,#1442,#1443,#1444,#1445,#1446,
#1447,#1448,#1449,#1450,#1451,#1452,#1453,#1454,#1455,#1456,#1457,#1458,
#1459,#1460,#1461,#1462,#1463,#1464,#1465,#1466,#1467,#1468,#1469,#1470,
#1471,#1472,#1473,#1474,#1475,#1476,#1477,#1478,#1479,#1480,#1481,#1482,
#1483,#1484,#1485,#1486,#1487));
#1522=CLOSED_SHELL('',(#1488,#1489,#1490,#1491,#1492,#1493,#1494,#1495,
#1496,#1497,#1498,#1499,#1500,#1501,#1502,#1503,#1504,#1505,#1506,#1507,
#1508,#1509,#1510,#1511,#1512,#1513,#1514,#1515,#1516,#1517,#1518,#1519,
#1520));
#1523=DERIVED_UNIT_ELEMENT(#1527,1.);
#1524=DERIVED_UNIT_ELEMENT(#2825,-3.);
#1525=DERIVED_UNIT_ELEMENT(#1527,1.);
#1526=DERIVED_UNIT_ELEMENT(#2825,-3.);
#1527=(
MASS_UNIT()
NAMED_UNIT(*)
SI_UNIT(.KILO.,.GRAM.)
);
#1528=DERIVED_UNIT((#1523,#1524));
#1529=DERIVED_UNIT((#1525,#1526));
#1530=MEASURE_REPRESENTATION_ITEM('density measure',
POSITIVE_RATIO_MEASURE(1541.),#1528);
#1531=MEASURE_REPRESENTATION_ITEM('density measure',
POSITIVE_RATIO_MEASURE(1541.),#1529);
#1532=PROPERTY_DEFINITION_REPRESENTATION(#1542,#1536);
#1533=PROPERTY_DEFINITION_REPRESENTATION(#1543,#1537);
#1534=PROPERTY_DEFINITION_REPRESENTATION(#1544,#1538);
#1535=PROPERTY_DEFINITION_REPRESENTATION(#1545,#1539);
#1536=REPRESENTATION('material name',(#1540),#2821);
#1537=REPRESENTATION('density',(#1530),#2821);
#1538=REPRESENTATION('material name',(#1541),#2822);
#1539=REPRESENTATION('density',(#1531),#2822);
#1540=DESCRIPTIVE_REPRESENTATION_ITEM('PET Plastic','PET Plastic');
#1541=DESCRIPTIVE_REPRESENTATION_ITEM('PET Plastic','PET Plastic');
#1542=PROPERTY_DEFINITION('material property','material name',#2841);
#1543=PROPERTY_DEFINITION('material property','density of part',#2841);
#1544=PROPERTY_DEFINITION('material property','material name',#2842);
#1545=PROPERTY_DEFINITION('material property','density of part',#2842);
#1546=AXIS2_PLACEMENT_3D('',#2207,#1725,#1726);
#1547=AXIS2_PLACEMENT_3D('',#2208,#1727,#1728);
#1548=AXIS2_PLACEMENT_3D('',#2209,#1729,#1730);
#1549=AXIS2_PLACEMENT_3D('',#2212,#1731,#1732);
#1550=AXIS2_PLACEMENT_3D('',#2216,#1734,#1735);
#1551=AXIS2_PLACEMENT_3D('',#2222,#1739,#1740);
#1552=AXIS2_PLACEMENT_3D('',#2224,#1741,#1742);
#1553=AXIS2_PLACEMENT_3D('',#2228,#1744,#1745);
#1554=AXIS2_PLACEMENT_3D('',#2230,#1747,#1748);
#1555=AXIS2_PLACEMENT_3D('',#2232,#1749,#1750);
#1556=AXIS2_PLACEMENT_3D('',#2236,#1752,#1753);
#1557=AXIS2_PLACEMENT_3D('',#2242,#1757,#1758);
#1558=AXIS2_PLACEMENT_3D('',#2244,#1759,#1760);
#1559=AXIS2_PLACEMENT_3D('',#2247,#1762,#1763);
#1560=AXIS2_PLACEMENT_3D('',#2249,#1765,#1766);
#1561=AXIS2_PLACEMENT_3D('',#2250,#1767,#1768);
#1562=AXIS2_PLACEMENT_3D('',#2251,#1769,#1770);
#1563=AXIS2_PLACEMENT_3D('',#2252,#1771,#1772);
#1564=AXIS2_PLACEMENT_3D('',#2253,#1773,#1774);
#1565=AXIS2_PLACEMENT_3D('',#2254,#1775,#1776);
#1566=AXIS2_PLACEMENT_3D('',#2255,#1777,#1778);
#1567=AXIS2_PLACEMENT_3D('',#2256,#1779,#1780);
#1568=AXIS2_PLACEMENT_3D('',#2257,#1781,#1782);
#1569=AXIS2_PLACEMENT_3D('',#2261,#1784,#1785);
#1570=AXIS2_PLACEMENT_3D('',#2263,#1787,#1788);
#1571=AXIS2_PLACEMENT_3D('',#2280,#1792,#1793);
#1572=AXIS2_PLACEMENT_3D('',#2295,#1796,#1797);
#1573=AXIS2_PLACEMENT_3D('',#2312,#1801,#1802);
#1574=AXIS2_PLACEMENT_3D('',#2315,#1804,#1805);
#1575=AXIS2_PLACEMENT_3D('',#2316,#1806,#1807);
#1576=AXIS2_PLACEMENT_3D('',#2321,#1810,#1811);
#1577=AXIS2_PLACEMENT_3D('',#2322,#1812,#1813);
#1578=AXIS2_PLACEMENT_3D('',#2323,#1814,#1815);
#1579=AXIS2_PLACEMENT_3D('',#2326,#1816,#1817);
#1580=AXIS2_PLACEMENT_3D('',#2327,#1818,#1819);
#1581=AXIS2_PLACEMENT_3D('',#2328,#1820,#1821);
#1582=AXIS2_PLACEMENT_3D('',#2329,#1822,#1823);
#1583=AXIS2_PLACEMENT_3D('',#2332,#1824,#1825);
#1584=AXIS2_PLACEMENT_3D('',#2335,#1828,#1829);
#1585=AXIS2_PLACEMENT_3D('',#2347,#1830,#1831);
#1586=AXIS2_PLACEMENT_3D('',#2348,#1832,#1833);
#1587=AXIS2_PLACEMENT_3D('',#2349,#1834,#1835);
#1588=AXIS2_PLACEMENT_3D('',#2351,#1836,#1837);
#1589=AXIS2_PLACEMENT_3D('',#2354,#1839,#1840);
#1590=AXIS2_PLACEMENT_3D('',#2355,#1841,#1842);
#1591=AXIS2_PLACEMENT_3D('',#2357,#1843,#1844);
#1592=AXIS2_PLACEMENT_3D('',#2358,#1845,#1846);
#1593=AXIS2_PLACEMENT_3D('',#2359,#1847,#1848);
#1594=AXIS2_PLACEMENT_3D('',#2361,#1849,#1850);
#1595=AXIS2_PLACEMENT_3D('',#2363,#1852,#1853);
#1596=AXIS2_PLACEMENT_3D('',#2364,#1854,#1855);
#1597=AXIS2_PLACEMENT_3D('',#2365,#1856,#1857);
#1598=AXIS2_PLACEMENT_3D('',#2368,#1858,#1859);
#1599=AXIS2_PLACEMENT_3D('',#2370,#1860,#1861);
#1600=AXIS2_PLACEMENT_3D('',#2371,#1862,#1863);
#1601=AXIS2_PLACEMENT_3D('',#2372,#1864,#1865);
#1602=AXIS2_PLACEMENT_3D('',#2375,#1866,#1867);
#1603=AXIS2_PLACEMENT_3D('',#2377,#1868,#1869);
#1604=AXIS2_PLACEMENT_3D('',#2378,#1870,#1871);
#1605=AXIS2_PLACEMENT_3D('',#2379,#1872,#1873);
#1606=AXIS2_PLACEMENT_3D('',#2382,#1876,#1877);
#1607=AXIS2_PLACEMENT_3D('',#2385,#1880,#1881);
#1608=AXIS2_PLACEMENT_3D('',#2387,#1882,#1883);
#1609=AXIS2_PLACEMENT_3D('',#2388,#1884,#1885);
#1610=AXIS2_PLACEMENT_3D('',#2389,#1886,#1887);
#1611=AXIS2_PLACEMENT_3D('',#2392,#1890,#1891);
#1612=AXIS2_PLACEMENT_3D('',#2394,#1892,#1893);
#1613=AXIS2_PLACEMENT_3D('',#2396,#1894,#1895);
#1614=AXIS2_PLACEMENT_3D('',#2397,#1896,#1897);
#1615=AXIS2_PLACEMENT_3D('',#2398,#1898,#1899);
#1616=AXIS2_PLACEMENT_3D('',#2401,#1902,#1903);
#1617=AXIS2_PLACEMENT_3D('',#2403,#1905,#1906);
#1618=AXIS2_PLACEMENT_3D('',#2405,#1908,#1909);
#1619=AXIS2_PLACEMENT_3D('',#2408,#1912,#1913);
#1620=AXIS2_PLACEMENT_3D('',#2421,#1920,#1921);
#1621=AXIS2_PLACEMENT_3D('',#2422,#1922,#1923);
#1622=AXIS2_PLACEMENT_3D('',#2425,#1924,#1925);
#1623=AXIS2_PLACEMENT_3D('',#2426,#1926,#1927);
#1624=AXIS2_PLACEMENT_3D('',#2427,#1928,#1929);
#1625=AXIS2_PLACEMENT_3D('',#2428,#1930,#1931);
#1626=AXIS2_PLACEMENT_3D('',#2430,#1932,#1933);
#1627=AXIS2_PLACEMENT_3D('',#2431,#1934,#1935);
#1628=AXIS2_PLACEMENT_3D('',#2432,#1936,#1937);
#1629=AXIS2_PLACEMENT_3D('',#2433,#1938,#1939);
#1630=AXIS2_PLACEMENT_3D('',#2434,#1940,#1941);
#1631=AXIS2_PLACEMENT_3D('',#2436,#1943,#1944);
#1632=AXIS2_PLACEMENT_3D('',#2438,#1945,#1946);
#1633=AXIS2_PLACEMENT_3D('',#2440,#1947,#1948);
#1634=AXIS2_PLACEMENT_3D('',#2441,#1949,#1950);
#1635=AXIS2_PLACEMENT_3D('',#2442,#1951,#1952);
#1636=AXIS2_PLACEMENT_3D('',#2445,#1955,#1956);
#1637=AXIS2_PLACEMENT_3D('',#2447,#1958,#1959);
#1638=AXIS2_PLACEMENT_3D('',#2449,#1960,#1961);
#1639=AXIS2_PLACEMENT_3D('',#2450,#1962,#1963);
#1640=AXIS2_PLACEMENT_3D('',#2451,#1964,#1965);
#1641=AXIS2_PLACEMENT_3D('',#2453,#1967,#1968);
#1642=AXIS2_PLACEMENT_3D('',#2455,#1970,#1971);
#1643=AXIS2_PLACEMENT_3D('',#2457,#1973,#1974);
#1644=AXIS2_PLACEMENT_3D('',#2459,#1975,#1976);
#1645=AXIS2_PLACEMENT_3D('',#2460,#1977,#1978);
#1646=AXIS2_PLACEMENT_3D('',#2461,#1979,#1980);
#1647=AXIS2_PLACEMENT_3D('',#2467,#1984,#1985);
#1648=AXIS2_PLACEMENT_3D('',#2471,#1988,#1989);
#1649=AXIS2_PLACEMENT_3D('',#2475,#1992,#1993);
#1650=AXIS2_PLACEMENT_3D('',#2479,#1996,#1997);
#1651=AXIS2_PLACEMENT_3D('',#2483,#2000,#2001);
#1652=AXIS2_PLACEMENT_3D('',#2485,#2003,#2004);
#1653=AXIS2_PLACEMENT_3D('',#2487,#2005,#2006);
#1654=AXIS2_PLACEMENT_3D('',#2488,#2007,#2008);
#1655=AXIS2_PLACEMENT_3D('',#2491,#2010,#2011);
#1656=AXIS2_PLACEMENT_3D('',#2492,#2012,#2013);
#1657=AXIS2_PLACEMENT_3D('',#2495,#2015,#2016);
#1658=AXIS2_PLACEMENT_3D('',#2496,#2017,#2018);
#1659=AXIS2_PLACEMENT_3D('',#2498,#2019,#2020);
#1660=AXIS2_PLACEMENT_3D('',#2499,#2021,#2022);
#1661=AXIS2_PLACEMENT_3D('',#2501,#2024,#2025);
#1662=AXIS2_PLACEMENT_3D('',#2502,#2026,#2027);
#1663=AXIS2_PLACEMENT_3D('',#2503,#2028,#2029);
#1664=AXIS2_PLACEMENT_3D('',#2536,#2030,#2031);
#1665=AXIS2_PLACEMENT_3D('',#2538,#2032,#2033);
#1666=AXIS2_PLACEMENT_3D('',#2550,#2034,#2035);
#1667=AXIS2_PLACEMENT_3D('',#2551,#2036,#2037);
#1668=AXIS2_PLACEMENT_3D('',#2554,#2038,#2039);
#1669=AXIS2_PLACEMENT_3D('',#2557,#2042,#2043);
#1670=AXIS2_PLACEMENT_3D('',#2563,#2047,#2048);
#1671=AXIS2_PLACEMENT_3D('',#2566,#2049,#2050);
#1672=AXIS2_PLACEMENT_3D('',#2570,#2052,#2053);
#1673=AXIS2_PLACEMENT_3D('',#2614,#2055,#2056);
#1674=AXIS2_PLACEMENT_3D('',#2615,#2057,#2058);
#1675=AXIS2_PLACEMENT_3D('',#2616,#2059,#2060);
#1676=AXIS2_PLACEMENT_3D('',#2622,#2064,#2065);
#1677=AXIS2_PLACEMENT_3D('',#2626,#2067,#2068);
#1678=AXIS2_PLACEMENT_3D('',#2660,#2070,#2071);
#1679=AXIS2_PLACEMENT_3D('',#2661,#2072,#2073);
#1680=AXIS2_PLACEMENT_3D('',#2662,#2074,#2075);
#1681=AXIS2_PLACEMENT_3D('',#2663,#2076,#2077);
#1682=AXIS2_PLACEMENT_3D('',#2666,#2078,#2079);
#1683=AXIS2_PLACEMENT_3D('',#2669,#2082,#2083);
#1684=AXIS2_PLACEMENT_3D('',#2671,#2085,#2086);
#1685=AXIS2_PLACEMENT_3D('',#2674,#2087,#2088);
#1686=AXIS2_PLACEMENT_3D('',#2678,#2090,#2091);
#1687=AXIS2_PLACEMENT_3D('',#2680,#2093,#2094);
#1688=AXIS2_PLACEMENT_3D('',#2684,#2096,#2097);
#1689=AXIS2_PLACEMENT_3D('',#2716,#2099,#2100);
#1690=AXIS2_PLACEMENT_3D('',#2717,#2101,#2102);
#1691=AXIS2_PLACEMENT_3D('',#2718,#2103,#2104);
#1692=AXIS2_PLACEMENT_3D('',#2721,#2107,#2108);
#1693=AXIS2_PLACEMENT_3D('',#2723,#2110,#2111);
#1694=AXIS2_PLACEMENT_3D('',#2725,#2112,#2113);
#1695=AXIS2_PLACEMENT_3D('',#2729,#2115,#2116);
#1696=AXIS2_PLACEMENT_3D('',#2737,#2120,#2121);
#1697=AXIS2_PLACEMENT_3D('',#2741,#2123,#2124);
#1698=AXIS2_PLACEMENT_3D('',#2749,#2128,#2129);
#1699=AXIS2_PLACEMENT_3D('',#2752,#2131,#2132);
#1700=AXIS2_PLACEMENT_3D('',#2753,#2133,#2134);
#1701=AXIS2_PLACEMENT_3D('',#2755,#2136,#2137);
#1702=AXIS2_PLACEMENT_3D('',#2757,#2138,#2139);
#1703=AXIS2_PLACEMENT_3D('',#2761,#2141,#2142);
#1704=AXIS2_PLACEMENT_3D('',#2769,#2146,#2147);
#1705=AXIS2_PLACEMENT_3D('',#2773,#2149,#2150);
#1706=AXIS2_PLACEMENT_3D('',#2781,#2154,#2155);
#1707=AXIS2_PLACEMENT_3D('',#2784,#2157,#2158);
#1708=AXIS2_PLACEMENT_3D('',#2785,#2159,#2160);
#1709=AXIS2_PLACEMENT_3D('',#2788,#2163,#2164);
#1710=AXIS2_PLACEMENT_3D('',#2790,#2166,#2167);
#1711=AXIS2_PLACEMENT_3D('',#2792,#2169,#2170);
#1712=AXIS2_PLACEMENT_3D('',#2794,#2172,#2173);
#1713=AXIS2_PLACEMENT_3D('',#2796,#2175,#2176);
#1714=AXIS2_PLACEMENT_3D('',#2798,#2178,#2179);
#1715=AXIS2_PLACEMENT_3D('',#2799,#2180,#2181);
#1716=AXIS2_PLACEMENT_3D('',#2802,#2184,#2185);
#1717=AXIS2_PLACEMENT_3D('',#2803,#2186,#2187);
#1718=AXIS2_PLACEMENT_3D('',#2805,#2189,#2190);
#1719=AXIS2_PLACEMENT_3D('',#2807,#2192,#2193);
#1720=AXIS2_PLACEMENT_3D('',#2809,#2195,#2196);
#1721=AXIS2_PLACEMENT_3D('',#2811,#2198,#2199);
#1722=AXIS2_PLACEMENT_3D('',#2813,#2201,#2202);
#1723=AXIS2_PLACEMENT_3D('',#2814,#2203,#2204);
#1724=AXIS2_PLACEMENT_3D('',#2815,#2205,#2206);
#1725=DIRECTION('axis',(0.,0.,1.));
#1726=DIRECTION('refdir',(1.,0.,0.));
#1727=DIRECTION('axis',(0.,0.,1.));
#1728=DIRECTION('refdir',(1.,0.,0.));
#1729=DIRECTION('center_axis',(0.,1.,0.));
#1730=DIRECTION('ref_axis',(-0.707106781186548,0.,-0.707106781186548));
#1731=DIRECTION('center_axis',(0.,1.,0.));
#1732=DIRECTION('ref_axis',(0.,0.,-1.));
#1733=DIRECTION('',(0.,1.,0.));
#1734=DIRECTION('center_axis',(0.,-1.,0.));
#1735=DIRECTION('ref_axis',(-1.,0.,0.));
#1736=DIRECTION('',(0.,-1.,0.));
#1737=DIRECTION('',(3.58136459556502E-16,1.,0.));
#1738=DIRECTION('',(0.,-1.,0.));
#1739=DIRECTION('center_axis',(0.,0.,1.));
#1740=DIRECTION('ref_axis',(-0.707106781186547,0.707106781186548,0.));
#1741=DIRECTION('center_axis',(0.,0.,1.));
#1742=DIRECTION('ref_axis',(0.,1.,0.));
#1743=DIRECTION('',(0.,0.,1.));
#1744=DIRECTION('center_axis',(0.,0.,-1.));
#1745=DIRECTION('ref_axis',(-1.,0.,0.));
#1746=DIRECTION('',(0.,0.,-1.));
#1747=DIRECTION('center_axis',(0.,-1.,0.));
#1748=DIRECTION('ref_axis',(-0.707106781186548,0.,0.707106781186547));
#1749=DIRECTION('center_axis',(0.,-1.,0.));
#1750=DIRECTION('ref_axis',(-2.77555756156289E-16,0.,1.));
#1751=DIRECTION('',(0.,-1.,0.));
#1752=DIRECTION('center_axis',(0.,1.,0.));
#1753=DIRECTION('ref_axis',(-1.,0.,0.));
#1754=DIRECTION('',(0.,1.,0.));
#1755=DIRECTION('',(3.58136459556502E-16,1.,0.));
#1756=DIRECTION('',(0.,1.,0.));
#1757=DIRECTION('center_axis',(0.,0.,1.));
#1758=DIRECTION('ref_axis',(-0.707106781186547,-0.707106781186548,0.));
#1759=DIRECTION('center_axis',(0.,0.,1.));
#1760=DIRECTION('ref_axis',(-1.,0.,0.));
#1761=DIRECTION('',(0.,0.,1.));
#1762=DIRECTION('center_axis',(0.,0.,-1.));
#1763=DIRECTION('ref_axis',(0.,-1.,0.));
#1764=DIRECTION('',(0.,0.,-1.));
#1765=DIRECTION('center_axis',(-0.408248290463863,-0.408248290463863,-0.816496580927726));
#1766=DIRECTION('ref_axis',(-0.577350269189626,-0.577350269189625,0.577350269189626));
#1767=DIRECTION('center_axis',(-1.,0.,0.));
#1768=DIRECTION('ref_axis',(0.,-0.707106781186548,0.707106781186547));
#1769=DIRECTION('center_axis',(-0.408248290463863,-0.816496580927726,0.408248290463863));
#1770=DIRECTION('ref_axis',(-0.577350269189626,0.577350269189626,0.577350269189626));
#1771=DIRECTION('center_axis',(-1.,0.,0.));
#1772=DIRECTION('ref_axis',(0.,0.707106781186548,0.707106781186547));
#1773=DIRECTION('center_axis',(-0.408248290463863,-0.816496580927726,-0.408248290463863));
#1774=DIRECTION('ref_axis',(-0.577350269189626,0.577350269189626,-0.577350269189626));
#1775=DIRECTION('center_axis',(-1.,0.,0.));
#1776=DIRECTION('ref_axis',(0.,0.707106781186548,-0.707106781186547));
#1777=DIRECTION('center_axis',(0.408248290463863,-0.816496580927726,0.408248290463863));
#1778=DIRECTION('ref_axis',(-0.577350269189626,-0.577350269189625,-0.577350269189626));
#1779=DIRECTION('center_axis',(-1.,0.,0.));
#1780=DIRECTION('ref_axis',(0.,-0.707106781186548,-0.707106781186547));
#1781=DIRECTION('center_axis',(-1.,0.,0.));
#1782=DIRECTION('ref_axis',(0.,0.707106781186548,0.707106781186547));
#1783=DIRECTION('',(1.,0.,0.));
#1784=DIRECTION('center_axis',(1.,0.,0.));
#1785=DIRECTION('ref_axis',(0.,0.,1.));
#1786=DIRECTION('',(-1.,0.,0.));
#1787=DIRECTION('center_axis',(0.,0.,1.));
#1788=DIRECTION('ref_axis',(1.,0.,0.));
#1789=DIRECTION('',(-1.,0.,0.));
#1790=DIRECTION('',(0.,-1.,0.));
#1791=DIRECTION('',(1.,-5.55111512312578E-17,0.));
#1792=DIRECTION('center_axis',(0.,0.,1.));
#1793=DIRECTION('ref_axis',(1.,0.,0.));
#1794=DIRECTION('',(-1.,-5.55111512312578E-17,0.));
#1795=DIRECTION('',(0.,-1.,0.));
#1796=DIRECTION('center_axis',(0.,0.,1.));
#1797=DIRECTION('ref_axis',(1.,0.,0.));
#1798=DIRECTION('',(-1.,5.55111512312578E-17,0.));
#1799=DIRECTION('',(0.,1.,0.));
#1800=DIRECTION('',(1.,0.,0.));
#1801=DIRECTION('center_axis',(1.,0.,0.));
#1802=DIRECTION('ref_axis',(0.,-0.707106781186548,0.707106781186547));
#1803=DIRECTION('',(1.,0.,0.));
#1804=DIRECTION('center_axis',(1.,0.,0.));
#1805=DIRECTION('ref_axis',(0.,-1.,0.));
#1806=DIRECTION('center_axis',(0.,-1.,0.));
#1807=DIRECTION('ref_axis',(1.,0.,0.));
#1808=DIRECTION('',(-1.,0.,0.));
#1809=DIRECTION('',(0.,0.,-1.));
#1810=DIRECTION('center_axis',(0.,1.,0.));
#1811=DIRECTION('ref_axis',(1.,0.,0.));
#1812=DIRECTION('center_axis',(-1.,0.,0.));
#1813=DIRECTION('ref_axis',(0.,-1.,0.));
#1814=DIRECTION('center_axis',(1.,-3.58136459556502E-16,0.));
#1815=DIRECTION('ref_axis',(0.,0.,-1.));
#1816=DIRECTION('center_axis',(0.,0.,-1.));
#1817=DIRECTION('ref_axis',(-1.,2.4671622769448E-16,0.));
#1818=DIRECTION('center_axis',(-1.,3.58136459556502E-16,0.));
#1819=DIRECTION('ref_axis',(-2.77555756156289E-16,-0.707106781186548,0.707106781186547));
#1820=DIRECTION('center_axis',(1.,-3.58136459556502E-16,0.));
#1821=DIRECTION('ref_axis',(-2.53240719142544E-16,-0.707106781186548,0.707106781186547));
#1822=DIRECTION('center_axis',(0.,0.,1.));
#1823=DIRECTION('ref_axis',(-0.707106781186547,0.707106781186548,0.));
#1824=DIRECTION('center_axis',(0.,0.,-1.));
#1825=DIRECTION('ref_axis',(-1.,3.5850951836854E-16,0.));
#1826=DIRECTION('',(0.,0.,1.));
#1827=DIRECTION('',(0.,0.,-1.));
#1828=DIRECTION('center_axis',(1.,-3.58136459556502E-16,0.));
#1829=DIRECTION('ref_axis',(0.,0.,-1.));
#1830=DIRECTION('center_axis',(-1.,3.58136459556502E-16,0.));
#1831=DIRECTION('ref_axis',(-2.77555756156289E-16,-0.707106781186548,-0.707106781186547));
#1832=DIRECTION('center_axis',(1.,-3.58136459556502E-16,0.));
#1833=DIRECTION('ref_axis',(-2.53240719142544E-16,-0.707106781186548,-0.707106781186547));
#1834=DIRECTION('center_axis',(1.,-3.58136459556502E-16,0.));
#1835=DIRECTION('ref_axis',(3.58136459556502E-16,1.,0.));
#1836=DIRECTION('center_axis',(1.,-3.58136459556502E-16,0.));
#1837=DIRECTION('ref_axis',(2.53240719142544E-16,0.707106781186547,0.707106781186548));
#1838=DIRECTION('',(0.,0.,1.));
#1839=DIRECTION('center_axis',(1.,-3.58136459556502E-16,0.));
#1840=DIRECTION('ref_axis',(2.53240719142544E-16,0.707106781186547,-0.707106781186548));
#1841=DIRECTION('center_axis',(1.,-3.58136459556502E-16,0.));
#1842=DIRECTION('ref_axis',(0.,0.,-1.));
#1843=DIRECTION('center_axis',(0.,0.,1.));
#1844=DIRECTION('ref_axis',(-1.,2.46716227694479E-16,0.));
#1845=DIRECTION('center_axis',(-1.,3.58136459556502E-16,0.));
#1846=DIRECTION('ref_axis',(2.77555756156289E-16,0.707106781186547,-0.707106781186548));
#1847=DIRECTION('center_axis',(0.,0.,1.));
#1848=DIRECTION('ref_axis',(-0.707106781186548,-0.707106781186547,0.));
#1849=DIRECTION('center_axis',(0.,0.,1.));
#1850=DIRECTION('ref_axis',(-1.,3.5850951836854E-16,0.));
#1851=DIRECTION('',(0.,0.,-1.));
#1852=DIRECTION('center_axis',(1.,-3.58136459556502E-16,0.));
#1853=DIRECTION('ref_axis',(0.,0.,-1.));
#1854=DIRECTION('center_axis',(-1.,3.58136459556502E-16,0.));
#1855=DIRECTION('ref_axis',(2.77555756156289E-16,0.707106781186547,0.707106781186548));
#1856=DIRECTION('center_axis',(-0.408248290463863,-0.408248290463862,-0.816496580927726));
#1857=DIRECTION('ref_axis',(0.577350269189626,0.577350269189625,-0.577350269189626));
#1858=DIRECTION('center_axis',(0.,0.,-1.));
#1859=DIRECTION('ref_axis',(1.,0.,0.));
#1860=DIRECTION('center_axis',(0.,1.,0.));
#1861=DIRECTION('ref_axis',(0.,0.,-1.));
#1862=DIRECTION('center_axis',(1.,0.,0.));
#1863=DIRECTION('ref_axis',(0.,1.,0.));
#1864=DIRECTION('center_axis',(-0.408248290463863,0.408248290463863,-0.816496580927726));
#1865=DIRECTION('ref_axis',(0.577350269189626,-0.577350269189626,-0.577350269189626));
#1866=DIRECTION('center_axis',(0.,0.,-1.));
#1867=DIRECTION('ref_axis',(0.,-1.,0.));
#1868=DIRECTION('center_axis',(1.,0.,0.));
#1869=DIRECTION('ref_axis',(0.,0.,-1.));
#1870=DIRECTION('center_axis',(0.,-1.,0.));
#1871=DIRECTION('ref_axis',(1.,0.,0.));
#1872=DIRECTION('center_axis',(1.,5.55111512312578E-17,0.));
#1873=DIRECTION('ref_axis',(0.,-0.707106781186547,-0.707106781186548));
#1874=DIRECTION('',(1.,5.55111512312578E-17,0.));
#1875=DIRECTION('',(-1.,-5.55111512312578E-17,0.));
#1876=DIRECTION('center_axis',(0.,1.,0.));
#1877=DIRECTION('ref_axis',(0.707106781186548,0.,-0.707106781186547));
#1878=DIRECTION('',(0.,-1.,0.));
#1879=DIRECTION('',(0.,1.,0.));
#1880=DIRECTION('center_axis',(0.408248290463863,0.408248290463862,-0.816496580927726));
#1881=DIRECTION('ref_axis',(0.577350269189626,0.577350269189626,0.577350269189626));
#1882=DIRECTION('center_axis',(0.,1.,0.));
#1883=DIRECTION('ref_axis',(1.,0.,0.));
#1884=DIRECTION('center_axis',(0.,0.,1.));
#1885=DIRECTION('ref_axis',(0.,1.,0.));
#1886=DIRECTION('center_axis',(0.,0.,1.));
#1887=DIRECTION('ref_axis',(0.707106781186548,0.707106781186548,0.));
#1888=DIRECTION('',(0.,0.,-1.));
#1889=DIRECTION('',(0.,0.,1.));
#1890=DIRECTION('center_axis',(0.408248290463863,-0.408248290463863,-0.816496580927726));
#1891=DIRECTION('ref_axis',(0.577350269189626,-0.577350269189626,0.577350269189626));
#1892=DIRECTION('center_axis',(1.,0.,0.));
#1893=DIRECTION('ref_axis',(0.,-1.,0.));
#1894=DIRECTION('center_axis',(0.,0.,1.));
#1895=DIRECTION('ref_axis',(1.,0.,0.));
#1896=DIRECTION('center_axis',(5.55111512312578E-16,-1.,0.));
#1897=DIRECTION('ref_axis',(0.,0.,1.));
#1898=DIRECTION('center_axis',(0.,0.,1.));
#1899=DIRECTION('ref_axis',(0.707106781186548,-0.707106781186547,0.));
#1900=DIRECTION('',(0.,0.,-1.));
#1901=DIRECTION('',(0.,0.,1.));
#1902=DIRECTION('center_axis',(0.,1.,0.));
#1903=DIRECTION('ref_axis',(0.707106781186548,0.,0.707106781186547));
#1904=DIRECTION('',(0.,1.,0.));
#1905=DIRECTION('center_axis',(1.,5.55111512312578E-17,0.));
#1906=DIRECTION('ref_axis',(0.,-0.707106781186548,0.707106781186547));
#1907=DIRECTION('',(1.,5.55111512312578E-17,0.));
#1908=DIRECTION('center_axis',(-1.,0.,0.));
#1909=DIRECTION('ref_axis',(0.,0.707106781186548,-0.707106781186547));
#1910=DIRECTION('',(1.,0.,0.));
#1911=DIRECTION('',(-1.,0.,0.));
#1912=DIRECTION('center_axis',(0.,1.,0.));
#1913=DIRECTION('ref_axis',(-1.,0.,0.));
#1914=DIRECTION('',(-0.863244661605362,0.,-0.504785750799133));
#1915=DIRECTION('',(0.00553495285776881,0.,-0.999984682031111));
#1916=DIRECTION('',(0.868779614463131,0.,-0.495198931231978));
#1917=DIRECTION('',(0.863244661605362,0.,0.504785750799133));
#1918=DIRECTION('',(-0.00553495285776927,0.,0.999984682031111));
#1919=DIRECTION('',(-0.868779614463131,0.,0.495198931231978));
#1920=DIRECTION('center_axis',(1.,0.,0.));
#1921=DIRECTION('ref_axis',(0.,1.,0.));
#1922=DIRECTION('center_axis',(-0.408248290463863,-0.408248290463863,-0.816496580927726));
#1923=DIRECTION('ref_axis',(0.577350269189626,0.577350269189626,-0.577350269189626));
#1924=DIRECTION('center_axis',(0.,0.,-1.));
#1925=DIRECTION('ref_axis',(1.,0.,0.));
#1926=DIRECTION('center_axis',(0.,1.,0.));
#1927=DIRECTION('ref_axis',(0.,0.,-1.));
#1928=DIRECTION('center_axis',(1.,0.,0.));
#1929=DIRECTION('ref_axis',(0.,1.,0.));
#1930=DIRECTION('center_axis',(-0.408248290463863,0.408248290463862,-0.816496580927726));
#1931=DIRECTION('ref_axis',(0.577350269189626,-0.577350269189625,-0.577350269189626));
#1932=DIRECTION('center_axis',(0.,0.,-1.));
#1933=DIRECTION('ref_axis',(0.,-1.,0.));
#1934=DIRECTION('center_axis',(1.,0.,0.));
#1935=DIRECTION('ref_axis',(0.,0.,-1.));
#1936=DIRECTION('center_axis',(0.,-1.,0.));
#1937=DIRECTION('ref_axis',(1.,0.,0.));
#1938=DIRECTION('center_axis',(-1.,0.,0.));
#1939=DIRECTION('ref_axis',(0.,-0.707106781186548,-0.707106781186547));
#1940=DIRECTION('center_axis',(0.,-1.,0.));
#1941=DIRECTION('ref_axis',(0.707106781186548,0.,-0.707106781186547));
#1942=DIRECTION('',(0.,-1.,0.));
#1943=DIRECTION('center_axis',(0.408248290463863,0.408248290463863,-0.816496580927726));
#1944=DIRECTION('ref_axis',(0.577350269189626,0.577350269189626,0.577350269189626));
#1945=DIRECTION('center_axis',(0.,1.,0.));
#1946=DIRECTION('ref_axis',(1.,0.,0.));
#1947=DIRECTION('center_axis',(0.,0.,1.));
#1948=DIRECTION('ref_axis',(0.,1.,0.));
#1949=DIRECTION('center_axis',(1.,0.,0.));
#1950=DIRECTION('ref_axis',(0.,0.,1.));
#1951=DIRECTION('center_axis',(0.,0.,1.));
#1952=DIRECTION('ref_axis',(0.707106781186548,0.707106781186548,0.));
#1953=DIRECTION('',(0.,0.,-1.));
#1954=DIRECTION('',(0.,0.,1.));
#1955=DIRECTION('center_axis',(-1.,5.55111512312578E-17,0.));
#1956=DIRECTION('ref_axis',(0.,0.707106781186548,0.707106781186547));
#1957=DIRECTION('',(-1.,5.55111512312578E-17,0.));
#1958=DIRECTION('center_axis',(0.408248290463863,-0.408248290463863,-0.816496580927726));
#1959=DIRECTION('ref_axis',(0.577350269189626,-0.577350269189626,0.577350269189626));
#1960=DIRECTION('center_axis',(0.,0.,1.));
#1961=DIRECTION('ref_axis',(1.,0.,0.));
#1962=DIRECTION('center_axis',(0.,-1.,0.));
#1963=DIRECTION('ref_axis',(0.,0.,1.));
#1964=DIRECTION('center_axis',(0.,0.,1.));
#1965=DIRECTION('ref_axis',(0.707106781186548,-0.707106781186548,0.));
#1966=DIRECTION('',(0.,0.,1.));
#1967=DIRECTION('center_axis',(0.,1.,0.));
#1968=DIRECTION('ref_axis',(0.707106781186548,0.,0.707106781186547));
#1969=DIRECTION('',(0.,1.,0.));
#1970=DIRECTION('center_axis',(1.,-5.55111512312578E-17,0.));
#1971=DIRECTION('ref_axis',(0.,0.707106781186548,-0.707106781186547));
#1972=DIRECTION('',(1.,-5.55111512312578E-17,0.));
#1973=DIRECTION('center_axis',(5.55111512312578E-17,1.,0.));
#1974=DIRECTION('ref_axis',(-1.,5.55111512312578E-17,0.));
#1975=DIRECTION('center_axis',(-5.55111512312578E-17,-1.,0.));
#1976=DIRECTION('ref_axis',(1.,0.,0.));
#1977=DIRECTION('center_axis',(1.,0.,0.));
#1978=DIRECTION('ref_axis',(0.,1.,0.));
#1979=DIRECTION('center_axis',(-0.504785750799133,0.,0.863244661605362));
#1980=DIRECTION('ref_axis',(-0.863244661605362,0.,-0.504785750799133));
#1981=DIRECTION('',(0.,-1.,0.));
#1982=DIRECTION('',(-0.863244661605362,0.,-0.504785750799133));
#1983=DIRECTION('',(0.,-1.,0.));
#1984=DIRECTION('center_axis',(0.495198931231978,0.,0.868779614463131));
#1985=DIRECTION('ref_axis',(-0.868779614463131,0.,0.495198931231978));
#1986=DIRECTION('',(0.,-1.,0.));
#1987=DIRECTION('',(-0.868779614463131,0.,0.495198931231978));
#1988=DIRECTION('center_axis',(0.999984682031111,0.,0.00553495285776927));
#1989=DIRECTION('ref_axis',(-0.00553495285776927,0.,0.999984682031111));
#1990=DIRECTION('',(0.,-1.,0.));
#1991=DIRECTION('',(-0.00553495285776927,0.,0.999984682031111));
#1992=DIRECTION('center_axis',(0.504785750799133,0.,-0.863244661605362));
#1993=DIRECTION('ref_axis',(0.863244661605362,0.,0.504785750799133));
#1994=DIRECTION('',(0.,-1.,0.));
#1995=DIRECTION('',(0.863244661605362,0.,0.504785750799133));
#1996=DIRECTION('center_axis',(-0.495198931231978,0.,-0.868779614463131));
#1997=DIRECTION('ref_axis',(0.868779614463131,0.,-0.495198931231978));
#1998=DIRECTION('',(0.,-1.,0.));
#1999=DIRECTION('',(0.868779614463131,0.,-0.495198931231978));
#2000=DIRECTION('center_axis',(-0.999984682031111,0.,-0.00553495285776881));
#2001=DIRECTION('ref_axis',(0.00553495285776881,0.,-0.999984682031111));
#2002=DIRECTION('',(0.00553495285776881,0.,-0.999984682031111));
#2003=DIRECTION('center_axis',(0.,1.,0.));
#2004=DIRECTION('ref_axis',(-1.,0.,0.));
#2005=DIRECTION('center_axis',(0.,1.,0.));
#2006=DIRECTION('ref_axis',(-1.,0.,0.));
#2007=DIRECTION('center_axis',(0.,-1.,0.));
#2008=DIRECTION('ref_axis',(-1.,0.,0.));
#2009=DIRECTION('',(0.,-1.,0.));
#2010=DIRECTION('center_axis',(-5.55111512312578E-17,1.,0.));
#2011=DIRECTION('ref_axis',(-1.,0.,0.));
#2012=DIRECTION('center_axis',(0.,1.,0.));
#2013=DIRECTION('ref_axis',(1.,0.,0.));
#2014=DIRECTION('',(0.,1.,0.));
#2015=DIRECTION('center_axis',(0.,1.,0.));
#2016=DIRECTION('ref_axis',(1.,0.,0.));
#2017=DIRECTION('center_axis',(0.,-1.,0.));
#2018=DIRECTION('ref_axis',(1.,0.,0.));
#2019=DIRECTION('center_axis',(0.,-1.,0.));
#2020=DIRECTION('ref_axis',(1.,0.,0.));
#2021=DIRECTION('center_axis',(0.,1.,0.));
#2022=DIRECTION('ref_axis',(1.,0.,0.));
#2023=DIRECTION('',(0.,1.,0.));
#2024=DIRECTION('center_axis',(5.55111512312578E-17,-1.,0.));
#2025=DIRECTION('ref_axis',(1.,5.55111512312578E-17,0.));
#2026=DIRECTION('center_axis',(0.,0.,1.));
#2027=DIRECTION('ref_axis',(1.,0.,0.));
#2028=DIRECTION('axis',(0.,0.,1.));
#2029=DIRECTION('refdir',(1.,0.,0.));
#2030=DIRECTION('center_axis',(0.,0.,-1.));
#2031=DIRECTION('ref_axis',(-1.,0.,0.));
#2032=DIRECTION('center_axis',(-0.990983901750746,0.133980992946269,5.94995132924355E-16));
#2033=DIRECTION('ref_axis',(-0.133980992946269,-0.990983901750746,-4.27521646654341E-15));
#2034=DIRECTION('center_axis',(1.,0.,0.));
#2035=DIRECTION('ref_axis',(0.,-1.,-4.46638729252616E-15));
#2036=DIRECTION('center_axis',(0.,0.,-1.));
#2037=DIRECTION('ref_axis',(-0.754709580222769,0.656059028990511,0.));
#2038=DIRECTION('center_axis',(0.,0.,-1.));
#2039=DIRECTION('ref_axis',(-0.754709580222769,0.656059028990511,0.));
#2040=DIRECTION('',(0.,0.,1.));
#2041=DIRECTION('',(0.,0.,-1.));
#2042=DIRECTION('center_axis',(1.,0.,0.));
#2043=DIRECTION('ref_axis',(0.,1.,0.));
#2044=DIRECTION('',(0.,-1.,0.));
#2045=DIRECTION('',(0.,0.,-1.));
#2046=DIRECTION('',(0.,1.,0.));
#2047=DIRECTION('center_axis',(0.,0.,-1.));
#2048=DIRECTION('ref_axis',(-0.754709580222769,-0.656059028990511,0.));
#2049=DIRECTION('center_axis',(0.,0.,1.));
#2050=DIRECTION('ref_axis',(-1.,0.,0.));
#2051=DIRECTION('',(0.,0.,-1.));
#2052=DIRECTION('center_axis',(0.,0.,-1.));
#2053=DIRECTION('ref_axis',(-0.754709580222769,-0.656059028990511,0.));
#2054=DIRECTION('',(0.,0.,1.));
#2055=DIRECTION('center_axis',(-0.990983901750745,-0.133980992946277,5.94995132924389E-16));
#2056=DIRECTION('ref_axis',(-0.133980992946277,0.990983901750745,-4.27521646654339E-15));
#2057=DIRECTION('center_axis',(1.,0.,0.));
#2058=DIRECTION('ref_axis',(0.,1.,-2.33626412224445E-15));
#2059=DIRECTION('center_axis',(1.,0.,0.));
#2060=DIRECTION('ref_axis',(0.,1.,0.));
#2061=DIRECTION('',(0.,-1.,0.));
#2062=DIRECTION('',(0.,0.,-1.));
#2063=DIRECTION('',(0.,1.,0.));
#2064=DIRECTION('center_axis',(-0.99026806874157,-0.139173100960066,0.));
#2065=DIRECTION('ref_axis',(0.0984102434476242,-0.700225266599667,0.707106781186551));
#2066=DIRECTION('',(0.99026806874157,0.139173100960066,0.));
#2067=DIRECTION('center_axis',(-0.99026806874157,-0.139173100960067,-1.27175773436987E-15));
#2068=DIRECTION('ref_axis',(0.139173100960067,-0.99026806874157,0.));
#2069=DIRECTION('',(-0.99026806874157,-0.139173100960066,0.));
#2070=DIRECTION('center_axis',(0.,0.,1.));
#2071=DIRECTION('ref_axis',(0.139173100960066,-0.99026806874157,0.));
#2072=DIRECTION('center_axis',(0.129404919561737,-0.991591834775388,2.05240458853153E-17));
#2073=DIRECTION('ref_axis',(0.991591834775388,0.129404919561737,0.));
#2074=DIRECTION('center_axis',(-0.139173100960066,0.99026806874157,0.));
#2075=DIRECTION('ref_axis',(0.99026806874157,0.139173100960066,0.));
#2076=DIRECTION('center_axis',(0.,0.,-1.));
#2077=DIRECTION('ref_axis',(0.754709580222772,-0.656059028990507,0.));
#2078=DIRECTION('center_axis',(0.,0.,1.));
#2079=DIRECTION('ref_axis',(0.754709580222772,-0.656059028990507,0.));
#2080=DIRECTION('',(0.,0.,1.));
#2081=DIRECTION('',(0.,0.,-1.));
#2082=DIRECTION('center_axis',(-0.139173100960066,0.99026806874157,0.));
#2083=DIRECTION('ref_axis',(-0.99026806874157,-0.139173100960066,0.));
#2084=DIRECTION('',(0.99026806874157,0.139173100960066,0.));
#2085=DIRECTION('center_axis',(0.,0.,-1.));
#2086=DIRECTION('ref_axis',(0.754709580222772,0.656059028990508,0.));
#2087=DIRECTION('center_axis',(0.,0.,1.));
#2088=DIRECTION('ref_axis',(0.754709580222772,0.656059028990508,0.));
#2089=DIRECTION('',(0.,0.,1.));
#2090=DIRECTION('center_axis',(0.,0.,-1.));
#2091=DIRECTION('ref_axis',(0.139173100960066,0.99026806874157,0.));
#2092=DIRECTION('',(0.,0.,-1.));
#2093=DIRECTION('center_axis',(0.99026806874157,-0.139173100960066,0.));
#2094=DIRECTION('ref_axis',(0.098410243447624,0.700225266599669,0.707106781186549));
#2095=DIRECTION('',(0.99026806874157,-0.139173100960066,0.));
#2096=DIRECTION('center_axis',(-0.990268068741571,0.139173100960064,-2.19883682093596E-15));
#2097=DIRECTION('ref_axis',(-2.22044604925031E-15,0.,1.));
#2098=DIRECTION('',(-0.99026806874157,0.139173100960066,0.));
#2099=DIRECTION('center_axis',(0.129404919561737,0.991591834775388,-2.05240458853153E-17));
#2100=DIRECTION('ref_axis',(0.991591834775388,-0.129404919561737,0.));
#2101=DIRECTION('center_axis',(-0.139173100960066,-0.99026806874157,0.));
#2102=DIRECTION('ref_axis',(0.99026806874157,-0.139173100960066,0.));
#2103=DIRECTION('center_axis',(1.,0.,0.));
#2104=DIRECTION('ref_axis',(0.,1.,0.));
#2105=DIRECTION('',(0.,-1.,0.));
#2106=DIRECTION('',(0.,1.,0.));
#2107=DIRECTION('center_axis',(0.,-1.,0.));
#2108=DIRECTION('ref_axis',(0.707106781186548,0.,0.707106781186548));
#2109=DIRECTION('',(0.,-1.,0.));
#2110=DIRECTION('center_axis',(0.,0.,1.));
#2111=DIRECTION('ref_axis',(1.,0.,0.));
#2112=DIRECTION('center_axis',(0.,0.,1.));
#2113=DIRECTION('ref_axis',(-0.707106781186544,0.707106781186551,0.));
#2114=DIRECTION('',(1.,1.19562479575017E-14,0.));
#2115=DIRECTION('center_axis',(0.,0.,-1.));
#2116=DIRECTION('ref_axis',(0.707106781186544,0.707106781186551,0.));
#2117=DIRECTION('',(-1.,0.,0.));
#2118=DIRECTION('',(0.,-1.,0.));
#2119=DIRECTION('',(0.99026806874157,-0.139173100960065,0.));
#2120=DIRECTION('center_axis',(0.,0.,1.));
#2121=DIRECTION('ref_axis',(0.754709580222772,0.656059028990508,0.));
#2122=DIRECTION('',(0.,-1.,0.));
#2123=DIRECTION('center_axis',(0.,0.,-1.));
#2124=DIRECTION('ref_axis',(0.754709580222772,-0.656059028990508,0.));
#2125=DIRECTION('',(0.99026806874157,0.139173100960065,0.));
#2126=DIRECTION('',(0.,1.,0.));
#2127=DIRECTION('',(-1.,0.,0.));
#2128=DIRECTION('center_axis',(0.,0.,1.));
#2129=DIRECTION('ref_axis',(0.707106781186544,-0.707106781186551,0.));
#2130=DIRECTION('',(1.,-1.19562479575017E-14,0.));
#2131=DIRECTION('center_axis',(0.,0.,-1.));
#2132=DIRECTION('ref_axis',(-0.707106781186544,-0.707106781186551,0.));
#2133=DIRECTION('center_axis',(0.139173100960066,0.99026806874157,0.));
#2134=DIRECTION('ref_axis',(-0.99026806874157,0.139173100960066,0.));
#2135=DIRECTION('',(0.99026806874157,-0.139173100960066,0.));
#2136=DIRECTION('center_axis',(0.,0.,1.));
#2137=DIRECTION('ref_axis',(1.,0.,0.));
#2138=DIRECTION('center_axis',(0.,0.,1.));
#2139=DIRECTION('ref_axis',(-0.707106781186544,-0.707106781186551,0.));
#2140=DIRECTION('',(-1.,1.19562479575017E-14,0.));
#2141=DIRECTION('center_axis',(0.,0.,-1.));
#2142=DIRECTION('ref_axis',(0.707106781186544,-0.707106781186551,0.));
#2143=DIRECTION('',(1.,0.,0.));
#2144=DIRECTION('',(0.,-1.,0.));
#2145=DIRECTION('',(-0.99026806874157,-0.139173100960065,0.));
#2146=DIRECTION('center_axis',(0.,0.,1.));
#2147=DIRECTION('ref_axis',(0.754709580222772,-0.656059028990508,0.));
#2148=DIRECTION('',(0.,1.,0.));
#2149=DIRECTION('center_axis',(0.,0.,-1.));
#2150=DIRECTION('ref_axis',(0.754709580222772,0.656059028990508,0.));
#2151=DIRECTION('',(-0.99026806874157,0.139173100960065,0.));
#2152=DIRECTION('',(0.,1.,0.));
#2153=DIRECTION('',(1.,0.,0.));
#2154=DIRECTION('center_axis',(0.,0.,1.));
#2155=DIRECTION('ref_axis',(0.707106781186544,0.707106781186551,0.));
#2156=DIRECTION('',(-1.,-1.19562479575017E-14,0.));
#2157=DIRECTION('center_axis',(0.,0.,-1.));
#2158=DIRECTION('ref_axis',(-0.707106781186544,0.707106781186551,0.));
#2159=DIRECTION('center_axis',(0.,0.,-1.));
#2160=DIRECTION('ref_axis',(0.754709580222772,-0.656059028990508,0.));
#2161=DIRECTION('',(0.,0.,-1.));
#2162=DIRECTION('',(0.,0.,1.));
#2163=DIRECTION('center_axis',(0.,0.,-1.));
#2164=DIRECTION('ref_axis',(-0.707106781186544,-0.707106781186551,0.));
#2165=DIRECTION('',(0.,0.,1.));
#2166=DIRECTION('center_axis',(-1.19562479575017E-14,-1.,0.));
#2167=DIRECTION('ref_axis',(1.,-1.19562479575017E-14,0.));
#2168=DIRECTION('',(0.,0.,-1.));
#2169=DIRECTION('center_axis',(0.,0.,-1.));
#2170=DIRECTION('ref_axis',(0.707106781186548,0.707106781186548,0.));
#2171=DIRECTION('',(0.,0.,1.));
#2172=DIRECTION('center_axis',(0.139173100960065,-0.99026806874157,0.));
#2173=DIRECTION('ref_axis',(0.99026806874157,0.139173100960065,0.));
#2174=DIRECTION('',(0.,0.,1.));
#2175=DIRECTION('center_axis',(1.,0.,0.));
#2176=DIRECTION('ref_axis',(0.,1.,0.));
#2177=DIRECTION('',(0.,0.,1.));
#2178=DIRECTION('center_axis',(0.,1.,0.));
#2179=DIRECTION('ref_axis',(-1.,0.,0.));
#2180=DIRECTION('center_axis',(0.,0.,1.));
#2181=DIRECTION('ref_axis',(0.754709580222772,0.656059028990508,0.));
#2182=DIRECTION('',(0.,0.,1.));
#2183=DIRECTION('',(0.,0.,-1.));
#2184=DIRECTION('center_axis',(-1.,0.,0.));
#2185=DIRECTION('ref_axis',(0.,-1.,0.));
#2186=DIRECTION('center_axis',(0.,0.,1.));
#2187=DIRECTION('ref_axis',(-0.707106781186544,0.707106781186551,0.));
#2188=DIRECTION('',(0.,0.,1.));
#2189=DIRECTION('center_axis',(1.19562479575017E-14,-1.,0.));
#2190=DIRECTION('ref_axis',(1.,1.19562479575017E-14,0.));
#2191=DIRECTION('',(0.,0.,-1.));
#2192=DIRECTION('center_axis',(0.,0.,1.));
#2193=DIRECTION('ref_axis',(0.707106781186548,-0.707106781186548,0.));
#2194=DIRECTION('',(0.,0.,1.));
#2195=DIRECTION('center_axis',(-0.139173100960065,-0.99026806874157,0.));
#2196=DIRECTION('ref_axis',(0.99026806874157,-0.139173100960065,0.));
#2197=DIRECTION('',(0.,0.,1.));
#2198=DIRECTION('center_axis',(-1.,0.,0.));
#2199=DIRECTION('ref_axis',(0.,-1.,0.));
#2200=DIRECTION('',(0.,0.,1.));
#2201=DIRECTION('center_axis',(0.,1.,0.));
#2202=DIRECTION('ref_axis',(-1.,0.,0.));
#2203=DIRECTION('',(0.,0.,1.));
#2204=DIRECTION('',(1.,0.,0.));
#2205=DIRECTION('',(0.,0.,1.));
#2206=DIRECTION('',(1.,0.,0.));
#2207=CARTESIAN_POINT('',(0.,0.,0.));
#2208=CARTESIAN_POINT('',(0.,0.,0.));
#2209=CARTESIAN_POINT('Origin',(2.,8.25,2.));
#2210=CARTESIAN_POINT('',(2.,-14.5,0.));
#2211=CARTESIAN_POINT('',(0.,-14.5,2.));
#2212=CARTESIAN_POINT('Origin',(2.,-14.5,2.));
#2213=CARTESIAN_POINT('',(0.,14.5,2.));
#2214=CARTESIAN_POINT('',(0.,8.25,2.));
#2215=CARTESIAN_POINT('',(2.,14.5,0.));
#2216=CARTESIAN_POINT('Origin',(2.,14.5,2.));
#2217=CARTESIAN_POINT('',(2.,0.465341561573512,0.));
#2218=CARTESIAN_POINT('',(2.,8.25,0.));
#2219=CARTESIAN_POINT('',(2.,-0.465341561573511,0.));
#2220=CARTESIAN_POINT('',(2.,0.,0.));
#2221=CARTESIAN_POINT('',(2.,8.25,0.));
#2222=CARTESIAN_POINT('Origin',(2.,14.5,0.));
#2223=CARTESIAN_POINT('',(2.,16.5,2.));
#2224=CARTESIAN_POINT('Origin',(2.,14.5,2.));
#2225=CARTESIAN_POINT('',(0.,14.5,13.));
#2226=CARTESIAN_POINT('',(0.,14.5,0.));
#2227=CARTESIAN_POINT('',(2.,16.5,13.));
#2228=CARTESIAN_POINT('Origin',(2.,14.5,13.));
#2229=CARTESIAN_POINT('',(2.,16.5,0.));
#2230=CARTESIAN_POINT('Origin',(2.,8.25,13.));
#2231=CARTESIAN_POINT('',(2.,14.5,15.));
#2232=CARTESIAN_POINT('Origin',(2.,14.5,13.));
#2233=CARTESIAN_POINT('',(0.,-14.5,13.));
#2234=CARTESIAN_POINT('',(0.,8.25,13.));
#2235=CARTESIAN_POINT('',(2.,-14.5,15.));
#2236=CARTESIAN_POINT('Origin',(2.,-14.5,13.));
#2237=CARTESIAN_POINT('',(2.,-0.465341561573509,15.));
#2238=CARTESIAN_POINT('',(2.,8.25,15.));
#2239=CARTESIAN_POINT('',(2.,0.46534156157351,15.));
#2240=CARTESIAN_POINT('',(2.,0.,15.));
#2241=CARTESIAN_POINT('',(2.,8.25,15.));
#2242=CARTESIAN_POINT('Origin',(2.,-14.5,0.));
#2243=CARTESIAN_POINT('',(2.,-16.5,2.));
#2244=CARTESIAN_POINT('Origin',(2.,-14.5,2.));
#2245=CARTESIAN_POINT('',(2.,-16.5,13.));
#2246=CARTESIAN_POINT('',(2.,-16.5,0.));
#2247=CARTESIAN_POINT('Origin',(2.,-14.5,13.));
#2248=CARTESIAN_POINT('',(0.,-14.5,0.));
#2249=CARTESIAN_POINT('Origin',(2.,-14.5,13.));
#2250=CARTESIAN_POINT('Origin',(2.,-14.5,13.));
#2251=CARTESIAN_POINT('Origin',(2.,14.5,13.));
#2252=CARTESIAN_POINT('Origin',(2.,14.5,13.));
#2253=CARTESIAN_POINT('Origin',(2.,14.5,2.));
#2254=CARTESIAN_POINT('Origin',(2.,14.5,2.));
#2255=CARTESIAN_POINT('Origin',(2.,-14.5,2.));
#2256=CARTESIAN_POINT('Origin',(2.,-14.5,2.));
#2257=CARTESIAN_POINT('Origin',(16.5,14.5,13.));
#2258=CARTESIAN_POINT('',(20.,14.5,15.));
#2259=CARTESIAN_POINT('',(16.5,14.5,15.));
#2260=CARTESIAN_POINT('',(20.,16.5,13.));
#2261=CARTESIAN_POINT('Origin',(20.,14.5,13.));
#2262=CARTESIAN_POINT('',(16.5,16.5,13.));
#2263=CARTESIAN_POINT('Origin',(11.,0.,15.));
#2264=CARTESIAN_POINT('',(20.,-14.5,15.));
#2265=CARTESIAN_POINT('',(5.5,-14.5,15.));
#2266=CARTESIAN_POINT('',(20.,-6.65,15.));
#2267=CARTESIAN_POINT('',(20.,-8.25,15.));
#2268=CARTESIAN_POINT('',(6.5,-6.65,15.));
#2269=CARTESIAN_POINT('',(16.5,-6.65,15.));
#2270=CARTESIAN_POINT('Ctrl Pts',(2.,-0.465341561573509,15.));
#2271=CARTESIAN_POINT('Ctrl Pts',(2.,-0.967631886684379,15.));
#2272=CARTESIAN_POINT('Ctrl Pts',(2.09650124286789,-1.5626051061934,15.));
#2273=CARTESIAN_POINT('Ctrl Pts',(2.41358597249347,-2.55815772960228,15.));
#2274=CARTESIAN_POINT('Ctrl Pts',(2.70586181178546,-3.13991055141308,15.));
#2275=CARTESIAN_POINT('Ctrl Pts',(3.42633555764009,-4.19589658280442,15.));
#2276=CARTESIAN_POINT('Ctrl Pts',(3.97961718337918,-4.77279090135247,15.));
#2277=CARTESIAN_POINT('Ctrl Pts',(5.21261858506857,-5.79300667080763,15.));
#2278=CARTESIAN_POINT('Ctrl Pts',(5.88776469748681,-6.24184313165788,15.));
#2279=CARTESIAN_POINT('Ctrl Pts',(6.5,-6.65,15.));
#2280=CARTESIAN_POINT('Origin',(11.,0.,15.));
#2281=CARTESIAN_POINT('',(6.5,6.65,15.));
#2282=CARTESIAN_POINT('Ctrl Pts',(6.5,6.65,15.));
#2283=CARTESIAN_POINT('Ctrl Pts',(5.88776469748681,6.24184313165788,15.));
#2284=CARTESIAN_POINT('Ctrl Pts',(5.21261858506857,5.79300667080763,15.));
#2285=CARTESIAN_POINT('Ctrl Pts',(3.97961718337918,4.77279090135247,15.));
#2286=CARTESIAN_POINT('Ctrl Pts',(3.42633555764008,4.19589658280442,15.));
#2287=CARTESIAN_POINT('Ctrl Pts',(2.70586181178546,3.13991055141308,15.));
#2288=CARTESIAN_POINT('Ctrl Pts',(2.41358597249347,2.55815772960228,15.));
#2289=CARTESIAN_POINT('Ctrl Pts',(2.09650124286789,1.5626051061934,15.));
#2290=CARTESIAN_POINT('Ctrl Pts',(2.,0.96763188668438,15.));
#2291=CARTESIAN_POINT('Ctrl Pts',(2.,0.46534156157351,15.));
#2292=CARTESIAN_POINT('',(20.,6.65,15.));
#2293=CARTESIAN_POINT('',(6.5,6.65,15.));
#2294=CARTESIAN_POINT('',(20.,2.325,15.));
#2295=CARTESIAN_POINT('Origin',(11.,0.,0.));
#2296=CARTESIAN_POINT('',(6.5,-6.65,0.));
#2297=CARTESIAN_POINT('Ctrl Pts',(6.5,-6.65,0.));
#2298=CARTESIAN_POINT('Ctrl Pts',(5.88776469748681,-6.24184313165788,0.));
#2299=CARTESIAN_POINT('Ctrl Pts',(5.21261858506857,-5.79300667080764,1.05879118406788E-21));
#2300=CARTESIAN_POINT('Ctrl Pts',(3.97961718337918,-4.77279090135247,1.05879118406788E-21));
#2301=CARTESIAN_POINT('Ctrl Pts',(3.42633555764009,-4.19589658280442,0.));
#2302=CARTESIAN_POINT('Ctrl Pts',(2.70586181178546,-3.13991055141308,0.));
#2303=CARTESIAN_POINT('Ctrl Pts',(2.41358597249347,-2.55815772960228,0.));
#2304=CARTESIAN_POINT('Ctrl Pts',(2.09650124286789,-1.5626051061934,0.));
#2305=CARTESIAN_POINT('Ctrl Pts',(2.,-0.96763188668438,0.));
#2306=CARTESIAN_POINT('Ctrl Pts',(2.,-0.465341561573511,0.));
#2307=CARTESIAN_POINT('',(20.,-6.65,0.));
#2308=CARTESIAN_POINT('',(16.5,-6.65,0.));
#2309=CARTESIAN_POINT('',(20.,-14.5,0.));
#2310=CARTESIAN_POINT('',(20.,-8.25,0.));
#2311=CARTESIAN_POINT('',(5.5,-14.5,0.));
#2312=CARTESIAN_POINT('Origin',(5.5,-14.5,13.));
#2313=CARTESIAN_POINT('',(20.,-16.5,13.));
#2314=CARTESIAN_POINT('',(5.5,-16.5,13.));
#2315=CARTESIAN_POINT('Origin',(20.,-14.5,13.));
#2316=CARTESIAN_POINT('Origin',(0.,-16.5,0.));
#2317=CARTESIAN_POINT('',(20.,-16.5,2.));
#2318=CARTESIAN_POINT('',(5.5,-16.5,2.));
#2319=CARTESIAN_POINT('',(20.,-16.5,0.));
#2320=CARTESIAN_POINT('',(9.7,-16.5,7.5));
#2321=CARTESIAN_POINT('Origin',(14.5,-16.5,7.5));
#2322=CARTESIAN_POINT('Origin',(0.,16.5,0.));
#2323=CARTESIAN_POINT('Origin',(6.5,6.65,13.));
#2324=CARTESIAN_POINT('',(2.,0.150000000000002,13.));
#2325=CARTESIAN_POINT('',(6.5,4.65,13.));
#2326=CARTESIAN_POINT('Origin',(6.49999999999999,0.150000000000001,13.));
#2327=CARTESIAN_POINT('Origin',(6.5,6.65,13.));
#2328=CARTESIAN_POINT('Origin',(2.,6.65,13.));
#2329=CARTESIAN_POINT('Origin',(6.5,0.150000000000001,0.));
#2330=CARTESIAN_POINT('',(2.,0.150000000000003,2.));
#2331=CARTESIAN_POINT('',(6.5,4.65,2.));
#2332=CARTESIAN_POINT('Origin',(6.5,0.150000000000001,2.));
#2333=CARTESIAN_POINT('',(6.5,4.65,0.));
#2334=CARTESIAN_POINT('',(2.,0.150000000000003,0.));
#2335=CARTESIAN_POINT('Origin',(6.5,6.65,2.));
#2336=CARTESIAN_POINT('',(6.5,6.65,0.));
#2337=CARTESIAN_POINT('Ctrl Pts',(2.,0.465341561573512,0.));
#2338=CARTESIAN_POINT('Ctrl Pts',(2.,0.967631886684382,-6.6778532542598E-20));
#2339=CARTESIAN_POINT('Ctrl Pts',(2.09650124286789,1.5626051061934,0.));
#2340=CARTESIAN_POINT('Ctrl Pts',(2.41358597249347,2.55815772960228,0.));
#2341=CARTESIAN_POINT('Ctrl Pts',(2.70586181178546,3.13991055141308,0.));
#2342=CARTESIAN_POINT('Ctrl Pts',(3.42633555764008,4.19589658280442,0.));
#2343=CARTESIAN_POINT('Ctrl Pts',(3.97961718337918,4.77279090135248,0.));
#2344=CARTESIAN_POINT('Ctrl Pts',(5.21261858506857,5.79300667080764,0.));
#2345=CARTESIAN_POINT('Ctrl Pts',(5.88776469748681,6.24184313165788,0.));
#2346=CARTESIAN_POINT('Ctrl Pts',(6.5,6.65,0.));
#2347=CARTESIAN_POINT('Origin',(6.5,6.65,2.));
#2348=CARTESIAN_POINT('Origin',(2.,6.65,2.));
#2349=CARTESIAN_POINT('Origin',(2.,-4.65,0.));
#2350=CARTESIAN_POINT('',(2.,-0.149999999999999,13.));
#2351=CARTESIAN_POINT('Origin',(2.,-6.65,13.));
#2352=CARTESIAN_POINT('',(2.,-0.150000000000001,2.));
#2353=CARTESIAN_POINT('',(2.,-0.149999999999999,0.));
#2354=CARTESIAN_POINT('Origin',(2.,-6.65,2.));
#2355=CARTESIAN_POINT('Origin',(6.5,-6.65,2.));
#2356=CARTESIAN_POINT('',(6.5,-4.65,2.));
#2357=CARTESIAN_POINT('Origin',(6.5,-0.150000000000002,2.));
#2358=CARTESIAN_POINT('Origin',(6.5,-6.65,2.));
#2359=CARTESIAN_POINT('Origin',(6.5,-0.150000000000001,0.));
#2360=CARTESIAN_POINT('',(6.5,-4.65,13.));
#2361=CARTESIAN_POINT('Origin',(6.5,-0.150000000000001,13.));
#2362=CARTESIAN_POINT('',(6.5,-4.65,0.));
#2363=CARTESIAN_POINT('Origin',(6.5,-6.65,13.));
#2364=CARTESIAN_POINT('Origin',(6.5,-6.65,13.));
#2365=CARTESIAN_POINT('Origin',(20.,14.5,2.));
#2366=CARTESIAN_POINT('',(22.,14.5,2.));
#2367=CARTESIAN_POINT('',(20.,16.5,2.));
#2368=CARTESIAN_POINT('Origin',(20.,14.5,2.));
#2369=CARTESIAN_POINT('',(20.,14.5,0.));
#2370=CARTESIAN_POINT('Origin',(20.,14.5,2.));
#2371=CARTESIAN_POINT('Origin',(20.,14.5,2.));
#2372=CARTESIAN_POINT('Origin',(20.,6.65,2.));
#2373=CARTESIAN_POINT('',(20.,4.65,2.));
#2374=CARTESIAN_POINT('',(22.,6.65,2.));
#2375=CARTESIAN_POINT('Origin',(20.,6.65,2.));
#2376=CARTESIAN_POINT('',(20.,6.65,0.));
#2377=CARTESIAN_POINT('Origin',(20.,6.65,2.));
#2378=CARTESIAN_POINT('Origin',(20.,6.65,2.));
#2379=CARTESIAN_POINT('Origin',(6.5,6.65,2.));
#2380=CARTESIAN_POINT('',(6.5,6.65,0.));
#2381=CARTESIAN_POINT('',(6.5,4.65,2.));
#2382=CARTESIAN_POINT('Origin',(20.,2.325,2.));
#2383=CARTESIAN_POINT('',(22.,2.325,2.));
#2384=CARTESIAN_POINT('',(20.,2.325,0.));
#2385=CARTESIAN_POINT('Origin',(20.,14.5,13.));
#2386=CARTESIAN_POINT('',(22.,14.5,13.));
#2387=CARTESIAN_POINT('Origin',(20.,14.5,13.));
#2388=CARTESIAN_POINT('Origin',(20.,14.5,13.));
#2389=CARTESIAN_POINT('Origin',(20.,14.5,0.));
#2390=CARTESIAN_POINT('',(22.,14.5,0.));
#2391=CARTESIAN_POINT('',(20.,16.5,0.));
#2392=CARTESIAN_POINT('Origin',(20.,6.65,13.));
#2393=CARTESIAN_POINT('',(20.,4.65,13.));
#2394=CARTESIAN_POINT('Origin',(20.,6.65,13.));
#2395=CARTESIAN_POINT('',(22.,6.65,13.));
#2396=CARTESIAN_POINT('Origin',(20.,6.65,13.));
#2397=CARTESIAN_POINT('Origin',(20.,6.65,13.));
#2398=CARTESIAN_POINT('Origin',(20.,6.65,0.));
#2399=CARTESIAN_POINT('',(20.,4.65,0.));
#2400=CARTESIAN_POINT('',(22.,6.65,0.));
#2401=CARTESIAN_POINT('Origin',(20.,2.325,13.));
#2402=CARTESIAN_POINT('',(22.,2.325,13.));
#2403=CARTESIAN_POINT('Origin',(6.5,6.65,13.));
#2404=CARTESIAN_POINT('',(6.5,4.65,13.));
#2405=CARTESIAN_POINT('Origin',(16.5,14.5,2.));
#2406=CARTESIAN_POINT('',(16.5,16.5,2.));
#2407=CARTESIAN_POINT('',(16.5,14.5,0.));
#2408=CARTESIAN_POINT('Origin',(22.,16.5,0.));
#2409=CARTESIAN_POINT('',(14.473156905212,16.5,12.3496679729918));
#2410=CARTESIAN_POINT('',(10.2866427880753,16.5,9.90158718449326));
#2411=CARTESIAN_POINT('',(14.5869199052716,16.5,12.4161913399495));
#2412=CARTESIAN_POINT('',(10.3134858828634,16.5,5.05191921150148));
#2413=CARTESIAN_POINT('',(10.3142242009348,16.5,4.91852931985633));
#2414=CARTESIAN_POINT('',(14.526843094788,16.5,2.65033202700822));
#2415=CARTESIAN_POINT('',(15.8105630173382,16.5,1.91861972268479));
#2416=CARTESIAN_POINT('',(18.7133572119247,16.5,5.09841281550674));
#2417=CARTESIAN_POINT('',(16.733863153416,16.5,3.94089578821521));
#2418=CARTESIAN_POINT('',(18.6865141171367,16.5,9.94808078849852));
#2419=CARTESIAN_POINT('',(18.7275170773902,16.5,2.5401889373657));
#2420=CARTESIAN_POINT('',(22.0769126456491,16.5,8.01557489192846));
#2421=CARTESIAN_POINT('Origin',(22.,4.65,0.));
#2422=CARTESIAN_POINT('Origin',(20.,-6.65,2.));
#2423=CARTESIAN_POINT('',(22.,-6.65,2.));
#2424=CARTESIAN_POINT('',(20.,-4.65,2.));
#2425=CARTESIAN_POINT('Origin',(20.,-6.65,2.));
#2426=CARTESIAN_POINT('Origin',(20.,-6.65,2.));
#2427=CARTESIAN_POINT('Origin',(20.,-6.65,2.));
#2428=CARTESIAN_POINT('Origin',(20.,-14.5,2.));
#2429=CARTESIAN_POINT('',(22.,-14.5,2.));
#2430=CARTESIAN_POINT('Origin',(20.,-14.5,2.));
#2431=CARTESIAN_POINT('Origin',(20.,-14.5,2.));
#2432=CARTESIAN_POINT('Origin',(20.,-14.5,2.));
#2433=CARTESIAN_POINT('Origin',(5.5,-14.5,2.));
#2434=CARTESIAN_POINT('Origin',(20.,-8.25,2.));
#2435=CARTESIAN_POINT('',(22.,-8.25,2.));
#2436=CARTESIAN_POINT('Origin',(20.,-6.65,13.));
#2437=CARTESIAN_POINT('',(22.,-6.65,13.));
#2438=CARTESIAN_POINT('Origin',(20.,-6.65,13.));
#2439=CARTESIAN_POINT('',(20.,-4.65,13.));
#2440=CARTESIAN_POINT('Origin',(20.,-6.65,13.));
#2441=CARTESIAN_POINT('Origin',(20.,-6.65,13.));
#2442=CARTESIAN_POINT('Origin',(20.,-6.65,0.));
#2443=CARTESIAN_POINT('',(22.,-6.65,0.));
#2444=CARTESIAN_POINT('',(20.,-4.65,0.));
#2445=CARTESIAN_POINT('Origin',(16.5,-6.65,13.));
#2446=CARTESIAN_POINT('',(16.5,-4.65,13.));
#2447=CARTESIAN_POINT('Origin',(20.,-14.5,13.));
#2448=CARTESIAN_POINT('',(22.,-14.5,13.));
#2449=CARTESIAN_POINT('Origin',(20.,-14.5,13.));
#2450=CARTESIAN_POINT('Origin',(20.,-14.5,13.));
#2451=CARTESIAN_POINT('Origin',(20.,-14.5,0.));
#2452=CARTESIAN_POINT('',(22.,-14.5,0.));
#2453=CARTESIAN_POINT('Origin',(20.,-8.25,13.));
#2454=CARTESIAN_POINT('',(22.,-8.25,13.));
#2455=CARTESIAN_POINT('Origin',(16.5,-6.65,2.));
#2456=CARTESIAN_POINT('',(16.5,-4.65,2.));
#2457=CARTESIAN_POINT('Origin',(22.,-4.65,0.));
#2458=CARTESIAN_POINT('',(11.95,-4.65,7.5));
#2459=CARTESIAN_POINT('Origin',(14.5,-4.65,7.5));
#2460=CARTESIAN_POINT('Origin',(22.,-16.5,0.));
#2461=CARTESIAN_POINT('Origin',(14.473156905212,16.5,12.3496679729918));
#2462=CARTESIAN_POINT('',(14.473156905212,12.5,12.3496679729918));
#2463=CARTESIAN_POINT('',(14.473156905212,16.5,12.3496679729918));
#2464=CARTESIAN_POINT('',(10.2866427880753,12.5,9.90158718449326));
#2465=CARTESIAN_POINT('',(10.2866427880753,12.5,9.90158718449326));
#2466=CARTESIAN_POINT('',(10.2866427880753,16.5,9.90158718449326));
#2467=CARTESIAN_POINT('Origin',(18.6865141171367,16.5,9.94808078849852));
#2468=CARTESIAN_POINT('',(18.6865141171367,12.5,9.94808078849852));
#2469=CARTESIAN_POINT('',(18.6865141171367,16.5,9.94808078849852));
#2470=CARTESIAN_POINT('',(14.473156905212,12.5,12.3496679729918));
#2471=CARTESIAN_POINT('Origin',(18.7133572119247,16.5,5.09841281550674));
#2472=CARTESIAN_POINT('',(18.7133572119247,12.5,5.09841281550674));
#2473=CARTESIAN_POINT('',(18.7133572119247,16.5,5.09841281550674));
#2474=CARTESIAN_POINT('',(18.6865141171367,12.5,9.94808078849852));
#2475=CARTESIAN_POINT('Origin',(14.526843094788,16.5,2.65033202700822));
#2476=CARTESIAN_POINT('',(14.526843094788,12.5,2.65033202700822));
#2477=CARTESIAN_POINT('',(14.526843094788,16.5,2.65033202700822));
#2478=CARTESIAN_POINT('',(18.7133572119247,12.5,5.09841281550674));
#2479=CARTESIAN_POINT('Origin',(10.3134858828634,16.5,5.05191921150148));
#2480=CARTESIAN_POINT('',(10.3134858828634,12.5,5.05191921150148));
#2481=CARTESIAN_POINT('',(10.3134858828634,16.5,5.05191921150148));
#2482=CARTESIAN_POINT('',(14.526843094788,12.5,2.65033202700822));
#2483=CARTESIAN_POINT('Origin',(10.2866427880753,16.5,9.90158718449326));
#2484=CARTESIAN_POINT('',(10.3134858828634,12.5,5.05191921150148));
#2485=CARTESIAN_POINT('Origin',(14.5,12.5,7.5));
#2486=CARTESIAN_POINT('',(17.05,12.5,7.5));
#2487=CARTESIAN_POINT('Origin',(14.5,12.5,7.5));
#2488=CARTESIAN_POINT('Origin',(14.5,16.5,7.5));
#2489=CARTESIAN_POINT('',(17.05,4.65,7.5));
#2490=CARTESIAN_POINT('',(17.05,16.5,7.5));
#2491=CARTESIAN_POINT('Origin',(14.5,4.65,7.5));
#2492=CARTESIAN_POINT('Origin',(14.5,-16.5,7.5));
#2493=CARTESIAN_POINT('',(9.7,-12.5,7.5));
#2494=CARTESIAN_POINT('',(9.7,-16.5,7.5));
#2495=CARTESIAN_POINT('Origin',(14.5,-12.5,7.5));
#2496=CARTESIAN_POINT('Origin',(14.5,-12.5,7.5));
#2497=CARTESIAN_POINT('',(11.95,-12.5,7.5));
#2498=CARTESIAN_POINT('Origin',(14.5,-12.5,7.5));
#2499=CARTESIAN_POINT('Origin',(14.5,-16.5,7.5));
#2500=CARTESIAN_POINT('',(11.95,-16.5,7.5));
#2501=CARTESIAN_POINT('Origin',(2.,4.65,0.));
#2502=CARTESIAN_POINT('Origin',(11.,0.,0.));
#2503=CARTESIAN_POINT('',(0.,0.,0.));
#2504=CARTESIAN_POINT('Ctrl Pts',(-76.0160841244942,-26.892202364653,30.));
#2505=CARTESIAN_POINT('Ctrl Pts',(-76.0473144953195,-27.1231962844094,30.));
#2506=CARTESIAN_POINT('Ctrl Pts',(-76.099176637189,-27.5067920958215,29.8688823425284));
#2507=CARTESIAN_POINT('Ctrl Pts',(-76.1457284610748,-27.851110398392,29.4482910776672));
#2508=CARTESIAN_POINT('Ctrl Pts',(-76.1552572254543,-27.9215894409487,29.1495996501708));
#2509=CARTESIAN_POINT('Ctrl Pts',(-76.1552572254543,-27.9215894409487,28.9999999999999));
#2510=CARTESIAN_POINT('Ctrl Pts',(-76.3152834248361,-26.892202364653,30.));
#2511=CARTESIAN_POINT('Ctrl Pts',(-76.340536030179,-27.1224861181412,30.009629720678));
#2512=CARTESIAN_POINT('Ctrl Pts',(-76.3817547972317,-27.5184488582431,29.8907725972226));
#2513=CARTESIAN_POINT('Ctrl Pts',(-76.4178344231691,-27.8834493141321,29.4654363787147));
#2514=CARTESIAN_POINT('Ctrl Pts',(-76.4252080709222,-27.9595285580994,29.155014815645));
#2515=CARTESIAN_POINT('Ctrl Pts',(-76.4252080709222,-27.9595285580994,28.9999999999999));
#2516=CARTESIAN_POINT('Ctrl Pts',(-76.8331000219658,-26.892202364653,30.2512825581105));
#2517=CARTESIAN_POINT('Ctrl Pts',(-76.8407065032752,-27.1792074143675,30.2661313005029));
#2518=CARTESIAN_POINT('Ctrl Pts',(-76.8527953276955,-27.6738561895083,30.123614960145));
#2519=CARTESIAN_POINT('Ctrl Pts',(-76.863211122085,-28.1344805740878,29.5876148537891));
#2520=CARTESIAN_POINT('Ctrl Pts',(-76.8652923220412,-28.2298273511946,29.1962419551687));
#2521=CARTESIAN_POINT('Ctrl Pts',(-76.8652923220412,-28.2298273511946,28.9999999999999));
#2522=CARTESIAN_POINT('Ctrl Pts',(-77.0160841244942,-26.892202364653,30.7756005247436));
#2523=CARTESIAN_POINT('Ctrl Pts',(-77.0160035950922,-27.2956488499697,30.7800233502654));
#2524=CARTESIAN_POINT('Ctrl Pts',(-77.016105258736,-27.9708833321641,30.5537484291247));
#2525=CARTESIAN_POINT('Ctrl Pts',(-77.0160198410468,-28.5820324957923,29.8039584148723));
#2526=CARTESIAN_POINT('Ctrl Pts',(-77.0160841244942,-28.7074046544567,29.2683590337579));
#2527=CARTESIAN_POINT('Ctrl Pts',(-77.0160841244942,-28.7074046544567,29.));
#2528=CARTESIAN_POINT('Ctrl Pts',(-77.0160841244942,-26.892202364653,31.));
#2529=CARTESIAN_POINT('Ctrl Pts',(-77.0160841244942,-27.3454119193983,31.));
#2530=CARTESIAN_POINT('Ctrl Pts',(-77.0160841244942,-28.0980260448067,30.7377646850568));
#2531=CARTESIAN_POINT('Ctrl Pts',(-77.0160841244942,-28.773577785576,29.8965821553344));
#2532=CARTESIAN_POINT('Ctrl Pts',(-77.0160841244942,-28.9118575096903,29.2991993003419));
#2533=CARTESIAN_POINT('Ctrl Pts',(-77.0160841244942,-28.9118575096903,29.));
#2534=CARTESIAN_POINT('',(-77.0160841244942,-28.9118575096903,29.));
#2535=CARTESIAN_POINT('',(-76.1552572254543,-27.9215894409487,29.));
#2536=CARTESIAN_POINT('Origin',(-76.0160841244942,-28.9118575096903,29.));
#2537=CARTESIAN_POINT('',(-76.0160841244942,-26.892202364653,30.));
#2538=CARTESIAN_POINT('Origin',(-76.0160841244942,-26.892202364653,29.));
#2539=CARTESIAN_POINT('',(-77.0160841244942,-28.6412750271392,30.));
#2540=CARTESIAN_POINT('Ctrl Pts',(-76.0160841244943,-26.8922023646531,30.));
#2541=CARTESIAN_POINT('Ctrl Pts',(-76.0177304082344,-26.8938808503965,30.));
#2542=CARTESIAN_POINT('Ctrl Pts',(-76.019376679027,-26.8955593229388,30.));
#2543=CARTESIAN_POINT('Ctrl Pts',(-76.2196952752203,-27.0997998309779,30.));
#2544=CARTESIAN_POINT('Ctrl Pts',(-76.4231034753934,-27.3076208046047,30.));
#2545=CARTESIAN_POINT('Ctrl Pts',(-76.7258215722626,-27.7129398366581,30.));
#2546=CARTESIAN_POINT('Ctrl Pts',(-76.8382421775482,-27.9013257779746,30.));
#2547=CARTESIAN_POINT('Ctrl Pts',(-76.987875306971,-28.3024046645113,30.));
#2548=CARTESIAN_POINT('Ctrl Pts',(-77.0160841244942,-28.4820637686624,30.));
#2549=CARTESIAN_POINT('Ctrl Pts',(-77.0160841244942,-28.6412750271392,30.));
#2550=CARTESIAN_POINT('Origin',(-77.0160841244942,-26.892202364653,29.));
#2551=CARTESIAN_POINT('Origin',(-76.0160841244942,-28.9118575096903,0.));
#2552=CARTESIAN_POINT('',(-77.0160841244942,-28.9118575096903,0.));
#2553=CARTESIAN_POINT('',(-76.1552572254543,-27.9215894409487,0.));
#2554=CARTESIAN_POINT('Origin',(-76.0160841244942,-28.9118575096903,0.));
#2555=CARTESIAN_POINT('',(-76.1552572254543,-27.9215894409487,0.));
#2556=CARTESIAN_POINT('',(-77.0160841244942,-28.9118575096903,0.));
#2557=CARTESIAN_POINT('Origin',(-77.0160841244942,28.0425707718741,0.));
#2558=CARTESIAN_POINT('',(-77.0160841244942,-30.0425707718741,30.));
#2559=CARTESIAN_POINT('',(-77.0160841244942,-31.0425707718741,30.));
#2560=CARTESIAN_POINT('',(-77.0160841244942,-30.0425707718741,0.));
#2561=CARTESIAN_POINT('',(-77.0160841244942,-30.0425707718741,0.));
#2562=CARTESIAN_POINT('',(-77.0160841244942,-31.0425707718741,0.));
#2563=CARTESIAN_POINT('Origin',(-76.0160841244942,28.9118575096903,0.));
#2564=CARTESIAN_POINT('',(-77.0160841244942,28.9118575096903,29.));
#2565=CARTESIAN_POINT('',(-76.1552572254543,27.9215894409487,29.));
#2566=CARTESIAN_POINT('Origin',(-76.0160841244942,28.9118575096903,29.));
#2567=CARTESIAN_POINT('',(-76.1552572254543,27.9215894409487,0.));
#2568=CARTESIAN_POINT('',(-76.1552572254543,27.9215894409487,0.));
#2569=CARTESIAN_POINT('',(-77.0160841244942,28.9118575096903,0.));
#2570=CARTESIAN_POINT('Origin',(-76.0160841244942,28.9118575096903,0.));
#2571=CARTESIAN_POINT('',(-77.0160841244942,28.9118575096903,0.));
#2572=CARTESIAN_POINT('Ctrl Pts',(-76.1552572254543,27.9215894409487,28.9999999999999));
#2573=CARTESIAN_POINT('Ctrl Pts',(-76.1552572254543,27.9215894409487,29.1495996501709));
#2574=CARTESIAN_POINT('Ctrl Pts',(-76.1457284610748,27.851110398392,29.4482910776672));
#2575=CARTESIAN_POINT('Ctrl Pts',(-76.099176637189,27.5067920958215,29.8688823425284));
#2576=CARTESIAN_POINT('Ctrl Pts',(-76.0473144953195,27.1231962844095,30.));
#2577=CARTESIAN_POINT('Ctrl Pts',(-76.0160841244942,26.892202364653,30.));
#2578=CARTESIAN_POINT('Ctrl Pts',(-76.4252080709222,27.9595285580994,28.9999999999999));
#2579=CARTESIAN_POINT('Ctrl Pts',(-76.4252080709222,27.9595285580994,29.1550148156451));
#2580=CARTESIAN_POINT('Ctrl Pts',(-76.4178344231691,27.8834493141321,29.4654363787147));
#2581=CARTESIAN_POINT('Ctrl Pts',(-76.3817547972318,27.5184488582431,29.8907725972226));
#2582=CARTESIAN_POINT('Ctrl Pts',(-76.340536030179,27.1224861181412,30.009629720678));
#2583=CARTESIAN_POINT('Ctrl Pts',(-76.3152834248361,26.892202364653,30.));
#2584=CARTESIAN_POINT('Ctrl Pts',(-76.8652923220412,28.2298273511946,28.9999999999999));
#2585=CARTESIAN_POINT('Ctrl Pts',(-76.8652923220412,28.2298273511946,29.1962419551687));
#2586=CARTESIAN_POINT('Ctrl Pts',(-76.8632111220849,28.1344805740878,29.5876148537891));
#2587=CARTESIAN_POINT('Ctrl Pts',(-76.8527953276955,27.6738561895083,30.123614960145));
#2588=CARTESIAN_POINT('Ctrl Pts',(-76.8407065032752,27.1792074143675,30.2661313005029));
#2589=CARTESIAN_POINT('Ctrl Pts',(-76.8331000219658,26.892202364653,30.2512825581105));
#2590=CARTESIAN_POINT('Ctrl Pts',(-77.0160841244942,28.7074046544567,29.));
#2591=CARTESIAN_POINT('Ctrl Pts',(-77.0160841244942,28.7074046544567,29.2683590337579));
#2592=CARTESIAN_POINT('Ctrl Pts',(-77.0160198410468,28.5820324957923,29.8039584148723));
#2593=CARTESIAN_POINT('Ctrl Pts',(-77.016105258736,27.9708833321642,30.5537484291247));
#2594=CARTESIAN_POINT('Ctrl Pts',(-77.0160035950922,27.2956488499697,30.7800233502654));
#2595=CARTESIAN_POINT('Ctrl Pts',(-77.0160841244942,26.892202364653,30.7756005247436));
#2596=CARTESIAN_POINT('Ctrl Pts',(-77.0160841244942,28.9118575096903,29.));
#2597=CARTESIAN_POINT('Ctrl Pts',(-77.0160841244942,28.9118575096903,29.2991993003419));
#2598=CARTESIAN_POINT('Ctrl Pts',(-77.0160841244942,28.773577785576,29.8965821553344));
#2599=CARTESIAN_POINT('Ctrl Pts',(-77.0160841244942,28.0980260448067,30.7377646850568));
#2600=CARTESIAN_POINT('Ctrl Pts',(-77.0160841244942,27.3454119193983,31.));
#2601=CARTESIAN_POINT('Ctrl Pts',(-77.0160841244942,26.892202364653,31.));
#2602=CARTESIAN_POINT('',(-77.0160841244942,28.6412750271392,30.));
#2603=CARTESIAN_POINT('',(-76.0160841244942,26.892202364653,30.));
#2604=CARTESIAN_POINT('Ctrl Pts',(-77.0160841244942,28.6412750271392,30.));
#2605=CARTESIAN_POINT('Ctrl Pts',(-77.0160841244942,28.4820637686632,30.));
#2606=CARTESIAN_POINT('Ctrl Pts',(-76.9878753069713,28.3024046645122,30.));
#2607=CARTESIAN_POINT('Ctrl Pts',(-76.8382421775482,27.9013257779746,30.));
#2608=CARTESIAN_POINT('Ctrl Pts',(-76.7258215722625,27.7129398366581,30.));
#2609=CARTESIAN_POINT('Ctrl Pts',(-76.4231034753942,27.3076208046058,30.));
#2610=CARTESIAN_POINT('Ctrl Pts',(-76.219695326153,27.0997998829078,30.));
#2611=CARTESIAN_POINT('Ctrl Pts',(-76.019376677919,26.8955593218092,30.));
#2612=CARTESIAN_POINT('Ctrl Pts',(-76.0177304093423,26.8938808515262,30.));
#2613=CARTESIAN_POINT('Ctrl Pts',(-76.0160841244942,26.892202364653,30.));
#2614=CARTESIAN_POINT('Origin',(-76.0160841244942,26.892202364653,29.));
#2615=CARTESIAN_POINT('Origin',(-77.0160841244942,26.892202364653,29.));
#2616=CARTESIAN_POINT('Origin',(-77.0160841244942,28.0425707718741,0.));
#2617=CARTESIAN_POINT('',(-77.0160841244942,30.0425707718741,0.));
#2618=CARTESIAN_POINT('',(-77.0160841244942,31.0425707718741,0.));
#2619=CARTESIAN_POINT('',(-77.0160841244942,30.0425707718741,30.));
#2620=CARTESIAN_POINT('',(-77.0160841244942,30.0425707718741,0.));
#2621=CARTESIAN_POINT('',(-77.0160841244942,31.0425707718741,30.));
#2622=CARTESIAN_POINT('Origin',(-17.2836408323349,-18.6378957602621,29.));
#2623=CARTESIAN_POINT('',(-11.8608268990399,-18.8855965361597,29.));
#2624=CARTESIAN_POINT('',(-17.1444677313748,-19.6281638290036,29.));
#2625=CARTESIAN_POINT('',(-12.,-17.8953284674181,30.));
#2626=CARTESIAN_POINT('Origin',(-12.,-17.8953284674181,29.));
#2627=CARTESIAN_POINT('',(-17.2836408323349,-18.6378957602621,30.));
#2628=CARTESIAN_POINT('Ctrl Pts',(-11.8608268990399,-18.8855965361597,29.));
#2629=CARTESIAN_POINT('Ctrl Pts',(-8.94363372070655,-18.4756117718886,29.));
#2630=CARTESIAN_POINT('Ctrl Pts',(-4.0985913384534,-17.7946854713182,27.2973889608422));
#2631=CARTESIAN_POINT('Ctrl Pts',(0.250204611343315,-17.1835020585834,21.8282678428967));
#2632=CARTESIAN_POINT('Ctrl Pts',(1.13917310096007,-17.0585656850286,17.9447954522223));
#2633=CARTESIAN_POINT('Ctrl Pts',(1.13917310096007,-17.0585656850286,16.));
#2634=CARTESIAN_POINT('Ctrl Pts',(-11.8608268990399,-18.8855965361597,29.2991993003419));
#2635=CARTESIAN_POINT('Ctrl Pts',(-8.87754284902351,-18.4660757669903,29.2931217274994));
#2636=CARTESIAN_POINT('Ctrl Pts',(-3.93069331723361,-17.7711625593419,27.5432008113881));
#2637=CARTESIAN_POINT('Ctrl Pts',(0.503360567002042,-17.1477212456953,21.9516256555951));
#2638=CARTESIAN_POINT('Ctrl Pts',(1.40912394642793,-17.0206265678779,17.9861005920009));
#2639=CARTESIAN_POINT('Ctrl Pts',(1.40912394642793,-17.0206265678779,16.));
#2640=CARTESIAN_POINT('Ctrl Pts',(-11.8957881272427,-18.6368344715481,29.8171068063094));
#2641=CARTESIAN_POINT('Ctrl Pts',(-8.79740369710367,-18.2121454718248,29.8013547677504));
#2642=CARTESIAN_POINT('Ctrl Pts',(-3.67063375286868,-17.5085864979335,27.9690147444924));
#2643=CARTESIAN_POINT('Ctrl Pts',(0.913399883495721,-16.8790213929259,22.1662762619486));
#2644=CARTESIAN_POINT('Ctrl Pts',(1.84927505074073,-16.7503769170877,18.0574628135781));
#2645=CARTESIAN_POINT('Ctrl Pts',(1.84927505074073,-16.7503769170877,16.));
#2646=CARTESIAN_POINT('Ctrl Pts',(-11.9687696291748,-18.1175441024069,30.));
#2647=CARTESIAN_POINT('Ctrl Pts',(-8.8276101344813,-17.703179555248,29.9929257272831));
#2648=CARTESIAN_POINT('Ctrl Pts',(-3.61982554261889,-17.0154678625945,28.1493753893589));
#2649=CARTESIAN_POINT('Ctrl Pts',(1.04679663257652,-16.3988080362066,22.2637235757731));
#2650=CARTESIAN_POINT('Ctrl Pts',(2.,-16.2727504715206,18.0901796053618));
#2651=CARTESIAN_POINT('Ctrl Pts',(2.,-16.2727504715206,16.));
#2652=CARTESIAN_POINT('Ctrl Pts',(-12.,-17.8953284674181,30.));
#2653=CARTESIAN_POINT('Ctrl Pts',(-8.85840734641021,-17.485343703147,30.));
#2654=CARTESIAN_POINT('Ctrl Pts',(-3.64066939629143,-16.8044174025767,28.166418880907));
#2655=CARTESIAN_POINT('Ctrl Pts',(1.04264931887427,-16.1932339898419,22.2765961385042));
#2656=CARTESIAN_POINT('Ctrl Pts',(2.,-16.068297616287,18.0943951023932));
#2657=CARTESIAN_POINT('Ctrl Pts',(2.,-16.068297616287,16.));
#2658=CARTESIAN_POINT('',(1.13917310096007,-17.0585656850286,16.));
#2659=CARTESIAN_POINT('',(2.,-16.068297616287,16.));
#2660=CARTESIAN_POINT('Origin',(1.,-16.068297616287,16.));
#2661=CARTESIAN_POINT('Origin',(-12.,-17.8953284674181,16.));
#2662=CARTESIAN_POINT('Origin',(-11.8608268990399,-18.8855965361597,16.));
#2663=CARTESIAN_POINT('Origin',(1.,-16.068297616287,0.));
#2664=CARTESIAN_POINT('',(1.13917310096006,-17.0585656850286,0.));
#2665=CARTESIAN_POINT('',(2.,-16.068297616287,0.));
#2666=CARTESIAN_POINT('Origin',(1.,-16.068297616287,0.));
#2667=CARTESIAN_POINT('',(2.,-16.068297616287,0.));
#2668=CARTESIAN_POINT('',(1.13917310096007,-17.0585656850286,0.));
#2669=CARTESIAN_POINT('Origin',(0.,-17.218666023508,0.));
#2670=CARTESIAN_POINT('',(-77.0160841244942,-28.0425707718741,0.));
#2671=CARTESIAN_POINT('Origin',(1.,16.068297616287,0.));
#2672=CARTESIAN_POINT('',(2.,16.068297616287,0.));
#2673=CARTESIAN_POINT('',(1.13917310096006,17.0585656850286,0.));
#2674=CARTESIAN_POINT('Origin',(1.,16.068297616287,0.));
#2675=CARTESIAN_POINT('',(1.13917310096007,17.0585656850286,16.));
#2676=CARTESIAN_POINT('',(1.13917310096007,17.0585656850286,0.));
#2677=CARTESIAN_POINT('',(2.,16.068297616287,16.));
#2678=CARTESIAN_POINT('Origin',(1.,16.068297616287,16.));
#2679=CARTESIAN_POINT('',(2.,16.068297616287,0.));
#2680=CARTESIAN_POINT('Origin',(-19.5605825415738,18.9578990486472,29.));
#2681=CARTESIAN_POINT('',(-12.,17.8953284674181,30.));
#2682=CARTESIAN_POINT('',(-19.5605825415738,18.9578990486472,30.));
#2683=CARTESIAN_POINT('',(-11.8608268990399,18.8855965361597,29.));
#2684=CARTESIAN_POINT('Origin',(-12.,17.8953284674181,29.));
#2685=CARTESIAN_POINT('',(-19.4214094406137,19.9481671173888,29.));
#2686=CARTESIAN_POINT('Ctrl Pts',(1.13917310096007,17.0585656850286,16.));
#2687=CARTESIAN_POINT('Ctrl Pts',(1.13917310096007,17.0585656850286,18.9171931783334));
#2688=CARTESIAN_POINT('Ctrl Pts',(-0.563437938197698,17.2978520616453,23.7622355605865));
#2689=CARTESIAN_POINT('Ctrl Pts',(-6.0325590561432,18.0664869086498,28.1110315103832));
#2690=CARTESIAN_POINT('Ctrl Pts',(-9.91603144681768,18.6122733599789,29.));
#2691=CARTESIAN_POINT('Ctrl Pts',(-11.8608268990399,18.8855965361597,29.));
#2692=CARTESIAN_POINT('Ctrl Pts',(1.40912394642793,17.0206265678779,16.));
#2693=CARTESIAN_POINT('Ctrl Pts',(1.40912394642793,17.0206265678779,18.9791508880013));
#2694=CARTESIAN_POINT('Ctrl Pts',(-0.325344310136488,17.2641213332909,23.9267075039601));
#2695=CARTESIAN_POINT('Ctrl Pts',(-5.90461502466999,18.0485094804787,28.3785492813334));
#2696=CARTESIAN_POINT('Ctrl Pts',(-9.87197086569565,18.6059160233801,29.2951475851136));
#2697=CARTESIAN_POINT('Ctrl Pts',(-11.8608268990399,18.8855965361597,29.2991993003419));
#2698=CARTESIAN_POINT('Ctrl Pts',(1.84927505074073,16.7503769170877,16.));
#2699=CARTESIAN_POINT('Ctrl Pts',(1.84927505074073,16.7503769170877,19.0861942203671));
#2700=CARTESIAN_POINT('Ctrl Pts',(0.0578907172792454,16.9966262590165,24.2130632449606));
#2701=CARTESIAN_POINT('Ctrl Pts',(-5.71509648742341,17.7892067093372,28.8419797983472));
#2702=CARTESIAN_POINT('Ctrl Pts',(-9.83019850715003,18.3537084717326,29.8066054472701));
#2703=CARTESIAN_POINT('Ctrl Pts',(-11.8957881272427,18.6368344715481,29.8171068063094));
#2704=CARTESIAN_POINT('Ctrl Pts',(2.,16.2727504715206,16.));
#2705=CARTESIAN_POINT('Ctrl Pts',(2.,16.2727504715206,19.1352694080426));
#2706=CARTESIAN_POINT('Ctrl Pts',(0.174775141154745,16.5141351149843,24.3424625466829));
#2707=CARTESIAN_POINT('Ctrl Pts',(-5.69773334749465,17.2899096224394,29.0292603829574));
#2708=CARTESIAN_POINT('Ctrl Pts',(-9.87466329937912,17.8413010709676,29.9952838181888));
#2709=CARTESIAN_POINT('Ctrl Pts',(-11.9687696291748,18.1175441024069,30.));
#2710=CARTESIAN_POINT('Ctrl Pts',(2.,16.068297616287,16.));
#2711=CARTESIAN_POINT('Ctrl Pts',(2.,16.068297616287,19.1415926535898));
#2712=CARTESIAN_POINT('Ctrl Pts',(0.166418880907024,16.3075839929037,24.3593306037086));
#2713=CARTESIAN_POINT('Ctrl Pts',(-5.72340386149583,17.0762188399083,29.0426493188743));
#2714=CARTESIAN_POINT('Ctrl Pts',(-9.90560489760681,17.6220052912374,30.));
#2715=CARTESIAN_POINT('Ctrl Pts',(-12.,17.8953284674181,30.));
#2716=CARTESIAN_POINT('Origin',(-12.,17.8953284674181,16.));
#2717=CARTESIAN_POINT('Origin',(-11.8608268990399,18.8855965361597,16.));
#2718=CARTESIAN_POINT('Origin',(2.,0.,0.));
#2719=CARTESIAN_POINT('',(2.,8.26064269296852,0.));
#2720=CARTESIAN_POINT('',(2.,8.26064269296852,16.));
#2721=CARTESIAN_POINT('Origin',(-12.,8.26064269296852,16.));
#2722=CARTESIAN_POINT('',(-12.,8.26064269296852,30.));
#2723=CARTESIAN_POINT('Origin',(-39.7080420622471,16.521285385937,30.));
#2724=CARTESIAN_POINT('',(-76.0160841244942,31.0425707718741,30.));
#2725=CARTESIAN_POINT('Origin',(-76.0160841244942,30.0425707718741,30.));
#2726=CARTESIAN_POINT('',(-75.4160841244942,31.0425707718741,30.));
#2727=CARTESIAN_POINT('',(-74.4160841244942,31.0425707718741,30.));
#2728=CARTESIAN_POINT('',(-75.4160841244942,33.0425707718741,30.));
#2729=CARTESIAN_POINT('Origin',(-75.4160841244942,32.0425707718741,30.));
#2730=CARTESIAN_POINT('',(-79.4160841244942,33.0425707718741,30.));
#2731=CARTESIAN_POINT('',(-79.4160841244942,33.0425707718741,30.));
#2732=CARTESIAN_POINT('',(-79.4160841244942,25.3503860576039,30.));
#2733=CARTESIAN_POINT('',(-79.4160841244942,25.3503860576039,30.));
#2734=CARTESIAN_POINT('',(-20.8608268990399,17.1209813309253,30.));
#2735=CARTESIAN_POINT('',(-20.,17.,30.));
#2736=CARTESIAN_POINT('',(-20.,16.1307132621838,30.));
#2737=CARTESIAN_POINT('Origin',(-21.,16.1307132621838,30.));
#2738=CARTESIAN_POINT('',(-20.,-16.1307132621838,30.));
#2739=CARTESIAN_POINT('',(-20.,0.,30.));
#2740=CARTESIAN_POINT('',(-20.8608268990399,-17.1209813309253,30.));
#2741=CARTESIAN_POINT('Origin',(-21.,-16.1307132621838,30.));
#2742=CARTESIAN_POINT('',(-79.4160841244942,-25.3503860576039,30.));
#2743=CARTESIAN_POINT('',(-20.,-17.,30.));
#2744=CARTESIAN_POINT('',(-79.4160841244942,-33.0425707718741,30.));
#2745=CARTESIAN_POINT('',(-79.4160841244942,-25.3503860576039,30.));
#2746=CARTESIAN_POINT('',(-75.4160841244942,-33.0425707718741,30.));
#2747=CARTESIAN_POINT('',(-79.4160841244942,-33.0425707718741,30.));
#2748=CARTESIAN_POINT('',(-75.4160841244942,-31.0425707718741,30.));
#2749=CARTESIAN_POINT('Origin',(-75.4160841244942,-32.0425707718741,30.));
#2750=CARTESIAN_POINT('',(-76.0160841244942,-31.0425707718741,30.));
#2751=CARTESIAN_POINT('',(-74.4160841244942,-31.0425707718741,30.));
#2752=CARTESIAN_POINT('Origin',(-76.0160841244942,-30.0425707718741,30.));
#2753=CARTESIAN_POINT('Origin',(0.,17.218666023508,0.));
#2754=CARTESIAN_POINT('',(-77.0160841244942,28.0425707718741,0.));
#2755=CARTESIAN_POINT('Origin',(-39.7080420622471,16.521285385937,0.));
#2756=CARTESIAN_POINT('',(-76.0160841244942,-31.0425707718741,0.));
#2757=CARTESIAN_POINT('Origin',(-76.0160841244942,-30.0425707718741,0.));
#2758=CARTESIAN_POINT('',(-75.4160841244942,-31.0425707718741,0.));
#2759=CARTESIAN_POINT('',(-74.4160841244942,-31.0425707718741,0.));
#2760=CARTESIAN_POINT('',(-75.4160841244942,-33.0425707718741,0.));
#2761=CARTESIAN_POINT('Origin',(-75.4160841244942,-32.0425707718741,0.));
#2762=CARTESIAN_POINT('',(-79.4160841244942,-33.0425707718741,0.));
#2763=CARTESIAN_POINT('',(-79.4160841244942,-33.0425707718741,0.));
#2764=CARTESIAN_POINT('',(-79.4160841244942,-25.3503860576039,0.));
#2765=CARTESIAN_POINT('',(-79.4160841244942,-25.3503860576039,0.));
#2766=CARTESIAN_POINT('',(-20.8608268990399,-17.1209813309253,0.));
#2767=CARTESIAN_POINT('',(-20.,-17.,0.));
#2768=CARTESIAN_POINT('',(-20.,-16.1307132621838,0.));
#2769=CARTESIAN_POINT('Origin',(-21.,-16.1307132621838,0.));
#2770=CARTESIAN_POINT('',(-20.,16.1307132621838,0.));
#2771=CARTESIAN_POINT('',(-20.,0.,0.));
#2772=CARTESIAN_POINT('',(-20.8608268990399,17.1209813309253,0.));
#2773=CARTESIAN_POINT('Origin',(-21.,16.1307132621838,0.));
#2774=CARTESIAN_POINT('',(-79.4160841244942,25.3503860576039,0.));
#2775=CARTESIAN_POINT('',(-20.,17.,0.));
#2776=CARTESIAN_POINT('',(-79.4160841244942,33.0425707718741,0.));
#2777=CARTESIAN_POINT('',(-79.4160841244942,25.3503860576039,0.));
#2778=CARTESIAN_POINT('',(-75.4160841244942,33.0425707718741,0.));
#2779=CARTESIAN_POINT('',(-79.4160841244942,33.0425707718741,0.));
#2780=CARTESIAN_POINT('',(-75.4160841244942,31.0425707718741,0.));
#2781=CARTESIAN_POINT('Origin',(-75.4160841244942,32.0425707718741,0.));
#2782=CARTESIAN_POINT('',(-76.0160841244942,31.0425707718741,0.));
#2783=CARTESIAN_POINT('',(-74.4160841244942,31.0425707718741,0.));
#2784=CARTESIAN_POINT('Origin',(-76.0160841244942,30.0425707718741,0.));
#2785=CARTESIAN_POINT('Origin',(-21.,-16.1307132621838,0.));
#2786=CARTESIAN_POINT('',(-20.8608268990399,-17.1209813309253,0.));
#2787=CARTESIAN_POINT('',(-20.,-16.1307132621838,0.));
#2788=CARTESIAN_POINT('Origin',(-76.0160841244942,-30.0425707718741,0.));
#2789=CARTESIAN_POINT('',(-76.0160841244942,-31.0425707718741,0.));
#2790=CARTESIAN_POINT('Origin',(-77.0160841244942,-31.0425707718741,0.));
#2791=CARTESIAN_POINT('',(-75.4160841244942,-31.0425707718741,0.));
#2792=CARTESIAN_POINT('Origin',(-75.4160841244942,-32.0425707718741,0.));
#2793=CARTESIAN_POINT('',(-75.4160841244942,-33.0425707718741,0.));
#2794=CARTESIAN_POINT('Origin',(-79.4160841244942,-25.3503860576039,0.));
#2795=CARTESIAN_POINT('',(-79.4160841244942,-25.3503860576039,0.));
#2796=CARTESIAN_POINT('Origin',(-79.4160841244942,-33.0425707718741,0.));
#2797=CARTESIAN_POINT('',(-79.4160841244942,-33.0425707718741,0.));
#2798=CARTESIAN_POINT('Origin',(-74.4160841244942,-33.0425707718741,0.));
#2799=CARTESIAN_POINT('Origin',(-21.,16.1307132621838,0.));
#2800=CARTESIAN_POINT('',(-20.,16.1307132621838,0.));
#2801=CARTESIAN_POINT('',(-20.8608268990399,17.1209813309253,0.));
#2802=CARTESIAN_POINT('Origin',(-20.,17.,0.));
#2803=CARTESIAN_POINT('Origin',(-76.0160841244942,30.0425707718741,0.));
#2804=CARTESIAN_POINT('',(-76.0160841244942,31.0425707718741,0.));
#2805=CARTESIAN_POINT('Origin',(-77.0160841244942,31.0425707718741,0.));
#2806=CARTESIAN_POINT('',(-75.4160841244942,31.0425707718741,0.));
#2807=CARTESIAN_POINT('Origin',(-75.4160841244942,32.0425707718741,0.));
#2808=CARTESIAN_POINT('',(-75.4160841244942,33.0425707718741,0.));
#2809=CARTESIAN_POINT('Origin',(-79.4160841244942,25.3503860576039,0.));
#2810=CARTESIAN_POINT('',(-79.4160841244942,25.3503860576039,0.));
#2811=CARTESIAN_POINT('Origin',(-79.4160841244942,33.0425707718741,0.));
#2812=CARTESIAN_POINT('',(-79.4160841244942,33.0425707718741,0.));
#2813=CARTESIAN_POINT('Origin',(-74.4160841244942,33.0425707718741,0.));
#2814=CARTESIAN_POINT('',(0.,0.,0.));
#2815=CARTESIAN_POINT('',(0.,0.,0.));
#2816=UNCERTAINTY_MEASURE_WITH_UNIT(LENGTH_MEASURE(0.01),#2824,
'DISTANCE_ACCURACY_VALUE',
'Maximum model space distance between geometric entities at asserted c
onnectivities');
#2817=UNCERTAINTY_MEASURE_WITH_UNIT(LENGTH_MEASURE(0.01),#2824,
'DISTANCE_ACCURACY_VALUE',
'Maximum model space distance between geometric entities at asserted c
onnectivities');
#2818=UNCERTAINTY_MEASURE_WITH_UNIT(LENGTH_MEASURE(0.01),#2824,
'DISTANCE_ACCURACY_VALUE',
'Maximum model space distance between geometric entities at asserted c
onnectivities');
#2819=UNCERTAINTY_MEASURE_WITH_UNIT(LENGTH_MEASURE(0.01),#2824,
'DISTANCE_ACCURACY_VALUE',
'Maximum model space distance between geometric entities at asserted c
onnectivities');
#2820=(
GEOMETRIC_REPRESENTATION_CONTEXT(3)
GLOBAL_UNCERTAINTY_ASSIGNED_CONTEXT((#2816))
GLOBAL_UNIT_ASSIGNED_CONTEXT((#2824,#2826,#2827))
REPRESENTATION_CONTEXT('','3D')
);
#2821=(
GEOMETRIC_REPRESENTATION_CONTEXT(3)
GLOBAL_UNCERTAINTY_ASSIGNED_CONTEXT((#2817))
GLOBAL_UNIT_ASSIGNED_CONTEXT((#2824,#2826,#2827))
REPRESENTATION_CONTEXT('','3D')
);
#2822=(
GEOMETRIC_REPRESENTATION_CONTEXT(3)
GLOBAL_UNCERTAINTY_ASSIGNED_CONTEXT((#2818))
GLOBAL_UNIT_ASSIGNED_CONTEXT((#2824,#2826,#2827))
REPRESENTATION_CONTEXT('','3D')
);
#2823=(
GEOMETRIC_REPRESENTATION_CONTEXT(3)
GLOBAL_UNCERTAINTY_ASSIGNED_CONTEXT((#2819))
GLOBAL_UNIT_ASSIGNED_CONTEXT((#2824,#2826,#2827))
REPRESENTATION_CONTEXT('','3D')
);
#2824=(
LENGTH_UNIT()
NAMED_UNIT(*)
SI_UNIT(.MILLI.,.METRE.)
);
#2825=(
LENGTH_UNIT()
NAMED_UNIT(*)
SI_UNIT($,.METRE.)
);
#2826=(
NAMED_UNIT(*)
PLANE_ANGLE_UNIT()
SI_UNIT($,.RADIAN.)
);
#2827=(
NAMED_UNIT(*)
SI_UNIT($,.STERADIAN.)
SOLID_ANGLE_UNIT()
);
#2828=SHAPE_DEFINITION_REPRESENTATION(#2831,#2836);
#2829=SHAPE_DEFINITION_REPRESENTATION(#2832,#2837);
#2830=SHAPE_DEFINITION_REPRESENTATION(#2833,#2838);
#2831=PRODUCT_DEFINITION_SHAPE('',$,#2840);
#2832=PRODUCT_DEFINITION_SHAPE('',$,#2841);
#2833=PRODUCT_DEFINITION_SHAPE('',$,#2842);
#2834=PRODUCT_DEFINITION_SHAPE($,$,#17);
#2835=PRODUCT_DEFINITION_SHAPE($,$,#18);
#2836=SHAPE_REPRESENTATION('',(#1546,#1723,#1724),#2820);
#2837=SHAPE_REPRESENTATION('',(#1547),#2821);
#2838=SHAPE_REPRESENTATION('',(#1663),#2822);
#2839=PRODUCT_DEFINITION_CONTEXT('part definition',#2850,'design');
#2840=PRODUCT_DEFINITION('bike mount v4','bike mount v4 v4',#2843,#2839);
#2841=PRODUCT_DEFINITION('Prong','Prong',#2844,#2839);
#2842=PRODUCT_DEFINITION('SchwinnAC','SchwinnAC',#2845,#2839);
#2843=PRODUCT_DEFINITION_FORMATION('',$,#2852);
#2844=PRODUCT_DEFINITION_FORMATION('',$,#2853);
#2845=PRODUCT_DEFINITION_FORMATION('',$,#2854);
#2846=PRODUCT_RELATED_PRODUCT_CATEGORY('bike mount v4 v4',
'bike mount v4 v4',(#2852));
#2847=PRODUCT_RELATED_PRODUCT_CATEGORY('Prong','Prong',(#2853));
#2848=PRODUCT_RELATED_PRODUCT_CATEGORY('SchwinnAC','SchwinnAC',(#2854));
#2849=APPLICATION_PROTOCOL_DEFINITION('international standard',
'ap242_managed_model_based_3d_engineering',2011,#2850);
#2850=APPLICATION_CONTEXT('Managed model based 3d engineering');
#2851=PRODUCT_CONTEXT('part definition',#2850,'mechanical');
#2852=PRODUCT('bike mount v4','bike mount v4 v4',$,(#2851));
#2853=PRODUCT('Prong','Prong',$,(#2851));
#2854=PRODUCT('SchwinnAC','SchwinnAC',$,(#2851));
#2855=PRESENTATION_STYLE_ASSIGNMENT((#2856));
#2856=SURFACE_STYLE_USAGE(.BOTH.,#2857);
#2857=SURFACE_SIDE_STYLE('',(#2858));
#2858=SURFACE_STYLE_FILL_AREA(#2859);
#2859=FILL_AREA_STYLE('Steel - Satin',(#2860));
#2860=FILL_AREA_STYLE_COLOUR('Steel - Satin',#2861);
#2861=COLOUR_RGB('Steel - Satin',0.627450980392157,0.627450980392157,0.627450980392157);
ENDSEC;
END-ISO-10303-21;
